<?xml version="1.0"?>
<!DOCTYPE hibernate-mapping PUBLIC "-//Hibernate/Hibernate Mapping DTD 3.0//EN"
"http://hibernate.sourceforge.net/hibernate-mapping-3.0.dtd">
<hibernate-mapping>
    <class name="org.hibernate.HHH4109.Buddy" table="buddy">
        <id name="buddyId" type="java.lang.Integer">
            <column name="buddyId" />
            <generator class="assigned" />
        </id>
        <many-to-one name="userByUserB" class="org.hibernate.HHH4109.User" fetch="select">
            <column name="userB" not-null="true" />
        </many-to-one>
        <many-to-one name="userByUserA" class="org.hibernate.HHH4109.User" fetch="select">
            <column name="userA" not-null="true" />
        </many-to-one>
        <property name="deleted" type="boolean">
            <column name="deleted" not-null="true" />
        </property>
        <property name="state" type="string">
            <column name="state" length="12" not-null="true" />
        </property>
        <filter name="softDeletedFilter" />
    </class>
</hibernate-mapping>
