<!DOCTYPE hibernate-configuration PUBLIC
  "-//Hibernate/Hibernate Configuration DTD 3.0//EN"
  "http://hibernate.sourceforge.net/hibernate-configuration-3.0.dtd">

<hibernate-configuration>
  <session-factory>
        <property name="connection.driver_class">org.hsqldb.jdbcDriver</property>
        <property name="connection.url">jdbc:hsqldb:mem:testdb</property>
        <property name="connection.username">sa</property>
        <property name="connection.password"></property>
        <property name="connection.pool_size">2</property>
        <property name="dialect">org.hibernate.dialect.HSQLDialect</property>
        <property name="show_sql">true</property>
        <property name="hbm2ddl.auto">create</property>
        <mapping resource="filter-defs.hbm.xml"/>
        <mapping resource="User.hbm.xml"/>
        <mapping resource="Buddy.hbm.xml"/>
  </session-factory>
</hibernate-configuration>