<?xml version="1.0"?>
<!DOCTYPE hibernate-mapping PUBLIC "-//Hibernate/Hibernate Mapping DTD 3.0//EN"
"http://hibernate.sourceforge.net/hibernate-mapping-3.0.dtd">
<hibernate-mapping>
    <class name="org.hibernate.HHH4109.User" table="user">
        <id name="id" type="java.lang.Integer">
            <column name="id" />
            <generator class="assigned" />
        </id>
        <property name="username" type="string">
            <column name="username" length="40" not-null="true" unique="true" />
        </property>
         <property name="deleted" type="boolean">
            <column name="deleted" not-null="true" />
        </property>
         <property name="anotherField" type="string">
            <column name="anotherField" not-null="true" />
        </property>
        <set name="buddiesForUserA" inverse="true" lazy="true" table="buddy" fetch="select">
            <key>
                <column name="userA" not-null="true" />
            </key>
            <one-to-many class="org.hibernate.HHH4109.Buddy" />
            <filter name="softDeletedFilter" />
        </set>
        <set name="buddiesForUserB" inverse="true" lazy="true" table="buddy" fetch="select">
            <key>
                <column name="userB" not-null="true" />
            </key>
            <one-to-many class="org.hibernate.HHH4109.Buddy" />
            <filter name="softDeletedFilter" />
        </set>
        <filter name="softDeletedFilter" />
    </class>
</hibernate-mapping>
