<?xml version="1.0" encoding="UTF-8" ?>
<!DOCTYPE log4j:configuration SYSTEM "log4j.dtd">

<log4j:configuration debug="false" >

    <appender name="CONSOLE" class="org.apache.log4j.ConsoleAppender">
        <param name="Threshold" value="DEBUG"/>
        <layout class="org.apache.log4j.PatternLayout">
            <param name="ConversionPattern" value="%d{ABSOLUTE} %-5p [%l] %m%n"/>
        </layout>
    </appender>

    <appender name="FILE" class="org.apache.log4j.RollingFileAppender">
        <param name="File" value="./log.txt"/>
        <param name="Append" value="true"/>
        <param name="MaxFileSize" value="1MB"/>
        <param name="Threshold" value="DEBUG"/>
        <param name="MaxBackupIndex" value="10"/>
        <layout class="org.apache.log4j.PatternLayout">
            <param name="ConversionPattern" value="%d{ABSOLUTE} %-5p [%l] %m%n"/>
        </layout>
    </appender>
    
    <logger name="org.hibernate">
 		<level value="debug"/>
 	</logger>

    <logger name="net.sf.ehcache">
 		<level value="warn"/>
 	</logger>

    <root>
        <level value="debug"/>
        <appender-ref ref="CONSOLE"/>
        <appender-ref ref="FILE"/>
    </root>
</log4j:configuration>