<?xml version="1.0"?>
<!DOCTYPE hibernate-mapping PUBLIC "-//Hibernate/Hibernate Mapping DTD 3.0//EN"
"http://hibernate.sourceforge.net/hibernate-mapping-3.0.dtd">
<!-- 
    Mapping file autogenerated by MyEclipse - Hibernate Tools
-->
<hibernate-mapping>
    <class name="testHibernate.Batch" 
           table="TestBatch" 
           schema="dbo" 
           dynamic-insert="true"
           dynamic-update="true">
           
        <id name="id" type="java.lang.Integer" column="id" >
            <generator class="increment" />
        </id>
        <property name="name" type="java.lang.String" column="name" length="80" not-null="true" />

        
        <set name="loans" table="TestMapping">
            <key column="batchId"/>
            <many-to-many column="loanId" unique="true" class="testHibernate.Loan" lazy="proxy"/>
        </set>
    </class>
</hibernate-mapping>
