<?xml version="1.0" encoding="UTF-8"?>
<beans xmlns="http://www.springframework.org/schema/beans" xmlns:xsi="http://www.w3.org/2001/XMLSchema-instance" xmlns:context="http://www.springframework.org/schema/context" xmlns:tx="http://www.springframework.org/schema/tx" xsi:schemaLocation="http://www.springframework.org/schema/beans http://www.springframework.org/schema/beans/spring-beans-3.0.xsd
		http://www.springframework.org/schema/tx http://www.springframework.org/schema/tx/spring-tx-3.0.xsd
		http://www.springframework.org/schema/context http://www.springframework.org/schema/context/spring-context-3.0.xsd">

	<context:property-placeholder location="classpath*:environment.properties" />

	<context:annotation-config />
	<context:component-scan base-package="org.hibernate.bug" />
	
	<context:load-time-weaver/>

	<tx:annotation-driven />

	<bean class="org.springframework.orm.jpa.support.PersistenceAnnotationBeanPostProcessor" />

	<bean id="dataSource" class="org.apache.commons.dbcp.BasicDataSource" destroy-method="close">
		<property name="driverClassName" value="${jdbc.driverClassName}" />
		<property name="url" value="${jdbc.url}" />
		<property name="username" value="${jdbc.username}" />
		<property name="password" value="${jdbc.password}" />
	</bean>

	<bean id="transactionManager" class="org.springframework.orm.jpa.JpaTransactionManager">
		<property name="entityManagerFactory" ref="entityManagerFactory" />
	</bean>

	<bean id="entityManagerFactory" class="org.springframework.orm.jpa.LocalContainerEntityManagerFactoryBean">
		<property name="dataSource" ref="dataSource" />
		<property name="jpaVendorAdapter" ref="jpaAdapter" />
		<property name="loadTimeWeaver">
			<bean class="org.springframework.instrument.classloading.InstrumentationLoadTimeWeaver" />
		</property>
		<property name="persistenceUnitName" value="DefaultPersistenceUnit" />
		<property name="persistenceXmlLocation" value="META-INF/persistence.xml"/>
	</bean>

	<bean id="jpaAdapter" class="org.springframework.orm.jpa.vendor.OpenJpaVendorAdapter">
		<property name="database" value="${jpa.database}" />
		<property name="generateDdl" value="${jpa.generateDdl}" />
	</bean>

</beans>
