<?xml version="1.0" encoding="UTF-8"?>
<beans xmlns="http://www.springframework.org/schema/beans"
       xmlns:xsi="http://www.w3.org/2001/XMLSchema-instance"
       xmlns:context="http://www.springframework.org/schema/context"
       xsi:schemaLocation="http://www.springframework.org/schema/beans http://www.springframework.org/schema/beans/spring-beans.xsd http://www.springframework.org/schema/context http://www.springframework.org/schema/context/spring-context.xsd">

    <context:component-scan base-package="com.amin.hibernate.search.jms" />
 

    
    <bean id="sessionFactory" class="org.springframework.orm.hibernate3.annotation.AnnotationSessionFactoryBean">
        <property name="dataSource" ref="dataSource"/>
        <property name="packagesToScan">
            <list>
                <value>com.amin.hibernate.search.jms.domain</value>
            </list>
        </property>
        <property name="hibernateProperties">
            <props>
                <prop key="hibernate.dialect">${hibernate.dialect}</prop>
                <prop key="hibernate.hbm2ddl.auto">${hibernate.hbm2ddl.auto}</prop>
                <prop key="show_sql">${show.sql}</prop>
                <prop key="hibernate.search.default.directory_provider">${directory.provider}</prop>
                <prop key="hibernate.search.default.sourceBase">${hibernate.search.default.sourceBase}</prop>
                <prop key="hibernate.search.default.indexBase">${hibernate.search.default.indexBase}</prop>
                <prop key="hibernate.search.default.refresh">${hibernate.search.default.refresh}</prop>
                <prop key="hibernate.search.worker.backend">${hibernate.search.worker.backend}</prop>
                <prop key="hibernate.search.worker.jms.connection_factory">${hibernate.search.worker.jms.connection_factory}</prop>
                <prop key="hibernate.search.worker.jms.queue">${hibernate.search.worker.jms.queue}</prop>
                <prop key="hibernate.search.worker.execution">${hibernate.search.worker.execution}</prop>
                <prop key="hibernate.search.worker.thread_pool.size">${hibernate.search.worker.thread_pool.size}</prop>
                <prop key="hibernate.search.worker.buffer_queue.max">${hibernate.search.worker.buffer_queue.max}</prop>
                <!--prop key="hibernate.search.indexing_strategy">${hibernate.search.indexing_strategy}</prop-->
            </props>
        </property>
    </bean>

    <bean id="dataSource" class="org.apache.commons.dbcp.BasicDataSource"
          destroy-method="close">
        <property name="driverClassName">
            <value>${driver.class.name}</value>
        </property>
        <property name="url">
            <value>${db.url}</value>
        </property>
        <property name="username">
            <value>${db.user.name}</value>
        </property>
        <property name="password">
            <value>${db.user.password}</value>
        </property>
    </bean>

    <bean id="hibernateTemplate" class="org.springframework.orm.hibernate3.HibernateTemplate">
        <property name="sessionFactory" ref="sessionFactory"/>
    </bean>

    <bean id="transactionManager" class="org.springframework.orm.hibernate3.HibernateTransactionManager">
        <property name="sessionFactory" ref="sessionFactory"/>
    </bean>

    <context:property-placeholder location="classpath:environment.properties" />

</beans>