<?xml version="1.0" encoding="UTF-8"?>
<beans xmlns="http://www.springframework.org/schema/beans"
       xmlns:xsi="http://www.w3.org/2001/XMLSchema-instance"
       xmlns:context="http://www.springframework.org/schema/context"
       xsi:schemaLocation="http://www.springframework.org/schema/beans http://www.springframework.org/schema/beans/spring-beans.xsd http://www.springframework.org/schema/context http://www.springframework.org/schema/context/spring-context.xsd">


    <bean id="sessionFactory" class="org.springframework.orm.hibernate3.LocalSessionFactoryBean">
        <property name="dataSource" ref="dataSource"/>
        <property name="hibernateProperties">
            <props>
                <prop key="hibernate.dialect">${hibernate.dialect}</prop>
                <prop key="hibernate.hbm2ddl.auto">${hibernate.hbm2ddl.auto}</prop>
                <prop key="show_sql">${show.sql}</prop>
                <prop key="hibernate.search.default.directory_provider">${directory.provider}</prop>
                <prop key="hibernate.search.default.sourceBase">${hibernate.search.default.sourceBase}</prop>
                <prop key="hibernate.search.default.indexBase">${hibernate.search.default.indexBase}</prop>
                <prop key="hibernate.search.default.refresh">${hibernate.search.default.refresh}</prop>
                <prop key="hibernate.search.worker.backend">${hibernate.search.worker.backend}</prop>
                <prop key="hibernate.search.worker.jms.connection_factory">
                    ${hibernate.search.worker.jms.connection_factory}
                </prop>
                <prop key="hibernate.search.worker.jms.queue">${hibernate.search.worker.jms.queue}</prop>
                <prop key="hibernate.search.worker.execution">${hibernate.search.worker.execution}</prop>
                <prop key="hibernate.search.worker.thread_pool.size">${hibernate.search.worker.thread_pool.size}</prop>
                <prop key="hibernate.search.worker.buffer_queue.max">${hibernate.search.worker.buffer_queue.max}</prop>
            </props>
        </property>
        <property name="mappingResources">
            <list>
                <value>
                    hbm/Event.hbm.xml
                </value>
                <value>
                    hbm/Person.hbm.xml
                </value>
                <value>
                    hbm/ParentOfBirthEvent.hbm.xml
                </value>
            </list>
        </property>
        <property name="eventListeners">
            <map>
                <entry key="post-insert" value-ref="fullTextIndexEventListener"/>
                <entry key="post-update" value-ref="fullTextIndexEventListener"/>
                <entry key="post-delete" value-ref="fullTextIndexEventListener"/>
                <entry key="post-collection-recreate" value-ref="fullTextIndexEventListener"/>
                <entry key="post-collection-remove" value-ref="fullTextIndexEventListener"/>
                <entry key="post-collection-update" value-ref="fullTextIndexEventListener"/>
                <entry key="flush">
                    <list>
                        <bean class="org.hibernate.event.def.DefaultFlushEventListener"/>
                        <ref bean="fullTextIndexEventListener"></ref>
                    </list>
                </entry>
            </map>
        </property>
    </bean>

    <bean id="fullTextIndexEventListener" class="org.hibernate.search.event.FullTextIndexEventListener"/>

    <bean id="dataSource" class="org.apache.commons.dbcp.BasicDataSource"
          destroy-method="close">
        <property name="driverClassName">
            <value>${driver.class.name}</value>
        </property>
        <property name="url">
            <value>${db.url}</value>
        </property>
        <property name="username">
            <value>${db.user.name}</value>
        </property>
        <property name="password">
            <value>${db.user.password}</value>
        </property>
    </bean>

    <bean id="hibernateTemplate" class="org.springframework.orm.hibernate3.HibernateTemplate">
        <property name="sessionFactory" ref="sessionFactory"/>
    </bean>

    <bean id="transactionManager" class="org.springframework.orm.hibernate3.HibernateTransactionManager">
        <property name="sessionFactory" ref="sessionFactory"/>
    </bean>

    <bean id="personRepository" class="com.amin.hibernate.search.jms.repository.PersonRepository">
        <property name="hibernateTemplate" ref="hibernateTemplate" />
    </bean>

    <bean id="personService" class="com.amin.hibernate.search.jms.service.PersonService">
        <property name="personRepository" ref="personRepository" />
    </bean>

    <bean id="transactionTemplate" class="org.springframework.transaction.support.TransactionTemplate">
        <property name="transactionManager" ref="transactionManager"/>
    </bean>

    
    <context:property-placeholder location="classpath:environment.properties"/>

</beans>