k_id;version;nachname;vorname;kundennr;seit;art;plz;ort;strasse;hausnr;familienstand;rabatt;password;erzeugt;aktualisiert
1;0;Alpha;Adrian;AlAd-001;31.01.2001;P;76133;Karlsruhe;Moltkestraße;31;1;;PgqhQnabWE1C9eoHjl3tQ6QccqwupzT64dWGn3kbJV0=;2006-08-01 00:00:00;2006-08-01 00:00:00
2;0;Alpha;Alfred;AlAl-001;28.02.2002;P;76133;Karlsruhe;Moltkestraße;32;0;;iNiOBn5S4iVhz1FwOKwoHYcbkIyjh5a5G9ZSz+P7uoc=;2006-08-02 00:00:00;2006-08-02 00:00:00
3;0;Alpha;Anton;AlAn-001;15.09.2003;F;76133;Karlsruhe;Moltkestraße;33;;10;bAB5bvhbLvNbU9DQ9TV8+9f7VAHr97RMPl6eYnWHKNk=;2006-08-03 00:00:00;2006-08-03 00:00:00
4;0;Delta;Dirk;DeDi-001;30.04.2004;F;76133;Karlsruhe;Moltkestraße;34;;15;f5vW/78m8gdIaO0h14bpeS4Wx8Y41UP8YK6pCjrsZQ0=;2006-08-04 00:00:00;2006-08-04 00:00:00
5;0;Epsilon;Emil;EpEm-001;31.03.2005;P;76133;Karlsruhe;Moltkestraße;35;2;;l3EjX5bTaRVFktZH3d0Jz01vxhIiAxIPwHbSDICXSeg=;2006-08-05 00:00:00;2006-08-05 00:00:00
