<?xml version="1.0" encoding="UTF-8"?>
<!DOCTYPE hibernate-configuration PUBLIC "-//Hibernate/Hibernate Configuration DTD 3.0//EN" "http://hibernate.sourceforge.net/hibernate-configuration-3.0.dtd">

<!-- Generated file - Do not edit! -->

<hibernate-configuration>

	<!-- a SessionFactory instance listed as /jndi/name -->
	<session-factory>

		<!-- properties -->
		<property name="dialect">org.hibernate.dialect.MySQLDialect</property>
		<property name="show_sql">false</property>
		<property name="use_outer_join">false</property>
			<property name="connection.username">mysql</property>
			<property name="connection.password">password</property>
			<property name="connection.driver_class">com.mysql.jdbc.Driver</property>
			<property name="connection.url">jdbc:mysql://localhost:3306/querytreengadmin</property>

		<!-- mapping files -->
		<mapping resource="stats/QueryTable.hbm.xml"/>
		<mapping resource="stats/QuerySet.hbm.xml"/>
		<mapping resource="stats/QuerySummary.hbm.xml"/>
	</session-factory>

</hibernate-configuration>
