<?xml version="1.0" encoding="UTF-8"?>
<!DOCTYPE hibernate-configuration PUBLIC "-//Hibernate/Hibernate Configuration DTD 3.0//EN" "http://www.hibernate.org/dtd/hibernate-configuration-3.0.dtd">
<hibernate-configuration>
  <session-factory>
    <!-- Database connection settings -->
    <property name="hibernate.connection.driver_class">org.hsqldb.jdbcDriver</property>
    <property name="hibernate.connection.url">jdbc:hsqldb:file:target/mydb</property>
    <property name="hibernate.connection.username">sa</property>
    <property name="hibernate.connection.password"></property>
    <property name="hibernate.dialect">org.hibernate.dialect.HSQLDialect</property>

    <!-- JDBC connection pool (use the built-in) -->
    <property name="hibernate.connection.pool_size">1</property>

    <!-- Enable Hibernate's automatic session context management -->
    <property name="hibernate.current_session_context_class">thread</property>

    <!-- Disable the second-level cache -->
    <!-- property name="hibernate.cache.provider_class">org.hibernate.cache.NoCacheProvider</property>
    <property name="hibernate.cache.use_query_cache">false</property>
    <property name="hibernate.cache.use_second_level_cache">false</property -->

    <!-- Enable the second-level cache -->
    <property name="hibernate.cache.region.factory_class">org.hibernate.cache.ehcache.SingletonEhCacheRegionFactory</property>
    <property name="hibernate.cache.use_query_cache">true</property>
    <property name="hibernate.cache.use_second_level_cache">true</property>
    <property name="hibernate.cache.region_prefix">demo</property>

    <property name="hibernate.show_sql">true</property>
    <property name="hibernate.hbm2ddl.auto">update</property>

    <mapping class="demo.domain.Order"/>
    <mapping class="demo.domain.OrderLine"/>
  </session-factory>
</hibernate-configuration>
