<?xml version="1.0"?>
<!DOCTYPE hibernate-mapping PUBLIC "-//Hibernate/Hibernate Mapping DTD 3.0//EN" "http://www.hibernate.org/dtd/hibernate-mapping-3.0.dtd">
<hibernate-mapping package="y.domain">

	<class name="Customer" table="Customer">

		<id name="customerId" column="customerId" type="int">
			<generator class="assigned"/>
		</id>

		<version name="lockFlag" column="LOCK_FLAG" type="int"/>

		<property name="name" column="name" type="string" />

		<set name="orders" optimistic-lock="false" cascade="none" inverse="true">
			<key>
				<column name="customer_customerId"/>
			</key>
			<one-to-many class="y.domain.MyOrder"/>
		</set>

	</class>

</hibernate-mapping>
