<?xml version="1.0"?>
<!DOCTYPE hibernate-mapping PUBLIC "-//Hibernate/Hibernate Mapping DTD 3.0//EN" "http://www.hibernate.org/dtd/hibernate-mapping-3.0.dtd">
<hibernate-mapping package="y.domain">

	<class name="MyOrder" table="MyOrder">

		<composite-id>
			<key-property name="customerCustomerId" column="customer_customerId" >
				<type name="int" />
			</key-property>
			<key-property name="orderNo" column="orderNo" >
				<type name="int" />
			</key-property>
		</composite-id>

		<version name="lockFlag" column="LOCK_FLAG" type="int" />

		<property name="orderDate" column="orderDate" type="date" />

		<many-to-one name="customer" class="y.domain.Customer" insert="false" update="false">
			<column name="customer_customerId" not-null="true"/>
		</many-to-one>

		<set name="orderLines" optimistic-lock="false" cascade="none" inverse="true">
			<key>
				<column name="order_Customer_customerId"/>
				<column name="order_orderNo"/>
			</key>
			<one-to-many class="y.domain.OrderLine"/>
		</set>

	</class>

</hibernate-mapping>
