<?xml version="1.0"?>
<!DOCTYPE hibernate-mapping PUBLIC "-//Hibernate/Hibernate Mapping DTD 3.0//EN" "http://www.hibernate.org/dtd/hibernate-mapping-3.0.dtd">
<hibernate-mapping package="y.domain">

	<class name="OrderLine" table="OrderLine">

		<id name="lineId" column="lineId" type="int" >
			<generator class="assigned"/>
		</id>

		<version name="lockFlag" column="LOCK_FLAG" type="int"/>

		<property name="productName" column="productName" type="string" />

		<many-to-one name="order" class="y.domain.MyOrder">
			<column name="order_Customer_customerId"/>
			<column name="order_orderNo"/>
		</many-to-one>

	</class>

</hibernate-mapping>
