<?xml version="1.0" encoding="UTF-8"?>
<!DOCTYPE hibernate-mapping PUBLIC "-//Hibernate/Hibernate Mapping DTD 3.0//EN" "http://hibernate.sourceforge.net/hibernate-mapping-3.0.dtd">

<hibernate-mapping package="case14511">

	<class name="ScanCode">

		<composite-id name="id" class="ScanCodeId">
			<key-property name="scanCdGuid"/>
			<key-property name="operatingCntxGuid" />
		</composite-id>
		<property name="description" type="string"/>
		
		
		<joined-subclass name="PatientScanCode" >
			<key>
				<column name="scanCdGuid"/>
				<column name="operatingCntxGuid"/>
			</key>
			<property name="extendedDescription"/>
			
			<many-to-one name="patient" >
				<column name="patientId"/>
			</many-to-one>
		</joined-subclass>
		
	</class>
	<class name="Patient">
		<id name="id" column="ID" type="long">
			<generator class="native" />
		</id>
		<property name="description"/>
	</class>

</hibernate-mapping>