<?xml version="1.0" encoding="UTF-8"?>
<application xmlns:xsi="http://www.w3.org/2001/XMLSchema-instance"
             xmlns="http://java.sun.com/xml/ns/javaee"
             xsi:schemaLocation="http://java.sun.com/xml/ns/javaee http://java.sun.com/xml/ns/javaee/application_6.xsd"
             version="6">

    <module id="NOTiFYwell-EJB">
        <ejb>NOTiFYwellJAR.jar</ejb>
    </module>

    <module id="NOTiFYwell-WEB">
        <web>
            <web-uri>NOTiFYwellWAR.war</web-uri>

            <context-root>/NOTiFYwell</context-root>

            <!--
            <context-root>/</context-root>
            -->
        </web>
    </module>


</application>
