<?xml version="1.0" encoding="UTF-8"?>
<!DOCTYPE hibernate-configuration PUBLIC
		"-//Hibernate/Hibernate Configuration DTD 3.0//EN"
		"http://hibernate.sourceforge.net/hibernate-configuration-3.0.dtd">
<hibernate-configuration>
	<session-factory>
		<property name="hibernate.connection.driver_class">
			org.hsqldb.jdbcDriver
		</property>
		<property name="hibernate.connection.url">
			jdbc:hsqldb:.
		</property>
		<property name="hibernate.dialect">
			org.hibernate.dialect.HSQLDialect
		</property>
		<property name="hibernate.show_sql">true</property>
		<property name="hibernate.format_sql">true</property>
		<property name="hibernate.use_sql_comments">true</property>
		<property name="hibernate.hbm2ddl.auto">update</property>

		<mapping resource="hibernate/Master.hbm.xml" />
		<mapping resource="hibernate/Detail.hbm.xml" />
		
	</session-factory>
</hibernate-configuration>
