<?xml version="1.0" encoding="UTF-8"?>

<entity-mappings 
    
    xmlns="http://xmlns.jcp.org/xml/ns/persistence/orm"
    xmlns:xsi="http://www.w3.org/2001/XMLSchema-instance"

    xsi:schemaLocation="http://xmlns.jcp.org/xml/ns/persistence/orm
          http://xmlns.jcp.org/xml/ns/persistence/orm_2_1.xsd"
    version="2.1">

    
    <description>Persistence for gov.ic.geoint.gets.document</description>
    <package>entity</package>
     
    <entity class="gov.ic.geoint.gets.document.Document" access="FIELD" name="document">   
       
        <table name="document"/>
        <inheritance strategy="JOINED"/>
        <discriminator-column name="DOC_COMPON" discriminator-type="STRING" length="7"/>
        <attributes>
            <id name="docId"/>
            <basic name="docId">
                <column name="docId"/>
            </basic>
            <basic name="System">
                <column name="System"/>
            </basic>
            <basic name="Version">
                <column name="version"/>
            </basic>
            <basic name="Classification">
                <column name="classification"/>
            </basic>  
            <basic name="summary">
                <column name="summary" column-definition="LONGVARCHAR" length="10000"/>
            </basic>
            <one-to-one name="docMeta" >
                <join-table name="DOCUMENT_DOCMETA"> </join-table>
                <cascade>
                    <cascade-all/>
                </cascade>
            </one-to-one>     
            <one-to-one name="pubMeta" >
                <join-table name="DOCUMENT_PUBMETA"> </join-table>
                <cascade>
                    <cascade-all/>
                </cascade>
            </one-to-one>
            <element-collection name="attachments" fetch="EAGER">
                <column name="attachments"/>
                <collection-table name="DOCUMENT_ATTACHMENTS">
                    <join-column name="docId" nullable="false"/>         
                </collection-table>
            </element-collection>
            <embedded name="attachments"/>
            <embedded name="references"/>
            <embedded name="sections"/>
        </attributes>
    </entity>

  
  
    <entity class="gov.ic.geoint.gets.document.geoint.GeospatialItem" name="geospatialItem">
        <table name="DOCUMENT_GEOITEM"/>
        <inheritance strategy="JOINED"/>
        <discriminator-column name="GEOM_TYPE" discriminator-type="STRING" length="7"/>
        <attributes>
            <id name="id"/>
            <basic name="id">
                <column name="id"/>
            </basic>        
            <basic name="classification">
                <column name="classification"/>
            </basic>
            <basic name="entityId">
                <column name="entityId"/>
            </basic>
            <basic name="temporal">
                <column name="temporal"/>
            </basic>
            <basic name="confidence">
                <column name="confidence"/>
            </basic>
            <basic name="description">
                <column name="description"/>
            </basic>
            <basic name="change" >
                <column name="change" />
            </basic>   
            <basic name="geometry" fetch="EAGER" >
                <column name="geometry" column-definition="Geometry" />
                <convert attribute-name="geometry" converter="gov.ic.geoint.gds.handler.document.GeoConverter"/>
            </basic>          
        </attributes>
    </entity>
    <entity name="TopographicGeo" class="gov.ic.geoint.gets.document.geoint.TopographicGeo" access="PROPERTY" >
        <table name="DOCUMENT_GEO_TOPO"/> 
        <discriminator-value>TOPO</discriminator-value> 
    </entity>
    <entity name="EquipmentGeo" class="gov.ic.geoint.gets.document.geoint.EquipmentGeo" access="PROPERTY" >
        <table name="DOCUMENT_GEO_EQUIP"/>
        <discriminator-value>EQUIP</discriminator-value> 
    </entity>
    <entity name="CommentGeo" class="gov.ic.geoint.gets.document.geoint.CommentGeo" access="PROPERTY"  >
        <table name="DOCUMENT_GEO_CMT"  />   
        <discriminator-value>COMMENT</discriminator-value>
        <attributes>
            <basic name="comment" >
                <column column-definition="varchar" length="600"/>
            </basic>
        </attributes>
    </entity>
    
    <entity class="gov.ic.geoint.gets.document.DocumentMeta" access="PROPERTY" name="docMeta">
        <table name="DOCUMENTMETA"/>
        <discriminator-value>DOCMETA</discriminator-value> 
        <attributes>
            <id name="id"/>
            <basic name="id">
                <column name="id" />
            </basic>
            <basic name="relevanceStart" > 
                <column name="relevanceStart" column-definition="varChar" length="100" />  
               
            </basic>
            <basic name="relevanceEnd">
                <column name="relevanceEnd" column-definition="varChar" length="100"/> 
            </basic>
            <one-to-many name="geoint">
                <join-table name="DOCUMENT_GEOINT_LINK"></join-table>
                <cascade>
                    <cascade-all/>
                </cascade>
            </one-to-many>                 
            <element-collection name="keywords">
                <column name="keywords"/>
                <collection-table name="DOCUMENT_KEYWORDS">
                    <join-column name="id" nullable="false"/>
                </collection-table>
            </element-collection> 
            <element-collection name="hotcodes">
                <column name="hotcodes"/>
                <collection-table name="DOCUMENT_HOTCODES">
                    <join-column name="id" nullable="false"/>
                </collection-table>
            </element-collection> 
            <element-collection name="targets">
                <column name="targets"/>                
                <collection-table name="DOCUMENT_TARGETS">                    
                    <join-column name="id" nullable="false"/>
                </collection-table>
            </element-collection> 
            <element-collection name="countries" access="FIELD">
                <column name="countries"  column-definition="varchar" />
                <collection-table name="DOCUMENT_COUNTRIES" >
                    <join-column name="id" nullable="false"/>
                </collection-table>
            </element-collection> 
            <element-collection name="productionMetrics">
                <column name="productionMetrics"/>
                <collection-table name="DOCUMENT_PRODUCTIONMETRICS">
                    <join-column name="id" nullable="false"/>
                </collection-table>
            </element-collection> 
            <element-collection name="tasks">
                <column name="tasks"/>
                <collection-table name="DOCUMENT_TASKS">
                    <join-column name="id" nullable="false"/>
                </collection-table>
            </element-collection> 
            <element-collection name="needs">
                <column name="needs"/>
                <collection-table name="DOCUMENT_NEEDS">
                    <join-column name="id" nullable="false"/>   
                </collection-table>
            </element-collection> 
            <element-collection name="geoBounds" fetch="LAZY" access="PROPERTY">
                <column name="geoBounds"  /> 
                <lob/>
                <collection-table name="DOCUMENT_GEOBOUNDS" >
                    <join-column name="id" nullable="false"/>
                </collection-table>
            </element-collection>
            <element-collection name="unstructuredCallouts">
                <column name="unstructuredCallouts"/>
                <collection-table name="DOCUMENT_UNSTRUCTUREDCALLOUTS">
                    <join-column name="id" nullable="false"/>      
                </collection-table>
            </element-collection> 
            <element-collection name="properties">
                    <column name="properties"/>
                <collection-table name="DOCUMENT_PROPERTIES">
                    <join-column name="id" nullable="false"/>         
                </collection-table>           
            </element-collection> 
            <transient name="relevanceStart"/>
            <transient name="relevanceEnd"/>
        </attributes>
    </entity>
  
     
    <!--            PublicationMeta>-->
    <entity class="gov.ic.geoint.gets.document.PublicationMeta" access="PROPERTY">
        <table name="PUBLICATIONMETA"/>
        <discriminator-value>PUBMETA</discriminator-value> 
        
        <attributes>
            <id name="id"/>
            <basic name="id">
                <column name="id" />
            </basic>
            <basic name="authorId">
                <column name="authorId"/>
            </basic>
            <basic name="orgId">
                <column name="orgId"/>
            </basic>     
            <basic name="publicationDate" >
                <column name="publicationDate" column-definition="varChar" length="100"/>
            </basic> 
            <element-collection name="contributors" >
                <column name="contributors"/>
                <collection-table name="DOCUMENT_CONTRIBUTOR">
                    <join-column name="id" nullable="false"/>
                </collection-table>
            </element-collection>             
            <element-collection name="properties">
                <column name="properties"/>
                <collection-table name="PUBLICATION_PROPERTIES">
                    <join-column name="id" nullable="false"/>
                </collection-table>
            </element-collection>     
        
        </attributes>
    </entity>
        
    <!--            SourceReference>-->
    <embeddable class="gov.ic.geoint.gets.document.reference.SourceReference"> 
        <attributes>
            <basic name="classification">
                <column name="classification"/>
            </basic>
            <basic name="title">
                <column name="title"/>
            </basic>                       
            <element-collection name="relationship">
                <column name="relationship"/>
                <collection-table name="DOCUMENT_RELATIONSHIP">
                    <join-column name="docId" nullable="false"/>
                    <unique-constraint>
                        <column-name>docId</column-name>
                    </unique-constraint>
                </collection-table>
            </element-collection> 
        </attributes>
    </embeddable>
 
 

    <!--     PublicationMeta Extended-->
    <embeddable class="gov.ic.geoint.gets.document.Contributor" >
        <attributes>                                 
            <element-collection name="contributorContacts">
                <column name="contributorContacts"/>
                <collection-table name="DOCUMENT_CONTRIBUTORCONTACTS">
                    <join-column name="id" nullable="false"/>
                    <unique-constraint>
                        <column-name>docId</column-name>
                    </unique-constraint>
                </collection-table>
            </element-collection> 
            <transient name="contributorContacts"/>
            <transient name="officeContacts"/>
            <transient name="contributionDate"/>
        </attributes>
    </embeddable>
    <embeddable class="gov.ic.geoint.gets.document.component.Section" >
        <attributes>
            <element-collection name="components" fetch="LAZY">
                <column name="components"/>
                <lob/>
                <collection-table name="DOCUMENT_COMPONENTS">
                    <join-column name="docId" nullable="false"/>
                    <unique-constraint>
                        <column-name>docId</column-name>
                    </unique-constraint>
                </collection-table>
            </element-collection> 
        </attributes>
    </embeddable>
    
    
    
    <embeddable class="gov.ic.geoint.gets.document.contact.ContactMedium"/>
    <embeddable class="gov.ic.geoint.gets.document.PropertyItem"/>
    <!--     DocumentMeta Extended-->
    <embeddable class="gov.ic.geoint.gets.document.reference.TaskReference"/> 
    <embeddable class="gov.ic.geoint.gets.document.reference.NeedsReference"/> 
    <embeddable class="gov.ic.geoint.gets.document.unstructured.UnstructuredCallout"/>
    <!--    SourceReference Extended-->
    <embeddable class="gov.ic.geoint.gets.document.reference.ReferenceRelationship"/> 
    <converter class="gov.ic.geoint.gds.handler.document.GeoConverter" auto-apply="true"/>
    <converter class="gov.ic.geoint.gds.handler.document.Converter" auto-apply="true"/>
    <converter class="candlelight.joda.converters.JodaDateTimeConverter" auto-apply="true"/>
    <converter class="candlelight.joda.converters.JodaInstantConverter" auto-apply="true"/>
    <converter class="candlelight.joda.converters.JodaIntervalConverter" auto-apply="true"/>
    <converter class="candlelight.joda.converters.JodaLocalDateConverter" auto-apply="true"/>
    <converter class="candlelight.joda.converters.JodaDurationConverter" auto-apply="true"/>

    
</entity-mappings>

