<?xml version="1.0" encoding="UTF-8"?>

<beans xmlns="http://www.springframework.org/schema/beans"
	xmlns:xsi="http://www.w3.org/2001/XMLSchema-instance" xmlns:context="http://www.springframework.org/schema/context"
	xmlns:jdbc="http://www.springframework.org/schema/jdbc" xmlns:tx="http://www.springframework.org/schema/tx"
	xmlns:mvc="http://www.springframework.org/schema/mvc"
	xsi:schemaLocation="
		http://www.springframework.org/schema/beans
		http://www.springframework.org/schema/beans/spring-beans.xsd
		http://www.springframework.org/schema/context
      	http://www.springframework.org/schema/context/spring-context.xsd
      	http://www.springframework.org/schema/jdbc 
      	http://www.springframework.org/schema/jdbc/spring-jdbc-3.0.xsd
       	http://www.springframework.org/schema/tx
       	http://www.springframework.org/schema/tx/spring-tx.xsd
      	http://www.springframework.org/schema/mvc 
        http://www.springframework.org/schema/mvc/spring-mvc-3.0.xsd
		">

	<tx:annotation-driven />

	<jdbc:embedded-database id="dataSource" type="HSQL">
	</jdbc:embedded-database>

	<bean id="sessionFactory"
		class="org.springframework.orm.hibernate4.LocalSessionFactoryBean">
		<property name="dataSource" ref="dataSource" />
		<property name="annotatedClasses">
			<list>
				<value>it.unipg.jira.hibernate.X</value>
				<value>it.unipg.jira.hibernate.Y</value>
			</list>
		</property>
		<property name="hibernateProperties">
			<props>
				<prop key="hibernate.dialect">org.hibernate.dialect.HSQLDialect</prop>
				<prop key="hibernate.hbm2ddl.auto">create-drop</prop>
				<prop key="hibernate.show_sql">true</prop>
				<prop key="hibernate.hbm2ddl.import_files">/init-data.sql</prop>
			</props>
		</property>
	</bean>

	<bean id="transactionManager"
		class="org.springframework.orm.hibernate4.HibernateTransactionManager">
		<property name="sessionFactory" ref="sessionFactory" />
	</bean>
	
	<!-- DAOs -->
	<bean class="it.unipg.jira.hibernate.XDAO"></bean>
	<bean class="it.unipg.jira.hibernate.YDAO"></bean>

</beans>