<?xml version="1.0" encoding="UTF-8"?>
<beans xmlns="http://www.springframework.org/schema/beans"
       xmlns:xsi="http://www.w3.org/2001/XMLSchema-instance"
       xmlns:context="http://www.springframework.org/schema/context"
       xmlns:tx="http://www.springframework.org/schema/tx"
       xsi:schemaLocation="http://www.springframework.org/schema/beans http://www.springframework.org/schema/beans/spring-beans-3.0.xsd
http://www.springframework.org/schema/context http://www.springframework.org/schema/context/spring-context-3.0.xsd
http://www.springframework.org/schema/tx http://www.springframework.org/schema/tx/spring-tx-3.0.xsd">

    <tx:annotation-driven transaction-manager="transactionManager"/>

    <bean id="transactionManager" class="org.springframework.orm.jpa.JpaTransactionManager">
        <property name="entityManagerFactory" ref="entityManagerFactory"/>
    </bean>


    <bean id="dataSource" class="org.apache.tomcat.jdbc.pool.DataSource">
        <property name="poolProperties">
            <bean class="org.apache.tomcat.jdbc.pool.PoolProperties">
                <property name="dataSource">
                    <bean class="oracle.jdbc.pool.OracleDataSource">
                        <property name="driverType" value="oci"/>
                        <property name="serverName" value="v-ind-db-11g-scan"/>
                        <property name="portNumber" value="1521"/>
                        <property name="serviceName" value="racvind"/>
                    </bean>
                </property>
                <property name="username" value="amit_e1"/>
                <property name="password" value="adept"/>
                <property name="maxActive" value="1000"/>
                <property name="minIdle" value="1"/>
                <property name="minEvictableIdleTimeMillis" value="180000"/>
                <property name="testWhileIdle" value="false"/>
                <property name="testOnBorrow" value="true"/>
                <property name="validationQuery" value="select 1 from dual"/>
                <property name="initSQL" value="BEGIN COMMONS_UTILS.SET_SESSION_NLS_PARAMS; END;"/>
                <property name="jdbcInterceptors" value="ConnectionState;StatementFinalizer"/>
            </bean>
        </property>
    </bean>

    <bean id="entityManagerFactory" class="org.springframework.orm.jpa.LocalContainerEntityManagerFactoryBean">
        <property name="persistenceUnitName" value="db"/>
        <property name="dataSource" ref="dataSource"/>
        <property name="persistenceProviderClass" value="org.hibernate.ejb.HibernatePersistence"/>
        <property name="jpaDialect">
            <bean class="org.springframework.orm.jpa.vendor.HibernateJpaDialect"/>
        </property>
        <property name="persistenceXmlLocation" value="/sample/conf/persistence.xml"/>
        <property name="jpaProperties">
            <props>
                <prop key="hibernate.id.new_generator_mappings">true</prop>
                <prop key="hibernate.cache.use_second_level_cache">false</prop>
                <prop key="hibernate.show_sql">true</prop>
                <prop key="hibernate.show_sql">true</prop>
                <prop key="hibernate.dialect">org.hibernate.dialect.Oracle10gDialect</prop>
            </props>
        </property>
    </bean>


</beans>