<?xml version="1.0"?>
<!DOCTYPE hibernate-mapping PUBLIC "-//Hibernate/Hibernate Mapping DTD 3.0//EN" "http://hibernate.sourceforge.net/hibernate-mapping-3.0.dtd">
<hibernate-mapping package="things">
	<class name="things.Vehicle" entity-name="things.Vehicle" abstract="false" lazy="false" table="BDS_2_GDDEMO_VEHICLE">
		<id name="bdsId" column="BDS_ID" type="java.lang.Long">
			<generator class="assigned"/>
		</id>
		<property name="vehicleID" lazy="false" insert="true" update="true" not-null="true" unique="true" type="java.lang.String">
			<column not-null="true" unique="true" name="`VEHICLEID`" length="400"/>
		</property>
	</class>
	<joined-subclass name="things.Car" entity-name="things.Car" abstract="false" lazy="false" extends="things.Vehicle" table="`BDS_2_GDDEMO_CAR`">
		<key>
			<column name="`VEHICLE_BDSID`"/>
		</key>
		<property name="model" lazy="false" insert="true" update="true" not-null="false" unique="false" type="java.lang.String">
			<column not-null="false" unique="false" name="`MODEL`" length="400"/>
		</property>
 		<many-to-one name="customer" entity-name="things.Customer" lazy="false" insert="false" update="false" not-null="false">
			<column not-null="false" unique="false" name="`CAR_CUSTOMER_BDSID`" index="IDX_2_GDDEMO_F6B6B2B6980C47196"/>
		</many-to-one>
	</joined-subclass>
	<class name="things.Customer" entity-name="things.Customer" abstract="false" lazy="false" table="`BDS_2_GDDEMO_CUSTOMER`">
		<id name="bdsId" column="BDS_ID" type="java.lang.Long">
			<generator class="assigned"/>
		</id>
		<property name="name" lazy="false" insert="true" update="true" not-null="false" unique="false" type="java.lang.String" index="IDX_2_GDDEMO_CC0954156942FC907">
			<column not-null="false" unique="false" name="`NAME`" length="400" index="IDX_2_GDDEMO_CC0954156942FC907"/>
		</property>
 		<list name="cars" lazy="true">
			<key update="true">
				<column name="`CAR_CUSTOMER_BDSID`" not-null="false" unique="false"/>
			</key>
			<list-index column="`CUSTOMER_CARS_IDX`"/>
			<one-to-many entity-name="things.Car"/>
		</list>
	</class>
</hibernate-mapping>
