<?xml version='1.0' encoding='UTF-8'?>
<!DOCTYPE hibernate-configuration PUBLIC
   "-//Hibernate/Hibernate Configuration DTD 3.0//EN"
   "http://hibernate.sourceforge.net/hibernate-configuration-3.0.dtd">
<hibernate-configuration>
	<session-factory>
		<property name="connection.datasource">testDS</property> 
		
		<property name="current_session_context_class">jta</property> 
        <property name="transaction.manager_lookup_class">com.atomikos.icatch.jta.hibernate3.TransactionManagerLookup</property> 
		<property name="transaction.factory_class">org.hibernate.transaction.CMTTransactionFactory</property> 
        <property name="connection.release_mode">auto</property> 
        <property name="cache.provider_class">org.hibernate.cache.NoCacheProvider</property>

		<property name="hibernate.hbm2ddl.auto">create-drop</property>
		<property name="hibernate.show_sql">true</property>
		<mapping class="test.entities.Person" />
		<mapping class="test.entities.CreditCard" />
		<mapping class="test.entities.ExampleRevEntity" />
	</session-factory>
</hibernate-configuration>