<!DOCTYPE hibernate-mapping PUBLIC
	"-//Hibernate/Hibernate Mapping DTD//EN"
	"http://hibernate.sourceforge.net/hibernate-mapping-2.0.dtd">
<hibernate-mapping>
	<class name="com.notiva.example.Child" table="children" proxy="com.notiva.example.Child">
		<id name="id" type="string" column="id">
			<generator class="uuid.hex"/>
		</id>
		<version name="version" column="version" type="int"/>
        <property name="name" column="name" type="string"/>
        <many-to-one name="parent" column="parent_id" class="com.notiva.example.Parent"/>
	</class>
</hibernate-mapping>