<?xml version="1.0"?>
<!DOCTYPE hibernate-mapping PUBLIC
	"-//Hibernate/Hibernate Mapping DTD//EN"
	"http://hibernate.sourceforge.net/hibernate-mapping-2.0.dtd">
<hibernate-mapping>
	<class name="com.notiva.example.Parent" table="parents" proxy="com.notiva.example.Parent">
		<id name="id" type="string" column="id">
			<generator class="uuid.hex"/>
		</id>
		<version name="version" column="version" type="int"/>
        <property name="name" column="name" type="string"/>
        <set name="children" lazy="false" inverse="true" cascade="all" >
            <key column="parent_id"/>
            <one-to-many class="com.notiva.example.Child"/>
        </set>
	</class>
</hibernate-mapping>