<?xml version="1.0" encoding="UTF-8"?>
<project-private xmlns="http://www.netbeans.org/ns/project-private/1">
    <editor-bookmarks xmlns="http://www.netbeans.org/ns/editor-bookmarks/2" lastBookmarkId="0"/>
    <open-files xmlns="http://www.netbeans.org/ns/projectui-open-files/2">
        <group name="ACW PRIMEFACES">
            <file>file:/C:/_Projects/AcquaCorporateWeb/PRIMEFACES/WebApplication1/src/java/SisRelatorio.java</file>
            <file>file:/C:/_Projects/AcquaCorporateWeb/PRIMEFACES/WebApplication1/src/java/hibernate.cfg.xml</file>
            <file>file:/C:/_Projects/AcquaCorporateWeb/PRIMEFACES/WebApplication1/src/java/BasewebContextListener.java</file>
            <file>file:/C:/_Projects/AcquaCorporateWeb/PRIMEFACES/WebApplication1/src/java/HibernateHelper.java</file>
        </group>
    </open-files>
</project-private>
