<?xml version="1.0" encoding="UTF-8"?>
<beans xmlns:xsi="http://www.w3.org/2001/XMLSchema-instance"
       xmlns="http://www.springframework.org/schema/beans" xsi:schemaLocation=
               "http://www.springframework.org/schema/beans
               http://www.springframework.org/schema/beans/spring-beans-4.0.xsd">
    <bean id="reviewManagerForServiceManager" class="com.vse.uslugi.dao.ReviewDAO"
          parent="sqlManager" scope="prototype">
        <property name="select" value="{call getReview (?)}"/>
        <property name="logger" ref="logger"/>
    </bean>

    <bean class="com.vse.uslugi.dao.service.FavouriteServiceDAO" parent="sqlManager" scope="prototype">
        <property name="insert" value="{call addFavouriteService (?, ?)}"/>
        <property name="delete" value="{call delFavouriteService (?, ?)}"/>
        <property name="logger" ref="logger"/>
    </bean>

    <bean id="reviewDAO" class="com.vse.uslugi.dao.ReviewDAO" parent="sqlManager"
          scope="prototype">
        <property name="serviceDAO" ref="serviceDAO"/>
        <property name="select" value="{call getReview (?)}"/>
        <property name="deleteByServiceId" value="{call delReviewByServiceId ?}"/>
        <property name="insert" value="{call insReview (?, ?, ?, ?, ?, ?, ?, ?, ?, ?)}"/>
        <property name="update" value="{call updReview (?, ?, ?, ?, ?, ?, ?, ?, ?, ?)}"/>
        <property name="delete" value="{call delReview (?)}"/>
        <property name="logger" ref="logger"/>
    </bean>

    <bean id="photoServiceManager" class="com.vse.uslugi.dao.PhotoServiceDAO" parent="sqlManager"
          scope="prototype">
        <property name="insert" value="{call insPhotoService (?, ?)}"/>
        <property name="delete" value="{call delPhotoService (?, ?)}"/>
        <property name="logger" ref="logger"/>
    </bean>
</beans>
