<?xml version="1.0" encoding="UTF-8"?>
<beans xmlns:xsi="http://www.w3.org/2001/XMLSchema-instance"
       xmlns="http://www.springframework.org/schema/beans" xsi:schemaLocation=
               "http://www.springframework.org/schema/beans
               http://www.springframework.org/schema/beans/spring-beans-4.0.xsd">
    <bean id="serviceDAO" class="com.vse.uslugi.dao.service.ServiceDAO" parent="sqlManager"
          scope="prototype">
        <property name="delete" value="{call deleteService (?)}"/>
        <property name="select" value="SELECT
      productId,
      serviceCategoryId,
      numberOfRates,
      service,
      name,
      rate,
      price,
      userId,
      userPhoto
    FROM Service, Users
    WHERE service LIKE %1$s AND userId = serviceUserId"/>
        <property name="selectNew" value="{call getNewServices (?)}"/>
        <property name="selectTop" value="{call getTopServices (?)}"/>
        <property name="selectById" value="{call getServiceById (?)}"/>
        <property name="selectServices" value="SELECT
      productId,
      numberOfRates,
      rate/numberOfRates rating,
      service,
      name,
      rate,
      price,
      userId
    FROM Service, Users
    WHERE serviceCategoryId = ? AND userId = serviceUserId"/>
        <property name="selectPhoto" value="{call getPhotoService (?)}"/>
        <property name="selectPayed" value="{call getPayedService (?)}"/>
        <property name="selectByUserId" value="SELECT
      productId,
      serviceCategoryId,
      numberOfRates,
      service,
      name,
      rate,
      price,
      userId,
      userPhoto
    FROM Service, Users
    WHERE serviceUserId = ? AND userId = serviceUserId"/>
        <property name="insert" value="{call insertService (?, ?, ?, ?, ?)}"/>
        <property name="selectFavourite" value="SELECT
  productId,
  serviceCategoryId,
  service,
  rate,
  numberOfRates,
  price,
  serviceUserId userId,
  (SELECT
  name
   FROM Users
   WHERE userId = s.serviceUserId
   GROUP BY name) name,
  userPhoto
FROM Service s, Users,
  FavouriteService
WHERE productId = favouriteServiceId AND userId = ?"/>
        <property name="selectCategory" value="select categoryId from Category where categoryParentId = ?"/>
        <property name="selectAllCategories" value="select categoryId from Category"/>
        <property name="update" value="{call updateService (?, ?, ?, ?, ?, ?, ?, ?)}"/>
        <property name="reviewDAO" ref="reviewManagerForServiceManager"/>
        <property name="logger" ref="logger"/>
    </bean>
</beans>
