<?xml version="1.0" encoding="UTF-8" standalone="no"?>
<databaseChangeLog xmlns:xsi="http://www.w3.org/2001/XMLSchema-instance" xmlns="http://www.liquibase.org/xml/ns/dbchangelog"
                   xsi:schemaLocation="http://www.liquibase.org/xml/ns/dbchangelog http://www.liquibase.org/xml/ns/dbchangelog/dbchangelog-3.9.xsd">
  <changeSet author="dberkman" id="1">
    <createTable tableName="referencing_entity">
      <column autoIncrement="true" name="id" type="BIGINT(20)">
        <constraints primaryKey="true"/>
      </column>
      <column name="name" type="VARCHAR(191)">
        <constraints nullable="false"/>
      </column>
      <column name="referenced_id" type="BIGINT(20)">
        <constraints nullable="false"/>
      </column>
    </createTable>
  </changeSet>
  <changeSet author="dberkman" id="2">
    <createTable tableName="referenced_entity">
      <column autoIncrement="true" name="id" type="BIGINT(20)">
        <constraints primaryKey="true"/>
      </column>
      <column name="color" type="VARCHAR(191)">
        <constraints nullable="false"/>
      </column>
    </createTable>
  </changeSet>
</databaseChangeLog>
