<?xml version="1.0" encoding="UTF-8" standalone="no"?>
<databaseChangeLog xmlns:xsi="http://www.w3.org/2001/XMLSchema-instance" xmlns="http://www.liquibase.org/xml/ns/dbchangelog"
                   xsi:schemaLocation="http://www.liquibase.org/xml/ns/dbchangelog http://www.liquibase.org/xml/ns/dbchangelog/dbchangelog-3.9.xsd">
  <changeSet author="dberkman" id="1">
    <createTable tableName="parent_entity">
      <column autoIncrement="true" name="id" type="BIGINT(20)">
        <constraints primaryKey="true"/>
      </column>
      <column name="color" type="VARCHAR(25)">
        <constraints nullable="false"/>
      </column>
      <column name="a" type="INT(11)">
        <constraints nullable="false"/>
      </column>
      <column name="b" type="INT(11)">
        <constraints nullable="false"/>
      </column>
      <column name="c" type="INT(11)">
        <constraints nullable="false"/>
      </column>
    </createTable>
  </changeSet>
</databaseChangeLog>
