<?xml version="1.0"?>
<!DOCTYPE hibernate-mapping PUBLIC "-//Hibernate/Hibernate Mapping DTD 3.0//EN"
"http://www.hibernate.org/dtd/hibernate-mapping-3.0.dtd">
<hibernate-mapping package="org.hibernate.sample">
	<class name="Email" table="email">

		<id name="id" type="long" column="id">
			<generator class="sequence">
				<param name="sequence_name">seq_email_id</param>
			</generator>
		</id>
	
		<property name="isPrimary" type="boolean" column="is_primary" not-null="true" />
		<!-- Not Null -->
		<property name="value" type="string" column="email" length="200" unique="true"/>		
	</class>
</hibernate-mapping>