<?xml version="1.0"?>
<!DOCTYPE hibernate-mapping PUBLIC "-//Hibernate/Hibernate Mapping DTD 3.0//EN"
"http://www.hibernate.org/dtd/hibernate-mapping-3.0.dtd">
<hibernate-mapping package="org.hibernate.sample">
	<class name="Person" table="person">

		<id name="id" type="long" column="id">
			<generator class="sequence">
				<param name="sequence_name">seq_person_id</param>
			</generator>
		</id>
	
		<property name="firstName" type="string" column="first_name" length="100" not-null="true" />
		<property name="lastName" type="string" column="last_name" length="100" not-null="true" />
		
		<idbag name="emails" cascade="all-delete-orphan" table="person_email">
			<collection-id type="long" column="id">
				<generator class="sequence">
					<param name="sequence_name">seq_person_email_id</param>
				</generator>
			</collection-id>
			<key column="ref_person" />
			<many-to-many column="ref_email" class="org.hibernate.sample.Email"  />
		</idbag>

	</class>
</hibernate-mapping>