<?xml version="1.0" encoding="UTF-8"?>

<project name="HibernateTest" basedir="./">
	<path id="toolslib">
		<path location="lib/hibernate-tools.jar" />
		<path location="lib/freemarker.jar" />
		<path location="lib/hibernate3.jar" />
		<path location="lib/postgresql-8.2-504.jdbc3.jar" />
	</path>
	<taskdef name="hibernatetool" classname="org.hibernate.tool.ant.HibernateToolTask" classpathref="toolslib" />
	<hibernatetool destdir="./gen">
		<configuration configurationfile="./src/hibernate.cfg.xml">
		</configuration>
		<hbm2java ejb3="true" jdk5="true"/>
	</hibernatetool>
</project>