<?xml version="1.0" encoding="UTF-8"?>
<beans xmlns="http://www.springframework.org/schema/beans"
    xmlns:xsi="http://www.w3.org/2001/XMLSchema-instance"
    xmlns:aop="http://www.springframework.org/schema/aop"
    xmlns:context="http://www.springframework.org/schema/context"
    xmlns:tx="http://www.springframework.org/schema/tx"
    xmlns:util="http://www.springframework.org/schema/util"
    xsi:schemaLocation="http://www.springframework.org/schema/beans http://www.springframework.org/schema/beans/spring-beans-2.5.xsd
                        http://www.springframework.org/schema/aop http://www.springframework.org/schema/aop/spring-aop-2.5.xsd
                        http://www.springframework.org/schema/context http://www.springframework.org/schema/context/spring-context-2.5.xsd
                        http://www.springframework.org/schema/tx http://www.springframework.org/schema/tx/spring-tx-2.5.xsd
                        http://www.springframework.org/schema/util http://www.springframework.org/schema/util/spring-util-2.5.xsd"
    default-lazy-init="true">

    <context:annotation-config />

    <bean id="sessionFactory"
        class="org.springframework.orm.hibernate3.LocalSessionFactoryBean"
        autowire="byName">
        <!--  this is explicitly not a local reference! -->
        <property name="hibernateProperties">
            <props>
                <prop key="hibernate.show_sql">false</prop>
                <prop key="hibernate.dialect">org.hibernate.dialect.HSQLDialect</prop>
                <prop key="hibernate.hbm2ddl.auto">create</prop>
                <prop key="hibernate.use_sql_comments">false</prop>
                <prop key="hibernate.generate_statistics">false</prop>
                <prop key="hibernate.format_sql">true</prop>
                <prop key="hibernate.cache.provider_class">org.hibernate.cache.EhCacheProvider</prop>
                <prop key="hibernate.cache.use_second_level_cache">true</prop>
                <prop key="hibernate.cache.use_query_cache">true</prop>
            </props>
        </property>
        <property name="mappingLocations" value="classpath*:com/damirm/**/*.hbm.xml" />
    </bean>

    <bean id="transactionManager"
        class="org.springframework.orm.hibernate3.HibernateTransactionManager" autowire="no">
        <property name="sessionFactory">
            <ref local="sessionFactory" />
        </property>
    </bean>

</beans>
