<?xml version="1.0" encoding="ISO-8859-1"?>
<model description="DMS datamodel">
    <class id="Root">
    </class>

    <class id="HasFiles">
        <parent ref="Root"/>
        <attribute name="Description" type="String" label="Desc" length="100"/>
    </class>

    <class id="ContainsUser">
        <parent ref="Root"/>
        <attribute name="Description" type="String" label="Desc" length="100"/>
    </class>

    <class id="DmsUser" icon="icons/16x16/businessman.png">
        <parent ref="Root"/>
        <attribute name="Name" editable="false" required="true" type="String" label="Name" length="100"/>
    </class>

    <class id="UserGroup" icon="icons/16x16/businessman.png">
        <parent ref="Root"/>
        <attribute name="Name" editable="false" required="true" type="String" label="Name" length="100"/>
    </class>

    <class id="OwnedItem" icon="icons/16x16/document_attachment.png">
        <parent ref="Root"/>
        <attribute name="OwnerName" editable="false" type="String" label="Eigent�mer" length="100"/>
    </class>

    <class id="Document" icon="icons/16x16/document_attachment.png">
        <parent ref="OwnedItem"/>
        <attribute name="DocumentName" type="String" label="Name" length="100" editable="false" required="true"/>
        <attribute name="DocumentTitle" type="String" label="Titel" length="100"/>
        <attribute name="VersionDescription" type="String" label="Versionsbeschreibung" length="100"/>
        <attribute name="DocumentType" type="String" label="Dokumententyp" length="100"/>
        <attribute name="CreationDate" editable="false" type="Date" label="Erstellt am" length="100"/>
        <attribute name="Creator" editable="false" type="String" label="Ersteller" length="100"/>
    </class>

    <class id="File" icon="icons/16x16/contract.png">
        <parent ref="OwnedItem"/>
        <attribute name="FileName" type="String" label="Name" length="100"/>
        <attribute name="WebdavName" editable="false" type="String" label="Desc" length="100"/>
    </class>


</model>