<project name="Build specific targets and properties" default="noDefault" >

<!-- ===================================================================== -->
<!-- Run a given ${target} on all elements being built -->
<!-- Add on <ant> task for each top level element being built. -->
<!-- ===================================================================== -->
<target name="allElements">
	<ant antfile="${genericTargets}" target="${target}" >
		<property name="type" value="feature" />
		<property name="id" value="org.hibernate.eclipse.feature" />
	</ant>
</target>

<!-- ===================================================================== -->
<!-- Targets to assemble the built elements for particular configurations  -->
<!-- These generally call the generated assemble scripts (named in -->
<!-- ${assembleScriptName}) but may also add pre and post processing -->
<!-- Add one target for each root element and each configuration -->
<!-- ===================================================================== -->

<target name="assemble.org.hibernate.eclipse.feature">
        <dirname property="bdir" file="${assembleScriptName}" />
        <echo message="builder is: ${buildDirectory}"/>
        <echo message="file ${assembleScriptName} is in ${bdir}"/>
	<ant antfile="${assembleScriptName}"  />
</target>

<!-- ===================================================================== -->
<!-- Check out map files from correct repository -->
<!-- Replace values for cvsRoot, package and mapVersionTag as desired. -->
<!-- ===================================================================== -->
<target name="getMapFiles">
  <echo message="TODO: store map into cvs, then retrieve here"/>
  <mkdir dir="${buildDirectory}/maps" />
  <copy file="hibernate.map"
     todir="${buildDirectory}/maps"/>
</target>

<!-- ===================================================================== -->
<!-- Steps to do before setup -->
<!-- ===================================================================== -->
<target name="preSetup">
</target>

<!-- ===================================================================== -->
<!-- Steps to do after setup but before starting the build proper -->
<!-- ===================================================================== -->
<target name="postSetup">
</target>

<!-- ===================================================================== -->
<!-- Steps to do before fetching the build elements -->
<!-- ===================================================================== -->
<target name="preFetch">
</target>

<!-- ===================================================================== -->
<!-- Steps to do after fetching the build elements -->
<!-- ===================================================================== -->
<target name="postFetch">


   <property name="tools.dist.dir" location="${hibernate-ext-src.home}/tools/target/hibernate-tools-3.0/" />
   <property name="console.dist.dir" location="${hibernate-ext-src.home}/console/target/hibernateconsole-3.0" />

   <copy todir="${buildDirectory}/plugins/org.hibernate.eclipse/lib"
        verbose="true" >

     <fileset dir="${console.dist.dir}/lib">
        <include name="l2fprod-common.jar"/>
        <include name="jtidy*.jar"/>
     </fileset>
     <fileset file="${console.dist.dir}/hibernateconsole.jar"/>

     <fileset dir="${tools.dist.dir}/lib">
        <include name="hibernate-tools.jar"/>
        <include name="velocity*.jar"/>
        <include name="jtidy*.jar"/>
     </fileset>
     <fileset file="${tools.dist.dir}/hibernate-tools.jar"/>

     <fileset dir="${hibernate-core.home}/lib">
        <include name="antlr*.jar"/>
        <include name="asm*.jar"/>
        <include name="c3p0*.jar"/>
        <include name="cglib*.jar"/>
        <include name="commons-collections*.jar"/>
        <include name="commons-logging*.jar"/>
        <include name="concurrent*.jar"/>
        <include name="connector*.jar"/>
        <include name="dom4j*.jar"/>
        <include name="ehcache*.jar"/>
        <include name="jaas.jar"/>
        <include name="jboss-cache.jar"/>
        <include name="jboss-common.jar"/>
        <include name="jboss-jmx.jar"/>
        <include name="jboss-system.jar"/>
        <include name="jdbc2_0-stdext.jar"/>
        <include name="jgroups*.jar"/>
        <include name="jta.jar"/>
        <include name="log4j*.jar"/>
        <include name="oscache*.jar"/>
        <include name="proxool*.jar"/>
        <include name="swarmcache*.jar"/>
     </fileset>

     <fileset file="${hibernate-core.home}/hibernate3.jar"/>
   </copy>


</target>

<!-- ===================================================================== -->
<!-- Steps to do before generating the build scripts. -->
<!-- ===================================================================== -->
<target name="preGenerate">
</target>

<!-- ===================================================================== -->
<!-- Steps to do after generating the build scripts. -->
<!-- ===================================================================== -->
<target name="postGenerate">
</target>


<!-- ===================================================================== -->
<!-- Steps to do before running the build.xmls for the elements being built. -->
<!-- ===================================================================== -->
<target name="preProcess">
</target>

<!-- ===================================================================== -->
<!-- Steps to do after running the build.xmls for the elements being built. -->
<!-- ===================================================================== -->
<target name="postProcess">
</target>


<!-- ===================================================================== -->
<!-- Steps to do before running assemble. -->
<!-- ===================================================================== -->
<target name="preAssemble">
</target>

<!-- ===================================================================== -->
<!-- Steps to do after  running assemble. -->
<!-- ===================================================================== -->
<target name="postAssemble">
</target>

<!-- ===================================================================== -->
<!-- Steps to do after the build is done. -->
<!-- ===================================================================== -->
<target name="postBuild">
</target>

<!-- ===================================================================== -->
<!-- Steps to do to test the build results -->
<!-- ===================================================================== -->
<target name="test">
</target>

<!-- ===================================================================== -->
<!-- Steps to do to publish the build results -->
<!-- ===================================================================== -->
<target name="publish">
</target>

<!-- ===================================================================== -->
<!-- Default target                                                        -->
<!-- ===================================================================== -->
<target name="noDefault">
	<echo message="You must specify a target when invoking this file" />
</target>

</project>
