<?xml version="1.0" encoding="UTF-8"?>
<!DOCTYPE hibernate-mapping PUBLIC "-//Hibernate/Hibernate Mapping DTD 3.0//EN" "http://hibernate.sourceforge.net/hibernate-mapping-3.0.dtd">

<hibernate-mapping>
    <class name="test.Item" table="ITEM" dynamic-insert="false" dynamic-update="false">
        <id name="id" type="java.lang.Long" unsaved-value="null">
            <column name="ID"/>
            <generator class="native"></generator>
        </id>
        <property name="name" type="java.lang.String">
            <column name="NAME_"/>
        </property>
    </class>  
</hibernate-mapping>
