<?xml version="1.0"?>
<!DOCTYPE hibernate-mapping PUBLIC 
  "-//Hibernate/Hibernate Mapping DTD 3.0//EN"
  "http://www.hibernate.org/dtd/hibernate-mapping-3.0.dtd">

<hibernate-mapping package="duplicateconstraintnames">

  <class name="EntityA">

    <id name="id" type="long">
      <generator class="native" />
    </id>
    <property name="uniqueProperty" type="string" not-null="true" unique="true" />

  </class>
  
  <class name="EntityB">

    <id name="id" type="long">
      <generator class="native" />
    </id>
    <property name="uniqueProperty" type="string" not-null="true" unique="true" />

  </class>


</hibernate-mapping>
