<?xml version='1.0' encoding='utf-8'?>
 <!DOCTYPE hibernate-configuration PUBLIC "-//Hibernate/Hibernate Configuration DTD 3.0//EN"
 "http://hibernate.sourceforge.net/hibernate-configuration-3.0.dtd">

<hibernate-configuration>

    <session-factory>

        <!-- We use the Hibernate built-in connection pool for testing -->
        <property name="connection.url">jdbc:hsqldb:database/test.db</property>
        <property name="connection.driver_class">org.hsqldb.jdbcDriver</property>
        <property name="connection.username">SA</property>
        <property name="connection.password"></property>

        <property name="dialect">org.hibernate.dialect.HSQLDialect</property>

        <!-- Show all SQL DML executed by Hibernate -->
        <property name="show_sql">true</property>

        <!-- Always drop and recreate the database schema on startup -->
        <property name="hbm2ddl.auto">create</property>

        <!-- Switch to built-in cache provider -->
        <property name="cache.provider_class">org.hibernate.cache.HashtableCacheProvider</property>

        <!-- Mapping files -->
        <mapping resource="org/hibernate/auction/model/Category.hbm.xml"/>
        <mapping resource="org/hibernate/auction/model/Item.hbm.xml"/>
        <mapping resource="org/hibernate/auction/model/Bid.hbm.xml"/>
        <mapping resource="org/hibernate/auction/model/User.hbm.xml"/>
        <mapping resource="org/hibernate/auction/model/BillingDetails.hbm.xml"/>

    </session-factory>

</hibernate-configuration>
