<?xml version="1.0"?>
<!DOCTYPE hibernate-mapping PUBLIC "-//Hibernate/Hibernate Mapping DTD 3.0//EN"	"http://hibernate.sourceforge.net/hibernate-mapping-3.0.dtd">
<hibernate-mapping package="ami.server.dto">
  <class name="AlbumDTO" table="calliope.albums">
    <id name="id" column="id">
      <generator class="native"/>
    </id>
    <property name="title" column="title" not-null="true"/>
    <property name="upc" column="upc" not-null="true"/>
    <list name="songs" cascade="all" inverse="true" fetch="join">
      <key column="album_id" not-null="true"/>
      <index column="track_no"/>
      <one-to-many class="SongDTO" not-found="ignore"/>
    </list>
    <many-to-one name="artist" column="artist_id" class="ArtistDTO" fetch="join"/>
    <list name="genres" cascade="all" inverse="false" fetch="join" table="calliope.albums_genres">
      <key column="album_id" not-null="true"/>
      <index column="id"/>
      <many-to-many class="GenreDTO" column="genre_id"/>
    </list>
  </class>
</hibernate-mapping>
