<?xml version="1.0"?>
<!DOCTYPE hibernate-mapping PUBLIC "-//Hibernate/Hibernate Mapping DTD 3.0//EN"	"http://hibernate.sourceforge.net/hibernate-mapping-3.0.dtd">
<hibernate-mapping package="ami.server.dto">
  <class name="SongListDTO" table="calliope.songlists">
    <id name="id" column="id">
      <generator class="native"/>
    </id>
    <property name="name" column="name" not-null="true"/>
    <property name="description" column="description" not-null="true"/>
    <property name="imageFileUrl" column="image_file_url" not-null="true"/>
  </class>
</hibernate-mapping>
