<?xml version="1.0"?>
<!DOCTYPE hibernate-mapping PUBLIC "-//Hibernate/Hibernate Mapping DTD 3.0//EN"	"http://hibernate.sourceforge.net/hibernate-mapping-3.0.dtd">
<hibernate-mapping package="ami.server.dto">
  <class name="SongDTO" table="calliope.songs">
    <id name="id" column="id">
      <generator class="native"/>
    </id>
    <property name="title" column="title" not-null="true"/>
    <property name="trackNumber" column="track_no" not-null="true"/>
    <many-to-one name="album" column="album_id" class="AlbumDTO" lazy="false" fetch="join"/>
    <many-to-one name="artist" column="artist_id" class="ArtistDTO" lazy="false" fetch="join"/>
  </class>
</hibernate-mapping>
