<?xml version="1.0"?>
<!DOCTYPE hibernate-mapping PUBLIC "-//Hibernate/Hibernate Mapping DTD 3.0//EN"	"http://hibernate.sourceforge.net/hibernate-mapping-3.0.dtd">
<hibernate-mapping package="ami.server.dto">
  <class name="UserDTO" table="calliope.users">
    <id name="id" column="id">
      <generator class="native"/>
    </id>
    <property name="username" column="username" not-null="true"/>
    <property name="password" column="password" not-null="true"/>
    <property name="lastLoginDate" column="last_login_date" not-null="false">
    </property>
  </class>
</hibernate-mapping>
