<?xml version="1.0" encoding="utf-8"?>
<!DOCTYPE hibernate-configuration PUBLIC
        "-//Hibernate/Hibernate Configuration DTD//EN"
        "http://hibernate.sourceforge.net/hibernate-configuration-3.0.dtd">
        
        
<hibernate-configuration>
    <session-factory>
        <property name="hibernate.bytecode.use_reflection_optimizer">false</property>
        <property name="hibernate.connection.driver_class">org.hsqldb.jdbcDriver</property>
        <property name="connection.username">sa</property>
        <property name="connection.password"></property>
        <property name="connection.url">jdbc:hsqldb:hsql://localhost/phidictionary</property>
        <property name="hibernate.dialect">org.hibernate.dialect.HSQLDialect</property>
        <property name="hibernate.format_sql">false</property>
        <property name="hibernate.show_sql">false</property>
        <!--  property name="connection.pool_size">1</property -->
        <property name="hibernate.hbm2ddl.auto">update</property>
        <!--  property name="cache.provider_class">org.hibernate.cache.NoCacheProvider</property -->
        <!-- property name="hibernate.transaction.factory_class">org.hibernate.transaction.JDBCTransactionFactory</property-->
  		<!-- property name="hibernate.current_session_context_class">thread</property -->
        <!-- property name="connection.autocommit">true</property -->
        
        <!-- ENVERSE SETTINGS
        <property name="org.hibernate.envers.versionsTableSuffix">_h</property>
		<property name="org.hibernate.envers.revisionFieldName">REVNUMBER</property>
		<property name="org.hibernate.envers.revisionOnCollectionChange">true</property>
		<property name="org.hibernate.envers.doNotAuditOptimisticLockingField">true</property>
        -->
        
        <!-- HIBERNATE SEARCH -->
        <!-- property name="hibernate.search.default.directory_provider">org.hibernate.search.store.FSDirectoryProvider</property>
		<property name="hibernate.search.default.indexBase">/var/lucene/indexes</property-->
        
        <!-- HIBERNATE BEAN MAPPINGS -->
        <mapping resource="com/phi/dictionarymanager/beans/CodeEquivalent.hbm.xml" />
        <mapping resource="com/phi/dictionarymanager/beans/CodeValue.hbm.xml" />
        <mapping resource="com/phi/dictionarymanager/beans/CodeTranslation.hbm.xml" />
        <mapping resource="com/phi/dictionarymanager/beans/CodeSystem.hbm.xml" />
        
        <!-- ENVERSE EVENTS -->
        <event type="post-insert">
            <listener class="org.hibernate.envers.event.AuditEventListener" />
        </event>
        <event type="post-update">
            <listener class="org.hibernate.envers.event.AuditEventListener" />
        </event>
        <event type="post-delete">
            <listener class="org.hibernate.envers.event.AuditEventListener" />
        </event>
        <event type="pre-collection-update">
            <listener class="org.hibernate.envers.event.AuditEventListener" />
        </event>
        <event type="pre-collection-remove">
            <listener class="org.hibernate.envers.event.AuditEventListener" />
        </event>
        <event type="post-collection-recreate">
            <listener class="org.hibernate.envers.event.AuditEventListener" />
        </event>
        
        
    </session-factory>
</hibernate-configuration>
