<?xml version='1.0' encoding='utf-8'?>
 <!DOCTYPE hibernate-configuration PUBLIC "-//Hibernate/Hibernate Configuration DTD 3.0//EN"
 "http://hibernate.sourceforge.net/hibernate-configuration-3.0.dtd">

<hibernate-configuration>

    <session-factory>

        <!-- HSQL DB running on localhost -->
        <property name="connection.url">jdbc:hsqldb:hsql://localhost</property>
        <property name="connection.driver_class">org.hsqldb.jdbcDriver</property>
        <property name="connection.username">sa</property>
        <property name="connection.password"></property>
        <property name="dialect">org.hibernate.dialect.HSQLDialect</property>

        <!-- Use the Hibernate built-in pool for tests. -->
        <property name="connection.pool_size">1</property>

        <!-- Show all SQL DML executed by Hibernate -->
        <property name="show_sql">true</property>
<property name="format_sql">false</property>
        <!-- Always drop and recreate the database schema on startup -->
        <property name="hbm2ddl.auto">update</property>

        <!-- Disable second-level cache provider -->
        <property name="cache.provider_class">org.hibernate.cache.NoCacheProvider</property>

        <!-- Mapping files
        <mapping resource="hello/Message.hbm.xml"/>
        -->
			<!-- Annotation mappings -->
			<mapping class="jboss.Person" />
			<mapping class="jboss.Customer"/>
			<mapping class="jboss.Table"/>
		</session-factory>

</hibernate-configuration>
