<?xml version="1.0" encoding="UTF-8"?>

<!DOCTYPE log4j:configuration SYSTEM "log4j.dtd">

<!-- ===================================================================== -->
<!--                                                                       -->
<!--  Log4j Configuration                                                  -->
<!--                                                                       -->
<!-- ===================================================================== -->

<log4j:configuration xmlns:log4j="http://jakarta.apache.org/log4j/" debug="false">

  
    <!-- ============================== -->
    <!-- Append messages to the console -->
    <!-- ============================== -->

    <appender name="CONSOLE" class="org.apache.log4j.ConsoleAppender">
        <param name="Target" value="System.out"/>
        <param name="Threshold" value="ALL"/>

        <layout class="org.apache.log4j.PatternLayout">
            <param name="ConversionPattern" value="%d{HH:mm:ss.SSS} [%C{1}] %-5p - %m%n"/>
  
        </layout>
    </appender>


    <!-- ================ -->
    <!-- Limit categories -->
    <!-- ================ -->

	<category name="org.apache.commons">
	    <priority value="INFO"/>
    </category>
  <category name="org.hibernate.type">
	    <priority value="DEBUG"/>
    </category>
	<category name="org.hibernate.SQL">
	    <priority value="DEBUG"/>
    </category>
	<category name="org.hibernate">
	    <priority value="INFO"/>
    </category>
	<category name="org.hibernate.type.NullableType">
        <priority value="DEBUG"/>
    </category>
  

    <!-- ======================= -->
    <!-- Setup the Root category -->
    <!-- ======================= -->

    <root>
        <appender-ref ref="CONSOLE"/>
    </root>

</log4j:configuration>

