<?xml version="1.0" encoding="UTF-8"?>
<!DOCTYPE log4j:configuration PUBLIC "-//LOGGER" "http://logging.apache.org/log4j/1.2/apidocs/org/apache/log4j/xml/doc-files/log4j.dtd">

<log4j:configuration xmlns:log4j="http://jakarta.apache.org/log4j/">
	<appender class="org.apache.log4j.ConsoleAppender" name="message">
		<layout class="org.apache.log4j.PatternLayout">
			<param name="ConversionPattern" value="%d{yyyy-MM-dd HH:mm:ss,SSS} %5p %10t %c - %m%n" />
		</layout>
	</appender>
	<root>
		<priority value="INFO" />
		<appender-ref ref="message" />
	</root>
</log4j:configuration>