<?xml version="1.0" encoding="UTF-8"?>
<beans xmlns="http://www.springframework.org/schema/beans" xmlns:context="http://www.springframework.org/schema/context" xmlns:jdbc="http://www.springframework.org/schema/jdbc"
	xmlns:jpa="http://www.springframework.org/schema/data/jpa" xmlns:transaction="http://www.springframework.org/schema/tx" xmlns:xsi="http://www.w3.org/2001/XMLSchema-instance"
	xsi:schemaLocation="http://www.springframework.org/schema/beans http://www.springframework.org/schema/beans/spring-beans-2.0.xsd
	http://www.springframework.org/schema/context http://www.springframework.org/schema/context/spring-context.xsd
    http://www.springframework.org/schema/jdbc http://www.springframework.org/schema/jdbc/spring-jdbc.xsd
    http://www.springframework.org/schema/data/jpa http://www.springframework.org/schema/data/jpa/spring-jpa.xsd
    http://www.springframework.org/schema/tx http://www.springframework.org/schema/tx/spring-tx.xsd">
	<context:annotation-config />
	<context:component-scan base-package="org.example" />
	<bean id="dataSource" class="com.jolbox.bonecp.BoneCPDataSource" destroy-method="close">
		<property name="driverClass" value="org.h2.Driver" />
		<property name="jdbcUrl" value="jdbc:h2:file:data/mart" />
		<property name="username" value="sa" />
		<property name="password" value="" />
		<property name="idleConnectionTestPeriodInSeconds" value="120" />
		<property name="idleMaxAgeInSeconds" value="240" />
		<property name="maxConnectionsPerPartition" value="5" />
		<property name="minConnectionsPerPartition" value="1" />
		<property name="partitionCount" value="1" />
		<property name="acquireIncrement" value="1" />
		<property name="statementsCacheSize" value="100" />
		<property name="releaseHelperThreads" value="3" />
	</bean>
	<bean id="entityManagerFactory" class="org.springframework.orm.jpa.LocalContainerEntityManagerFactoryBean">
		<property name="dataSource" ref="dataSource" />
		<property name="jpaVendorAdapter">
			<bean id="hibernateJpaAdapter" class="org.springframework.orm.jpa.vendor.HibernateJpaVendorAdapter">
				<property name="generateDdl" value="true" />
				<property name="showSql" value="true" />
			</bean>
		</property>
		<property name="packagesToScan" value="org.example.domain" />
	</bean>
	<bean id="transactionManager" class="org.springframework.orm.jpa.JpaTransactionManager">
		<property name="entityManagerFactory" ref="entityManagerFactory" />
	</bean>
	<jpa:repositories base-package="org.example.data" />
	<transaction:annotation-driven mode="aspectj" transaction-manager="transactionManager" />
</beans>