<?xml version="1.0" encoding="UTF-8" ?>
<!DOCTYPE log4j:configuration SYSTEM "log4j.dtd">

<log4j:configuration xmlns:log4j="http://jakarta.apache.org/log4j/">

	<appender name="ConsoleLogger" class="org.apache.log4j.ConsoleAppender">
		<param name="datePattern" value="'.'yyyy-MM-dd_HH-mm" />
		<layout class="org.apache.log4j.PatternLayout">
			<param name="ConversionPattern" value="%d{ISO8601} %-5p [%t] %c: %m%n" />
		</layout>
	</appender>

	<logger name="org.hibernate">
		<level value="TRACE" />
		<appender-ref ref="ConsoleLogger" />
	</logger>

	<root>
		<priority value="DEBUG" />
		<appender-ref ref="ConsoleLogger" />
	</root>

</log4j:configuration>
