<?xml version="1.0" encoding="UTF-8"?>
<!DOCTYPE hibernate-configuration PUBLIC
  "-//Hibernate/Hibernate Configuration DTD 3.0//EN"
  "http://hibernate.sourceforge.net/hibernate-configuration-3.0.dtd">
<hibernate-configuration>
  <session-factory>
    <property name="connection.driver_class">oracle.jdbc.driver.OracleDriver</property>
    <property name="dialect">org.hibernate.dialect.Oracle9Dialect</property>

    <property name="connection.url">jdbc:oracle:thin:@127.0.0.1:1521:test</property>
    <property name="connection.username">test</property>
    <property name="connection.password">test</property>

    <!-- connection pool c3p0 -->
    <property name="c3p0.aquire_increment">1</property>
    <property name="c3p0.idle_test_period">300</property>
    <property name="c3p0.min_size">1</property>
    <property name="c3p0.max_size">10</property>
    <property name="c3p0.timeout">0</property>
    <property name="c3p0.max_statements">0</property>

    <property name="cache.provider_class">org.hibernate.cache.EhCacheProvider</property>
    <property name="cache.use_second_level_cache">true</property>
    <property name="cache.use_query_cache">true</property>

    <property name="jdbc.batch_size">1000</property>

    <property name="hbm2ddl.auto">create</property>
    <property name="show_sql">true</property>

    <mapping resource="hibernate/lazy_ignore/Test.hbm.xml"/>

  </session-factory>
</hibernate-configuration>