<?xml version="1.0"?>
<!DOCTYPE hibernate-mapping PUBLIC
    "-//Hibernate/Hibernate Mapping DTD 3.0//EN"
    "http://hibernate.sourceforge.net/hibernate-mapping-3.0.dtd" >
<hibernate-mapping>
  <!--
    Created by the Middlegen Hibernate plugin
    http://boss.bekk.no/boss/middlegen/
    http://hibernate.sourceforge.net/
  -->
  <class name="hibernate.PersonAcademicBackground" table="PERSON_ACADEMIC_BACKGROUND" lazy="true">
    <id name="degreeId" type="java.lang.Integer" column="Degree_ID" unsaved-value="0">
      <generator class="native"/>
    </id>
    <property name="cid" type="java.lang.Integer" column="CID" not-null="true" length="6"/>
    <property name="degreeName" type="java.lang.String" column="Degree_Name" length="60"/>
    <property name="startDate" type="java.sql.Timestamp" column="Start_Date" length="23"/>
    <property name="completedDate" type="java.sql.Timestamp" column="Completed_Date" length="23"/>
    <property name="expectedDate" type="java.sql.Timestamp" column="Expected_Date" length="23"/>
    <property name="otherDisciplineName" type="java.lang.String" column="Other_Discipline_Name" length="100"/>
    <property name="otherOrgName" type="java.lang.String" column="Other_Org_Name" length="60"/>
    <property name="resultOfSshrcInd" type="java.lang.String" column="Result_Of_SSHRC_Ind" length="1"/>
    <property name="highestDegreeInd" type="java.lang.String" column="Highest_Degree_Ind" length="1"/>
    <property name="createUserId" type="java.lang.String" column="Create_User_ID" length="3" insert="false" update="false"/>
    <property name="createDate" type="java.sql.Timestamp" column="Create_Date" length="23" insert="false" update="false"/>
    <property name="changeUserId" type="java.lang.String" column="Change_User_ID" length="3" insert="false" update="false"/>
    <property name="changeDate" type="java.sql.Timestamp" column="Change_Date" length="23" insert="false" update="false"/>
    <property name="startYear" type="java.lang.String" column="Start_Year" length="4"/>
    <property name="startMonth" type="java.lang.String" column="Start_Month" length="2"/>
    <property name="completedYear" type="java.lang.String" column="Completed_Year" length="4"/>
    <property name="completedMonth" type="java.lang.String" column="Completed_Month" length="2"/>
    <property name="expectedYear" type="java.lang.String" column="Expected_Year" length="4"/>
    <property name="expectedMonth" type="java.lang.String" column="Expected_Month" length="2"/>
    <!-- associations -->
    <!-- property name="degreeType" type="java.lang.Integer" column="Degree_Type" length="4"/> -->
    <many-to-one name="degreeType" class="hibernate.Cod" column="Degree_Type">    </many-to-one>
    <!-- <property name="disciplineCode" type="java.lang.Integer" column="Discipline_Code" length="5"/> -->
    <many-to-one name="discipline" class="hibernate.Discipline" column="Discipline_Code">    </many-to-one>
    <!-- <property name="orgId" type="java.lang.Integer" column="Org_ID" length="8"/> -->
    <many-to-one name="organization" class="hibernate.Organization" column="Org_ID">    </many-to-one>
    <!-- <property name="otherCountryCode" type="java.lang.Integer" column="Other_Country_Code" length="5"/> -->
    <many-to-one name="otherCountry" class="hibernate.Country" column="Other_Country_Code">    </many-to-one>
  </class>
</hibernate-mapping>
