<?xml version="1.0" encoding="UTF-8"?>
<!DOCTYPE ejb-jar PUBLIC '-//Sun Microsystems, Inc.//DTD Enterprise JavaBeans 2.0//EN' 'http://java.sun.com/dtd/ejb-jar_2_0.dtd'>
<ejb-jar>
  <enterprise-beans>
      <session>
          <ejb-name>ManyToManyTestEJB</ejb-name>
          <home>foo.ManyToManyTestHome</home>
          <remote>foo.ManyToManyTest</remote>
          <ejb-class>foo.ManyToManyTestBean</ejb-class>
          <session-type>Stateless</session-type>
          <transaction-type>Container</transaction-type>
      </session>
  </enterprise-beans>
</ejb-jar>