<?xml version="1.0" encoding="UTF-8"?>
<beans xmlns="http://www.springframework.org/schema/beans"
       xmlns:xsi="http://www.w3.org/2001/XMLSchema-instance"
       xmlns:p="http://www.springframework.org/schema/p"
       xmlns:context="http://www.springframework.org/schema/context"
       xmlns:tx="http://www.springframework.org/schema/tx"
       xsi:schemaLocation="
            http://www.springframework.org/schema/beans http://www.springframework.org/schema/beans/spring-beans-2.5.xsd
            http://www.springframework.org/schema/context http://www.springframework.org/schema/context/spring-context-2.5.xsd
            http://www.springframework.org/schema/tx http://www.springframework.org/schema/tx/spring-tx-2.5.xsd">

    <tx:annotation-driven/>
    <context:annotation-config/>
    <context:component-scan base-package="hibernate.dao, hibernate.service"/>    

  <bean id="directoryService" class="hibernate.service.DirectoryService"/>

    <bean id="dataSource" class="com.mchange.v2.c3p0.ComboPooledDataSource" destroy-method="close">
        <property name="driverClass" value="com.mysql.jdbc.Driver"/>
        <property name="jdbcUrl" value="jdbc:mysql://localhost:3306/fjpa"/>
        <property name="user" value="root"/>
        <property name="password" value="mysql"/>
        <property name="minPoolSize" value="5"/>
        <property name="acquireIncrement" value="5"/>
        <property name="maxPoolSize" value="15"/>
    </bean>

    <bean id="entityManagerFactory" class="org.springframework.orm.jpa.LocalContainerEntityManagerFactoryBean">
        <property name="persistenceUnitName" value="bug"/>
        <property name="dataSource" ref="dataSource"/>
        <property name="jpaDialect" ref="jpaDialect"/>
        <property name="jpaVendorAdapter">
            <bean class="org.springframework.orm.jpa.vendor.HibernateJpaVendorAdapter">
                <property name="showSql" value="true"/>
                <property name="generateDdl" value="true"/>
                <property name="databasePlatform" value="${jdbc.databasePlatform}"/>
            </bean>
        </property>
        <property name="jpaProperties">
            <props>
                <prop key="hibernate.dialect">org.hibernate.dialect.MySQL5InnoDBDialect</prop>
                <prop key="hibernate.cache.use_query_cache">true</prop>
                <prop key="hibernate.generate_statistics">true</prop>
                <prop key="cache.provider_configuration_file_resource_path">ehcache.xml</prop>
                <prop key="hibernate.query.substitutions">Y</prop>
                <prop key="hibernate.cache.use_second_level_cache">true</prop>
                <prop key="hibernate.cache.provider_class">org.hibernate.cache.EhCacheProvider</prop>
                <prop key="hibernate.show_sql">true</prop>
                <prop key="hibernate.format_sql">true</prop>
                <prop key="hibernate.use_sql_comments">true</prop>
                <prop key="hibernate.cache.use_structured_entries">true</prop>
                <prop key="hibernate.transaction.flush_before_completion">false</prop>
                <prop key="hibernate.transaction.auto_close_session">false</prop>
                <prop key="hibernate.connection.release_mode">after_transaction</prop>
                <prop key="hibernate.connection.aggressive_release">false</prop>
                <prop key="hibernate.ejb.naming_strategy">fluximpl.database.FluxNamingStrategy</prop>
            </props>
        </property>
        <property name="loadTimeWeaver">
            <bean class="org.springframework.instrument.classloading.InstrumentationLoadTimeWeaver"/>
        </property>
    </bean>

    <bean id="transactionManager" class="org.springframework.orm.jpa.JpaTransactionManager">
        <property name="entityManagerFactory" ref="entityManagerFactory"/>
        <property name="dataSource" ref="dataSource"/>
    </bean>

    <bean id="jpaDialect" class="org.springframework.orm.jpa.vendor.HibernateJpaDialect"/>


    <bean class="org.springframework.dao.annotation.PersistenceExceptionTranslationPostProcessor"/>

</beans>