<?xml version="1.0"?>
<project xsi:schemaLocation="http://maven.apache.org/POM/4.0.0 http://maven.apache.org/xsd/maven-4.0.0.xsd" xmlns="http://maven.apache.org/POM/4.0.0"
    xmlns:xsi="http://www.w3.org/2001/XMLSchema-instance">
  <modelVersion>4.0.0</modelVersion>
  <parent>
    <artifactId>orthank-sample.java.dao</artifactId>
    <groupId>net.osgiliath.orthank-sample.java</groupId>
    <version>1.0-SNAPSHOT</version>
    <relativePath>..</relativePath>
  </parent>
  <groupId>net.osgiliath.orthank-sample.java.dao.itests.build</groupId>
  <artifactId>deployment</artifactId>
  <version>1.0-SNAPSHOT</version>
  <packaging>pom</packaging>
  <description>Generated using Pax-Construct</description>
  <properties>
    <spring.maven.artifact.version>3.0.6.RELEASE</spring.maven.artifact.version>
    <org.osgi.service.http.port>8080</org.osgi.service.http.port>
    <org.osgi.service.http.port.secure>8443</org.osgi.service.http.port.secure>
  </properties>
  <dependencies>
    <dependency>
      <groupId>net.osgiliath.orthank-sample.java.dao</groupId>
      <artifactId>orthank-sample.java.dao.api</artifactId>
      <version>1.0-SNAPSHOT</version>
      <scope>provided</scope>
    </dependency>
    <dependency>
      <groupId>net.osgiliath.orthank-sample.java</groupId>
      <artifactId>orthank-sample.java.model</artifactId>
      <version>1.0-SNAPSHOT</version>
      <scope>provided</scope>
    </dependency>
    <dependency>
      <groupId>javax.persistence</groupId>
      <artifactId>com.springsource.javax.persistence</artifactId>
      <version>2.0.0.Beta1</version>
      <scope>provided</scope>
    </dependency>
  </dependencies>
  <repositories>
    <repository>
      <id>zodiac-milestone-repository</id>
      <name>Zodiac Milestone Repository</name>
      <url>http://zodiac.springsource.com/maven/bundles/milestone</url>
    </repository>
    <repository>
      <id>com.springsource.repository.bundles.release</id>
      <name>SpringSource Enterprise Bundle Repository - SpringSource Bundle Releases</name>
      <url>http://repository.springsource.com/maven/bundles/release</url>
    </repository>
    <repository>
      <id>com.springsource.repository.bundles.snapshot</id>
      <name>SpringSource Enterprise Bundle Repository - SpringSource Bundle Releases</name>
      <url>http://repository.springsource.com/maven/bundles/snapshot</url>
    </repository>
    <repository>
      <id>com.springsource.repository.bundles.external</id>
      <name>SpringSource Enterprise Bundle Repository - External Bundle Releases</name>
      <url>http://repository.springsource.com/maven/bundles/external</url>
    </repository>
    <repository>
      <id>com.springsource.repository.libraries.release</id>
      <name>SpringSource Enterprise Bundle Repository - SpringSource Library Releases</name>
      <url>http://repository.springsource.com/maven/libraries/release</url>
    </repository>
    <repository>
      <id>com.springsource.repository.libraries.external</id>
      <name>SpringSource Enterprise Bundle Repository - External Library Releases</name>
      <url>http://repository.springsource.com/maven/libraries/external</url>
    </repository>
    <repository>
      <snapshots>
        <enabled>false</enabled>
      </snapshots>
      <id>maven.osgi.repo</id>
      <url>http://maven.springframework.org/osgi</url>
    </repository>
    <repository>
      <snapshots>
        <enabled>false</enabled>
      </snapshots>
      <id>com.atomikos.repo</id>
      <url>http://oss.sonatype.org/content/repositories/comatomikos-083</url>
    </repository>
    <repository>
      <id>zodiac.eclipse.repo</id>
      <url>http://zodiac.springsource.com/maven/bundles/release</url>
    </repository>
    <repository>
      <snapshots>
        <enabled>false</enabled>
      </snapshots>
      <id>central</id>
      <name>Maven Repository Switchboard</name>
      <url>http://repo1.maven.org/maven2</url>
    </repository>
  </repositories>
</project>
