<?xml version="1.0" encoding="UTF-8"?>
<beans xmlns="http://www.springframework.org/schema/beans"
       xmlns:xsi="http://www.w3.org/2001/XMLSchema-instance"
       xmlns:context="http://www.springframework.org/schema/context"
       xmlns:jms="http://www.springframework.org/schema/jms"
       xsi:schemaLocation="http://www.springframework.org/schema/beans http://www.springframework.org/schema/beans/spring-beans.xsd http://www.springframework.org/schema/context http://www.springframework.org/schema/context/spring-context.xsd http://www.springframework.org/schema/jms http://www.springframework.org/schema/jms/spring-jms-3.0.xsd">


    <bean id="sessionFactory" class="org.springframework.orm.hibernate3.annotation.AnnotationSessionFactoryBean">
        <property name="dataSource" ref="dataSource"/>
        <property name="packagesToScan">
            <list>
                <value>com.amin.hibernate.search.jms.domain</value>
            </list>
        </property>
        <property name="hibernateProperties">
            <props>
                <prop key="hibernate.dialect">${hibernate.dialect}</prop>
                <prop key="hibernate.hbm2ddl.auto">${hibernate.hbm2ddl.auto}</prop>
                <prop key="show_sql">${show.sql}</prop>
                <prop key="hibernate.search.default.directory_provider">${directory.provider}</prop>
                <prop key="hibernate.search.default.sourceBase">${hibernate.search.default.sourceBase}</prop>
                <prop key="hibernate.search.default.indexBase">${hibernate.search.default.indexBase}</prop>
                <prop key="hibernate.search.default.refresh">${hibernate.search.default.refresh}</prop>
            </props>
        </property>
    </bean>

    <bean id="dataSource" class="org.apache.commons.dbcp.BasicDataSource"
          destroy-method="close">
        <property name="driverClassName">
            <value>${driver.class.name}</value>
        </property>
        <property name="url">
            <value>${db.url}</value>
        </property>
        <property name="username">
            <value>${db.user.name}</value>
        </property>
        <property name="password">
            <value>${db.user.password}</value>
        </property>
    </bean>


    <jms:listener-container connection-factory="connectionFactory" transaction-manager="transactionManager">
        <jms:listener ref="masterSearchListener" destination="hibernatesearch" method="onMessage" />

    </jms:listener-container>

    <bean id="connectionFactory" class="org.apache.activemq.ActiveMQConnectionFactory">
        <property name="brokerURL">
            <value>tcp://localhost:61616</value>
        </property>
    </bean>

    <bean id="masterSearchListener" class="com.amin.hibernate.jms.master.MasterSearchListener">
        <property name="sessionFactory" ref="sessionFactory"/>
    </bean>

    <bean id="transactionManager" class="org.springframework.orm.hibernate3.HibernateTransactionManager">
        <property name="sessionFactory" ref="sessionFactory"/>
    </bean>


    <context:property-placeholder location="classpath:environment-master.properties"/>

</beans>