<?xml version="1.0"?>
<!DOCTYPE hibernate-mapping PUBLIC
        "-//Hibernate/Hibernate Mapping DTD 3.0//EN"
        "http://hibernate.sourceforge.net/hibernate-mapping-3.0.dtd">

<hibernate-mapping>
	<class name="entities.Project" table="PROJECT">
        <id name="id" column="id">
            <generator class="native"/>
        </id>

   		<property name="name" column="name"/>
		<property name="startDate" column="start_date"/>
		<property name="endDate" column="end_date"/>

	</class>
</hibernate-mapping>
