<?xml version="1.0" encoding="utf-8"?>
<!DOCTYPE hibernate-configuration
    PUBLIC "-//Hibernate/Hibernate Configuration DTD//EN"
    "http://hibernate.sourceforge.net/hibernate-configuration-2.0.dtd">

<hibernate-configuration>
	<session-factory>
		<!-- local connection properties -->
		<property name="hibernate.connection.url">
			jdbc:postgresql://localhost:5432/dev
		</property>
		<property name="hibernate.connection.driver_class">
			org.postgresql.Driver
		</property>
		<property name="hibernate.connection.username">pg_user</property>
		<property name="hibernate.connection.password">pguserpw</property>
		<!-- property name="hibernate.connection.pool_size"></property -->
		<!-- dialect for PostgreSQL -->
		<property name="dialect">
			net.sf.hibernate.dialect.PostgreSQLDialect
		</property>
		<property name="hibernate.show_sql">false</property>
		<property name="hibernate.use_outer_join">true</property>
		<property name="hibernate.transaction.factory_class">
			net.sf.hibernate.transaction.JTATransactionFactory
		</property>
		<property name="jta.UserTransaction">
			java:comp/UserTransaction
		</property>
		<mapping resource="TestTable.hbm" />
		<mapping resource="mapping/TestTable.hbm" />
	</session-factory>
</hibernate-configuration>
