    <platform>  
        <!-- Platform name -->  
        <name>Eclipse Equinox 3.6</name>  
        <!-- URL to system bundle -->  
       <system>http://mirror.netcologne.de/eclipse//equinox/drops/R-3.6.2-201102101200/org.eclipse.osgi_3.6.2.R36x_v20110210.jar</system>  
       
       <!-- <system>http://download.eclipse.org/equinox/drops/R-3.7-201106131736/download.php?dropFile=org.eclipse.osgi_3.7.0.v20110613.jar</system>
        -->
        <!-- List of bundles -->  
        <profile name="minimal" default="true">  
            <bundle>  
                <name>OSGi Services</name>  
                <url>http://mirror.netcologne.de/eclipse//equinox/drops/R-3.6.2-201102101200/org.eclipse.osgi.services_3.2.100.v20100503.jar</url>  
            </bundle>  
            <bundle>  
                <name>Equinox Util</name>  
                <url>http://mirror.netcologne.de/eclipse//equinox/drops/R-3.6.2-201102101200/org.eclipse.equinox.util_1.0.200.v20100503.jar</url>  
            </bundle>  
            <bundle>  
                <name>Equinox Common</name>  
                <url>http://mirror.netcologne.de/eclipse//equinox/drops/R-3.6.2-201102101200/org.eclipse.equinox.common_3.6.0.v20100503.jar</url>  
            </bundle>  
            <bundle>  
                <name>Equinox Weaving</name>  
                <url>http://mirror.netcologne.de/eclipse//equinox/drops/R-3.6.2-201102101200/org.eclipse.equinox.weaving.hook_1.0.0.v20100503.jar</url>  
            </bundle>
        </profile>  
    </platform>  