<?xml version="1.0" encoding="UTF-8"?>
<!DOCTYPE named-sql-query
    PUBLIC "-//Hibernate/Named SQL Query DTD//EN"
    "http://shino:8080/elms/content/dtd/namedQuery.dtd">

<named-sql-query>

	<sql-query name="listDepartments">
    	<return alias="d" class="com.cla.elms.persist.dao.sample.Department" />
	    select {d.*} 
    	from department {d}
	</sql-query>
	
	<sql-query name="getDepartmentInfo">
		<return alias="d" class="com.cla.elms.persist.dao.sample.Department" />
		select {d.*} 
		from department {d} 
		where department.deptno = :deptno
	</sql-query>
	
	<sql-query name="listEmployees">
		<return alias="e" class="com.cla.elms.persist.dao.sample.Employee" />
		select {e.*}
		from employee {e}
 	</sql-query>
 	
 	<sql-query name="getEmployeeInfo">
 		<return alias="e" class="com.cla.elms.persist.dao.sample.Employee" />
		select {e.*} 
		from employee {e} 
		where employee.empno = :empno
	</sql-query>
 		
</named-sql-query>
