<?xml version="1.0"?>
<!DOCTYPE hibernate-mapping PUBLIC
    "-//Hibernate/Hibernate Mapping DTD 2.0//EN"
    "http://hibernate.sourceforge.net/hibernate-mapping-3.0.dtd" >

<hibernate-mapping>
<class
    name="test.com.getronics.slg.civmk.magazijn.service.vragen.Order"
    table="SJJORDM00" >
	<cache usage="nonstrict-read-write" />
    <id
        name="key"
        type="java.lang.Long"
        column="ORDKEY"
    >
        <generator class="assigned"/>
    </id>

    <property
        name="comment"
        type="java.lang.String"
        column="ORDERCOMMENT"
        not-null="false"
    >
    </property>  
      
    <!-- associations -->
    <set name="lines" inverse="true">
        <key column="ORDKEY"/>
        <one-to-many class="test.com.getronics.slg.civmk.magazijn.service.vragen.OrderLine"/>
    </set>
</class>
</hibernate-mapping>
