<?xml version="1.0"?>
<!DOCTYPE hibernate-mapping PUBLIC
        "-//Hibernate/Hibernate Mapping DTD 3.0//EN"
        "http://hibernate.sourceforge.net/hibernate-mapping-3.0.dtd">
<hibernate-mapping>
	<class name="model.Order" table="orders">
		<id name="id">
			<generator class="native"/>
		</id>
		<property name="name" length="20"/>
		<set name="lineItems" cascade="all" inverse="true">
			<key column="order_id" />
			<one-to-many class="model.OrderLine" />
		</set>
	</class>
	<class name="model.Product" table="products">
		<id name="id">
			<generator class="native"/>
		</id>
		<property name="name" length="20"/>
	</class>
	<class name="model.OrderLine" table="order_line">
		<composite-id>
			<key-many-to-one name="order" class="model.Order">
				<column name="order_id"/>
			</key-many-to-one>
			<key-many-to-one name="product" class="model.Product">
				<column name="product_id"></column>
			</key-many-to-one>
		</composite-id>
		<property name="amount"/>
	</class>
</hibernate-mapping>