<?xml version="1.0" encoding="UTF-8"?>
<beans xmlns="http://www.springframework.org/schema/beans"
       xmlns:xsi="http://www.w3.org/2001/XMLSchema-instance"
       xmlns:context="http://www.springframework.org/schema/context"
       xsi:schemaLocation="http://www.springframework.org/schema/beans http://www.springframework.org/schema/beans/spring-beans.xsd http://www.springframework.org/schema/context http://www.springframework.org/schema/context/spring-context.xsd">

    <context:component-scan base-package="com.amin.spring.hibernate"/>


    <bean id="sessionFactory" class="org.springframework.orm.hibernate3.annotation.AnnotationSessionFactoryBean">
        <property name="dataSource" ref="dataSource"/>
        <property name="packagesToScan">
            <list>
                <value>com.amin.spring.hibernate.entity</value>
            </list>
        </property>
        <property name="hibernateProperties">
			<props>
				<prop key="hibernate.dialect">org.hibernate.dialect.H2Dialect</prop>
				<prop key="hibernate.hbm2ddl.auto">create-drop</prop>
                <prop key="show_sql">true</prop>
                <prop key="hibernate.search.default.directory_provider">org.hibernate.search.store.RAMDirectoryProvider</prop>
			</props>
		</property>
    </bean>

    <bean id="dataSource" class="org.apache.commons.dbcp.BasicDataSource"
          destroy-method="close">
        <property name="driverClassName">
            <value>org.h2.Driver</value>
        </property>
        <property name="url">
            <value>jdbc:h2:mem:people</value>
        </property>
        <property name="username">
            <value></value>
        </property>
        <property name="password">
            <value></value>
        </property>
    </bean>

    <bean id="hibernateTemplate" class="org.springframework.orm.hibernate3.HibernateTemplate">
        <property name="sessionFactory" ref="sessionFactory"/>
    </bean>

    <bean id="transactionManager" class="org.springframework.orm.hibernate3.HibernateTransactionManager">
        <property name="sessionFactory" ref="sessionFactory" />
    </bean>

</beans>