<?xml version="1.0"?>
<!DOCTYPE hibernate-mapping PUBLIC "-//Hibernate/Hibernate Mapping DTD 3.0//EN"
"http://hibernate.sourceforge.net/hibernate-mapping-3.0.dtd">
<!-- Generated Feb 23, 2006 8:25:20 PM by Hibernate Tools 3.1.0.beta4 -->
<hibernate-mapping>
    <class name="oracleTest.Company" table="TB_COMPANY_TEMP">
        <id name="id" type="int">
            <column name="id" />
            <generator class="increment"/>
        </id>
        <property name="companyName" type="string">
            <column name="companyName" length="50" not-null="true" />
        </property>
        <set name="employees" inverse="false" cascade="all" >
            <key>
                <column name="companyId" />
            </key>
            <one-to-many class="oracleTest.Employee" />
        </set>
    </class>
</hibernate-mapping>
