<?xml version="1.0"?>
<!DOCTYPE hibernate-mapping PUBLIC "-//Hibernate/Hibernate Mapping DTD 3.0//EN"
"http://hibernate.sourceforge.net/hibernate-mapping-3.0.dtd">
<!-- Generated Feb 23, 2006 8:25:21 PM by Hibernate Tools 3.1.0.beta4 -->
<hibernate-mapping>
    <class name="oracleTest.Employee" table="TB_EMPLOYEE_TEMP">
        <id name="id" type="int">
            <column name="id" />
            <generator class="increment"/>
        </id>
        <property name="name" type="string">
            <column name="name" length="50" not-null="true" />
        </property>
        <property name="birthday" type="date">
            <column name="birthday" not-null="true" />
        </property>
        <property name="companyId" type="int" not-null="true">
            <column name="companyId" />
        </property>
    </class>
</hibernate-mapping>
