<?xml version="1.0"?>
<!DOCTYPE hibernate-mapping
 PUBLIC "-//Hibernate/Hibernate Mapping DTD//EN"
 "http://www.hibernate.org/dtd/hibernate-mapping-3.0.dtd">

<hibernate-mapping package="com.imgt.ligmdb.model.database.prod" schema="LIGMDB">

	<class name="Sequence" table="SEQUENCE">

		<!-- Generate an abstract class with protected class variables -->
		<meta attribute="generated-class">com.imgt.ligmdb.model.database.prod.gen.SequenceGen</meta>
		<meta attribute="scope-class" inherit="false">public abstract</meta>
		<meta attribute="scope-field">protected</meta>		
		
		<id name="numacc" column="NUMACC" type="string">
			<generator class="assigned" />
		</id>
		
		<property name="definition" type="string">
			<column name="DEFINITION" length="255" not-null="true" />
		</property>

	</class>
	
</hibernate-mapping>
