<?xml version="1.0"?>
<!DOCTYPE hibernate-mapping PUBLIC "-//Hibernate/Hibernate Mapping DTD 3.0//EN"
"http://hibernate.sourceforge.net/hibernate-mapping-3.0.dtd">

<hibernate-mapping>
    <class name="MappedComplex" >
        <id name="pk" type="int">
            <column name="pk" />
            <generator class="increment" />
        </id>
        <component name="inner" class="Inner" >
        	<property name="id"   type="string" />
        </component>
    </class>
</hibernate-mapping>