<?xml version="1.0" encoding="UTF-8"?>
<!DOCTYPE hibernate-mapping PUBLIC
    "-//Hibernate/Hibernate Mapping DTD 3.0//EN"
    "http://hibernate.sourceforge.net/hibernate-mapping-3.0.dtd">
<hibernate-mapping>
    <class name="model.Main" table="main_table">
        <id name="id" column="id" type="long">
            <generator class="native">
                <param name="sequence">main_id_seq</param>
                <param name="parameters">increment by 1 start with 100000</param>
            </generator>
        </id>
        <component name="component" class="model.Component">
            <property name="longValue" type="java.lang.Long" update="true" insert="true" not-null="true"/>
            <property name="stringValue" type="java.lang.String" update="true" insert="true" length="20" not-null="true"/>
        </component>
        <property name="other" type="java.lang.String" update="true" insert="true" length="20" not-null="false"/>
    </class>
</hibernate-mapping>