<?xml version='1.0' encoding='utf-8'?>
<!DOCTYPE hibernate-configuration PUBLIC
        "-//Hibernate/Hibernate Configuration DTD 3.0//EN"
        "http://www.hibernate.org/dtd/hibernate-configuration-3.0.dtd">

<hibernate-configuration>
    <session-factory>
        <property name="connection.driver_class">org.h2.Driver</property>
        <property name="connection.url">jdbc:h2:./testdb</property>
        <property name="connection.username">sa</property>
        <property name="connection.password"></property>
        <property name="connection.pool_size">1</property>
        <property name="dialect">org.hibernate.dialect.H2Dialect</property>
        <property name="current_session_context_class">thread</property>
        <property name="cache.provider_class">org.hibernate.cache.NoCacheProvider</property>
        <property name="show_sql">true</property>
        <property name="hbm2ddl.auto">create-drop</property>
        <property name="org.hibernate.envers.revision_on_collection_change">false</property>
        <mapping class="com.example.model.Book"/>
        <mapping class="com.example.model.Author"/>
        <event type="post-insert">
            <listener class="org.hibernate.envers.event.AuditEventListener"/>
        </event>
        <event type="post-update">
            <listener class="org.hibernate.envers.event.AuditEventListener"/>
        </event>
        <event type="post-delete">
            <listener class="org.hibernate.envers.event.AuditEventListener"/>
        </event>
        <event type="pre-collection-update">
            <listener class="org.hibernate.envers.event.AuditEventListener"/>
        </event>
        <event type="pre-collection-remove">
            <listener class="org.hibernate.envers.event.AuditEventListener"/>
        </event>
        <event type="post-collection-recreate">
            <listener class="org.hibernate.envers.event.AuditEventListener"/>
        </event>
    </session-factory>
</hibernate-configuration>
