<project xmlns="http://maven.apache.org/POM/4.0.0"
	xmlns:xsi="http://www.w3.org/2001/XMLSchema-instance"
	xsi:schemaLocation="http://maven.apache.org/POM/4.0.0 http://maven.apache.org/xsd/maven-4.0.0.xsd">
	<modelVersion>4.0.0</modelVersion>
	<groupId>de.parcit.basedb.hibernate.test</groupId>
	<artifactId>AbstractEntityPersisterPatch</artifactId>
	<version>0.0.1-SNAPSHOT</version>


	<dependencies>
		<dependency>
			<groupId>de.parcit.okular.adapted</groupId>
			<artifactId>hibernate-core</artifactId>
			<version>5.3.4.Final-pit2</version>
			<exclusions>
				<exclusion>
					<groupId>*</groupId>
					<artifactId>*</artifactId>
				</exclusion>
			</exclusions>
		</dependency>
		<dependency>
			<groupId>net.bytebuddy</groupId>
			<artifactId>byte-buddy</artifactId>
			<version>1.8.15</version>
		</dependency>
		<dependency>
			<groupId>org.hibernate</groupId>
			<artifactId>hibernate-c3p0</artifactId>
			<version>5.3.4.Final</version>
			<exclusions>
				<exclusion>
					<groupId>*</groupId>
					<artifactId>*</artifactId>
				</exclusion>
			</exclusions>
		</dependency>
		<dependency>
			<groupId>org.hibernate.common</groupId>
			<artifactId>hibernate-commons-annotations</artifactId>
			<version>5.0.4.Final</version>
		</dependency>
		<dependency>
			<groupId>com.fasterxml</groupId>
			<artifactId>classmate</artifactId>
			<version>1.3.4</version>
		</dependency>
		<dependency>
			<groupId>dom4j</groupId>
			<artifactId>dom4j</artifactId>
			<version>1.6.1</version>
			<exclusions>
				<exclusion>
					<groupId>*</groupId>
					<artifactId>*</artifactId>
				</exclusion>
			</exclusions>
		</dependency>
		<dependency>
			<groupId>org.jboss</groupId>
			<artifactId>jandex</artifactId>
			<version>2.0.5.Final</version>
		</dependency>
		<dependency>
			<groupId>org.javassist</groupId>
			<artifactId>javassist</artifactId>
			<version>3.23.1-GA</version>
		</dependency>
		<dependency>
			<groupId>javax.inject</groupId>
			<artifactId>javax.inject</artifactId>
			<version>1</version>
		</dependency>
		<dependency>
			<groupId>javax.persistence</groupId>
			<artifactId>javax.persistence-api</artifactId>
			<version>2.2</version>
		</dependency>
		<dependency>
			<groupId>jaxen</groupId>
			<artifactId>jaxen</artifactId>
			<version>1.1-beta-7</version>
			<exclusions>
				<exclusion>
					<groupId>*</groupId>
					<artifactId>*</artifactId>
				</exclusion>
			</exclusions>
		</dependency>
		<dependency>
			<groupId>org.jboss.logging</groupId>
			<artifactId>jboss-logging</artifactId>
			<version>3.3.2.Final</version>
		</dependency>
		<dependency>
			<groupId>org.jboss.logging</groupId>
			<artifactId>jboss-logging-annotations</artifactId>
			<version>1.2.0.Beta1</version>
		</dependency>
		<dependency>
			<groupId>org.jboss.spec.javax.transaction</groupId>
			<artifactId>jboss-transaction-api_1.2_spec</artifactId>
			<version>1.1.1.Final</version>
		</dependency>
		<!--<dependency> <groupId>org.hibernate</groupId> <artifactId>hibernate-core</artifactId> 
			<version>5.3.4.Final</version> </dependency> -->
		<!-- <dependency> <groupId>org.hibernate</groupId> <artifactId>hibernate-core</artifactId> 
			<version>5.4.22.Final</version> </dependency> -->

	</dependencies>

	<build>
		<plugins>
			<plugin>
				<groupId>org.apache.maven.plugins</groupId>
				<artifactId>maven-compiler-plugin</artifactId>
				<version>3.7.0</version>
				<configuration>
					<source>1.8</source>
					<target>1.8</target>
				</configuration>
			</plugin>
		</plugins>
	</build>

	<repositories>
		<repository>
			<id>parcit-swe-all</id>
			<url>http://svr-nexus01:8081/repository/parcit-swe-all/</url>
		</repository>
	</repositories>
</project>