<?xml version='1.0' encoding='utf-8'?>
<!DOCTYPE hibernate-configuration PUBLIC
        "-//Hibernate/Hibernate Configuration DTD 3.0//EN"
        "http://hibernate.sourceforge.net/hibernate-configuration-3.0.dtd">

<hibernate-configuration>
	<session-factory>

        <!--  <property name="hbm2ddl.auto">create</property> -->
                
		<!-- Oracle -->
		<property name="dialect">org.hibernate.dialect.Oracle10gDialect</property>
		<property name="connection.driver_class">oracle.jdbc.driver.OracleDriver</property>
		<property name="connection.url">jdbc:oracle:thin:@localhost:1521:ODM2</property>
		<property name="connection.username">TEST</property>
		<property name="connection.password">TEST</property>
									
		<property name="connection.pool_size">1</property> 
		
		<property name="hibernate.cache.provider_class">org.hibernate.cache.NoCacheProvider</property>
		<property name="hibernate.current_session_context_class">thread</property>

		<!--  #####  Individual class maps  #####  -->
		<!--  Abstract  -->
		<mapping resource="org/example/domain/hibernate/Entity.hbm.xml" />

        <!--  Concrete  -->
        <mapping resource="org/example/domain/hibernate/ConcreteInheritorOne.hbm.xml" />
        <mapping resource="org/example/domain/hibernate/ConcreteInheritorTwo.hbm.xml" />  		
     
	</session-factory>
</hibernate-configuration>