<?xml version="1.0" encoding="UTF-8"?>
<beans default-autowire="byType" xmlns="http://www.springframework.org/schema/beans" xmlns:xsi="http://www.w3.org/2001/XMLSchema-instance"
	xmlns:jee="http://www.springframework.org/schema/jee" xmlns:tx="http://www.springframework.org/schema/tx"
	xmlns:aop="http://www.springframework.org/schema/aop"
	xsi:schemaLocation="
		http://www.springframework.org/schema/beans http://www.springframework.org/schema/beans/spring-beans-2.5.xsd
		http://www.springframework.org/schema/jee http://www.springframework.org/schema/jee/spring-jee-2.5.xsd
		http://www.springframework.org/schema/tx http://www.springframework.org/schema/tx/spring-tx-2.5.xsd
		http://www.springframework.org/schema/aop http://www.springframework.org/schema/aop/spring-aop-2.5.xsd">


	<bean id="oracleDataSource" class="bitronix.tm.resource.jdbc.PoolingDataSource" init-method="init" destroy-method="close">
		<property name="className" value="oracle.jdbc.xa.client.OracleXADataSource" />
		<property name="uniqueName" value="java:XAOracleDS" />
		<property name="maxPoolSize" value="5" />
		<property name="allowLocalTransactions" value="true" />
		<property name="testQuery" value="SELECT 1 FROM DUAL" />
		<property name="driverProperties">
			<props>
				<prop key="user">myuser</prop>
				<prop key="password">mypassword</prop>
				<prop key="URL">jdbc:oracle:thin:@localhost:1521:XE</prop>
			</props>
		</property>
	</bean>


	<tx:jta-transaction-manager />
	<jee:jndi-lookup id="myDataSource" jndi-name="java:XAOracleDS" />

	<tx:advice id="txAdvice" transaction-manager="transactionManager">
		<tx:attributes>
			<tx:method name="*" />
		</tx:attributes>
	</tx:advice>

	<aop:config>
		<aop:pointcut id="DaoOperation" expression="execution(* com.example.db.*DAO.*(..))" />
		<aop:advisor advice-ref="txAdvice" pointcut-ref="DaoOperation" />
	</aop:config>
	
	<bean id="greetingDAO" class="com.example.db.GreetingDAO" />
	<bean id="greetingSetDAO" class="com.example.db.GreetingSetDAO" />
	<bean id="versionsEventListener" class="org.jboss.envers.event.VersionsEventListener" />

	<bean id="sessionFactory" class="org.springframework.orm.hibernate3.annotation.AnnotationSessionFactoryBean">
		<property name="dataSource" ref="myDataSource" />
		<property name="hibernateProperties">
			<props>
				<prop key="hibernate.dialect">org.hibernate.dialect.Oracle10gDialect</prop>
				<prop key="hibernate.hbm2ddl.auto">create</prop>
				
				<prop key="hibernate.transaction.manager_lookup_class">org.hibernate.transaction.BTMTransactionManagerLookup</prop>
				<prop key="hibernate.transaction.factory_class">org.hibernate.transaction.JTATransactionFactory</prop>

				<!--these fields need renamed from their default values.  The default names start with an underscore,
					which is illegal in oracle -->
				<prop key="org.jboss.envers.revisionTypeFieldName">VER_REV_TYPE</prop>
				<prop key="org.jboss.envers.revisionFieldName">VER_REV</prop>
				<prop key="org.jboss.envers.versionsTableSuffix">_V</prop>

				<!-- The following are the default values for these settings. We just wanted to be explicit about it -->
				<prop key="org.jboss.envers.versionsTablePrefix"></prop>
				<prop key="org.jboss.envers.revisionOnCollectionChange">true</prop>
				<prop key="org.jboss.envers.warnOnUnsupportedTypes">false</prop>
				<prop key="org.jboss.envers.unversionedOptimisticLockingField">false</prop>
			</props>
		</property>

		<property name="eventListeners">
			<map>
				<entry key="post-insert">
					<ref local="versionsEventListener" />
				</entry>
				<entry key="post-update">
					<ref local="versionsEventListener" />
				</entry>
				<entry key="post-delete">
					<ref local="versionsEventListener" />
				</entry>
				<entry key="pre-collection-update">
					<ref local="versionsEventListener" />
				</entry>
				<entry key="pre-collection-remove">
					<ref local="versionsEventListener" />
				</entry>
				<entry key="post-collection-recreate">
					<ref local="versionsEventListener" />
				</entry>
			</map>
		</property>

		<property name="annotatedClasses">
			<list>
				<value>com.example.db.RevisionEntityPO</value>
				<value>com.example.db.GreetingPO</value>
				<value>com.example.db.GreetingSetPO</value>
			</list>
		</property>
	</bean>
	
</beans>
