<?xml version="1.0" encoding="UTF-8"?>
<beans xmlns="http://www.springframework.org/schema/beans"
	xmlns:xsi="http://www.w3.org/2001/XMLSchema-instance"
	xmlns:security="http://www.springframework.org/schema/security"
	xmlns:context="http://www.springframework.org/schema/context"
	xmlns:tx="http://www.springframework.org/schema/tx"
	xsi:schemaLocation="http://www.springframework.org/schema/beans http://www.springframework.org/schema/beans/spring-beans-3.0.xsd
				http://www.springframework.org/schema/context http://www.springframework.org/schema/context/spring-context-3.0.xsd
				http://www.springframework.org/schema/tx http://www.springframework.org/schema/tx/spring-tx-3.0.xsd
				http://www.springframework.org/schema/security http://www.springframework.org/schema/security/spring-security-3.0.xsd"
	default-lazy-init="true">

	<!-- Enable stereotype support -->
	<context:annotation-config />
	<context:component-scan base-package="com.rreps.core" />

    <bean id="propertyConfigurer" class="org.springframework.beans.factory.config.PropertyPlaceholderConfigurer">
        <property name="locations">
            <list>
                <value>classpath:applicationContext.properties</value>
            </list>
        </property>
    </bean>

    <bean id="dataSource" class="com.mchange.v2.c3p0.ComboPooledDataSource">
		<property name="driverClass" value="${jdbc.driver}" />
		<property name="jdbcUrl" value="${jdbc.url}" />
		<property name="user" value="${jdbc.username}" />
		<property name="password" value="${jdbc.password}" />
		<property name="initialPoolSize" value="10" />
		<property name="minPoolSize" value="5" />
		<property name="maxPoolSize" value="25" />
		<property name="acquireRetryAttempts" value="10" />
		<property name="acquireIncrement" value="5" />
		<property name="idleConnectionTestPeriod" value="3600" />
		<property name="maxIdleTime" value="10800" />
		<property name="maxConnectionAge" value="14400" />
		<property name="preferredTestQuery" value="SELECT 1;" />
		<property name="testConnectionOnCheckin" value="false" />
	</bean>

	<bean id="sessionFactory" class="org.springframework.orm.hibernate3.annotation.AnnotationSessionFactoryBean">
		<property name="dataSource" ref="dataSource" />
		<property name="configLocation" value="classpath:hibernate.cfg.xml" />
		<property name="hibernateProperties">
			<value>
				hibernate.dialect=${hibernate.dialect}
				hibernate.query.substitutions=true 'Y', false 'N'
				hibernate.cache.use_second_level_cache=true
				hibernate.cache.provider_class=net.sf.ehcache.hibernate.SingletonEhCacheProvider
				hibernate.hbm2ddl.auto=update
				hibernate.c3p0.acquire_increment=5
				hibernate.c3p0.idle_test_period=3600
				hibernate.c3p0.timeout=10800
				hibernate.c3p0.max_size=25
				hibernate.c3p0.min_size=1
				hibernate.show_sql=false
			</value>
		</property>
		 <property name="eventListeners">
            <map>
                <entry key="pre-insert" value-ref="beanValidationEventListener" />
                <entry key="pre-update" value-ref="beanValidationEventListener" />
            </map>
        </property>
	</bean>

	<bean id="validationFactory" class="javax.validation.Validation" factory-method="buildDefaultValidatorFactory" />

    <bean id="beanValidationEventListener" class="org.hibernate.cfg.beanvalidation.BeanValidationEventListener">
        <constructor-arg index="0" ref="validationFactory" />
        <constructor-arg index="1">
            <props/>
        </constructor-arg>
    </bean>

    <!-- Enable @Transactional support -->
	<tx:annotation-driven/>

	<bean id="transactionManager"
		class="org.springframework.orm.hibernate3.HibernateTransactionManager">
		<property name="sessionFactory" ref="sessionFactory" />
	</bean>

</beans>