<!DOCTYPE hibernate-configuration PUBLIC "-//Hibernate/Hibernate Configuration DTD 3.0//EN"
    "http://hibernate.sourceforge.net/hibernate-configuration-3.0.dtd">
<hibernate-configuration>
	<session-factory>
		<!-- property name="javax.persistence.validation.mode">none</property-->
		<mapping class="com.rreps.core.model.Annotation" />
		<mapping class="com.rreps.core.model.AnnotationConstrainedValue" />
		<mapping class="com.rreps.core.model.AnnotationValue" />
		<mapping class="com.rreps.core.model.Attribute" />
		<mapping class="com.rreps.core.model.ConstrainedValue" />
		<mapping class="com.rreps.core.model.Patient" />
		<mapping class="com.rreps.core.model.PatientAnnotation" />
		<mapping class="com.rreps.core.model.PatientAnnotationConstrainedValue" />
		<mapping class="com.rreps.core.model.PatientAttribute" />
		<mapping class="com.rreps.core.model.PatientConstrainedAttribute" />
		<mapping class="com.rreps.core.model.PatientConstrainedValue" />
		<mapping class="com.rreps.core.model.PatientFreeAttribute"/>
	</session-factory>
</hibernate-configuration>
