<!DOCTYPE hibernate-mapping PUBLIC 
	"-//Hibernate/Hibernate Mapping DTD 3.0//EN"
	"http://hibernate.sourceforge.net/hibernate-mapping-3.0.dtd">

<hibernate-mapping package="dummy">

	<class name="Parent" table="parent">
		<id name="id" type="java.lang.Long" column="ID">
			<generator class="native" />
		</id>
		<property name="name" type="java.lang.String" length="100"
			column="name" />
		<property name="orderNo" column="order_no"
			type="java.lang.Integer">
		</property>
		<map name="children" inverse="true" cascade="all-delete-orphan"
			sort="natural">
			<key column="parent_id" />
			<index column="order_no" type="java.lang.Integer" />
			<one-to-many class="Child" />
		</map>

		<set name="childSet" inverse="true"
			cascade="all-delete-orphan">
			<key column="parent_id"></key>
			<one-to-many class="ChildInSet" />
		</set>
	</class>

	<class name="Child" table="child">
		<id name="id" type="java.lang.Long" column="ID">
			<generator class="native" />
		</id>
		<property name="name" type="java.lang.String" length="100"
			column="name" />
		<property name="orderNo" column="order_no"
			type="java.lang.Integer">
		</property>
		<many-to-one name="parent" class="Parent" column="parent_id" />
	</class>
</hibernate-mapping>
