<?xml version="1.0" encoding="UTF-8"?>
<!DOCTYPE hibernate-mapping PUBLIC
        "-//Hibernate/Hibernate Mapping DTD 3.0//EN"
        "http://hibernate.sourceforge.net/hibernate-mapping-3.0.dtd">
<hibernate-mapping package="com.damirm.model">
	<class name="Event" table="EVENTS">
		<id name="id" column="EVENT_ID">
			<generator class="org.hibernate.id.enhanced.SequenceStyleGenerator" />
		</id>
		<property name="title" unique-key="businesskey" />
		<property name="date" type="date" column="EVENT_DATE" unique-key="businesskey" />
		<set name="participants" table="PERSON_EVENT" inverse="true">
			<key column="EVENT_ID" />
			<many-to-many column="PERSON_ID" class="Person" />
		</set>
	</class>
	<query name="findTodaysEvents">FROM Event WHERE date = current_date()</query>
	<query name="findEventByDate">FROM Event WHERE date = :date</query>
</hibernate-mapping>
