<?xml version="1.0" encoding="UTF-8"?>
<!DOCTYPE hibernate-mapping PUBLIC
        "-//Hibernate/Hibernate Mapping DTD 3.0//EN"
        "http://hibernate.sourceforge.net/hibernate-mapping-3.0.dtd">
<hibernate-mapping package="com.damirm.model">
	<class name="Person" table="PERSON">
		<id name="id" column="PERSON_ID">
			<generator class="org.hibernate.id.enhanced.SequenceStyleGenerator" />
		</id>
		<property name="firstname" type="string" />
		<property name="lastname" type="string" />
		<property name="age" type="java.lang.Integer" />
		<set name="events" table="PERSON_EVENT" cascade="all">
			<key column="PERSON_ID" />
			<many-to-many column="EVENT_ID" class="Event" />
		</set>
	</class>
</hibernate-mapping>
