<?xml version="1.0" encoding="UTF-8"?>
<ehcache xmlns:xsi="http://www.w3.org/2001/XMLSchema-instance"
    xsi:noNamespaceSchemaLocation="ehcache.xsd" updateCheck="true"
    monitoring="autodetect" dynamicConfig="true"
    name="test_bug">
 

<diskStore path="java.io.tmpdir/ehcache" />
 
     <defaultCache maxEntriesLocalHeap="10000" eternal="false"
        timeToIdleSeconds="120" timeToLiveSeconds="120" diskSpoolBufferSizeMB="30"
        maxEntriesLocalDisk="10000" diskExpiryThreadIntervalSeconds="120"
        memoryStoreEvictionPolicy="LRU" statistics="true">
        <persistence strategy="localTempSwap" />
    </defaultCache>
    
    <cache name="test" maxEntriesLocalHeap="10000" eternal="true">
        <persistence strategy="localTempSwap" />
    </cache>
       
    <cache name="org.hibernate.cache.internal.StandardQueryCache"
        maxEntriesLocalHeap="1000" eternal="false" timeToLiveSeconds="12000">
    </cache>
 
    <cache name="org.hibernate.cache.spi.UpdateTimestampsCache"
        maxEntriesLocalHeap="5000" eternal="true">
    </cache>
</ehcache>
