<?xml version="1.0"?>
<!DOCTYPE hibernate-mapping PUBLIC
      "-//Hibernate/Hibernate Mapping DTD 3.0//EN"
          "http://hibernate.sourceforge.net/hibernate-mapping-3.0.dtd">

<hibernate-mapping package="br.com.capesesp.controleacesso.dominio">
	<class name="HorarioAreaTemporario" table="tb_horario_local_temporario">
		<id column="cod_area" name="id" type="integer">
			<generator class="foreign"> 
			     <param name="property">area</param> 
			</generator>
		</id>
		
		<one-to-one name="area" class="Area"/>
		<property name="horaIni" column="hr_hora_ini" type="string" not-null="true"/>
		<property name="horaFim" column="hr_hora_fim" type="string" not-null="true"/>
		<property name="fimSemana" column="flg_fim_semana" type="string" not-null="false"/>		
		<property name="dataIniVigencia" column="dat_ini_vigencia" type="date" not-null="true"/>
		<property name="dataFimVigencia" column="dat_fim_vigencia" type="date" not-null="true"/>
	</class>
</hibernate-mapping>
