<?xml version="1.0"?>
<!DOCTYPE hibernate-mapping PUBLIC
      "-//Hibernate/Hibernate Mapping DTD 3.0//EN"
          "http://hibernate.sourceforge.net/hibernate-mapping-3.0.dtd">

<hibernate-mapping package="br.com.capesesp.controleacesso.dominio">
	<class name="Area" table="tb_local" schema="esq_fp">
		<id column="cod_local" name="id" type="integer">
			<generator class="assigned"/>
		</id>
		
		<property name="descricao" column="des_local" type="string" not-null="false"/>
		<property name="sigla" column="sig_local" type="string" not-null="false"/>
		<property name="extinta" column="flg_extinto" type="string" not-null="false"/>
		<one-to-one name="horarioPadrao" class="HorarioAreaPadrao"/>
		<one-to-one name="horarioTemporario" class="HorarioAreaTemporario"/>
	</class>
</hibernate-mapping>
