<?xml version="1.0" encoding="UTF-8"?>
<persistence version="2.0" xmlns="http://java.sun.com/xml/ns/persistence" xmlns:xsi="http://www.w3.org/2001/XMLSchema-instance" xsi:schemaLocation="http://java.sun.com/xml/ns/persistence http://java.sun.com/xml/ns/persistence/persistence_2_0.xsd">
	<persistence-unit name="GLOBE" transaction-type="RESOURCE_LOCAL">
    	<provider>org.hibernate.ejb.HibernatePersistence</provider>
		<non-jta-data-source>dataSource</non-jta-data-source>
        <class>uk.me.krupa.enversdefect.entities.ContainerEntity</class>
        <class>uk.me.krupa.enversdefect.entities.RelatedEntity</class>
 		<shared-cache-mode>ENABLE_SELECTIVE</shared-cache-mode>

		<properties>

            <property name="hibernate.archive.autodetection" value="class, hbm"/>
            <property name="hibernate.hbm2ddl.auto" value="create" />
			<property name="hibernate.ejb.event.post-insert" value="org.hibernate.envers.event.AuditEventListener"/>
			<property name="hibernate.ejb.event.post-update" value="org.hibernate.envers.event.AuditEventListener"/>
			<property name="hibernate.ejb.event.post-delete" value="org.hibernate.envers.event.AuditEventListener"/>
			<property name="hibernate.ejb.event.pre-collection-update" value="org.hibernate.envers.event.AuditEventListener"/>
			<property name="hibernate.ejb.event.pre-collection-remove" value="org.hibernate.envers.event.AuditEventListener"/>
			<property name="hibernate.ejb.event.post-collection-recreate" value="org.hibernate.envers.event.AuditEventListener"/>
			<property name="org.hibernate.envers.revision_field_name" value="rev_id"/>
			<property name="org.hibernate.envers.revision_type_field_name" value="rev_type"/>
			<property name="hibernate.show_sql" value="false" />
			<property name="hibernate.use_sql_comments" value="false" />
			<property name="hibernate.format_sql" value="false" />
			<property name="hibernate.generate_statistics" value="true" />
			<!-- <property name="hibernate.cache.provider_class" value="com.tangosol.coherence.hibernate.CoherenceCacheProvider"/> -->
			<property name="hibernate.cache.provider_class" value="org.hibernate.cache.HashtableCacheProvider"/>
			<property name="hibernate.cache.use_second_level_cache" value="true" />
			<property name="hibernate.cache.use_query_cache" value="true" />
			<property name="org.hibernate.envers.audit_strategy" value="org.hibernate.envers.strategy.ValidityAuditStrategy"/>
			<property name="org.hibernate.envers.audit_strategy_validity_end_rev_field_name" value="REV_ID_END"/>
			<property name="org.hibernate.envers.audit_strategy_validity_store_revend_timestamp" value="true"/>
			<property name="org.hibernate.envers.audit_strategy_validity_revend_timestamp_field_name" value="REVEND_DATE_TIME"/>
    	 </properties>

	</persistence-unit>
</persistence>
