<?xml version="1.0" encoding="UTF-8"?>
<beans xmlns="http://www.springframework.org/schema/beans"
        xmlns:xsi="http://www.w3.org/2001/XMLSchema-instance" xmlns:p="http://www.springframework.org/schema/p"
        xmlns:aop="http://www.springframework.org/schema/aop"
        xmlns:context="http://www.springframework.org/schema/context" xmlns:tx="http://www.springframework.org/schema/tx"
        xmlns:util="http://www.springframework.org/schema/util"
    xsi:schemaLocation="
            http://www.springframework.org/schema/beans http://www.springframework.org/schema/beans/spring-beans-3.0.xsd
            http://www.springframework.org/schema/context http://www.springframework.org/schema/context/spring-context-3.0.xsd
                        http://www.springframework.org/schema/aop http://www.springframework.org/schema/aop/spring-aop-3.0.xsd
            http://www.springframework.org/schema/tx http://www.springframework.org/schema/tx/spring-tx-3.0.xsd
            http://www.springframework.org/schema/util http://www.springframework.org/schema/util/spring-util-2.0.xsd">

   <!-- DataSource obtained from application configuration properties.
             This is used in Unit/Integration Testing.
        -->
   <bean id="dataSource" class="org.springframework.jdbc.datasource.DriverManagerDataSource">
       <property name="driverClassName" value="org.apache.derby.jdbc.EmbeddedDriver" />
       <property name="url" value="jdbc:derby:errorDemoDb;create=true" />
   </bean>

       <!-- JPA EntityManagerFactory -->
        <bean id="entityManagerFactory"
                class="org.springframework.orm.jpa.LocalContainerEntityManagerFactoryBean"
                p:dataSource-ref="dataSource" >
                <property name="jpaVendorAdapter">
                        <bean class="org.springframework.orm.jpa.vendor.HibernateJpaVendorAdapter"
                                p:database="DERBY" p:showSql="true" />
                </property>
                <property name="persistenceXmlLocation" value="classpath:/jpa-persistence.xml" />
        </bean>
        <!-- TX Manager -->
        <bean id="transactionManager" class="org.springframework.orm.jpa.JpaTransactionManager"
                p:entityManagerFactory-ref="entityManagerFactory">
        </bean>

        <bean id="entityProcessingService" class="uk.me.krupa.enversdefect.entities.EntityProcessingService"/>
</beans>
