<?xml version="1.0"?>
<!DOCTYPE hibernate-mapping PUBLIC "-//Hibernate/Hibernate Mapping DTD 3.0//EN" "http://hibernate.sourceforge.net/hibernate-mapping-3.0.dtd">

<hibernate-mapping package="all">

	<class name="Entite" table="Entite" lazy="true">
		<id name="id" column="Id">
			<generator class="increment" />
		</id>

		<property name="titre" column="Titre" />

		<many-to-one name="categorie" column="IdCategorie"/>
	</class>

	<class name="Categorie" table="Categorie" lazy="true">
		<id name="id" column="Id">
			<generator class="increment" />
		</id>
		<property name="nom" column="Nom" />
	</class>
</hibernate-mapping>