<?xml version="1.0" encoding="UTF-8"?>
<!DOCTYPE hibernate-mapping PUBLIC "-//Hibernate/Hibernate Mapping DTD 3.0//EN" "http://hibernate.sourceforge.net/hibernate-mapping-3.0.dtd">
<hibernate-mapping>
  <class name="Patient">
    <id name="id" column="id" unsaved-value="0">
      <generator class="native"/>
    </id>
    <many-to-one name="assignedRoom" column="assignedRoom" unique="true" cascade="none"/>
    <property name="name" column="name" length="64" not-null="true"/>
    <property name="medicalRecordNumber" column="medicalRecordNumber" length="64" not-null="true"/>
  </class>
</hibernate-mapping>
