<?xml version="1.0" encoding="ISO-8859-1" ?>

<!DOCTYPE hibernate-configuration PUBLIC
	"-//Hibernate/Hibernate Configuration DTD 3.0//EN"
	"http://hibernate.sourceforge.net/hibernate-configuration-3.0.dtd">

<hibernate-configuration>

	<session-factory>

		<property name="hibernate.dialect">org.hibernate.dialect.Oracle10gDialect</property>

		<property name="hibernate.show_sql">true</property>

		<property name="hibernate.jdbc.use_scrollable_resultset">true</property>

		<property name="hibernate.connection.driver_class">oracle.jdbc.OracleDriver</property>
		<property name="hibernate.connection.url">jdbc:oracle:thin:@(host):1521:(sid)</property>
		<property name="hibernate.connection.username">(user)</property>
		<property name="hibernate.connection.password">(password)</property>

<!--

  DROP TABLE child;

  DROP TABLE parent;

  CREATE TABLE parent (
    parent_id NUMBER PRIMARY KEY
  );
  
  CREATE TABLE child (
    child_id NUMBER PRIMARY KEY,
    parent_id NUMBER NOT NULL REFERENCES parent ( parent_id ),
    child_sequence NUMBER NOT NULL
  );
  
  INSERT INTO parent ( parent_id ) VALUES ( 1 );

  INSERT INTO child ( child_id, parent_id, child_sequence ) VALUES ( 1, 1, 0 );

  COMMIT;

-->

		<mapping resource="Parent.hbm.xml" />
		<mapping resource="Child.hbm.xml" />

	</session-factory>

</hibernate-configuration>
