<?xml version="1.0"?>
<!DOCTYPE hibernate-mapping PUBLIC
 "-//Hibernate/Hibernate Mapping DTD//EN"
 "http://hibernate.sourceforge.net/hibernate-mapping-2.0.dtd">

<hibernate-mapping>
     <class name="Foo" table="tbo_foo">
         <id name="id" type="long">
             <generator class="net.sf.hibernate.id.CounterGenerator"/>
         </id>

        <property name="name" type="string" length="32">
        </property>

        <list name="bars" cascade="all">
            <key column="foo"/>
            <index column="idx" />
            <one-to-many class="Bar"/>
        </list>

    </class>
</hibernate-mapping>
