<hibernate-configuration>

    <session-factory>

        <!-- Database connection settings -->
        <property name="connection.driver_class">org.hsqldb.jdbcDriver</property>
        <property name="connection.url">jdbc:hsqldb:mem:howtodoinjava</property>
        <property name="connection.username">sa</property>
        <property name="connection.password"/>

        <property name="hibernate.default_schema">PUBLIC</property>

        <!-- JDBC connection pool (use the built-in) -->
        <property name="connection.pool_size">1</property>

        <!-- SQL dialect -->
        <property name="dialect">org.hibernate.dialect.H2Dialect</property>

        <!-- Disable the second-level cache  -->
        <property name="cache.provider_class">org.hibernate.cache.internal.NoCacheProvider</property>

        <!-- Echo all executed SQL to stdout -->
        <property name="show_sql">true</property>

        <!-- Drop and re-create the database schema on startup -->
        <property name="hbm2ddl.auto">create</property>

        <mapping class="org.maximkir.hibernate.domain.Event"/>
        <mapping class="org.maximkir.hibernate.domain.EventGroup"/>

    </session-factory>


</hibernate-configuration>