<?xml version="1.0" encoding="utf-8"?>
<!DOCTYPE hibernate-configuration PUBLIC
"-//Hibernate/Hibernate Configuration DTD 3.0//EN"
"http://www.hibernate.org/dtd/hibernate-configuration-3.0.dtd">
<hibernate-configuration>
	<session-factory>
		<property name="hibernate.show_sql">true</property>
		<property name="hibernate.format_sql">true</property>
		<property name="hibernate.use_sql_comments">true</property>

		<property name="hibernate.hbm2ddl.auto">create</property>
		
		<property name="hibernate.dialect">org.hibernate.dialect.H2Dialect</property>
		<property name="hibernate.connection.driver_class">org.h2.Driver</property>
		<property name="hibernate.connection.url">jdbc:h2:mem:myDb;DB_CLOSE_DELAY=-1</property>
		<property name="hibernate.connection.username">sa</property>
		<property name="hibernate.connection.password">sa</property>

		<property name="javax.persistence.sharedCache.mode">DISABLE_SELECTIVE</property>
		<property name="hibernate.cache.inifinispan.statistics">true</property>
		<property name="hibernate.cache.infinispan.cfg">infinispan.xml</property>
		<property name="hibernate.cache.infinispan.query.cfg">distributed-query</property>

        <!--property name="hibernate.cache.region.factory_class">org.hibernate.cache.infinispan.InfinispanRegionFactory</property>
		<property name="hibernate.cache.use_second_level_cache">true</property>
		<property name="hibernate.cache.use_query_cache">true</property-->
		<property name="connection_pool_size">10</property>

		<property name="hibernate.cache.region.factory_class">org.hibernate.cache.ehcache.EhCacheRegionFactory</property>

		<!-- enable second level cache and query cache -->
		<property name="hibernate.cache.use_second_level_cache">true</property>
		<property name="hibernate.cache.use_query_cache">true</property>
		<property name="net.sf.ehcache.configurationResourceName">ehCache.xml</property>

		<mapping class="com.betwave.hibernate.Employee"/>
		<mapping class="com.betwave.hibernate.Manager"/>

        <class-cache class="com.betwave.hibernate.Employee" usage="read-write"/>
        <class-cache class="com.betwave.hibernate.Manager" usage="read-write"/>
	</session-factory>
</hibernate-configuration>