<?xml version="1.0"?>
<!DOCTYPE hibernate-mapping PUBLIC 
	"-//Hibernate/Hibernate Mapping DTD 3.0//EN"
	"http://hibernate.sourceforge.net/hibernate-mapping-3.0.dtd">
	
<!-- 

  This mapping demonstrates 

     (1) a join on two tables
         
     (2) a collection with a property-ref on a property in joined table.
     
-->

<hibernate-mapping 
	package="org.hibernate.test.joinsetpropertyref"
	default-access="field">
	
	<class name="Book" 
		table="book" 
		lazy="true">
		
		<id name="id" 
			unsaved-value="0">
			<generator class="native"/>
		</id>
		
		<property name="name" 
			not-null="true"
			length="80"/>
		
		<property name="author" 
			not-null="true"
			length="80"/>
		
		<set name="chapters" cascade="all-delete-orphan" lazy="false">
			<key column="isbn" property-ref="isbn"/>
			<one-to-many class="Chapter"/>
		</set>
		
		<property name="isbn" length="80"/>
	
	</class>
	
	<class name="Chapter"
		table="chapter">
		
		<id name="id" 
			unsaved-value="0">
			<generator class="native"/>
		</id>
		
		<property name="name" 
			not-null="true"
			length="80"/>
		
	</class>
	

</hibernate-mapping>
