<?xml version="1.0" encoding="UTF-8"?>
<entity-mappings xmlns="http://java.sun.com/xml/ns/persistence/orm"
                 xmlns:xsi="http://www.w3.org/2001/XMLSchema-instance"
                 xsi:schemaLocation="http://java.sun.com/xml/ns/persistence/orm
                                     http://java.sun.com/xml/ns/persistence/orm_1_0.xsd"
                 version="1.0">
  <persistence-unit-metadata>
    <persistence-unit-defaults>
      <schema>example</schema>
    </persistence-unit-defaults>
  </persistence-unit-metadata>
  <entity name="country" class="example.domain.Country" metadata-complete="false">
    <table name="country"/>
    <attributes>
      <id name="id">
        <column name="country_id"/>
        <generated-value strategy="SEQUENCE" generator="country_generator"/>
        <sequence-generator name="country_generator"
                            sequence-name="example.country_country_id_seq"
                            initial-value="1" allocation-size="1"/>
      </id>
      <basic name="name">
        <column name="name"/>
      </basic>
      <basic name="code">
        <column name="code"/>
      </basic>
    </attributes>
  </entity>
</entity-mappings>
