<?xml version="1.0"?>
<!DOCTYPE hibernate-mapping PUBLIC
	"-//Hibernate/Hibernate Mapping DTD//EN"
	"http://hibernate.sourceforge.net/hibernate-mapping-2.0.dtd">

<hibernate-mapping>
	<!--User names -->
	<class name="com.fgl.ina.stylecreation.lookups.UserOption" table="users" mutable="false">
		<id name="userID" column="user_id" type="integer">
			<generator class="net.sf.hibernate.id.IdentityGenerator"/>
		</id>
		<property name="userName" column="username"/>
		<property name="emailAddress" column="email_address"/>
	</class>

	<!-- Barcode Type -->
	<class name="com.fgl.ina.stylecreation.lookups.BarcodeType" table="barcode_type" mutable="false">
		<id name="ID" column="barcode_type_ID" type="integer">
			<generator class="net.sf.hibernate.id.IdentityGenerator"/>
		</id>
		<property name="code" column="barcode_type_code" type="string"/>
	</class>
</hibernate-mapping>
