<?xml version="1.0" encoding="UTF-8"?>

<beans xmlns="http://www.springframework.org/schema/beans"
	xmlns:xsi="http://www.w3.org/2001/XMLSchema-instance"
	xsi:schemaLocation="http://www.springframework.org/schema/beans
    http://www.springframework.org/schema/beans/spring-beans-3.0.xsd">

	<bean id="serviceDao" class="org.hibernatebug.dao.ServiceDao" >
	    <property name="sessionFactory" ref="sessionFactory"/>
	</bean>

	<bean id="dataSource" class="org.springframework.jndi.JndiObjectFactoryBean">
		<property name="jndiName" value="java:jboss/datasources/MyDB"/>
	</bean>
 
	<bean id="sessionFactory" class="org.springframework.orm.hibernate5.LocalSessionFactoryBean">
		<property name="dataSource" ref="dataSource"/>

		<property name="hibernateProperties">
			<props>
				<prop key="hibernate.show_sql">true</prop>
				<prop key="hibernate.dialect">org.hibernate.dialect.MySQL5InnoDBDialect</prop>
				<prop key="hibernate.hbm2ddl.auto">create</prop>
			</props>
		</property>
		
		<property name="packagesToScan" value="org.hibernatebug.entity" />
	</bean>

	<bean id="mainService" class="org.hibernatebug.service.MainService">
		<constructor-arg ref="serviceDao" />
	</bean>

	<import resource="spring-tx.xml" />

</beans>