<?xml version="1.0" ?>
<!DOCTYPE hibernate-mapping PUBLIC 
	"-//Hibernate/Hibernate Mapping DTD 3.0//EN"
	"http://hibernate.sourceforge.net/hibernate-mapping-3.0.dtd">

<hibernate-mapping>
	<class name="de.crm.CustomerEntity" table="customer">
		<id name="id">
			<generator class="sequence">
				<param name="sequence">customer_sequence</param>
			</generator>
		</id>
		<property name="name"/>
		<one-to-one name="salesRep" class="de.crm.SalesRepEntity" property-ref="customer"/>
	</class>
</hibernate-mapping>