<?xml version="1.0" ?>
<!DOCTYPE hibernate-mapping PUBLIC 
	"-//Hibernate/Hibernate Mapping DTD 3.0//EN"
	"http://hibernate.sourceforge.net/hibernate-mapping-3.0.dtd">

<hibernate-mapping>
	<class name="de.crm.SalesRepEntity" table="sales_rep">
		<id name="id">
			<generator class="sequence">
				<param name="sequence">sales_rep_sequence</param>
			</generator>
		</id>
		<property name="name"/>
		<many-to-one name="customer" class="de.crm.CustomerEntity" column="customer_fk" unique="true"/>
	</class>
</hibernate-mapping>