<?xml version="1.0" encoding="UTF-8"?>
<configuration>

  <appender name="STDOUT" class="ch.qos.logback.core.ConsoleAppender">
    <withJansi>true</withJansi>
    <layout class="ch.qos.logback.classic.PatternLayout">
      <Pattern> %d{yyyy-MM-dd HH:mm:ss} [%thread] %-5level %logger{36} - %msg%n</Pattern>
    </layout>
  </appender>

  <appender name="queries" class="ch.qos.logback.core.ConsoleAppender">
    <withJansi>true</withJansi>
    <layout class="ch.qos.logback.classic.PatternLayout">
      <Pattern> %blue(%msg) %n </Pattern>
    </layout>
  </appender>

  <appender name="bound-values" class="ch.qos.logback.core.ConsoleAppender">
    <withJansi>true</withJansi>
    <layout class="ch.qos.logback.classic.PatternLayout">
      <Pattern>\t\t\t\t\t\t\t\t\t\t<![CDATA[>>> ]]>%yellow(%msg) %n</Pattern>
    </layout>
  </appender>

  <logger name="org.hibernate.SQL" level="debug" additivity="false">
    <appender-ref ref="queries" />
  </logger>

  <logger name="org.hibernate.type" level="trace" additivity="false">
    <appender-ref ref="bound-values" />
  </logger>

  <root level="error">
    <appender-ref ref="STDOUT" />
  </root>

</configuration>
