<?xml version="1.0"?>
<!DOCTYPE hibernate-mapping PUBLIC
        "-//Hibernate/Hibernate Mapping DTD 2.0//EN"
        "http://hibernate.sourceforge.net/hibernate-mapping-2.0.dtd">

<hibernate-mapping>


<!-- *********************************************** -->
<!-- ACCESS LOG                                      -->
<!-- *********************************************** -->


        <class name="com.wgh.AccessLog" table="access_log" >
                <id name="AccessLogId" column="ACCESS_LOG_ID" type="long">
                        <generator class="identity"/>
                </id>

                <property name="AccessDate"   type="date">
                    <column name="ACCESS_DATE" sql-type="TIMESTAMP"/>
                </property>
                                
        </class>

</hibernate-mapping>