<?xml version="1.0" encoding="UTF-8"?>
<!DOCTYPE hibernate-configuration PUBLIC
		"-//Hibernate/Hibernate Configuration DTD 3.0//EN"
		"http://hibernate.sourceforge.net/hibernate-configuration-3.0.dtd">
<hibernate-configuration>
	<session-factory>
		<property name="hibernate.connection.driver_class">org.gjt.mm.mysql.Driver</property>
		<property name="hibernate.connection.password">desarrollo</property>
		<property name="hibernate.connection.url">jdbc:mysql://localhost/hibernate35x?createDatabaseIfNotExist=true</property>
		<property name="hibernate.connection.username">root</property>
		<property name="hibernate.dialect">org.hibernate.dialect.MySQLInnoDBDialect</property>
		<property name="hibernate.hbm2ddl.auto">create</property>
		<property name="hibernate.format_sql">true</property>
		
		<mapping class="joinColumnOrFormula.Contract"/>
		<mapping class="joinColumnOrFormula.ContractCancelOrder"/>
		<mapping class="joinColumnOrFormula.Manufacturer"/>
		<mapping class="joinColumnOrFormula.Model"/>
	</session-factory>
</hibernate-configuration>
