<?xml version="1.0" encoding="UTF-8"?>
<!DOCTYPE hibernate-configuration PUBLIC
		"-//Hibernate/Hibernate Configuration DTD 3.0//EN"
		"http://hibernate.sourceforge.net/hibernate-configuration-3.0.dtd">
<hibernate-configuration>
	<session-factory>
		<property name="hibernate.connection.driver_class">
			org.postgresql.Driver
		</property>
		<property name="hibernate.connection.password">
			postgres
		</property>
		<property name="hibernate.connection.url">
			jdbc:postgresql://localhost/hiber_tests
		</property>
		<property name="hibernate.connection.username">
			postgres
		</property>
		<property name="hibernate.dialect">
			org.hibernate.dialect.PostgreSQLDialect
		</property>
		<mapping resource="com/bbsw/tests/ParentA.hbm.xml" />
		<mapping resource="com/bbsw/tests/ParentB.hbm.xml" />
		<mapping resource="com/bbsw/tests/Child.hbm.xml" />
	</session-factory>
</hibernate-configuration>
