<?xml version="1.0" encoding="UTF-8"?>
<application version="5" xmlns="http://java.sun.com/xml/ns/javaee" xmlns:xsi="http://www.w3.org/2001/XMLSchema-instance" xsi:schemaLocation="http://java.sun.com/xml/ns/javaee http://java.sun.com/xml/ns/javaee/application_5.xsd">
  <display-name>IntoCore</display-name>
  <module>
    <web>
      <web-uri>IntoCore-war.war</web-uri>
      <context-root>/IntoCore-war</context-root>
    </web>
  </module>
  <module>
    <ejb>IntoCore-ejb.jar</ejb>
  </module>
</application>
