<?xml version="1.0" encoding="UTF-8"?>
<!DOCTYPE hibernate-configuration PUBLIC
		"-//Hibernate/Hibernate Configuration DTD 3.0//EN"
		"http://hibernate.sourceforge.net/hibernate-configuration-3.0.dtd">
<hibernate-configuration>
	<session-factory>
		<property name="hibernate.default_schema">dbo</property>
		<property name="hibernate.dialect">org.hibernate.dialect.SQLServerDialect</property>
		<property name="hibernate.connection.driver_class">net.sourceforge.jtds.jdbc.Driver</property>
		<property name="hibernate.connection.url">jdbc:jtds:sqlserver://XXX/XXX</property>
		<property name="hibernate.connection.username">XXX</property>
		<property name="hibernate.connection.password">XXX</property>
		<property name="hibernate.connection.isolation">2</property>
		<property name="hibernate.connection.release_mode">on_close</property>
		<property name="hibernate.connection.autocommit">true</property>
		<property name="hibernate.transaction.flush_before_completion">false</property>
		<property name="hibernate.transaction.auto_close_session">false</property>
		<property name="hibernate.hbm2ddl.auto">false</property>
		<property name="hibernate.show_sql">true</property>
		<property name="hibernate.default_batch_fetch_size">16</property>
		<property name="hibernate.use_sql_comments">true</property>
		<property name="hibernate.format_sql">true</property>
		<property name="hibernate.generate_statistics">true</property>
		<property name="hibernate.bytecode.use_reflection_optimizer">false</property>
		<property name="hibernate.current_session_context_class">managed</property>
		<property name="hibernate.cache.use_second_level_cache">false</property>
		<property name="hibernate.jdbc.use_get_generated_keys">true</property>
		<property name="hibernate.jdbc.batch_versioned_data">true</property>
		<property name="hibernate.order_updates">true</property>
		<property name="hibernate.order_inserts">true</property>
		<property name="hibernate.cache.use_structured_entries">false</property>
		<property name="hibernate.mapping.precedence">class,hbm</property>
		<property name="org.hibernate.envers.auditTableSuffix">History</property>
		
		<mapping class="hhh4459.ExampleTestClass"/>
		
		<listener type="post-insert"
			class="org.hibernate.envers.event.AuditEventListener" />
		<listener type="post-update"
			class="org.hibernate.envers.event.AuditEventListener" />
		<listener type="post-delete"
			class="org.hibernate.envers.event.AuditEventListener" />
	</session-factory>
</hibernate-configuration>