<?xml version="1.0" encoding="utf-8"?>
<!DOCTYPE hibernate-configuration
    PUBLIC "-//Hibernate/Hibernate Configuration DTD//EN"
    "http://hibernate.sourceforge.net/hibernate-configuration-3.0.dtd">

<hibernate-configuration>

    <session-factory>
        <property name="dialect">org.hibernate.dialect.Oracle9Dialect</property>
        <property name="jdbc.batch-size">0</property>
        <property name="connection.driver_class">oracle.jdbc.OracleDriver</property>
        <property name="connection.url">jdbc:oracle:thin:@localhost:1521:XE</property>
        <property name="connection.username">test</property>
        <property name="connection.password">test</property>
        <property name="show_sql">true</property>

        <mapping resource="Permission_hibernate3.hbm.xml"/>

    </session-factory>

</hibernate-configuration>
