<?xml version="1.0" encoding="UTF-8"?>
<!DOCTYPE hibernate-mapping 
	PUBLIC "-//Hibernate/Hibernate Mapping DTD//EN" 
	"http://hibernate.sourceforge.net/hibernate-mapping-2.0.dtd">

<hibernate-mapping>

	<class name="test.domain.user.Permission" table="permission">
        <meta attribute="generated-class">test.domain.generated.PermissionGen</meta>
        <meta attribute="scope-set">protected</meta>

        <id column="id" name="id" type="long" unsaved-value="null">
            <meta attribute="use-in-tostring">true</meta>	
            <generator class="native"/>
        </id>
        
		<property name="description" column="description" type="string">
			<meta attribute="use-in-equals">true</meta>
			<meta attribute="use-in-tostring">true</meta>
	        <meta attribute="scope-set">public</meta>
        </property>

        <joined-subclass name="test.domain.user.Role" table="role">

           <meta attribute="generated-class">test.domain.generated.RoleGen</meta>
           <meta attribute="scope-set">protected</meta>

           <key column="id" foreign-key="fk_role_sub_permission"/>
            			
           <property name="purpose" column="purpose" type="string">
               <meta attribute="scope-set">public</meta>
          </property>

        </joined-subclass>

    </class>
    
</hibernate-mapping>
