<?xml version='1.0' encoding='utf-8'?>
<!DOCTYPE hibernate-configuration PUBLIC
"-//Hibernate/Hibernate Configuration DTD 3.0//EN"
"http://hibernate.sourceforge.net/hibernate-configuration-3.0.dtd">
<hibernate-configuration>
	<session-factory>
		<!-- Database connection settings -->
		<property name="connection.driver_class">oracle.jdbc.driver.OracleDriver</property>
		<property name="connection.url">jdbc:oracle:thin:@triton:1522:RAST9</property>
		<property name="connection.username">cnptrh</property>
		<property name="connection.password">cnptrh</property>
		<!-- SQL dialect -->
		<property name="dialect">org.hibernate.dialect.OracleDialect</property>
		<!-- Echo all executed SQL to stdout -->
		<property name="show_sql">false</property>
		<!-- Drop and re-create the database schema on startup -->
		<!-- property name="hbm2ddl.auto" create property -->

	</session-factory>
</hibernate-configuration>