<!DOCTYPE hibernate-configuration PUBLIC
  "-//Hibernate/Hibernate Configuration DTD 3.0//EN"
  "http://hibernate.sourceforge.net/hibernate-configuration-3.0.dtd">

<hibernate-configuration>
  <session-factory>
        <property name="connection.driver_class">org.h2.Driver</property>
        <property name="hibernate.current_session_context_class">thread</property>
        <property name="connection.url">jdbc:h2:mem:test</property>
        <property name="connection.username">sa</property>
        <property name="connection.password"></property>
        <property name="connection.pool_size">2</property>
        <property name="dialect">org.hibernate.dialect.H2Dialect</property>
        <property name="show_sql">true</property>
        <property name="hbm2ddl.auto">create</property>
        <mapping resource="filter-defs.hbm.xml"/>
        <mapping resource="Student.hbm.xml"/>
  </session-factory>
</hibernate-configuration>

