<?xml version="1.0" encoding="UTF-8"?>
<!DOCTYPE log4j:configuration SYSTEM "log4j.dtd">
<log4j:configuration debug="false">
	<!--
		###########################################################################
		# APPENDER
		###########################################################################
	-->

	<!-- STDOUT -->
	<appender name="STDOUT" class="org.apache.log4j.ConsoleAppender">
		<param name="Target" value="System.out" />
		<layout class="org.apache.log4j.PatternLayout">
			<param name="ConversionPattern" value="%d %-5p (%F:%L) # %m\n" />
		</layout>
	</appender>

	<appender name="FILE" class="org.apache.log4j.RollingFileAppender">
		<param name="File" value="test.log" />
		<param name="Append" value="true" />
		<param name="MaxFileSize" value="1000KB" />
		<param name="MaxBackupIndex" value="1" />
		<layout class="org.apache.log4j.PatternLayout">
			<param name="ConversionPattern" value="%d %-5p [%t] (%c::%M:%L) # %m\n" />
		</layout>
	</appender>

	<!--
		###########################################################################
		# CATEGORY
		###########################################################################
	-->
	        <category name="org.hibernate" additivity="false">
                <priority value="TRACE" />
                <appender-ref ref="FILE" />
                <appender-ref ref="STDOUT" />
        </category>
	
	<root>
		<priority value="warn" />
		<appender-ref ref="FILE" />
	</root>
</log4j:configuration>