<?xml version="1.0"?>
<!DOCTYPE hibernate-mapping PUBLIC "-//Hibernate/Hibernate Mapping DTD 3.0//EN"
"http://www.hibernate.org/dtd/hibernate-mapping-3.0.dtd">
<hibernate-mapping>
    <class name="main.java.Student" table="STUDENT">
        <composite-id name="studentId" class="main.java.StudentId">
            <key-property name="matnr" type="java.lang.Integer">
                <column name="MATNR" precision="10" scale="0" not-null="true"/>
            </key-property>
            <key-property name="name" type="string">
                <column name="NAME" length="100" not-null="true" />
            </key-property>
            <key-property name="adresse" type="string">
                <column name="ADRESSE" length="100" not-null="true" />
            </key-property>
        </composite-id>
        <property name="studentName" type="string">
            <column name="STUDENTNAME" length="100"/>
        </property>
	    <property name="semester" type="java.lang.Integer">
             <column name="SEMESTER" precision="10" scale="0" not-null="true" />
        </property>
        <property name="objektGruppen">
        	<column name="OBJGRUPPEN_BITS"/>
        </property>
        <filter name="objektBerechtigungFilter"/>
	</class>
</hibernate-mapping>
