<infinispan xmlns:xsi="http://www.w3.org/2001/XMLSchema-instance"
	xsi:schemaLocation="urn:infinispan:config:7.2 http://www.infinispan.org/schemas/infinispan-config-7.2.xsd"
	xmlns="urn:infinispan:config:7.2">

	<cache-container default-cache="default" statistics="false">
		<local-cache name="default"/>

		<local-cache name="entity">
			<transaction mode="NON_XA" auto-commit="false" complete-timeout="600000" transaction-manager-lookup="com.myapp.transaction.AtomikosInfinispanTransactionManagerLookup"/>
			<eviction strategy="NONE" />
		</local-cache>
		<local-cache name="local-query">
			<!--
			We changed this to NONE so that rolled back transactions still allow to put data into the query cache:
			https://hibernate.atlassian.net/browse/HHH-9890
			-->
			<transaction mode="NONE"/>
			<eviction strategy="NONE"/>
		</local-cache>
		<local-cache name="timestamps">
			<transaction mode="NONE"/>
			<eviction strategy="NONE"/>
		</local-cache>
	</cache-container>
</infinispan>