<?xml version='1.0' encoding='utf-8'?>
<!DOCTYPE hibernate-configuration PUBLIC
		"-//Hibernate/Hibernate Configuration DTD 3.0//EN"
		"http://hibernate.sourceforge.net/hibernate-configuration-3.0.dtd">

<hibernate-configuration>

	<session-factory name="hibernate/Sobos2SessionFactory">

		<property name="connection.datasource">jdbc/sobos2</property>
		<property name="transaction.factory_class">org.hibernate.transaction.JTATransactionFactory</property>
		<property name="transaction.manager_lookup_class">org.hibernate.transaction.WeblogicTransactionManagerLookup</property>
		<property name="dialect">org.hibernate.dialect.Oracle10gDialect</property>
		<property name="cache.provider_class">org.hibernate.cache.NoCacheProvider</property>
		<property name="order_updates">true</property>
		<property name="hibernate.hbm2ddl.auto">validate</property>
 
 		<property name="show_sql">true</property>
		<property name="format_sql">true</property>
		<property name="use_sql_comments">true</property>

		<mapping resource="sobos2/domain/mappings/BiuroMaklerskie.hbm.xml"/>
		<mapping resource="sobos2/domain/mappings/DaemonLog.hbm.xml"/>
		<mapping resource="sobos2/domain/mappings/DniRoboczeKdpw.hbm.xml"/>
		<mapping resource="sobos2/domain/mappings/DniRoboczeKir.hbm.xml"/>
		<mapping resource="sobos2/domain/mappings/Dyspozycja.hbm.xml"/>
 		<mapping resource="sobos2/domain/mappings/DyspozycjaDokumenty.hbm.xml"/>
		<mapping resource="sobos2/domain/mappings/DyspozycjaReinwestycja.hbm.xml"/>
		<mapping resource="sobos2/domain/mappings/DyspozycjaRodzaj.hbm.xml"/>
		<mapping resource="sobos2/domain/mappings/Emisja.hbm.xml"/>
		<mapping resource="sobos2/domain/mappings/EmisjaCenaEmisyjna.hbm.xml"/>
		<mapping resource="sobos2/domain/mappings/EmisjaH.hbm.xml"/>
		<mapping resource="sobos2/domain/mappings/EmisjaImienneUzup.hbm.xml"/>
		<mapping resource="sobos2/domain/mappings/EmisjaOdsetki.hbm.xml"/>
		<mapping resource="sobos2/domain/mappings/EmisjaParamUprawnieniOpis.hbm.xml"/>
		<mapping resource="sobos2/domain/mappings/EmisjaParamUprawnieniTyp.hbm.xml"/>
		<mapping resource="sobos2/domain/mappings/EmisjaParamWydruk.hbm.xml"/>
		<mapping resource="sobos2/domain/mappings/EmisjaPrawaPoboru.hbm.xml"/>
		<mapping resource="sobos2/domain/mappings/EmisjaUzup.hbm.xml"/>
		<mapping resource="sobos2/domain/mappings/Emitent.hbm.xml"/>
		<mapping resource="sobos2/domain/mappings/Funkcja.hbm.xml"/>
		<mapping resource="sobos2/domain/mappings/Gielda.hbm.xml"/>
		<mapping resource="sobos2/domain/mappings/GrupaPracownikow.hbm.xml"/>
		<mapping resource="sobos2/domain/mappings/GrupaPracownikowH.hbm.xml"/>
		<mapping resource="sobos2/domain/mappings/IkeDyspOtwarcia.hbm.xml"/>
		<mapping resource="sobos2/domain/mappings/IkeDyspZamkniecia.hbm.xml"/>
		<mapping resource="sobos2/domain/mappings/IkeLimitKln.hbm.xml"/>
		<mapping resource="sobos2/domain/mappings/IkeLimitRoczny.hbm.xml"/>
		<mapping resource="sobos2/domain/mappings/InstytucjeFinansowe.hbm.xml"/>
		<mapping resource="sobos2/domain/mappings/KalendarzSesji.hbm.xml"/>
		<mapping resource="sobos2/domain/mappings/KdpwWycena.hbm.xml"/>
		<mapping resource="sobos2/domain/mappings/Klient.hbm.xml"/>
		<mapping resource="sobos2/domain/mappings/KlientAdres.hbm.xml"/>
		<mapping resource="sobos2/domain/mappings/KlientH.hbm.xml"/>
		<mapping resource="sobos2/domain/mappings/KlientHaslo.hbm.xml"/>
		<mapping resource="sobos2/domain/mappings/KomunikatyAdresaci.hbm.xml"/>
		<mapping resource="sobos2/domain/mappings/KomunikatyDoPracownikow.hbm.xml"/>
		<mapping resource="sobos2/domain/mappings/KomunikatyWyswietlone.hbm.xml"/>
		<mapping resource="sobos2/domain/mappings/KontoRachunku.hbm.xml"/>
		<mapping resource="sobos2/domain/mappings/Kraj.hbm.xml"/>
		<mapping resource="sobos2/domain/mappings/KrajUzup.hbm.xml"/>
		<mapping resource="sobos2/domain/mappings/KredytPlik.hbm.xml"/>
		<mapping resource="sobos2/domain/mappings/KredytPlikDane.hbm.xml"/>
		<mapping resource="sobos2/domain/mappings/KredytPromak.hbm.xml"/>
		<mapping resource="sobos2/domain/mappings/KredytTyp.hbm.xml"/>
		<mapping resource="sobos2/domain/mappings/KsgPlanKont.hbm.xml"/>
		<mapping resource="sobos2/domain/mappings/KsgRachunekBankowy.hbm.xml"/>
		<mapping resource="sobos2/domain/mappings/KsgRodzajKonto1.hbm.xml"/>
		<mapping resource="sobos2/domain/mappings/KsgRodzajKonto2.hbm.xml"/>
		<mapping resource="sobos2/domain/mappings/KsgSchemat.hbm.xml"/>
		<mapping resource="sobos2/domain/mappings/ListaUprObjecia.hbm.xml"/>
		<mapping resource="sobos2/domain/mappings/Logi.hbm.xml"/>
		<mapping resource="sobos2/domain/mappings/OddzialKir.hbm.xml"/>
		<mapping resource="sobos2/domain/mappings/OperacjaKsiegowa.hbm.xml"/>
		<mapping resource="sobos2/domain/mappings/OperacjaKsiegowaH.hbm.xml"/>
		<mapping resource="sobos2/domain/mappings/ParamDyspWsadowych.hbm.xml"/>
		<mapping resource="sobos2/domain/mappings/ParamLogowania.hbm.xml"/>
		<mapping resource="sobos2/domain/mappings/ParamOgolne.hbm.xml"/>
		<mapping resource="sobos2/domain/mappings/ParamWieku.hbm.xml"/>
		<mapping resource="sobos2/domain/mappings/ParamWielkosci.hbm.xml"/>
		<mapping resource="sobos2/domain/mappings/Pelnomocnictwo.hbm.xml"/>
		<mapping resource="sobos2/domain/mappings/PelnomocnictwoCzynnosci.hbm.xml"/>
		<mapping resource="sobos2/domain/mappings/Placowka.hbm.xml"/>
		<mapping resource="sobos2/domain/mappings/PlacowkaMapowanieJo1.hbm.xml"/>
		<mapping resource="sobos2/domain/mappings/PlacowkaOddzialCentrum.hbm.xml"/>
		<mapping resource="sobos2/domain/mappings/PlacowkaTyp.hbm.xml"/>
		<mapping resource="sobos2/domain/mappings/PodatekNaliczony.hbm.xml"/>
		<mapping resource="sobos2/domain/mappings/PodatekOperacja.hbm.xml"/>
		<mapping resource="sobos2/domain/mappings/Powiat.hbm.xml"/>
		<mapping resource="sobos2/domain/mappings/Pracownik.hbm.xml"/>
		<mapping resource="sobos2/domain/mappings/PracownikBdm.hbm.xml"/>
		<mapping resource="sobos2/domain/mappings/PracownikH.hbm.xml"/>
		<mapping resource="sobos2/domain/mappings/PracownikHasloH.hbm.xml"/>
		<mapping resource="sobos2/domain/mappings/PracownikUprawnienia.hbm.xml"/>
		<mapping resource="sobos2/domain/mappings/PracownikUprawnieniaH.hbm.xml"/>
		<mapping resource="sobos2/domain/mappings/PracownikZalog.hbm.xml"/>
		<mapping resource="sobos2/domain/mappings/Przelew.hbm.xml"/>
		<mapping resource="sobos2/domain/mappings/RachunekBankowyNiedozw.hbm.xml"/>
		<mapping resource="sobos2/domain/mappings/RachunekRejestrowy.hbm.xml"/>
		<mapping resource="sobos2/domain/mappings/RachunekRejestrowyH.hbm.xml"/>
		<mapping resource="sobos2/domain/mappings/Region.hbm.xml"/>
		<mapping resource="sobos2/domain/mappings/RodzajObligacji.hbm.xml"/>
		<mapping resource="sobos2/domain/mappings/RodzajPapieru.hbm.xml"/>
		<mapping resource="sobos2/domain/mappings/Rynek.hbm.xml"/>
		<mapping resource="sobos2/domain/mappings/SoBazaOperacjiAlnova.hbm.xml"/>
		<mapping resource="sobos2/domain/mappings/SoBazaOperacjiPrzetw.hbm.xml"/>
		<mapping resource="sobos2/domain/mappings/SoBazaOperacjiZorba.hbm.xml"/>
		<mapping resource="sobos2/domain/mappings/SoKomunikat.hbm.xml"/>
		<mapping resource="sobos2/domain/mappings/SoKomunikatAlnova.hbm.xml"/>
		<mapping resource="sobos2/domain/mappings/SoKomunikatZorba.hbm.xml"/>
		<mapping resource="sobos2/domain/mappings/SoOperacjaOtrzymana.hbm.xml"/>
		<mapping resource="sobos2/domain/mappings/SoOperacjaWyslana.hbm.xml"/>
		<mapping resource="sobos2/domain/mappings/SoParamKomunikacja.hbm.xml"/>
		<mapping resource="sobos2/domain/mappings/SoRachunekBankowy.hbm.xml"/>
		<mapping resource="sobos2/domain/mappings/SoTytulSorbnet.hbm.xml"/>
		<mapping resource="sobos2/domain/mappings/StatPozag.hbm.xml"/>
		<mapping resource="sobos2/domain/mappings/StatPrzedtWykup.hbm.xml"/>
		<mapping resource="sobos2/domain/mappings/StatSprzedEmisji.hbm.xml"/>
		<mapping resource="sobos2/domain/mappings/StatWykup.hbm.xml"/>
		<mapping resource="sobos2/domain/mappings/TabelaKursowPw.hbm.xml"/>
		<mapping resource="sobos2/domain/mappings/TabelaOplatSubskrypcja.hbm.xml"/>
		<mapping resource="sobos2/domain/mappings/TypPodmiotuGiif.hbm.xml"/>
		<mapping resource="sobos2/domain/mappings/TypPodmiotuNbp.hbm.xml"/>
		<mapping resource="sobos2/domain/mappings/UdostepnienieDanych.hbm.xml"/>
		<mapping resource="sobos2/domain/mappings/Uposazeni.hbm.xml"/>
		<mapping resource="sobos2/domain/mappings/UrzedySkarbowe.hbm.xml"/>
		<mapping resource="sobos2/domain/mappings/WersjaBdLog.hbm.xml"/>
		<mapping resource="sobos2/domain/mappings/Wojewodztwo.hbm.xml"/>
		<mapping resource="sobos2/domain/mappings/WolnyNrKlienta.hbm.xml"/>
		<mapping resource="sobos2/domain/mappings/WydrukDyspozycja.hbm.xml"/>
		<mapping resource="sobos2/domain/mappings/WydrukSpecLista.hbm.xml"/>
		<mapping resource="sobos2/domain/mappings/WydrukSzablon.hbm.xml"/>
		<mapping resource="sobos2/domain/mappings/Zapis.hbm.xml"/>
		<mapping resource="sobos2/domain/mappings/ZapisImienneUzup.hbm.xml"/>
		<mapping resource="sobos2/domain/mappings/ZleceniaStale.hbm.xml"/>
		<mapping resource="sobos2/domain/mappings/ZlecLimitCeny.hbm.xml"/>
		<mapping resource="sobos2/domain/mappings/ZlecSprzDysp.hbm.xml"/>
		<mapping resource="sobos2/domain/mappings/ZlecSprzDyspH.hbm.xml"/>
		<mapping resource="sobos2/domain/mappings/ZlecSprzDyspInterw.hbm.xml"/>
		<mapping resource="sobos2/domain/mappings/ZlecSprzRealizacja.hbm.xml"/>
		<mapping resource="sobos2/domain/mappings/ZlecStanPromak.hbm.xml"/>
		<mapping resource="sobos2/domain/mappings/ZlecTabelaProwizji.hbm.xml"/>

	</session-factory>

</hibernate-configuration>