<?xml version="1.0" encoding="UTF-8"?>
<!DOCTYPE hibernate-mapping PUBLIC "-//Hibernate/Hibernate Mapping DTD 3.0//EN" "http://hibernate.sourceforge.net/hibernate-mapping-3.0.dtd">
<hibernate-mapping>
  <class name="org.sibutu.kernel.security.entity.UserPreference" table="AA_USER_PR">
    <cache usage="read-write"/>
 
	<composite-id name="id" class="org.sibutu.kernel.security.entity.UserPreference$Id">
        <key-property name="userId" column="USER_ID" type="long" access="field"/>
        <key-property name="key" column="PR_KEY" type="string" access="field"/>
    </composite-id>
    
    <property name="preferenceId" column="PR_ID" type="long" unique="true"/>

	<list name="values" table="AA_USER_PR_VALUES" lazy="false" cascade="all">
		<cache usage="read-write"/>
		<key property-ref="preferenceId"/>
		<list-index column="POS" base="1"/>
		<element type="string" column="PR_VALUE" not-null="true"/>
	</list>


  </class>
</hibernate-mapping>
