<!DOCTYPE hibernate-configuration PUBLIC
        "-//Hibernate/Hibernate Configuration DTD 3.0//EN"
        "http://www.hibernate.org/dtd/hibernate-configuration-3.0.dtd">

<hibernate-configuration>

    <session-factory>

        <!-- SQL dialect -->
         <property name="dialect">org.hibernate.dialect.H2Dialect</property>

        <!-- Database connection settings -->
         <property name="connection.driver_class">org.h2.Driver</property>
         <property name="connection.url">jdbc:h2:mem:test</property>
         <property name="connection.username">sa</property>
         <property name="connection.password"/>
 
        <!--
        <property name="connection.driver_class">org.postgresql.Driver</property>
        <property name="connection.url">jdbc:postgresql://localhost:5444/testold?currentSchema=public</property>
        <property name="connection.username">postgres</property>
        <property name="connection.password">1234</property>
    
        <property name="hibernate.dialect">org.hibernate.dialect.PostgreSQLDialect</property>
        -->

        <!-- JDBC connection pool (use the built-in) -->
        <property name="connection.pool_size">1</property>

        <property name="hibernate.jdbc.batch_size">20000</property>
        <property name="hibernate.order_inserts">true</property>


        <!-- Disable the second-level cache  -->
        <property name="cache.provider_class">org.hibernate.cache.internal.NoCacheProvider</property>

        <!-- Echo all executed SQL to stdout -->
        <property name="show_sql">false</property>

        <!-- Drop and re-create the database schema on startup -->
        <property name="hbm2ddl.auto">update</property>

        <!-- The mapping information of entities -->
        <mapping class="hibernate_example.batch.Book" />


    </session-factory>

</hibernate-configuration>
