<?xml version="1.0"?>
<!DOCTYPE hibernate-mapping PUBLIC
    "-//Hibernate/Hibernate Mapping DTD 3.0//EN"
    "http://hibernate.sourceforge.net/hibernate-mapping-3.0.dtd" >
    
<hibernate-mapping>
<class
    name="org.hibernate.test.hhh1401.Experimenter" 
    table="experimenter"
    abstract="false"
    select-before-update="true"
        >

<!-- ~~~~~~~~~~~~~~~~~~~~~~~~~~~~~~~~~~~~~~~~~~~~~~~~~~~~~~
	 COMMON
     ~~~~~~~~~~~~~~~~~~~~~~~~~~~~~~~~~~~~~~~~~~~~~~~~~~~~~~ -->
        <id name="id" type="java.lang.Long" column="id">
            <generator class="native"/>
        </id>

        <version name="version" type="java.lang.Integer" 
                column="version" unsaved-value="negative">
        </version>           

    <set
        name="groupExperimenterMap"
        lazy="true"
        inverse="true"
        cascade="all-delete-orphan">
        <meta attribute="link-add-method">org.hibernate.test.hhh1401.ExperimenterGroup</meta>        
        <meta attribute="link-add-order">addition,this</meta>
        <meta attribute="link-add-next">child</meta>                  
        <meta attribute="link-add-other">parent</meta>                      
        <key column="child" not-null="false"/>
        <one-to-many class="org.hibernate.test.hhh1401.GroupExperimenterMap"/>
    </set>
    

</class>

</hibernate-mapping>
