<?xml version="1.0"?>
<!DOCTYPE hibernate-mapping PUBLIC
    "-//Hibernate/Hibernate Mapping DTD 3.0//EN"
    "http://hibernate.sourceforge.net/hibernate-mapping-3.0.dtd" >
    
<hibernate-mapping>
<class
    name="org.hibernate.test.hhh1401.GroupExperimenterMap" 
    table="groupexperimentermap"
    abstract="false"
    select-before-update="true"
        >

        <id name="id" type="java.lang.Long" column="id">
            <generator class="native"/>
        </id>

        <version name="version" type="java.lang.Integer" 
                column="version" unsaved-value="negative">
            <meta attribute="setter-scope">protected</meta>
            <meta attribute="field-description">
              This version number is controlled by the database for optimisitic
              locking.
            </meta>
        </version>           
 
    <many-to-one
        name="child"
        class="org.hibernate.test.hhh1401.Experimenter"
        column="child"
        not-null="true"
        unique="false"
        cascade="lock,merge,persist,replicate,refresh,save-update"
        insert="true"
        update="true"        
     >
     </many-to-one>

</class>


</hibernate-mapping>
