<?xml version="1.0"?>
<!DOCTYPE hibernate-mapping PUBLIC
        "-//Hibernate/Hibernate Mapping DTD 3.0//EN"
        "http://hibernate.sourceforge.net/hibernate-mapping-3.0.dtd">

<hibernate-mapping package="com.ri3k" default-lazy="false">
	<typedef class="com.ri3k.StringSetType" name="stringSet">
		<param name="delim">,</param>
	</typedef>
	<class name="User" table="UserTable" >
		<cache usage="transactional"/>
		<id name="id" access="field">
			<column name="id"/>
			<generator class="assigned"/>
		</id>
		<property name="roles" access="field" type="stringSet" column="userRolesSet"/>
	</class>

</hibernate-mapping>