<?xml version="1.0" encoding="UTF-8"?>
<!DOCTYPE hibernate-mapping PUBLIC "-//Hibernate/Hibernate Mapping DTD//EN" "http://hibernate.sourceforge.net/hibernate-mapping-2.0.dtd">
<hibernate-mapping>
    <class name="com.docent.lms.entities.tests.hibernate.Permission" table="DRPermission">
        <!--A permission in a role-based access control system.-->
        <jcs-cache usage="read-write"/>
        <id name="id" type="long" column="id" unsaved-value="null">
            <generator class="native"/>
        </id>
        <!--version name="version" type="long" column="version"/-->
        <!--property name="code" type="string" column="code"/-->
        <set name="associations" lazy="true" inverse="true">
            <jcs-cache usage="read-write"/><!--Comment this out to avoid the problem.-->
            <key column="permissionId"/>
            <one-to-many class="com.docent.lms.entities.tests.hibernate.RolePermissionAssociation"/>
        </set>
    </class>
</hibernate-mapping>
