<?xml version="1.0"?>
<!DOCTYPE hibernate-mapping PUBLIC 
	"-//Hibernate/Hibernate Mapping DTD 3.0//EN"
	"file:///c:/devtools/hibernate-3.0/hibernate-mapping-3.0.dtd">

<hibernate-mapping>
<!-- 
	Auto-generated mapping file from
	the hibernate.org cfg2hbm engine
-->
<class 
    name="com.opi.core.domain.Employment"
    table="EMPLOYMENT"
    schema="AAPX_D"
>
	<id 
        name="id"
        type="java.lang.Long"
    >
	    <column name="OID" scale="18" precision="0" not-null="true" unique="true" sql-type="NUMBER" />
	    <generator class="sequence" >
	      <param name="sequence">EMPLOYEE_PK_SQ</param>
        </generator>
    </id>
	<version name="version" column="VERSION" type="java.lang.Long" />
	
	<property name="auditInfo" type="com.opi.core.domain.AuditInfoType">
        <column name="DATE_MODIFIED"/>
        <column name="DATE_CREATED"/>
        <column name="MODIFIED_BY"/>
        <column name="CREATED_BY"/>
    </property>
	
    <many-to-one
	    name="Employer"
	    class="com.opi.core.domain.Employer"
    >
        <column name="EMPLOYER_OID" scale="18" precision="0" not-null="false" />
	</many-to-one>

    <property
        name="DateHire"
        type="java.util.Date"
    >
        <column name="DATE_HIRE" scale="7" precision="0" not-null="true" sql-type="DATE" />
	</property>

    <property
        name="EmployeeId"
        type="java.lang.String"
    >
        <column name="EMPLOYEE_ID" scale="20" precision="0" not-null="true" sql-type="VARCHAR2" />
	</property>

    <property
        name="Supervisor"
        type="java.lang.String"
    >
        <column name="SUPERVISOR" scale="40" precision="0" not-null="false" sql-type="VARCHAR2" />
	</property>

    <property
        name="EmployeeType"
        type="java.lang.String"
    >
        <column name="EMPLOYEE_TYPE" scale="30" precision="0" not-null="false" sql-type="VARCHAR2" />
	</property>

    <property
        name="EmployeeClass"
        type="java.lang.String"
    >
        <column name="EMPLOYEE_CLASS" scale="30" precision="0" not-null="false" sql-type="VARCHAR2" />
	</property>

    <property
        name="EmployeeStatus"
        type="java.lang.String"
    >
        <column name="EMPLOYEE_STATUS" scale="30" precision="0" not-null="false" sql-type="VARCHAR2" />
	</property>

    <property
        name="Position"
        type="java.lang.String"
    >
        <column name="POSITION" scale="30" precision="0" not-null="false" sql-type="VARCHAR2" />
	</property>

    <property
        name="PositionStartDate"
        type="java.util.Date"
    >
        <column name="POSITION_START_DATE" scale="7" precision="0" not-null="false" sql-type="DATE" />
	</property>

    <property
        name="BusinessUnit"
        type="java.lang.String"
    >
        <column name="BUSINESS_UNIT" scale="30" precision="0" not-null="false" sql-type="VARCHAR2" />
	</property>

</class>
</hibernate-mapping>