<?xml version="1.0"?>
<!DOCTYPE hibernate-mapping PUBLIC
        "-//Hibernate/Hibernate Mapping DTD 2.0//EN"
        "http://hibernate.sourceforge.net/hibernate-mapping-2.0.dtd">

<hibernate-mapping>

        <class name="mypackage.Parent" table="parent">
            <id name="id" column="id" type="long" unsaved-value="0">
              <generator class="hilo"> 
                <param name="table">sequences</param>
                <param name="column">next_value</param>
                <param name="max_lo">1000</param>                     
              </generator>
            </id>
            <property name="name" column="name" type="string"/>
            <list name="childs">
              <key column="parent_id"/>
              <index column="order_seq"/>
              <one-to-many class="mypackage.Child"/>
            </list>
        </class>
        
</hibernate-mapping>

