<?xml version="1.0" encoding="UTF-8"?>
<project name="Packaging Generator" default="_packaging_generation_">
<target name="_packaging_generation_" depends="N65540,N65557"/>
<target name="N65540" description="server-ejb.jar">
<mkdir dir="ear-content"/>
<jar destfile="ear-content/server-ejb.jar">
<zipfileset dir="bin/library" includes="**/*.*"/>
</jar>
</target>
<target name="N65557" description="server.ear">
<mkdir dir="release"/>
<jar destfile="release/server.ear">
<zipfileset dir="ear-content" includes="**/*.*"/>
</jar>
</target>
</project>
