<?xml version="1.0"?>
<!DOCTYPE hibernate-mapping PUBLIC "-//Hibernate/Hibernate Mapping DTD 3.0//EN"
"http://hibernate.sourceforge.net/hibernate-mapping-3.0.dtd">
	<!-- Generated 12-Feb-2010 11:07:09 AM by Hibernate Tools 3.2.5.Beta -->
<hibernate-mapping>

	<class name="Parent" table="PARENT">
		<id name="idParent" column="ID_PARENT" type="long">
			<generator class="increment" />
		</id>

		<version name="version" type="long" column="VERSION" />

		<list name="children" table="CHILD" cascade="all-delete-orphan">
			<key column="ID_PARENT" not-null="true" />
			<list-index base="1">
			    <column name="IDX" check="IDX > 0" />
			</list-index>
			<one-to-many class="Child" />
		</list>
	</class>

	<class name="Child" table="CHILD">
		<id name="idChild" column="ID_CHILD" type="long">
            <generator class="increment" />
		</id>
		<version name="version" type="long" column="VERSION" />

		<many-to-one name="parent" class="Parent" column="ID_PARENT"
			not-null="true" insert="false" update="false" />
	</class>

</hibernate-mapping>
