<?xml version="1.0" encoding="UTF-8"?>
<!DOCTYPE hibernate-configuration PUBLIC "-//Hibernate/Hibernate Configuration DTD 3.0//EN"
                                         "http://hibernate.sourceforge.net/hibernate-configuration-3.0.dtd">
<hibernate-configuration>
	<session-factory>
		<!--  database configuration  -->
		<property name="hibernate.connection.driver_class">
			org.h2.Driver
		</property>
		<property name="hibernate.connection.url">
			jdbc:h2:mem:
		</property>
		<property name="hibernate.dialect">
			org.hibernate.dialect.H2Dialect
		</property>
		<property name="hibernate.connection.pool_size">1</property>
		<property name="hibernate.hbm2ddl.auto">create-drop</property>

		<!--  Hibernate Search configuration -->
		<property name="hibernate.search.default.directory_provider"> <!-- define the directory provider -->
			org.hibernate.search.store.RAMDirectoryProvider
		</property>   
		<!-- to explore with Luke, use
			<property name="hibernate.search.default.directory_provider"
			>org.hibernate.search.store.FSDirectoryProvider</property>
			<property name="hibernate.search.default.indexBase"
			>./build/indexes</property>
		-->

		<!-- mapping -->
		<mapping class="com.manning.hsia.dvdstore.model.Item" />
		<mapping class="com.manning.hsia.dvdstore.model.Person" />
		<mapping class="com.manning.hsia.dvdstore.model.Actor" />
		<mapping class="com.manning.hsia.dvdstore.model.Director" />
	</session-factory>
</hibernate-configuration>
