<?xml version="1.0"?>
<!DOCTYPE hibernate-mapping PUBLIC "-//Hibernate/Hibernate Mapping DTD 3.0//EN" "http://hibernate.sourceforge.net/hibernate-mapping-3.0.dtd">
<hibernate-mapping>
    <class name="com.indexing.people.Event" table="Event">
        <id name="id" column="Id" type="long"><generator class="native"/></id>
        <set name="parentsOf" table="Parent_of_Birth_Event" inverse="true" where="Parent_Id = (SELECT parent.Id FROM Person parent WHERE parent.Id=Parent_Id)">
            <key column="Event_Id"/>
            <one-to-many class="com.indexing.people.ParentOfBirthEvent"/>
        </set>
        <set name="children" inverse="true" where="deleted=0">
            <key column="Birth_Event_Id"/>
            <one-to-many class="com.indexing.people.Person"/>
        </set>
    </class>
</hibernate-mapping>