<?xml version="1.0" encoding="ISO-8859-1"?>
<!DOCTYPE hibernate-mapping PUBLIC "-//Hibernate/Hibernate Mapping DTD 3.0//EN" "http://hibernate.sourceforge.net/hibernate-mapping-3.0.dtd">

<hibernate-mapping>
  <class table="DEPARTMENT" name="com.domain.Department" schema="COMPANY">
    <id type="long" column="DEPARTMENT_ID" name="id">
      <generator class="assigned"/>
    </id>
    <set inverse="true" cascade="all-delete-orphan" name="employees">
      <key column="DEPARTMENT_ID"/>
      <one-to-many class="com.domain.Employee"/>
    </set>
    <property name="name" type="string" column="DEPARTMENT_NAME"/>
  </class>
</hibernate-mapping>
