<?xml version="1.0"?>
<!DOCTYPE hibernate-mapping PUBLIC
    "-//Hibernate/Hibernate Mapping DTD 3.0//EN"
    "http://hibernate.sourceforge.net/hibernate-mapping-3.0.dtd" >
    
<hibernate-mapping>

<class 
    name="test.A"
	lazy="true"
    table="A"
>
	
    <id
        name="id"
        type="java.lang.Long"
        column="ID"
    >
        <generator class="sequence">
			<param name="sequence">TEST.A</param>
		</generator>
    </id>

    <version
        name="version"
        type="java.lang.Long"
        column="VERSION"
        unsaved-value="null"
    />

    <property
        name="test"
        type="int"
        column="TEST"
        not-null="true"
        length="1"
    >
	</property>
    
</class>
</hibernate-mapping>
