<?xml version="1.0"?>
<!DOCTYPE hibernate-mapping PUBLIC "-//Hibernate/Hibernate Mapping DTD 3.0//EN" "http://hibernate.sourceforge.net/hibernate-mapping-3.0.dtd">

<hibernate-mapping package="org.hibernate.test">
	<class table="parents" name="Parent">
		<id name="id"/>
		<set name="children">
			<key column="parent_id"/>
			<one-to-many class="Child"/>
		</set>
	</class>

	<class table="children" name="Child" >
		<id name="id"/>
		<many-to-one name="parent" column="parent_id" class="Parent"/>
	</class>



</hibernate-mapping>