<project xmlns="http://maven.apache.org/POM/4.0.0" xmlns:xsi="http://www.w3.org/2001/XMLSchema-instance"
	xsi:schemaLocation="http://maven.apache.org/POM/4.0.0 http://maven.apache.org/xsd/maven-4.0.0.xsd">
	<modelVersion>4.0.0</modelVersion>
	<groupId>hood</groupId>
	<artifactId>hibernateTc1</artifactId>
	<version>1.0-SNAPSHOT</version>
	<dependencies>
	
		<dependency>
			<groupId>org.hibernate</groupId>
			<artifactId>hibernate-core</artifactId>
			<version>3.5.6-Final</version>
		</dependency>
		<dependency>
			<groupId>org.hibernate</groupId>
			<artifactId>hibernate-entitymanager</artifactId>
			<version>3.5.6-Final</version>
			<exclusions>
				<exclusion>
					<artifactId>hibernate-validator</artifactId>
					<groupId>org.hibernate</groupId>
				</exclusion>
			</exclusions>
		</dependency>
		<dependency>
			<groupId>org.slf4j</groupId>
			<artifactId>slf4j-log4j12</artifactId>
			<version>1.4.2</version>
		</dependency>
		<dependency>
			<groupId>mysql</groupId>
			<artifactId>mysql-connector-java</artifactId>
			<version>5.0.8</version>
		</dependency>

	</dependencies>

	<build>
		<plugins>
			<plugin>
				<artifactId>maven-compiler-plugin</artifactId>
				<version>2.0.2</version>
				<configuration>
					<source>1.6</source>
					<target>1.6</target>
					<encoding>ISO-8859-1</encoding>
				</configuration>
			</plugin>
		</plugins>
	</build>

</project>