<?xml version='1.0' encoding='utf-8'?> 
<!DOCTYPE hibernate-configuration PUBLIC 
        "-//Hibernate/Hibernate Configuration DTD 3.0//EN" 
        "http://hibernate.sourceforge.net/hibernate-configuration-3.0.dtd">

<hibernate-configuration>

	<session-factory>
		<property name="hibernate.dialect">
			org.hibernate.dialect.DB2400Dialect
   </property>
		<property name="hibernate.connection.driver_class">
			com.ibm.as400.access.AS400JDBCDriver
   </property>

		<!-- Assume test is the database name -->
		<property name="hibernate.connection.url">
			jdbc:as400://<My As400 IP>;naming=system;prompt=false;
   </property>
		<property name="hibernate.connection.username">
			<USERNAME>
   </property>
		<property name="hibernate.connection.password">
			<PASSWORD>
   </property>

		<!-- List of XML mapping files -->
		<mapping resource="Test.hbm.xml" />

	</session-factory>

</hibernate-configuration> 