<?xml version="1.0" encoding="UTF-8"?>
<beans xmlns="http://www.springframework.org/schema/beans" xmlns:xsi="http://www.w3.org/2001/XMLSchema-instance"
       xmlns:p="http://www.springframework.org/schema/p" xmlns:aop="http://www.springframework.org/schema/aop"
       xmlns:context="http://www.springframework.org/schema/context"
       xmlns:jee="http://www.springframework.org/schema/jee"
       xmlns:tx="http://www.springframework.org/schema/tx"
       xsi:schemaLocation="
			http://www.springframework.org/schema/aop http://www.springframework.org/schema/aop/spring-aop-3.0.xsd
			http://www.springframework.org/schema/beans http://www.springframework.org/schema/beans/spring-beans-3.0.xsd
			http://www.springframework.org/schema/context http://www.springframework.org/schema/context/spring-context-3.0.xsd
			http://www.springframework.org/schema/jee http://www.springframework.org/schema/jee/spring-jee-3.0.xsd
			http://www.springframework.org/schema/tx http://www.springframework.org/schema/tx/spring-tx-3.0.xsd">

    <context:annotation-config/>
    <context:component-scan base-package="com.indexing" />

    <bean id="dataSource" class="com.mchange.v2.c3p0.ComboPooledDataSource" destroy-method="close">
        <property name="driverClass" value="com.mysql.jdbc.Driver"/>
        <property name="jdbcUrl" value="jdbc:mysql://localhost:3306/listeners_test"/>
        <property name="acquireIncrement" value="5"/>
        <property name="maxIdleTime" value="10800"/>
        <property name="idleConnectionTestPeriod" value="60"/>
        <property name="maxPoolSize" value="100"/>
        <property name="maxStatements" value="0"/>
        <property name="minPoolSize" value="1"/>
        <property name="user" value="root"/>
        <property name="password" value=""/>
    </bean>

    <bean id="sessionFactory" class="org.springframework.orm.hibernate3.LocalSessionFactoryBean">
        <property name="dataSource" ref="dataSource"/>
        <!--<property name="eventListeners">-->
            <!--<map>-->
                <!--<entry key="post-update"><bean class="org.hibernate.search.event.FullTextIndexEventListener"/></entry>-->
                <!--<entry key="post-insert"><bean class="org.hibernate.search.event.FullTextIndexEventListener"/></entry>-->
                <!--<entry key="post-delete"><bean class="org.hibernate.search.event.FullTextIndexEventListener"/></entry>-->
                <!--<entry key="post-collection-recreate"><bean class="org.hibernate.search.event.FullTextIndexEventListener"/></entry>-->
                <!--<entry key="post-collection-remove"><bean class="org.hibernate.search.event.FullTextIndexEventListener"/></entry>-->
                <!--<entry key="post-collection-update"><bean class="org.hibernate.search.event.FullTextIndexEventListener"/></entry>-->
            <!--</map>-->
        <!--</property>-->
        <property name="mappingResources">
            <list>
                <value>com/indexing/people/person.hbm.xml</value>
                <value>com/indexing/people/event.hbm.xml</value>
                <value>com/indexing/people/parent_of_birth_event.hbm.xml</value>
            </list>
        </property>
        <property name="hibernateProperties">
            <value>
                hibernate.dialect=org.hibernate.dialect.MySQLInnoDBDialect
                hibernate.search.default.indexBase=indexes
            </value>
        </property>
    </bean>

    <bean id="transactionManager" class="org.springframework.orm.hibernate3.HibernateTransactionManager">
        <property name="sessionFactory" ref="sessionFactory"/>
    </bean>

    <aop:config>
        <aop:advisor pointcut="execution(* com.indexing.persistence.PersonDaoHibernate.*(..))" advice-ref="txAdvice"/>
    </aop:config>


    <tx:advice id="txAdvice" transaction-manager="transactionManager">
        <tx:attributes>
            <tx:method name="create*"/>
            <tx:method name="update*"/>
            <tx:method name="save*"/>
            <tx:method name="add*"/>
            <tx:method name="delete*"/>
            <tx:method name="*" read-only="true"/>
        </tx:attributes>
    </tx:advice>

</beans>
