<?xml version = '1.0' encoding = 'UTF-8'?>
<Relation class="oracle.dbtools.crest.model.design.logical.Relation" name="Relation_2" id="552956FE-D0E3-24C1-43C5-82D0511D73BE" directorySegmentName="seg_0">
<createdBy>marchiori</createdBy>
<createdTime>2014-02-06 11:21:33 UTC</createdTime>
<ownerDesignName>model</ownerDesignName>
<engineerTo>
<item key="63912EBD-D56B-5BF9-76D7-3E97D420B701" value="true"/>
</engineerTo>
<identifying>true</identifying>
<optionalSource>true</optionalSource>
<optionalTarget>false</optionalTarget>
<sourceCardinality>1</sourceCardinality>
<sourceEntity>AB6D80C1-DD4E-A9EF-687F-9FF32D9801EC</sourceEntity>
<targetCardinalityString>*</targetCardinalityString>
<targetEntity>657741AB-1580-4B3E-FBDA-9EB16E97648D</targetEntity>
<transferable>true</transferable>
</Relation>