<?xml version = '1.0' encoding = 'UTF-8'?>
<Relation class="oracle.dbtools.crest.model.design.logical.Relation" name="Relation_1" id="61DEB941-B3D1-C6FB-3A99-C413EC212A66" directorySegmentName="seg_0">
<createdBy>marchiori</createdBy>
<createdTime>2014-02-06 11:20:53 UTC</createdTime>
<ownerDesignName>model</ownerDesignName>
<engineerTo>
<item key="63912EBD-D56B-5BF9-76D7-3E97D420B701" value="true"/>
</engineerTo>
<identifying>true</identifying>
<optionalSource>true</optionalSource>
<optionalTarget>false</optionalTarget>
<sourceCardinality>1</sourceCardinality>
<sourceEntity>0D2805D3-6F48-2130-6DB5-227480E35FCE</sourceEntity>
<targetCardinalityString>*</targetCardinalityString>
<targetEntity>657741AB-1580-4B3E-FBDA-9EB16E97648D</targetEntity>
<transferable>true</transferable>
</Relation>