<?xml version="1.0"?>
<!DOCTYPE hibernate-mapping PUBLIC
    "-//Hibernate/Hibernate Mapping DTD 3.0//EN"
    "http://hibernate.sourceforge.net/hibernate-mapping-3.0.dtd">

<hibernate-mapping>

  <class name="org.mycompany.hibernate.search.MySubClass">
    <id name="dbid" column="DBID_">
      <generator class="native" />
    </id>
    <property name="field1" column="F_ONE" />
    <property name="field2" column="F_TWO" />
    <property name="field3" column="F_THREE" />
  </class>

</hibernate-mapping>
