<?xml version='1.0' encoding='utf-8'?>
<!DOCTYPE hibernate-configuration PUBLIC "-//Hibernate/Hibernate Configuration DTD 3.0//EN" "http://hibernate.sourceforge.net/hibernate-configuration-3.0.dtd">

<hibernate-configuration>
    <session-factory>
        <!-- Database connection settings -->
        <property name="connection.driver_class">com.mysql.jdbc.Driver</property>
        <property name="connection.url">jdbc:mysql://localhost:3306/CompanyDB</property>
        <property name="connection.username">user</property>
        <property name="connection.password">password</property>

        <!-- JDBC connection pool (use the built-in) -->
        <property name="connection.pool_size">1</property>

        <!-- SQL dialect -->
        <property name="dialect">org.hibernate.dialect.MySQLDialect</property>

        <!-- Enable Hibernate's automatic session context management -->
        <property name="current_session_context_class">thread</property>

        <!-- Disable the second-level cache  -->
        <property name="cache.provider_class">org.hibernate.cache.NoCacheProvider</property>

        <!-- Echo all executed SQL to stdout -->
        <property name="show_sql">true</property>

        <mapping resource="src/com/zappware/hibernatetest/relations/onetoone/data/Employee.hbm.xml"/>
        <mapping resource="src/com/zappware/hibernatetest/relations/onetoone/data/Address.hbm.xml"/>
		<!--
        <mapping resource="src/com/zappware/hibernatetest/relations/onetomany/data/Company.hbm.xml"/>
        <mapping resource="src/com/zappware/hibernatetest/relations/onetomany/data/Employee.hbm.xml"/>
        <mapping resource="src/com/zappware/hibernatetest/relations/manytomany/data/Customer.hbm.xml"/>
        <mapping resource="src/com/zappware/hibernatetest/relations/manytomany/data/Company.hbm.xml"/>
        -->

    </session-factory>

</hibernate-configuration>