<?xml version='1.0' encoding='utf-8'?>
<!DOCTYPE hibernate-configuration PUBLIC
  "-//Hibernate/Hibernate Configuration DTD//EN"
  "http://hibernate.sourceforge.net/hibernate-configuration-3.0.dtd">

<hibernate-configuration>
	<session-factory>
		<property name="dialect">org.hibernate.dialect.Oracle9Dialect</property>
		<property name="connection.driver_class">oracle.jdbc.driver.OracleDriver</property>
		<property name="connection.url">jdbc:oracle:thin:@delta.bg.yc:1521:ET3KJE</property>
		<property name="connection.username">et3000</property>
		<property name="connection.password">et3000</property>
		<property name="show_sql">true</property>
		<property name="current_session_context_class">thread</property>

		<mapping resource="yc/hibprob/Customer.hbm.xml"/>
		<mapping resource="yc/hibprob/Address.hbm.xml"/>

	</session-factory>
</hibernate-configuration>