<!DOCTYPE hibernate-mapping PUBLIC 
    "-//Hibernate/Hibernate Mapping DTD 3.0//EN"
    "http://hibernate.sourceforge.net/hibernate-mapping-3.0.dtd">

<hibernate-mapping default-access="field" package="com.kaching.experimental.users.pascal">
  <class name="Item" table="items">
    <id name="id" column="id" type="int">
      <generator class="native" />
    </id>
    <bag name="comments" cascade="save-update,delete-orphan" inverse="true">
      <key column="item_id" />
      <one-to-many class="Comment" />
    </bag>
  </class>
</hibernate-mapping>