<?xml version="1.0"?>
<!DOCTYPE hibernate-mapping PUBLIC
    "-//Hibernate/Hibernate Mapping DTD//EN"
    "http://hibernate.sourceforge.net/hibernate-mapping-2.0.dtd" >
    
<hibernate-mapping>

<!-- 
    Created by Middlegen Hibernate plugin

    http://boss.bekk.no/boss/middlegen/
    http://hibernate.sourceforge.net/
-->

<class name="Bar" table="BAR">
  <composite-id>
    <key-many-to-one name="foo" class="Foo">
      <column name="ID_FOO" />
    </key-many-to-one>
  </composite-id>    

  <property name="text"/>
</class>
</hibernate-mapping>
