<?xml version='1.0' encoding='utf-8'?>
<!DOCTYPE hibernate-configuration PUBLIC "-//Hibernate/Hibernate Configuration DTD//EN"
                                         "http://hibernate.sourceforge.net/hibernate-configuration-2.0.dtd">

<hibernate-configuration>

  <session-factory>
    <property name="connection.driver_class">com.p6spy.engine.spy.P6SpyDriver</property>
    <property name="connection.url">jdbc:jtds:sqlserver://1288b:1053/test;SelectMethod=cursor</property>

    <property name="connection.username">sa</property>
    <property name="connection.password"></property>

    <property name="jdbc.use_scrollable_resultset">false</property>

    <property name="show_sql">false</property>
    <property name="use_outer_join">true</property>
    <property name="dialect">net.sf.hibernate.dialect.SybaseDialect</property>

        <!-- Mapping files -->
        <mapping resource="Foo.hbm.xml"/>           
        <mapping resource="Bar.hbm.xml"/>           
    </session-factory>

</hibernate-configuration>
