<?xml version="1.0" encoding="UTF-8"?>
<!DOCTYPE log4j:configuration SYSTEM "log4j.dtd" >
<log4j:configuration>
    <appender name="stdout" class="org.apache.log4j.ConsoleAppender">
        <layout class="org.apache.log4j.PatternLayout">
            <param name="ConversionPattern"
                value="%d{HH:mm:ss.SSS} %-5p [%t][%c]:%L %m%n" />
        </layout>
    </appender>

     <logger name="org.hibernate">
        <level value="debug" />
    </logger>

    <root>
        <priority value="info"></priority>
        <appender-ref ref="stdout" />
    </root>
</log4j:configuration>
