<?xml version="1.0" encoding="UTF-8"?>
<entity-mappings 
	xmlns="http://xmlns.jcp.org/xml/ns/persistence/orm"
    xmlns:xsi="http://www.w3.org/2001/XMLSchema-instance"
    xsi:schemaLocation="http://xmlns.jcp.org/xml/ns/persistence/orm
		http://xmlns.jcp.org/xml/ns/persistence/orm_2_1.xsd" version="2.1">
    
	<entity class="org.ginger.generators.override.EntityWithGenId">
     	<table name="ENTWIGEN"/>
     	<attributes>
     		<id name="myId">
     			<generated-value generator="entGenIdSeq"/>
     			<generic-generator name="entGenIdSeq" strategy="org.ginger.generators.override.CustomIdGenerator"/>
     		</id>
     	</attributes>
    </entity>
    
</entity-mappings>
