<?xml version='1.0' encoding='utf-8'?>
<!DOCTYPE hibernate-configuration
    PUBLIC "-//Hibernate/Hibernate Configuration DTD//EN"
    "http://hibernate.sourceforge.net/hibernate-configuration-2.0.dtd">

<hibernate-configuration>

    <session-factory>

        <!--        <property name="connection.url">jdbc:mysql://127.0.0.1/hibernateissue</property>-->
        <property name="connection.url">jdbc:oracle:thin:@lpar2:1521:qure2</property>
        <property name="connection.driver_class">com.p6spy.engine.spy.P6SpyDriver</property>
        <property name="connection.username">hibernateissue</property>
        <property name="connection.password">password</property>
        <property name="show_sql">true</property>
        <property name="dialect">net.sf.hibernate.dialect.OracleDialect</property>

        <mapping resource="com/tangible/test/bo/Project.hbm.xml"/>
        <mapping resource="com/tangible/test/bo/User.hbm.xml"/>
        <mapping resource="com/tangible/test/bo/UserDetails.hbm.xml"/>
        <mapping resource="com/tangible/test/bo/Role.hbm.xml"/>

    </session-factory>

</hibernate-configuration>