<?xml version="1.0" encoding="UTF-8"?>
<!DOCTYPE hibernate-configuration PUBLIC "-//Hibernate/Hibernate Configuration DTD 3.0//EN" "http://hibernate.sourceforge.net/hibernate-configuration-3.0.dtd">
<hibernate-configuration>
  <session-factory>
    <property name="connection.url">jdbc:hsqldb:mem:mybugdb</property>
    <property name="connection.username">sa</property>
    <property name="connection.driver_class">org.hsqldb.jdbcDriver</property>
    <property name="dialect">org.hibernate.dialect.HSQLDialect</property>
    <property name="hbm2ddl.auto">create-drop</property>
    <!-- this will show us all sql statements
        <property name="hibernate.show_sql">true</property>
        <property name="hibernate.format_sql">true</property>
        -->
    <!-- mapping files -->
    <mapping resource="FooEntity.hbm.xml"/>
  </session-factory>
</hibernate-configuration>
