<?xml version="1.0"?>
<!DOCTYPE hibernate-mapping PUBLIC "-//Hibernate/Hibernate Mapping DTD//EN"
                                   "http://hibernate.sourceforge.net/hibernate-mapping-2.0.dtd">

<hibernate-mapping>
	<!-- Size -->
	<class name="com.fgl.ina.mastertables.sizes.Size" table="size">
		<id name="sizeID" column="size_ID" type="integer" >
			<generator class="net.sf.hibernate.id.IdentityGenerator"/>
		</id>
		<property name="nrfSizeCode"    column="nrf_size_code" type="string" length="50"/>
		<set name="descriptions" outer-join="false">
			<key column="size_ID"/>
			<one-to-many class="com.fgl.ina.mastertables.sizes.SizeDescription"/>
		</set>
	</class>

	<!-- Size Description -->
	<class name="com.fgl.ina.mastertables.sizes.SizeDescription" table="size_description">
		<composite-id>
			<key-property name="ID"       column="size_ID"       type="integer"/>
			<key-property name="language" column="locale"        type="string"/>
		</composite-id>

		<property name="description"      column="description"   type="string"/>
	</class>

	<!-- Size Group -->
	<class name="com.fgl.ina.mastertables.sizes.SizeGroup" table="size_group">
		<id name="groupID" column="size_group_ID" type="integer">
			<generator class="net.sf.hibernate.id.IdentityGenerator"/>
		</id>
		<set name="descriptions">
			<key column="size_group_ID"/>
			<one-to-many class="com.fgl.ina.mastertables.sizes.SizeGroupDescription"/>
		</set>
		<set name="sizes" table="size_group_xref">
			<key column="size_group_ID" foreign-key="size_ID"/>
			<many-to-many class="com.fgl.ina.mastertables.sizes.Size" column="size_ID"/>
		</set>
	</class>

	<!-- Size Group -->
	<class name="com.fgl.ina.mastertables.sizes.SizeGroupDescription" table="size_group_description">
		<composite-id>
			<key-property name="ID"       column="size_group_ID" type="integer"/>
			<key-property name="language" column="locale"        type="string"/>
		</composite-id>

		<property name="description"      column="description"   type="string"/>

	</class>
</hibernate-mapping>
