<?xml version="1.0" encoding="ISO-8859-1"?>
<!DOCTYPE hibernate-mapping PUBLIC "-//Hibernate/Hibernate Mapping DTD 3.0//EN" "http://hibernate.sourceforge.net/hibernate-mapping-3.0.dtd">

<hibernate-mapping>
   <class name="Entity1" table="ENTITY1" where="ID>0">
      <id name="id" column="ID" type="integer" unsaved-value="null">
         <generator class="assigned" />
      </id>
   </class>
   <class name="Entity2" table="ENTITY2">
      <id name="id" column="ID" type="integer" unsaved-value="null">
         <generator class="assigned" />
      </id>
   </class>
</hibernate-mapping>
