<?xml version="1.0" encoding="ISO-8859-1"?>
<!DOCTYPE hibernate-configuration PUBLIC "-//Hibernate/Hibernate Configuration DTD//EN" "http://hibernate.sourceforge.net/hibernate-configuration-3.0.dtd">

<hibernate-configuration>
   <session-factory>

      <!-- PostgreSQL 8.0.2 Database configuration @ localhost -->
      <property name="dialect">org.hibernate.dialect.PostgreSQLDialect</property>
      <property name="connection.driver_class">org.postgresql.Driver</property>
      <property name="connection.url">jdbc:postgresql://localhost:5432/TEST</property>
      <property name="connection.username">sysdba</property>
      <property name="connection.password">sysdba</property>
      <property name="jdbc.use_get_generated_keys">true</property>

      <!-- Hibernate configuration -->
      <property name="show_sql">true</property>
      <property name="query.factory_class">org.hibernate.hql.ast.ASTQueryTranslatorFactory</property>

      <!-- Cache configuration -->
      <property name="cache.provider_class">org.hibernate.cache.EhCacheProvider</property>

      <!-- Mappings -->
      <mapping resource="Entity.hbm.xml"/>

   </session-factory>
</hibernate-configuration>
