<?xml version="1.0"  encoding="ISO-8859-1"?>
<!DOCTYPE Configure PUBLIC "-//Mort Bay Consulting//DTD Configure//EN" "http://jetty.mortbay.org/configure.dtd">
<Set name="configurationClasses">
    <Array type="java.lang.String">
      <Item>org.mortbay.jetty.webapp.WebInfConfiguration</Item>
      <Item>org.mortbay.jetty.plus.webapp.EnvConfiguration</Item>
      <Item>org.mortbay.jetty.annotations.Configuration</Item>
      <Item>org.mortbay.jetty.webapp.JettyWebXmlConfiguration</Item>
      <Item>org.mortbay.jetty.webapp.TagLibConfiguration</Item>
    </Array>
  </Set>
