<?xml version="1.0"  encoding="ISO-8859-1"?>
<!DOCTYPE Configure PUBLIC "-//Mort Bay Consulting//DTD Configure//EN" "http://jetty.mortbay.org/configure.dtd">
<Configure class="org.mortbay.jetty.webapp.WebAppContext">

  <New id="tx" class="org.mortbay.jetty.plus.naming.Transaction" >
      <Arg>
         <New class="com.atomikos.icatch.jta.UserTransactionImp"></New>
      </Arg>
  </New>
  
  <!--<Call class="java.lang.System" name="setProperty">
      <Arg>com.atomikos.icatch.file</Arg>
      <Arg>src/main/resources/jta.properties</Arg>
  </Call>-->
  
  
  

 <!--<New id="tx" class="org.mortbay.jetty.plus.naming.Transaction">
  <Arg>
    <New class="com.atomikos.icatch.jta.J2eeUserTransaction"/>
  </Arg>
 </New>-->
 
 </Configure>

  
   
  









