<?xml version="1.0"?>
<!DOCTYPE hibernate-mapping PUBLIC
    "-//Hibernate/Hibernate Mapping DTD 3.0//EN"
    "http://hibernate.sourceforge.net/hibernate-mapping-3.0.dtd">

<hibernate-mapping>
	
	<class name="Entity1" table="ENTITY1">
	    
        <id name="id" unsaved-value="null" >
            <column name="ID" not-null="true"/>
            <generator class="native"/>
        </id>
           	
    	<set name="entity2s" table="ENTITY1_TO_ENTITY2">
        	<key column="ENTITY1_ID"/>
        	<many-to-many class="Entity2" column="ENTITY2_ID" />
        	<filter name="testfilter" condition=":idParameter = ID" />
    	</set>
    	
		<filter name="testfilter" condition=":idParameter = ID" />

    </class>


	<class name="Entity2" table="ENTITY2">
	    
        <id name="id" unsaved-value="null" >
            <column name="ID" not-null="true"/>
            <generator class="native"/>
        </id>

		<filter name="testfilter" condition=":idParameter = ID" />

    </class>

	<filter-def name="testfilter">
		<filter-param name="idParameter" type="int"/>
	</filter-def>


</hibernate-mapping>