<?xml version="1.0"?>
<!DOCTYPE hibernate-mapping PUBLIC "-//Hibernate/Hibernate Mapping DTD 3.0//EN"
"http://hibernate.sourceforge.net/hibernate-mapping-3.0.dtd">
<!-- Generated Oct 20, 2006 2:52:08 PM by Hibernate Tools 3.2.0.beta8 -->
<hibernate-mapping>
    <class name="com.tfn.to.cmdb.da.Class" table="class" catalog="cmdb">
        <comment></comment>
        <id name="classid" type="int">
            <column name="classid" />
            <generator class="assigned" />
        </id>
        <property name="classname" type="string">
            <column name="classname" length="45">
                <comment></comment>
            </column>
        </property>
        <set name="classranges" inverse="true">
            <key>
                <column name="classid" not-null="true" unique="true">
                    <comment></comment>
                </column>
            </key>
            <one-to-many class="com.tfn.to.cmdb.da.Classrange" />
        </set>
    </class>
</hibernate-mapping>
