<?xml version="1.0"?>
<!DOCTYPE hibernate-mapping PUBLIC "-//Hibernate/Hibernate Mapping DTD 3.0//EN"
"http://hibernate.sourceforge.net/hibernate-mapping-3.0.dtd">
<!-- Generated Oct 20, 2006 2:52:08 PM by Hibernate Tools 3.2.0.beta8 -->
<hibernate-mapping>
    <class name="com.tfn.to.cmdb.da.Classrange" table="classrange" catalog="cmdb">
        <comment></comment>
        <id name="classid" type="int">
            <column name="classid" />
            <generator class="assigned" />
        </id>
        <many-to-one name="class" class="com.tfn.to.cmdb.da.Class" update="false" insert="false" fetch="select">
            <column name="classid" not-null="true" unique="true">
                <comment></comment>
            </column>
        </many-to-one>
        <property name="range" type="int">
            <column name="range" not-null="true">
                <comment></comment>
            </column>
        </property>
    </class>
</hibernate-mapping>
