<?xml version='1.0' encoding='UTF-8'?>
<!DOCTYPE hibernate-configuration PUBLIC
          "-//Hibernate/Hibernate Configuration DTD 3.0//EN"
          "http://hibernate.sourceforge.net/hibernate-configuration-3.0.dtd">

<hibernate-configuration>

	<session-factory>

		<property name="hibernate.show_sql">true</property>
		<property name="hibernate.use_outer_join">true</property>
		<property name="hibernate.max_fetch_depth">3</property>
		<property name="hibernate.jdbc.batch_versioned_data">true</property>
		<property name="hibernate.default_batch_fetch_size">32</property>
		<property name="hibernate.cache.use_query_cache">true</property>
 		<property name="hibernate.transaction.factory_class">org.hibernate.transaction.JDBCTransactionFactory</property>

		<!-- mapping files -->
		<mapping resource="test/model/test.model.hbm.xml"/>
									
	</session-factory>

</hibernate-configuration>