<?xml version="1.0"?>
<!DOCTYPE hibernate-mapping PUBLIC
    "-//Hibernate/Hibernate Mapping DTD//EN"
    "http://hibernate.sourceforge.net/hibernate-mapping-2.0.dtd" >
    
<hibernate-mapping>

<class name="AppUser" table="AppUser" >
    <id
        name="userskey"
        type="java.lang.Long"
        unsaved-value="any"
    >
        <generator class="assigned" />
    </id>
    <property
        name="name"
        type="java.lang.String"
        length="20"
    />

    <!-- bi-directional many-to-many association to Role -->
    <set name="roles" lazy="false" table="UserRole" cascade="all" >
        <key column="userskey" />
        <composite-element class="UserRole" >
        	<property  not-null="true" name="noteComment" type="java.lang.String" />
        	<many-to-one name="role" class="Role">
        		<column name="roleskey" />
        	</many-to-one>
        </composite-element>
    </set>

</class>
</hibernate-mapping>
