<project name="anttest">
	<property name="hibernate-core.jar" location="../../../../hibernate-3.0/hibernate3.jar"/>
	<property name="hibernate-core.home" location="../../../../hibernate3"/>
	<property name="hibernate-core.lib.dir" location="${hibernate-core.home}/lib"/>
	<property name="build.dir" location="../../build/anttest"/>
	<property file="../../etc/hibernate.properties"/>
	
	<!-- task for testing ant tasks. Will not work without being run from inside the Hibernate ant task test case.
		Will try and find a better place for it. -->
	<target name="testantcfg">
		<mkdir dir="build/testsupport"/>
		<taskdef name="hibernatetool" classname="org.hibernate.tool.ant.HibernateToolTask"/>
		<hibernatetool destdir="${build.dir}/topdown">
			<classpath>
				<path location="../../build/testsupport"/>
			</classpath>
			<configuration>
				<fileset dir="../test" id="id">
					<include name="**/*TopDown.hbm.xml"/>
				</fileset>
			</configuration>
			<hbm2java/>
			<hbm2ddl drop="false" export="false" outputfilename="xxx.sql"/>
		</hibernatetool>
	</target>
	
	<target name="testantjdbccfg">
		<taskdef name="hibernatetool" classname="org.hibernate.tool.ant.HibernateToolTask"
			classpath="${hibernate-core.jar};../build/classes;lib/velocity-1.4.jar;lib/velocity-tools-generic-1.1.jar;../../metadata/build/classes;${hibernate-core.home}\jdbc\hsqldb.jar"/>
		<property file="../etc/hibernate.properties" prefix="tools"/>
		<!--       <sql onerror="continue" driver="${tools.hibernate.connection.driver_class}" password="${tools.hibernate.connection.password}" url="${tools.hibernate.connection.url}" userid="${tools.hibernate.connection.username}" classpath="C:\work\products\hsqldb-1.7.2.6\lib\hsqldb.jar">
		create table BottomUp (
		   id bigint not null,
		   name varchar(255),
		   primary key (id)
		)
	   </sql>    -->
		<hibernatetool destdir="${build.dir}/bottomup">
			<jdbcconfiguration propertyfile="../../etc/hibernate.properties"/>
			<hbm2java/>
			<hbm2java templatespath="templates"/>
		</hibernatetool>
	</target>
	
	<path id="tasks.classpath">
		<fileset dir="${hibernate-core.lib.dir}">
			<include name="**/*.jar"/>
		</fileset>
		<fileset dir="lib">
			<include name="**/*.jar"/>
		</fileset>
		<pathelement location="${hibernate-core.jar}"/>
		<pathelement path="build/classes"/>
	</path>
	
	<target name="testanthbm2java">
		<taskdef name="hibernatetool" classname="org.hibernate.tool.ant.HibernateToolTask"
			classpathref="tasks.classpath"/>
		<hibernatetool destdir="${build.dir}/bottomup">
			<configuration propertyfile="../../etc/hibernate.properties">
				<fileset dir="src/test/org/hibernate/tool/hbm2x">
					<include name="**/*.hbm.xml"/>
				</fileset>
			</configuration>
			<hbm2java generics="true"/>
		</hibernatetool>
	</target>
	
	<target name="testantannotationcfg">
		<taskdef name="hibernatetoolx" classname="org.hibernate.tool.ant.HibernateToolTask"
			classpath="${hibernate-core.jar};build/classes;../metadata/build/classes"/>
		<hibernatetoolx destdir="${build.dir}/bottomup">
			<annotationconfiguration/>
			<hbm2ddl/>
		</hibernatetoolx>
	</target>
	
	<path id="tasks.classpath">
		<fileset dir="${hibernate-core.lib.dir}">
			<include name="**/*.jar"/>
		</fileset>
		<fileset dir="../../lib">
			<include name="**/*.jar"/>
		</fileset>
		<pathelement location="${hibernate-core.jar}"/>
		<pathelement path="build/classes"/>
	</path>
	
	<target name="testantejb3hbm2java">
		<taskdef name="hibernatetool" classname="org.hibernate.tool.ant.HibernateToolTask"
			classpathref="tasks.classpath"/>
		<hibernatetool destdir="${build.dir}/bottomup">
			<configuration propertyfile="../../etc/hibernate.properties">
				<fileset dir="../test/org/hibernate/tool/hbm2x">
					<include name="**/*.hbm.xml"/>
				</fileset>
			</configuration>
			<hbm2java ejb3="true"/>
		</hibernatetool>
	</target>
	
	<target name="prepareCfg2hbm" description="prepare for cfg2hbm tasks">
		<sql onerror="continue"
			 driver="${hibernate.connection.driver_class}"
			 url="${hibernate.connection.url}"
			 userid="${hibernate.connection.username}"
			 password="${hibernate.connection.password}"
			 classpath="${hibernate-core.lib.dir}/hsqldb-1.7.3.3.jar">
		create table VeriSimplyTable ( id bigint not null, name varchar(255), primary key (id) )
		</sql>
		
		<delete dir="${build.dir}/cfg2hbm" failonerror="false"/>
		<mkdir dir="${build.dir}/cfg2hbm"/>
	</target>
	
	<target name="testantcfg2hbm1" 
			depends="prepareCfg2hbm" 
			description="simple CFG2HBM">
		<taskdef name="hibernatetool" 
				 classname="org.hibernate.tool.ant.HibernateToolTask"
				 classpathref="tasks.classpath"/>

		<hibernatetool>
			<jdbcconfiguration propertyfile="../../etc/hibernate.properties"/>
			<cfg2hbm destdir="${build.dir}/cfg2hbm"/> 
		</hibernatetool>
	</target>

	<target name="testantcfg2hbm2" 
			depends="prepareCfg2hbm"
			description="valid custom ReverseNamingStrategy">
		<taskdef name="hibernatetool" 
				 classname="org.hibernate.tool.ant.HibernateToolTask"
				 classpathref="tasks.classpath"/>

		<hibernatetool>
			<jdbcconfiguration propertyfile="../../etc/hibernate.properties"
							   namingStrategy="org.hibernate.tool.ant.NonProtectedDefaultReverseNamingStrategy"/>
			<cfg2hbm destdir="${build.dir}/cfg2hbm"/> 
		</hibernatetool>
	</target>
	
	<target name="testantcfg2hbm3" 
			depends="prepareCfg2hbm" 
			description="invalid ReverseNamingStrategy classname">
		<taskdef name="hibernatetool" 
				 classname="org.hibernate.tool.ant.HibernateToolTask"
				 classpathref="tasks.classpath"/>
		
		<hibernatetool>
			<jdbcconfiguration propertyfile="../../etc/hibernate.properties"
							   namingStrategy="invalid.classname"/>
			<cfg2hbm destdir="${build.dir}/cfg2hbm"/> 
		</hibernatetool>
	</target>
	
	<target name="testantcfg2hbm4" 
		 	depends="prepareCfg2hbm"
			description="CFG2HBM with packageName">
		<taskdef name="hibernatetool" 
				 classname="org.hibernate.tool.ant.HibernateToolTask"
				 classpathref="tasks.classpath"/>
		
		<hibernatetool>
			<jdbcconfiguration propertyfile="../../etc/hibernate.properties"
							   packageName="org.h3.test"/>
			<cfg2hbm destdir="${build.dir}/cfg2hbm"/> 
		</hibernatetool>
	</target>
	
	<target name="testantcfg2hbm5" 
			depends="prepareCfg2hbm" 
			description="CFG2HBM with packageName and ReverseNamingStrategy">
		<taskdef name="hibernatetool" 
				 classname="org.hibernate.tool.ant.HibernateToolTask"
				 classpathref="tasks.classpath"/>
		
		<hibernatetool>
			<jdbcconfiguration propertyfile="../../etc/hibernate.properties"
							   packageName="org.h3.test"
							   namingStrategy="org.hibernate.cfg.reveng.ConfigurableReverseNamingStrategy"/>
			<cfg2hbm destdir="${build.dir}/cfg2hbm"/> 
		</hibernatetool>
	</target>
	
	<target name="testantcfg2hbm6" 
			depends="prepareCfg2hbm" 
			description="CFG2HBM with packageName and ReverseNamingStrategy not supporting packageName">
		<taskdef name="hibernatetool" 
				 classname="org.hibernate.tool.ant.HibernateToolTask"
				 classpathref="tasks.classpath"/>
		
		<hibernatetool>
			<jdbcconfiguration propertyfile="../../etc/hibernate.properties"
							   packageName="org.h3.test"
							   namingStrategy="org.hibernate.tool.ant.NonProtectedDefaultReverseNamingStrategy"/>
			<cfg2hbm destdir="${build.dir}/cfg2hbm"/> 
		</hibernatetool>
	</target>
</project>
