<?xml version="1.0"?>
<!DOCTYPE hibernate-mapping
	PUBLIC "-//Hibernate/Hibernate Mapping DTD 3.0//EN"
	"http://hibernate.sourceforge.net/hibernate-mapping-3.0.dtd">
<hibernate-mapping package="hibernateBug">
	<class name="A">
		<id name="id" type="long">
			<generator class="native" />
		</id>
		<set name="bs" table="ABs">
			<key column="A_ID" />
			<many-to-many class="B" column="B_ID" />
		</set>
	</class>
	<class name="B">
		<id name="id" type="long">
			<generator class="native" />
		</id>
		<many-to-one name="c" column="C_ID" />
	</class>
	<class name="C">
		<id name="id" type="long">
			<generator class="native" />
		</id>
		<property name="value" type="string" />
	</class>
</hibernate-mapping>
