<?xml version="1.0" encoding="UTF-8"?>
<!DOCTYPE hibernate-configuration PUBLIC
        "-//Hibernate/Hibernate Configuration DTD 3.0//EN"
        "http://hibernate.sourceforge.net/hibernate-configuration-3.0.dtd">
<hibernate-configuration>
    <session-factory>
        <property name="hibernate.connection.driver_class">
            org.h2.Driver
        </property>
        <property name="hibernate.connection.url">
            jdbc:h2:~/testh2
        </property>
        <property name="hibernate.connection.username">sa</property>
        <property name="hibernate.dialect">
            org.hibernate.dialect.H2Dialect
        </property>
        <property name="hibernate.current_session_context_class">
            thread
        </property>
        <property name="hibernate.hbm2ddl.auto">create</property>
        <property name="hibernate.cglib.use_reflection_optimizer">
            false
        </property>
    <property name="hibernate.order_updates">true</property>
    <property name="hibernate.max_fetch_depth">1</property>
    <property name="hibernate.transaction.flush_before_completion">true</property>
    <property name="hibernate.show_sql">true</property>
    <property name="hibernate.use_sql_comments">true</property>
    <property name="hibernate.format_sql">true</property>
        <mapping class="test.Top" />
        <mapping class="test.Middle" />
        <mapping class="test.Bottom" />
    </session-factory>
</hibernate-configuration>
