<?xml version='1.0' encoding='utf-8'?>
<!DOCTYPE hibernate-configuration PUBLIC
"-//Hibernate/Hibernate Configuration DTD 3.0//EN"
"http://hibernate.sourceforge.net/hibernate-configuration-3.0.dtd">
<hibernate-configuration>

<session-factory>

<!--property name="connection.driver_class">com.p6spy.engine.spy.P6SpyDriver</property-->

<!--For MYSQL,Starts From Here-->
<property name="connection.driver_class">com.mysql.jdbc.Driver</property>
<property name="connection.url">jdbc:mysql://localhost/hibernate?dumpQueriesOnException=true</property>
<property name="connection.username">root</property>
<property name="connection.password"></property>
<property name="dialect">org.hibernate.dialect.MySQLInnoDBDialect</property>
<property name="databasename">MYSQL</property>
<!--End Of MYSQL-->

<!-- JDBC connection pool (use the built-in) -->
<!--property name="hibernate.connection.pool_size">6</property-->
<property name="hibernate.c3p0.min_size">5</property>
<property name="hibernate.c3p0.max_size">10</property>
<property name="hibernate.c3p0.timeout">1</property>
<property name="hibernate.c3p0.max_statements">1000</property>
<property name="hibernate.c3p0.acquire_increment">1</property>
<property name="hibernate.jdbc.batch_size">1000</property>
<property name="hibernate.connection.isolation">2</property>

<property name="enablecache">true</property>
<property name="hibernate.generate_statistics">true</property>
<!-- Enable Hibernate's automatic session context management -->
<property name="current_session_context_class">thread</property>
<!-- Disable the second-level cache -->
<!--<property name="cache.provider_class">org.hibernate.cache.NoCacheProvider</property>-->
<property name="hibernate.cache.use_second_level_cache">true</property>
<property name="hibernate.cache.provider_class">org.hibernate.cache.EhCacheProvider</property>
 <!--property name="hibernate.cache.region.factory_class">net.sf.ehcache.hibernate.EhCacheRegionFactory</property-->
<property name="hibernate.cache.use_query_cache">true</property>
<property name="current_session_context_class">thread</property>
<!-- Echo all executed SQL to stdout -->
<property name="show_sql">true</property>
<!-- Drop and re-create the database schema on startup -->
<property name="hbm2ddl.auto">update</property>
<!-- ************************************** -->

<mapping resource="test/Parent.hbm.xml"/>
</session-factory>

</hibernate-configuration>
