<?xml version="1.0" encoding="UTF-8" ?>
<!DOCTYPE log4j:configuration SYSTEM "log4j.dtd">
<log4j:configuration debug="false">

<!-- FILE APPENDERS -->
<appender name="hbn_file" class="org.apache.log4j.FileAppender">
       <param name="File" value="hbn.txt"/>
           <param name="MaxFileSize" value="1MB"/>
           <param name="MaxBackupIndex" value="10"/>
       <layout  class="org.apache.log4j.PatternLayout">
                     <param name="ConversionPattern"  value="[%d{dd MMM yyyy HH:mm:ss:SSS}] %-5c{2}: %m%n"/>
           </layout>
</appender>

<appender name="nmserr_file" class="org.apache.log4j.FileAppender">
       <param name="File" value="nmserr.txt"/>
           <param name="MaxFileSize" value="1MB"/>
           <param name="MaxBackupIndex" value="10"/>
       <layout  class="org.apache.log4j.PatternLayout">
                     <param name="ConversionPattern"  value="[%d{dd MMM yyyy HH:mm:ss:SSS}] %-5c{2}: %m%n"/>
           </layout>
</appender>


<logger name="org.hibernate.cache" additivity="false">
        <level value="info"/>

            <appender-ref ref="hbn_file"/>
    </logger>
<logger name="org.hibernate" additivity="false">
        <level value="info"/>

    <appender-ref ref="hbn_file"/>
</logger>
<root>
        <level value="warn"/>
        <appender-ref ref="nmserr_file"/>
</root>

</log4j:configuration>
