<?xml version="1.0" encoding="UTF-8"?>
<project xsi:schemaLocation="http://maven.apache.org/POM/4.0.0 http://maven.apache.org/xsd/maven-4.0.0.xsd" xmlns="http://maven.apache.org/POM/4.0.0"
    xmlns:xsi="http://www.w3.org/2001/XMLSchema-instance">
  <modelVersion>4.0.0</modelVersion>
  <groupId>net.osgiliath.orthank-sample.build</groupId>
  <artifactId>deployment</artifactId>
  <version>1.0-SNAPSHOT</version>
  <packaging>pom</packaging>
  <name>net.osgiliath.orthank-sample (OSGi project)</name>
  <description>Generated using Pax-Construct</description>
  <properties>
    <org.osgi.service.http.port>8080</org.osgi.service.http.port>
    <spring.maven.artifact.version>3.0.6.RELEASE</spring.maven.artifact.version>
    <org.osgi.service.http.port.secure>8443</org.osgi.service.http.port.secure>
  </properties>
  <dependencies>
    <dependency>
      <groupId>net.osgiliath.orthank-sample.java.logging</groupId>
      <artifactId>orthank-sample.java.logging.config</artifactId>
      <version>1.0-SNAPSHOT</version>
      <type>bundle</type>
      <scope>provided</scope>
    </dependency>
    <dependency>
      <groupId>org.osgi</groupId>
      <artifactId>org.osgi.core</artifactId>
      <version>4.2.0</version>
      <scope>provided</scope>
    </dependency>
    <dependency>
      <groupId>org.osgi</groupId>
      <artifactId>org.osgi.compendium</artifactId>
      <version>4.2.0</version>
      <scope>provided</scope>
    </dependency>
    <dependency>
      <groupId>net.osgiliath.orthank-sample.third-parties</groupId>
      <artifactId>orthank-sample.third-parties.atomikos-hibernate3-adapter</artifactId>
      <version>1.0-SNAPSHOT</version>
      <type>bundle</type>
      <scope>provided</scope>
    </dependency>
    <dependency>
      <groupId>org.apache.commons</groupId>
      <artifactId>com.springsource.org.apache.commons.logging</artifactId>
      <version>1.1.1</version>
      <scope>provided</scope>
    </dependency>
    <dependency>
      <groupId>javax.transaction</groupId>
      <artifactId>com.springsource.javax.transaction</artifactId>
      <version>1.1.0</version>
      <scope>provided</scope>
    </dependency>
    <dependency>
      <groupId>org.hibernate</groupId>
      <artifactId>com.springsource.org.hibernate</artifactId>
      <version>3.3.2.GA</version>
      <scope>provided</scope>
    </dependency>
    <dependency>
      <groupId>net.sourceforge.cglib</groupId>
      <artifactId>com.springsource.net.sf.cglib</artifactId>
      <version>2.2.0</version>
      <scope>provided</scope>
    </dependency>
    <dependency>
      <groupId>org.antlr</groupId>
      <artifactId>com.springsource.antlr</artifactId>
      <version>2.7.6</version>
      <scope>provided</scope>
    </dependency>
    <dependency>
      <groupId>org.apache.commons</groupId>
      <artifactId>com.springsource.org.apache.commons.collections</artifactId>
      <version>3.2.1</version>
      <scope>provided</scope>
    </dependency>
    <dependency>
      <groupId>org.dom4j</groupId>
      <artifactId>com.springsource.org.dom4j</artifactId>
      <version>1.6.1</version>
      <scope>provided</scope>
    </dependency>
    <dependency>
      <groupId>org.objectweb.asm</groupId>
      <artifactId>com.springsource.org.objectweb.asm</artifactId>
      <version>1.5.3</version>
      <scope>provided</scope>
    </dependency>
    <dependency>
      <groupId>net.osgiliath.orthank-sample.java.db</groupId>
      <artifactId>orthank-sample.java.db.jta</artifactId>
      <version>1.0-SNAPSHOT</version>
      <type>bundle</type>
      <scope>provided</scope>
    </dependency>
    <dependency>
      <groupId>org.springframework</groupId>
      <artifactId>org.springframework.transaction</artifactId>
      <version>3.0.6.RELEASE</version>
      <scope>provided</scope>
    </dependency>
    <dependency>
      <groupId>org.aopalliance</groupId>
      <artifactId>com.springsource.org.aopalliance</artifactId>
      <version>1.0.0</version>
      <scope>provided</scope>
    </dependency>
    <dependency>
      <groupId>org.springframework</groupId>
      <artifactId>org.springframework.aop</artifactId>
      <version>3.0.6.RELEASE</version>
      <scope>provided</scope>
    </dependency>
    <dependency>
      <groupId>org.springframework</groupId>
      <artifactId>org.springframework.beans</artifactId>
      <version>3.0.6.RELEASE</version>
      <scope>provided</scope>
    </dependency>
    <dependency>
      <groupId>org.springframework</groupId>
      <artifactId>org.springframework.context</artifactId>
      <version>3.0.6.RELEASE</version>
      <scope>provided</scope>
    </dependency>
    <dependency>
      <groupId>org.springframework</groupId>
      <artifactId>org.springframework.core</artifactId>
      <version>3.0.6.RELEASE</version>
      <scope>provided</scope>
    </dependency>
    <dependency>
      <groupId>javax.el</groupId>
      <artifactId>com.springsource.javax.el</artifactId>
      <version>1.0.0</version>
      <scope>provided</scope>
    </dependency>
    <dependency>
      <groupId>javax.inject</groupId>
      <artifactId>com.springsource.javax.inject</artifactId>
      <version>1.0.0</version>
      <scope>provided</scope>
    </dependency>
    <dependency>
      <groupId>org.springframework</groupId>
      <artifactId>org.springframework.asm</artifactId>
      <version>3.0.6.RELEASE</version>
      <scope>provided</scope>
    </dependency>
    <dependency>
      <groupId>org.springframework</groupId>
      <artifactId>org.springframework.expression</artifactId>
      <version>3.0.6.RELEASE</version>
      <scope>provided</scope>
    </dependency>
    <dependency>
      <groupId>javax.inject</groupId>
      <artifactId>com.springsource.org.atinject.tck</artifactId>
      <version>1.0.0</version>
      <scope>provided</scope>
    </dependency>
    <dependency>
      <groupId>org.junit</groupId>
      <artifactId>com.springsource.junit</artifactId>
      <version>3.8.2</version>
      <scope>provided</scope>
    </dependency>
    <dependency>
      <groupId>org.apache.xbean</groupId>
      <artifactId>com.springsource.org.apache.xbean.spring</artifactId>
      <version>3.6.0</version>
      <scope>provided</scope>
    </dependency>
    <dependency>
      <groupId>net.osgiliath.orthank-sample.java</groupId>
      <artifactId>orthank-sample.java.model</artifactId>
      <version>1.0-SNAPSHOT</version>
      <type>bundle</type>
      <scope>provided</scope>
    </dependency>
    <dependency>
      <groupId>org.hibernate</groupId>
      <artifactId>com.springsource.org.hibernate.validator</artifactId>
      <version>4.1.0.GA</version>
      <scope>provided</scope>
    </dependency>
    <dependency>
      <groupId>javax.validation</groupId>
      <artifactId>com.springsource.javax.validation</artifactId>
      <version>1.0.0.GA</version>
      <scope>provided</scope>
    </dependency>
    <dependency>
      <groupId>javax.persistence</groupId>
      <artifactId>com.springsource.javax.persistence</artifactId>
      <version>1.0.0</version>
      <scope>provided</scope>
    </dependency>
    <dependency>
      <groupId>net.osgiliath.orthank-sample.java.dao</groupId>
      <artifactId>orthank-sample.java.dao.api</artifactId>
      <version>1.0-SNAPSHOT</version>
      <type>bundle</type>
      <scope>provided</scope>
    </dependency>
    <dependency>
      <groupId>net.osgiliath.orthank-sample.java.db</groupId>
      <artifactId>orthank-sample.java.db.jta</artifactId>
      <version>1.0-SNAPSHOT</version>
      <scope>provided</scope>
    </dependency>
    <dependency>
      <groupId>net.osgiliath.orthank-sample.java</groupId>
      <artifactId>orthank-sample.java.model</artifactId>
      <version>1.0-SNAPSHOT</version>
      <scope>provided</scope>
    </dependency>
    <dependency>
      <groupId>net.osgiliath.orthank-sample.java.dao</groupId>
      <artifactId>orthank-sample.java.dao.impl</artifactId>
      <version>1.0-SNAPSHOT</version>
      <type>bundle</type>
      <scope>provided</scope>
    </dependency>
    <dependency>
      <groupId>org.springframework</groupId>
      <artifactId>org.springframework.orm</artifactId>
      <version>3.0.6.RELEASE</version>
      <scope>provided</scope>
    </dependency>
    <dependency>
      <groupId>org.springframework</groupId>
      <artifactId>org.springframework.jdbc</artifactId>
      <version>3.0.6.RELEASE</version>
      <scope>provided</scope>
    </dependency>
    <dependency>
      <groupId>net.osgiliath.orthank-sample.java.dao</groupId>
      <artifactId>orthank-sample.java.dao.api</artifactId>
      <version>1.0-SNAPSHOT</version>
      <scope>provided</scope>
    </dependency>
    <dependency>
      <groupId>org.apache.myfaces.core</groupId>
      <artifactId>myfaces-bundle</artifactId>
      <version>2.1.3</version>
      <scope>provided</scope>
    </dependency>
    <dependency>
      <groupId>org.apache.geronimo.specs</groupId>
      <artifactId>geronimo-osgi-registry</artifactId>
      <version>1.1</version>
      <scope>provided</scope>
    </dependency>
    <dependency>
      <groupId>org.mortbay.jetty</groupId>
      <artifactId>jsp-2.1-glassfish</artifactId>
      <version>2.1.v20100127</version>
      <scope>provided</scope>
    </dependency>
    <dependency>
      <groupId>org.eclipse.jdt.core.compiler</groupId>
      <artifactId>ecj</artifactId>
      <version>3.5.1</version>
      <scope>provided</scope>
    </dependency>
    <dependency>
      <groupId>org.mortbay.jetty</groupId>
      <artifactId>jsp-api-2.1-glassfish</artifactId>
      <version>2.1.v20100127</version>
      <scope>provided</scope>
    </dependency>
    <dependency>
      <groupId>javax.servlet</groupId>
      <artifactId>com.springsource.javax.servlet</artifactId>
      <version>2.5.0</version>
      <scope>provided</scope>
    </dependency>
    <dependency>
      <groupId>org.springframework.osgi</groupId>
      <artifactId>jetty.web.extender.fragment.osgi</artifactId>
      <version>1.0.1</version>
      <scope>provided</scope>
    </dependency>
    <dependency>
      <groupId>org.mortbay.jetty</groupId>
      <artifactId>jetty</artifactId>
      <version>6.1.26</version>
      <scope>provided</scope>
    </dependency>
    <dependency>
      <groupId>org.mortbay.jetty</groupId>
      <artifactId>jetty-util</artifactId>
      <version>6.1.26</version>
      <scope>provided</scope>
    </dependency>
    <dependency>
      <groupId>org.mortbay.jetty</groupId>
      <artifactId>servlet-api</artifactId>
      <version>2.5-20081211</version>
      <scope>provided</scope>
    </dependency>
    <dependency>
      <groupId>org.mortbay.jetty</groupId>
      <artifactId>jetty-sslengine</artifactId>
      <version>6.1.26</version>
      <scope>provided</scope>
    </dependency>
    <dependency>
      <groupId>org.mortbay.jetty</groupId>
      <artifactId>jetty-plus</artifactId>
      <version>6.1.26</version>
      <scope>provided</scope>
    </dependency>
    <dependency>
      <groupId>org.mortbay.jetty</groupId>
      <artifactId>jetty-naming</artifactId>
      <version>6.1.26</version>
      <scope>provided</scope>
    </dependency>
    <dependency>
      <groupId>org.springframework.osgi</groupId>
      <artifactId>jetty.start.osgi</artifactId>
      <version>1.0.0</version>
      <scope>provided</scope>
    </dependency>
    <dependency>
      <groupId>org.apache.commons</groupId>
      <artifactId>com.springsource.org.apache.commons.discovery</artifactId>
      <version>0.4.0</version>
      <scope>provided</scope>
    </dependency>
    <dependency>
      <groupId>org.apache.commons</groupId>
      <artifactId>com.springsource.org.apache.commons.codec</artifactId>
      <version>1.4.0</version>
      <scope>provided</scope>
    </dependency>
    <dependency>
      <groupId>org.apache.log4j</groupId>
      <artifactId>com.springsource.org.apache.log4j</artifactId>
      <version>1.2.16</version>
      <scope>provided</scope>
    </dependency>
    <dependency>
      <groupId>net.osgiliath.orthank-sample.java.logging</groupId>
      <artifactId>orthank-sample.java.logging.config</artifactId>
      <version>1.0-SNAPSHOT</version>
      <scope>provided</scope>
    </dependency>
    <dependency>
      <groupId>org.junit</groupId>
      <artifactId>com.springsource.org.junit</artifactId>
      <version>4.8.2</version>
      <scope>provided</scope>
    </dependency>
    <dependency>
      <groupId>net.osgiliath.orthank-sample.third-parties</groupId>
      <artifactId>orthank-sample.third-parties.atomikos-hibernate3-adapter</artifactId>
      <version>1.0-SNAPSHOT</version>
      <scope>provided</scope>
    </dependency>
    <dependency>
      <groupId>org.hibernate</groupId>
      <artifactId>com.springsource.org.hibernate.annotations</artifactId>
      <version>3.4.0.GA</version>
      <scope>provided</scope>
    </dependency>
    <dependency>
      <groupId>org.hibernate</groupId>
      <artifactId>com.springsource.org.hibernate.annotations.common</artifactId>
      <version>3.3.0.ga</version>
      <scope>provided</scope>
    </dependency>
    <dependency>
      <groupId>javax.ejb</groupId>
      <artifactId>com.springsource.javax.ejb</artifactId>
      <version>3.0.0</version>
      <scope>provided</scope>
    </dependency>
    <dependency>
      <groupId>org.hibernate</groupId>
      <artifactId>com.springsource.org.hibernate.ejb</artifactId>
      <version>3.4.0.GA</version>
      <scope>provided</scope>
    </dependency>
    <dependency>
      <groupId>org.jboss.util</groupId>
      <artifactId>com.springsource.org.jboss.util</artifactId>
      <version>2.0.4.GA</version>
      <scope>provided</scope>
    </dependency>
    <dependency>
      <groupId>edu.oswego.cs.concurrent</groupId>
      <artifactId>com.springsource.edu.oswego.cs.dl.util.concurrent</artifactId>
      <version>1.3.4</version>
      <scope>provided</scope>
    </dependency>
    <dependency>
      <groupId>org.jboss.javassist</groupId>
      <artifactId>com.springsource.javassist</artifactId>
      <version>3.10.0.GA</version>
      <scope>provided</scope>
    </dependency>
    <dependency>
      <groupId>org.objectweb.asm</groupId>
      <artifactId>com.springsource.org.objectweb.asm.attrs</artifactId>
      <version>1.5.3</version>
      <scope>provided</scope>
    </dependency>
    <dependency>
      <groupId>javax.xml.bind</groupId>
      <artifactId>com.springsource.javax.xml.bind</artifactId>
      <version>2.0.0</version>
      <scope>provided</scope>
    </dependency>
    <dependency>
      <groupId>javax.xml.stream</groupId>
      <artifactId>com.springsource.javax.xml.stream</artifactId>
      <version>1.0.1</version>
      <scope>provided</scope>
    </dependency>
    <dependency>
      <groupId>javax.activation</groupId>
      <artifactId>com.springsource.javax.activation</artifactId>
      <version>1.1.0</version>
      <scope>provided</scope>
    </dependency>
    <dependency>
      <groupId>com.atomikos</groupId>
      <artifactId>transactions-osgi</artifactId>
      <version>3.7.0</version>
      <scope>provided</scope>
    </dependency>
    <dependency>
      <groupId>javax.resource</groupId>
      <artifactId>com.springsource.javax.resource</artifactId>
      <version>1.5.0</version>
      <scope>provided</scope>
    </dependency>
    <dependency>
      <groupId>org.apache.derby</groupId>
      <artifactId>com.springsource.org.apache.derby</artifactId>
      <version>10.5.1000001.764942</version>
      <scope>provided</scope>
    </dependency>
    <dependency>
      <groupId>net.osgiliath.orthank-sample.java.dao</groupId>
      <artifactId>orthank-sample.java.dao.impl</artifactId>
      <version>1.0-SNAPSHOT</version>
      <scope>provided</scope>
    </dependency>
    <dependency>
      <groupId>org.springframework</groupId>
      <artifactId>org.springframework.web</artifactId>
      <version>3.0.6.RELEASE</version>
      <scope>provided</scope>
    </dependency>
    <dependency>
      <groupId>org.springframework</groupId>
      <artifactId>org.springframework.web.servlet</artifactId>
      <version>3.0.6.RELEASE</version>
      <scope>provided</scope>
    </dependency>
    <dependency>
      <groupId>org.springframework</groupId>
      <artifactId>org.springframework.context.support</artifactId>
      <version>3.0.6.RELEASE</version>
      <scope>provided</scope>
    </dependency>
    <dependency>
      <groupId>javax.xml.rpc</groupId>
      <artifactId>com.springsource.javax.xml.rpc</artifactId>
      <version>1.1.0.v20110517</version>
      <scope>provided</scope>
    </dependency>
    <dependency>
      <groupId>javax.xml.soap</groupId>
      <artifactId>com.springsource.javax.xml.soap</artifactId>
      <version>1.3.0</version>
      <scope>provided</scope>
    </dependency>
    <dependency>
      <groupId>javax.xml.ws</groupId>
      <artifactId>com.springsource.javax.xml.ws</artifactId>
      <version>2.1.1</version>
      <scope>provided</scope>
    </dependency>
    <dependency>
      <groupId>javax.annotation</groupId>
      <artifactId>com.springsource.javax.annotation</artifactId>
      <version>1.0.0</version>
      <scope>provided</scope>
    </dependency>
    <dependency>
      <groupId>javax.servlet.jsp</groupId>
      <artifactId>javax.servlet.jsp-api</artifactId>
      <version>2.2.1</version>
      <scope>provided</scope>
    </dependency>
    <dependency>
      <groupId>org.apache.commons</groupId>
      <artifactId>com.springsource.org.apache.commons.el</artifactId>
      <version>1.0.0</version>
      <scope>provided</scope>
    </dependency>
    <dependency>
      <groupId>javax.servlet</groupId>
      <artifactId>com.springsource.javax.servlet.jsp.jstl</artifactId>
      <version>1.2.0.v20110728</version>
      <scope>provided</scope>
    </dependency>
    <dependency>
      <groupId>org.apache.taglibs</groupId>
      <artifactId>com.springsource.org.apache.taglibs.standard</artifactId>
      <version>1.1.2.v20110517</version>
      <scope>provided</scope>
    </dependency>
    <dependency>
      <groupId>org.apache.xmlcommons</groupId>
      <artifactId>com.springsource.org.apache.xmlcommons</artifactId>
      <version>1.3.4</version>
      <scope>provided</scope>
    </dependency>
    <dependency>
      <groupId>org.apache.commons</groupId>
      <artifactId>com.springsource.org.apache.commons.lang</artifactId>
      <version>2.5.0</version>
      <scope>provided</scope>
    </dependency>
    <dependency>
      <groupId>commons-beanutils</groupId>
      <artifactId>commons-beanutils</artifactId>
      <version>1.8.3</version>
      <scope>provided</scope>
    </dependency>
    <dependency>
      <groupId>org.apache.oro</groupId>
      <artifactId>com.springsource.org.apache.oro</artifactId>
      <version>2.0.8</version>
      <scope>provided</scope>
    </dependency>
    <dependency>
      <groupId>org.apache.commons</groupId>
      <artifactId>com.springsource.org.apache.commons.digester</artifactId>
      <version>1.8.1</version>
      <scope>provided</scope>
    </dependency>
    <dependency>
      <groupId>org.apache.commons</groupId>
      <artifactId>com.springsource.org.apache.commons.beanutils</artifactId>
      <version>1.8.0</version>
      <scope>provided</scope>
    </dependency>
    <dependency>
      <groupId>javax.jms</groupId>
      <artifactId>com.springsource.javax.jms</artifactId>
      <version>1.1.0</version>
      <scope>provided</scope>
    </dependency>
    <dependency>
      <groupId>javax.mail</groupId>
      <artifactId>com.springsource.javax.mail</artifactId>
      <version>1.4.1</version>
      <scope>provided</scope>
    </dependency>
    <dependency>
      <groupId>org.apache.xerces</groupId>
      <artifactId>com.springsource.org.apache.xerces</artifactId>
      <version>2.9.1</version>
      <scope>provided</scope>
    </dependency>
    <dependency>
      <groupId>org.apache.xml</groupId>
      <artifactId>com.springsource.org.apache.xml.resolver</artifactId>
      <version>1.2.0</version>
      <scope>provided</scope>
    </dependency>
    <dependency>
      <groupId>org.aspectj</groupId>
      <artifactId>com.springsource.org.aspectj.runtime</artifactId>
      <version>1.6.8.RELEASE</version>
      <scope>provided</scope>
    </dependency>
    <dependency>
      <groupId>org.springframework</groupId>
      <artifactId>org.springframework.jms</artifactId>
      <version>3.0.6.RELEASE</version>
      <scope>provided</scope>
    </dependency>
    <dependency>
      <groupId>org.springframework</groupId>
      <artifactId>org.springframework.oxm</artifactId>
      <version>3.0.6.RELEASE</version>
      <scope>provided</scope>
    </dependency>
    <dependency>
      <groupId>org.springframework.osgi</groupId>
      <artifactId>org.springframework.osgi.extender</artifactId>
      <version>1.2.1</version>
      <scope>provided</scope>
    </dependency>
    <dependency>
      <groupId>org.springframework.osgi</groupId>
      <artifactId>org.springframework.osgi.core</artifactId>
      <version>1.2.1</version>
      <scope>provided</scope>
    </dependency>
    <dependency>
      <groupId>org.springframework.osgi</groupId>
      <artifactId>org.springframework.osgi.io</artifactId>
      <version>1.2.1</version>
      <scope>provided</scope>
    </dependency>
    <dependency>
      <groupId>org.springframework.osgi</groupId>
      <artifactId>org.springframework.osgi.web</artifactId>
      <version>1.2.1</version>
      <scope>provided</scope>
    </dependency>
    <dependency>
      <groupId>org.springframework.osgi</groupId>
      <artifactId>org.springframework.osgi.web.extender</artifactId>
      <version>1.2.1</version>
      <scope>provided</scope>
    </dependency>
    <dependency>
      <groupId>org.slf4j</groupId>
      <artifactId>slf4j-log4j12</artifactId>
      <version>1.5.10</version>
      <scope>provided</scope>
    </dependency>
    <dependency>
      <groupId>org.slf4j</groupId>
      <artifactId>slf4j-api</artifactId>
      <version>1.5.10</version>
      <scope>provided</scope>
    </dependency>
    <dependency>
      <groupId>org.slf4j</groupId>
      <artifactId>slf4j-simple</artifactId>
      <version>1.5.10</version>
      <scope>provided</scope>
    </dependency>
    <dependency>
      <groupId>net.osgiliath.orthank-sample.java.web</groupId>
      <artifactId>orthank-sample.java.web.simple</artifactId>
      <version>1.0-SNAPSHOT</version>
      <type>war</type>
      <scope>provided</scope>
    </dependency>
    <dependency>
      <groupId>com.springsource.osgi.medic</groupId>
      <artifactId>com.springsource.osgi.medic</artifactId>
      <version>1.0.2.RELEASE</version>
      <scope>provided</scope>
    </dependency>
    <dependency>
      <groupId>com.springsource.osgi.medic</groupId>
      <artifactId>com.springsource.osgi.medic.core</artifactId>
      <version>1.0.2.RELEASE</version>
      <scope>provided</scope>
    </dependency>
    <dependency>
      <groupId>com.springsource.util</groupId>
      <artifactId>com.springsource.util.osgi</artifactId>
      <version>2.0.0.RELEASE</version>
      <scope>provided</scope>
    </dependency>
    <dependency>
      <groupId>com.springsource.util</groupId>
      <artifactId>com.springsource.util.common</artifactId>
      <version>2.0.0.RELEASE</version>
      <scope>provided</scope>
    </dependency>
    <dependency>
      <groupId>com.springsource.util</groupId>
      <artifactId>com.springsource.util.parser.manifest</artifactId>
      <version>2.0.0.RELEASE</version>
      <scope>provided</scope>
    </dependency>
  </dependencies>
  <repositories>
    <repository>
      <id>com.springsource.repository.bundles.release</id>
      <name>SpringSource Enterprise Bundle Repository - SpringSource Bundle Releases</name>
      <url>http://repository.springsource.com/maven/bundles/release</url>
    </repository>
    <repository>
      <id>com.springsource.repository.bundles.snapshot</id>
      <name>SpringSource Enterprise Bundle Repository - SpringSource Bundle Releases</name>
      <url>http://repository.springsource.com/maven/bundles/snapshot</url>
    </repository>
    <repository>
      <id>com.springsource.repository.bundles.external</id>
      <name>SpringSource Enterprise Bundle Repository - External Bundle Releases</name>
      <url>http://repository.springsource.com/maven/bundles/external</url>
    </repository>
    <repository>
      <id>com.springsource.repository.libraries.release</id>
      <name>SpringSource Enterprise Bundle Repository - SpringSource Library Releases</name>
      <url>http://repository.springsource.com/maven/libraries/release</url>
    </repository>
    <repository>
      <id>com.springsource.repository.libraries.external</id>
      <name>SpringSource Enterprise Bundle Repository - External Library Releases</name>
      <url>http://repository.springsource.com/maven/libraries/external</url>
    </repository>
    <repository>
      <snapshots>
        <enabled>false</enabled>
      </snapshots>
      <id>maven.osgi.repo</id>
      <url>http://maven.springframework.org/osgi</url>
    </repository>
    <repository>
      <snapshots>
        <enabled>false</enabled>
      </snapshots>
      <id>com.atomikos.repo</id>
      <url>http://oss.sonatype.org/content/repositories/comatomikos-083</url>
    </repository>
    <repository>
      <id>zodiac.eclipse.repo</id>
      <url>http://zodiac.springsource.com/maven/bundles/release</url>
    </repository>
    <repository>
      <id>zodiac.eclipse.repo.milestones</id>
      <url>http://zodiac.springsource.com/maven/bundles/milestone</url>
    </repository>
    <repository>
      <id>jvnet-nexus-releases</id>
      <name>jvnet-nexus-releases</name>
      <url>https://maven.java.net/content/repositories/releases/</url>
    </repository>
    <repository>
      <id>jboss public</id>
      <url>http://repository.jboss.org/nexus/content/groups/public-jboss/</url>
    </repository>
    <repository>
      <snapshots>
        <enabled>false</enabled>
      </snapshots>
      <id>central</id>
      <name>Maven Repository Switchboard</name>
      <url>http://repo1.maven.org/maven2</url>
    </repository>
  </repositories>
</project>
