<?xml version='1.0' encoding='UTF-8'?>
<!DOCTYPE hibernate-configuration PUBLIC
          "-//Hibernate/Hibernate Configuration DTD 3.0//EN"
          "http://hibernate.sourceforge.net/hibernate-configuration-3.0.dtd">
<hibernate-configuration>
  <session-factory>
    <property name="connection.url">jdbc:oracle:thin:@localhost:1521:XE</property>
    <property name="connection.username">hibernate</property>
    <property name="connection.password">hibernate</property>
    <property name="connection.driver_class">oracle.jdbc.driver.OracleDriver</property>
    <property name="dialect">org.hibernate.dialect.OracleDialect</property>

    <property name="transaction.factory_class">org.hibernate.transaction.JDBCTransactionFactory</property>
    <property name="current_session_context_class">thread</property>
    <property name="hibernate.show_sql">true</property>
    <property name="hibernate.cache.provider_class">org.hibernate.cache.EhCacheProvider</property>
    <property name="hibernate.format_sql">false</property>
    <property name="hibernate.use_sql_comments">false</property>

    <mapping class="bug.hibernate.AbstractEntity" />
    <mapping class="bug.hibernate.Entity1" />
    <mapping class="bug.hibernate.Entity2" />
    <mapping class="bug.hibernate.EntityBag" />
  </session-factory>
</hibernate-configuration>
