<?xml version="1.0" encoding="UTF-8"?>
<!DOCTYPE hibernate-configuration PUBLIC
        "-//Hibernate/Hibernate Configuration DTD 2.0//EN"
 "http://hibernate.sourceforge.net/hibernate-configuration-2.0.dtd">

 <hibernate-configuration>
  
    <session-factory>
        <!-- JDBC driver for standalone testing -->
        <property name="hibernate.connection.driver_class">com.ibm.db2.jcc.DB2Driver</property>
        <property name="hibernate.connection.url">jdbc:db2:cse1dv01</property>    
		<!-- Enter your username and password here -->
        <property name="hibernate.connection.username">pbose</property>
        <property name="hibernate.connection.password">Subash234</property>
		<property name="hibernate.connection.currentSchema">PBOSE</property>
		<!-- end JDBC driver section -->

        <!-- properties -->
        <property name="dialect">gov.ca.dcss.arch.persistence.hibernate.dialect.DB2CSEDialect</property>
        <property name="use_outer_join">true</property>

		<property name="show_sql">true</property>
		<property name="hibernate.query.substitutions">true=1, false=0</property>


		<mapping resource="com/one/to/one/ClassA.hbm.xml"/>
		<mapping resource="com/one/to/one/ClassB.hbm.xml"/>

    </session-factory>

</hibernate-configuration>