<?xml version="1.0"?>

<!DOCTYPE hibernate-configuration PUBLIC
	"-//Hibernate/Hibernate Configuration DTD 3.0//EN"
	"http://hibernate.sourceforge.net/hibernate-configuration-3.0.dtd">

<hibernate-configuration>
  <session-factory>
    <property name="connection.driver_class">oracle.jdbc.driver.OracleDriver</property>
    <property name="connection.url">jdbc:oracle:thin:@localhost:1521:orcl</property>
    <property name="connection.username">rowset</property>
    <property name="connection.password">rowset</property>
    <property name="dialect">org.hibernate.dialect.Oracle9Dialect</property>
    <property name="show_sql">true</property>

    <mapping resource="petclinic/domain/Owner.hbm.xml"/>
    <mapping resource="petclinic/domain/Pet.hbm.xml"/>
    <mapping resource="petclinic/domain/PetType.hbm.xml"/>
  </session-factory>
</hibernate-configuration>
