<!-- https://www.smartics.eu/confluence/display/SJBMMP/The+smartics+JBoss+Modules+XSD -->
<modules xmlns="http://smartics.de/ns/jboss-modules-descriptor/1">

	<module name="org.jboss.playground-module">
		<match>
			<includes>
				<include>
					<groupId>org.jboss.jbaesner.playground</groupId>
				</include>
			</includes>
		</match>

		<!-- 
 		 | If we would need a module dependency without a maven dependency, it would go here...
 		 |
		<apply-to-module>
			<dependencies>
				<module name="javax.api" />
			</dependencies>
		</apply-to-module>
		 |
		 -->
	</module>

	<module name="org.picketbox">
		<match>
			<includes>
				<include>
					<groupId>org.picketbox</groupId>
					<artifactId>picketbox</artifactId>
				</include>
			</includes>
		</match>
		<directives>
			<skip>true</skip>
		</directives>
	</module>

	<module name="org.hibernate">
		<match>
			<includes>
				<include>
					<groupId>org.hibernate</groupId>
					<artifactId>hibernate-core</artifactId>
				</include>
			</includes>
		</match>
		<directives>
			<skip>true</skip>
		</directives>
	</module>

</modules>
