<?xml version="1.0"?>
<!DOCTYPE hibernate-mapping PUBLIC 
	"-//Hibernate/Hibernate Mapping DTD 3.0//EN"
	"http://hibernate.sourceforge.net/hibernate-mapping-3.0.dtd">

<!-- 

  This mapping demonstrates content-based discrimination for the
  table-per-hierarchy mapping strategy, using a formula
  discriminator.

-->

<hibernate-mapping 
	package="org.hibernate.test.emmanuel">
	
	<class name="A" lazy="true">
		
		<id name="id">
			<generator class="native"/>
		</id>

		<array name="bs" cascade="all" fetch="join"  >
			<key column="a_id"/>
			<list-index column="idx"/>
			<one-to-many class="B"/>
		</array>

	</class>

	<class name="B" lazy="true">
		<id name="id">
			<generator class="native"/>
		</id>
	</class>


</hibernate-mapping>
