<?xml version="1.0" encoding="UTF-8" standalone="no"?>
<!--WARNING: DO NOT EDIT THIS FILE. THIS FILE IS MANAGED BY SPRING ROO.--><database name="deprecated">
    <option key="moduleName" value=""/>
    <option key="activeRecord" value="true"/>
    <option key="repository" value="false"/>
    <option key="service" value="false"/>
    <option key="includeNonPortableAttributes" value="false"/>
    <option key="disableVersionFields" value="false"/>
    <option key="disableGeneratedIdentifiers" value="false"/>
    <option key="testAutomatically" value="false"/>
    <table name="a">
        <column name="x" primaryKey="true" required="true" scale="0" size="10" type="4,INT"/>
        <column name="y" primaryKey="true" required="true" scale="0" size="10" type="4,INT"/>
        <column name="text" primaryKey="false" required="true" scale="0" size="20" type="12,VARCHAR"/>
        <foreign-key foreignTable="b" name="b_ibfk_1" onDelete="none" onUpdate="none">
            <option key="exported" value="true"/>
            <reference foreign="u" local="x"/>
            <reference foreign="v" local="y"/>
        </foreign-key>
        <unique name="PRIMARY">
            <unique-column name="x"/>
            <unique-column name="y"/>
        </unique>
    </table>
    <table name="b">
        <column name="u" primaryKey="true" required="true" scale="0" size="10" type="4,INT"/>
        <column name="v" primaryKey="true" required="true" scale="0" size="10" type="4,INT"/>
        <column name="info" primaryKey="false" required="true" scale="0" size="100" type="12,VARCHAR"/>
        <foreign-key foreignTable="a" name="b_ibfk_1" onDelete="none" onUpdate="none">
            <option key="exported" value="false"/>
            <reference foreign="x" local="u"/>
            <reference foreign="y" local="v"/>
        </foreign-key>
        <unique name="PRIMARY">
            <unique-column name="u"/>
            <unique-column name="v"/>
        </unique>
    </table>
</database>
