<?xml version="1.0" encoding="UTF-8"?>
<beans xmlns="http://www.springframework.org/schema/beans"
	xmlns:xsi="http://www.w3.org/2001/XMLSchema-instance" xmlns:osgi="http://www.springframework.org/schema/osgi"
	xmlns:context="http://www.springframework.org/schema/context"
	xsi:schemaLocation="
   http://www.springframework.org/schema/osgi
       http://www.springframework.org/schema/osgi/spring-osgi.xsd
  http://www.springframework.org/schema/context http://www.springframework.org/schema/context/spring-context.xsd
  http://www.springframework.org/schema/beans http://www.springframework.org/schema/beans/spring-beans.xsd">

	<!-- definitions using elements of the osgi namespace can be included in 
		this file. There is no requirement to keep these definitions in a separate 
		file if you do not want to. The rationale for keeping these definitions separate 
		is to facilitate integration testing of the bundle outside of an OSGi container -->
	<context:component-scan base-package="net" />
	<!-- <osgi:service ref="validator" interface="javax.validation.Validator" />
	<osgi:reference id="osgiValidatorFactoryBean" interface="javax.validation.ValidatorFactory" />
	<bean id="validator" factory-bean="osgiValidatorFactoryBean" factory-method="getInstance"> -->
		<!-- class="org.springframework.validation.beanvalidation.LocalValidatorFactoryBean">

		<property name="providerClass" ref="osgiValidatorFactoryBean"></property>
		<property name="providerClass" value="org.hibernate.validator.HibernateValidator"></property> -->
	<!-- </bean> -->

</beans>
