<?xml version='1.0' encoding='utf-8'?>
<!DOCTYPE hibernate-configuration PUBLIC
	"-//Hibernate/Hibernate Configuration DTD 3.0//EN"
	"http://hibernate.sourceforge.net/hibernate-configuration-3.0.dtd">
<hibernate-configuration> 
	<session-factory>
		<!-- Database connection settings -->
		<property name="connection.driver_class">com.mysql.jdbc.Driver</property> <!-- COM.ibm.db2.jdbc.app.DB2Driver -->
		<property name="connection.url">jdbc:mysql://localhost/mspsample</property> <!--  jdbc:db2:UK -->
		<property name="connection.username">root</property><!-- db2admin -->
		<property name="connection.password">heldens11</property><!-- mspmspmsp -->
		<property name="connection.pool_size">1</property><!-- JDBC connection pool (use the built-in) -->
		<property name="dialect">org.hibernate.dialect.MySQLDialect</property> <!-- SQL dialect: DB2Dialect or DB2400Dialect -->

		<property name="show_sql">true</property><!-- Echo all executed SQL to stdout -->
		
		
		
		<mapping resource="be/abvv/test/hiberissue/Parent.hbm.xml"/>
		<mapping resource="be/abvv/test/hiberissue/Child.hbm.xml"/>
	</session-factory>
</hibernate-configuration>
