<?xml version="1.0" encoding="UTF-8"?>
<beans xmlns="http://www.springframework.org/schema/beans"
	xmlns:xsi="http://www.w3.org/2001/XMLSchema-instance"
	xsi:schemaLocation="http://www.springframework.org/schema/beans http://www.springframework.org/schema/beans/spring-beans-4.3.xsd">

	<bean id="dataSource" class="com.atomikos.jdbc.nonxa.AtomikosNonXADataSourceBean" destroy-method="close">
		<property name="uniqueResourceName" value="NONXADBMS-#{T(java.lang.Math).random()}" />
		<property name="driverClassName" value="org.hsqldb.jdbcDriver"/>
		<property name="url" value="jdbc:hsqldb:mem:MyAppDB"/>
		<property name="user" value="sa"/>
		<property name="password" value=""/>
		<property name="minPoolSize" value="1"/>
		<property name="maxPoolSize" value="5"/>
	</bean>

</beans>