<?xml version="1.0"?>
<!DOCTYPE hibernate-mapping PUBLIC 
	"-//Hibernate/Hibernate Mapping DTD 3.0//EN"
	"http://hibernate.sourceforge.net/hibernate-mapping-3.0.dtd">


<hibernate-mapping package="org.hibernate.test.onetoone.bidirectionnalformula">

	<class name="Person">
        <composite-id>
			<key-property name="company" type="string" column="COMPANY"/>
			<key-property name="name" type="string" column="NAME"/>
		</composite-id>

		<property name="age" type="int" column="AGE"/>
		
		<many-to-one name="car" class="Car" unique="true">
			<formula>company</formula>
			<column name="FK_CAR_REGISTRATION"/>
		</many-to-one>
	</class>
	
	<class name="Car">
        <composite-id>
			<key-property name="company" type="string" column="COMPANY"/>
			<key-property name="registration" type="string" column="REGISTRATION"/>
		</composite-id>

		<property name="color" type="string" column="COLOR"/>
		<one-to-one name="person" class="Person" property-ref="car"/>
	</class>


</hibernate-mapping>
