<?xml version="1.0" encoding="UTF-8"?>
<!DOCTYPE hibernate-mapping PUBLIC "-//Hibernate/Hibernate Mapping DTD 3.0//EN" "http://hibernate.sourceforge.net/hibernate-mapping-3.0.dtd">
<!-- Generated 2011-03-11 12:23:59 by Hibernate Tools 3.4.0.CR1 -->
<hibernate-mapping>
  <class name="model.Address" table="ADDRESSES">
    <id name="id" type="int">
      <column name="ADDRESS_ID"/>
      <generator class="native"/>
    </id>
    <property name="postalCode" type="java.lang.String">
      <column name="POSTAL_CODE"/>
    </property>
    <property name="city" type="java.lang.String">
      <column name="CITY"/>
    </property>
    <property name="street" type="java.lang.String">
      <column name="STREET"/>
    </property>
    <property name="houseNo" type="java.lang.String">
      <column name="HOUSE_NO"/>
    </property>
    <property name="apartmentNo" type="java.lang.String">
      <column name="APARTMENT_NO"/>
    </property>
  </class>
</hibernate-mapping>
