<?xml version="1.0" encoding="UTF-8"?>
<!DOCTYPE hibernate-mapping PUBLIC "-//Hibernate/Hibernate Mapping DTD 3.0//EN" "http://hibernate.sourceforge.net/hibernate-mapping-3.0.dtd">
<!-- Generated 2011-03-11 12:23:59 by Hibernate Tools 3.4.0.CR1 -->
<hibernate-mapping>
  <class name="model.Department" table="DEPARTMENTS">
    <id name="id" type="int">
      <column name="DEP_ID"/>
      <generator class="native"/>
    </id>
    <property name="name" type="java.lang.String">
      <column name="NAME"/>
    </property>
    <many-to-one cascade="save-update" class="model.Manager" column="MAN_ID" foreign-key="FK_DEP_MAN" name="manager" unique="true" unique-key="UK_DEP_MAN"/>
    <set cascade="save-update" lazy="true" name="employees">
      <key foreign-key="FK_DEP_EMP">
        <column name="DEP_ID"/>
      </key>
      <one-to-many class="model.Employee"/>
    </set>
  </class>
</hibernate-mapping>
