<?xml version="1.0" encoding="UTF-8"?>
<!DOCTYPE hibernate-mapping PUBLIC "-//Hibernate/Hibernate Mapping DTD 3.0//EN" "http://hibernate.sourceforge.net/hibernate-mapping-3.0.dtd">
<!-- Generated 2011-03-11 12:23:59 by Hibernate Tools 3.4.0.CR1 -->
<hibernate-mapping>
  <joined-subclass extends="model.Person" lazy="false" name="model.Employee" table="EMPLOYEES">
    <key foreign-key="FK_EMP_PER">
      <column name="EMP_ID"/>
    </key>
    <many-to-one cascade="save-update" class="model.Address" column="ADDRESS_ID" foreign-key="FK_EMP_AD" name="address" unique="false"/>
    <property name="position" type="java.lang.String">
      <column name="POSITION"/>
    </property>
    <many-to-one cascade="save-update" class="model.Department" column="DEP_ID" foreign-key="FK_EMP_DEP" name="department" unique="false"/>
    <set cascade="save-update" embed-xml="true" lazy="true" name="children">
      <key foreign-key="FK_CHIL_EMP">
        <column name="EMP_ID"/>
      </key>
      <one-to-many class="model.Child"/>
    </set>
    <set cascade="save-update" lazy="true" name="projects" table="EMP_PROJ">
      <key foreign-key="FK_PROJ_EMP">
        <column name="EMP_ID"/>
      </key>
      <many-to-many class="model.Project" column="PROJ_ID"/>
    </set>
  </joined-subclass>
</hibernate-mapping>
