<?xml version="1.0" encoding="UTF-8"?>
<!DOCTYPE hibernate-mapping PUBLIC "-//Hibernate/Hibernate Mapping DTD 3.0//EN" "http://hibernate.sourceforge.net/hibernate-mapping-3.0.dtd">
<!-- Generated 2011-03-11 12:23:59 by Hibernate Tools 3.4.0.CR1 -->
<hibernate-mapping>
  <joined-subclass extends="model.Employee" lazy="false" name="model.Manager" table="MANAGERS">
    <key foreign-key="FK_MAN_EMP">
      <column name="MAN_ID"/>
    </key>
    <property name="benefit" type="double">
      <column name="BENEFIT"/>
    </property>
  </joined-subclass>
</hibernate-mapping>
