<?xml version="1.0" encoding="UTF-8"?>
<!DOCTYPE hibernate-mapping PUBLIC "-//Hibernate/Hibernate Mapping DTD 3.0//EN" "http://hibernate.sourceforge.net/hibernate-mapping-3.0.dtd">
<!-- Generated 2011-03-11 12:23:59 by Hibernate Tools 3.4.0.CR1 -->
<hibernate-mapping>
  <class name="model.Person" table="PERSONS">
    <id name="id" type="int">
      <column name="PER_ID"/>
      <generator class="native"/>
    </id>
    <property name="secondName" type="java.lang.String">
      <column name="S_NAME"/>
    </property>
    <property name="firstName" type="java.lang.String">
      <column name="F_NAME"/>
    </property>
    <property name="birthDate" type="java.util.GregorianCalendar">
      <column name="BIRTH_DATE"/>
    </property>
  </class>
</hibernate-mapping>
