<?xml version="1.0" encoding="UTF-8"?>
<!DOCTYPE hibernate-mapping PUBLIC "-//Hibernate/Hibernate Mapping DTD 3.0//EN" "http://hibernate.sourceforge.net/hibernate-mapping-3.0.dtd">
<!-- Generated 2011-03-11 12:23:59 by Hibernate Tools 3.4.0.CR1 -->
<hibernate-mapping>
  <class name="model.Project" table="PROJECTS">
    <id name="id" type="int">
      <column name="PROJ_ID"/>
      <generator class="native"/>
    </id>
    <property name="name" type="java.lang.String">
      <column name="NAME"/>
    </property>
    <property name="startDate" type="java.util.GregorianCalendar">
      <column name="START"/>
    </property>
    <property name="endDate" type="java.util.GregorianCalendar">
      <column name="END"/>
    </property>
    <set cascade="save-update" inverse="true" lazy="true" name="employees" table="EMP_PROJ">
      <key foreign-key="FK_EMP_PROJ">
        <column name="PROJ_ID"/>
      </key>
      <many-to-many class="model.Employee" column="EMP_ID"/>
    </set>
  </class>
</hibernate-mapping>
