<?xml version="1.0" encoding="UTF-8"?>
<!DOCTYPE hibernate-configuration PUBLIC
		"-//Hibernate/Hibernate Configuration DTD 3.0//EN"
		"http://hibernate.sourceforge.net/hibernate-configuration-3.0.dtd">
<hibernate-configuration>
    <session-factory name="ann438">
        <property name="hibernate.connection.driver_class">net.sourceforge.jtds.jdbc.Driver</property>
        <property name="hibernate.connection.password"></property>
        <property name="hibernate.connection.url">jdbc:jtds:sqlserver://localhost/precis</property>
        <property name="hibernate.connection.username">hib</property>
        <property name="hibernate.default_catalog">test</property>
        <property name="hibernate.default_schema">dbo</property>
        <property name="hibernate.dialect">org.hibernate.dialect.SQLServerDialect</property>
        
        <mapping class="ann438.TestEntity"/>
        
        <mapping resource="ann438/mappings.xml"/>
        
    </session-factory>
</hibernate-configuration>
