<?xml version="1.0" encoding="UTF-8"?>

<entity-mappings 
  xmlns="http://java.sun.com/xml/ns/persistence/orm"
  xmlns:xsi="http://www.w3.org/2001/XMLSchema-instance"
  xsi:schemaLocation="http://java.sun.com/xml/ns/persistence/orm orm_1_0.xsd"
  version="1.0">

    <package>ann438</package>
    
    <entity class="Entry" metadata-complete="false">
        <named-query name="ann438.TestQuery">       
            <query>
                select te.lookupType from TestEntity te
            </query>
            <hint name="org.hibernate.readOnly" value="true"/>
        </named-query>
        <!--
        <named-native-query name="allAdmin" result-set-mapping="adminrs">           
            <query>
            select *, count(taxpayer_id) as taxPayerNumber 
            from Administration, TaxPayer
            where taxpayer_admin_id = admin_id group by ...
            </query>
            <hint name="org.hibernate.timeout" value="200"/>
        </named-native-query>
        <sql-result-set-mapping name="adminrs">                                   
            <entity-result entity-class="Administration">
                <field-result name="name" column="fld_name"/>
            </entity-result>
            <column-result name="taxPayerNumber"/>
        </sql-result-set-mapping>
        -->
    </entity>
</entity-mappings>