<?xml version="1.0" encoding="UTF-8" ?>
<!DOCTYPE log4j:configuration SYSTEM "log4j.dtd">
<log4j:configuration xmlns:log4j='http://jakarta.apache.org/log4j/'>
	<appender name="CONSOLE" class="org.apache.log4j.ConsoleAppender">
		<layout class="org.apache.log4j.PatternLayout">
			<param name="ConversionPattern" value="%-4r [%t] %-5p %c %x - %m%n" />
		</layout>
	</appender>
	<appender name="FILE" class="org.apache.log4j.FileAppender">
        <param name="File" value="./hibernate.log" />
        <param name="Append" value="FALSE" />
        <layout class="org.apache.log4j.PatternLayout">
			<param name="ConversionPattern" value="%5p %d{ISO8601} [%t][%x] %c - %m%n" />
        </layout>           
     </appender>	
	
	<logger name="org.hibernate">
		<level value="DEBUG" />
		<appender-ref ref="CONSOLE" />
		<appender-ref ref="FILE" />
	</logger>
		
	<root>
		<level value="INFO" />
		<appender-ref ref="CONSOLE" />
		<appender-ref ref="FILE" />
	</root>
</log4j:configuration>
