<?xml version="1.0" encoding="ISO-8859-1"?>
<!DOCTYPE hibernate-mapping PUBLIC "-//Hibernate/Hibernate Mapping DTD 3.0//EN" "http://hibernate.sourceforge.net/hibernate-mapping-3.0.dtd">

<hibernate-mapping>
  <class table="cheque" name="Cheque">
    <id column="id" name="id">
      <generator class="native" />
    </id>

    <bag name="situacoes" inverse="false" cascade="all"
      order-by="data_inicio">
      <key column="cheque_id" />
      <one-to-many class="Situacao" />
    </bag>

  </class>

</hibernate-mapping>
