<?xml version="1.0" encoding="UTF-8"?>

<!--
  Configurations for Infinispan Cache.
  -->
<infinispan>

    <!-- JGroups config file -->
    <!--<jgroups>-->
        <!--<stack-file name="external-file" path="/default-configs/default-jgroups-udp.xml"/>-->
    <!--</jgroups>-->

    <!-- This configuration is suitable for non-clustered environments, where only single instance accesses the DB -->
    <cache-container name="DefaultCacheManager" statistics="true" default-cache="the-default-cache" shutdown-hook="DEFAULT">

        <!--<transport stack="external-file" />-->
        <!--<replicated-cache name="replicatedCache"/>-->

        <local-cache-configuration name="the-default-cache" statistics="false" />

        <!-- Default configuration is appropriate for entity/collection caching. -->
        <local-cache-configuration name="entity" statistics="false" statistics-available="false">
            <transaction mode="NONE" />
        </local-cache-configuration>

        <!-- A config appropriate for query caching. Does not replicate queries. -->
        <local-cache-configuration name="local-query" statistics="false" statistics-available="false">
            <transaction mode="NONE" />
        </local-cache-configuration>

        <local-cache-configuration name="timestamps" statistics="false" statistics-available="false">
            <locking concurrency-level="1000" acquire-timeout="15000"/>
            <!-- Explicitly non transactional -->
            <transaction mode="NONE"/>
            <!--  Don't ever evict modification timestamps -->
            <eviction strategy="NONE"/>
            <expiration interval="0"/>
        </local-cache-configuration>

        <!-- When providing custom configuration, always make this cache local and non-transactional.
             To avoid possible leaks, use expiration (max idle time). Optimize for speed.-->
        <local-cache-configuration name="pending-puts" simple-cache="true" statistics="false" statistics-available="false">
            <transaction mode="NONE"/>
            <expiration max-idle="60000" />
        </local-cache-configuration>
    </cache-container>

</infinispan>
