<?xml version="1.0"?>
<!--
  Copyright 2006, Product Value Systems. All rights reserved.

  The copyright to the computer program(s) herein is the sole
  property of PVS. The program(s) may be used and/or copied
  only with the written permission of PVS or in accordance
  with the terms and conditions stipulated in the agreement/
  contract under which the program(s) have been supplied.
  This copyright notice must not be removed.

  @author ron
-->

<!DOCTYPE hibernate-mapping PUBLIC
	"-//Hibernate/Hibernate Mapping DTD 3.0//EN"
	"http://hibernate.sourceforge.net/hibernate-mapping-3.0.dtd">

<hibernate-mapping package="com.pvs.pmm.client.state">
	 
	<class name="StateNodeState">
		<composite-id name="id">
			<key-many-to-one name="parentNode"/>
			<key-property name="stateName"/>
		</composite-id>
		
		<one-to-one name="state" foreign-key="state" class="StateNodeImpl"/>
	</class>
	
	 
	<class name="StateNodeImpl" table="StateNode">
		<id name="id">
			<generator class="foreign">
				<param name="property">parentStateState</param>
			</generator>
		</id>
		
		<property name="stateName"/>
		<property name="stateValue"/>
		
		<one-to-one name="parentStateState" property-ref="state"/>
		
		<many-to-one name="parentState"/>
		
	</class>
		

</hibernate-mapping>
