<?xml version="1.0" encoding="UTF-8"?>
<!DOCTYPE hibernate-configuration PUBLIC "-//Hibernate/Hibernate Configuration DTD 3.0//EN"
        "http://hibernate.sourceforge.net/hibernate-configuration-3.0.dtd">
<hibernate-configuration>
    <session-factory>
        <!-- configure in-memory database -->
        <property name="hibernate.connection.driver_class">org.hsqldb.jdbcDriver</property>
        <property name="hibernate.connection.url">jdbc:hsqldb:mem:hibernateSearch</property>
        <property name="hibernate.connection.username">sa</property>
        <property name="hibernate.dialect">org.hibernate.dialect.HSQLDialect</property>
        <property name="hibernate.connection.pool_size">1</property>

        <!-- generate the database schema -->
        <property name="hibernate.hbm2ddl.auto">create-drop</property>

        <!-- configure the Lucene directory  -->
        <property name="hibernate.search.default.directory_provider">
            org.hibernate.search.store.RAMDirectoryProvider
        </property>

    </session-factory>
</hibernate-configuration>
