<?xml version="1.0" encoding="UTF-8"?>
<beans xmlns="http://www.springframework.org/schema/beans" xmlns:xsi="http://www.w3.org/2001/XMLSchema-instance"
       xmlns:aop="http://www.springframework.org/schema/aop" xmlns:tx="http://www.springframework.org/schema/tx"
       xsi:schemaLocation="http://www.springframework.org/schema/beans http://www.springframework.org/schema/beans/spring-beans-2.0.xsd
            http://www.springframework.org/schema/aop http://www.springframework.org/schema/aop/spring-aop-2.0.xsd
            http://www.springframework.org/schema/tx http://www.springframework.org/schema/tx/spring-tx-2.0.xsd">

    <bean id="propertyConfigurer" class="org.springframework.beans.factory.config.PropertyPlaceholderConfigurer">
        <property name="location" value="conf/jdbc.properties"/>
    </bean>
    
    <!-- Enable @Transactional support -->
    <tx:annotation-driven/>
    
    <!-- Enable @AspectJ support -->
    <aop:aspectj-autoproxy/>
    
    <aop:config>
        <aop:advisor id="managerTx" advice-ref="txAdvice" pointcut="execution(* *..service.*Manager.*(..))"/>
    </aop:config>
    
    <tx:advice id="txAdvice">
        <tx:attributes>
            <tx:method name="get*" read-only="true"/>
            <tx:method name="*"/>
        </tx:attributes>
    </tx:advice>

	<!-- Hibernate -->
    <bean id="dataSource" class="org.springframework.jdbc.datasource.DriverManagerDataSource" destroy-method="close">
        <property name="driverClassName" value="${jdbc.driverClassName}"/>
        <property name="url" value="${jdbc.url}"/>
        <property name="username" value="${jdbc.username}"/>
        <property name="password" value="${jdbc.password}"/>
<!--          <property name="maxActive" value="30"/>
        <property name="maxIdle" value="10"/>
        <property name="maxWait" value="1000"/>
        <property name="defaultAutoCommit" value="true"/>
-->
    </bean>

    <bean id="sessionFactory" class="org.springframework.orm.hibernate3.LocalSessionFactoryBean">
	    <property name="configurationClass" value="org.hibernate.cfg.AnnotationConfiguration"/>
        <property name="dataSource" ref="dataSource"/>
        <property name="configLocation" value="conf/hibernate.cfg.xml"/>
        <property name="hibernateProperties">
            <props>
                <prop key="hibernate.dialect">org.hibernate.dialect.MySQLInnoDBDialect</prop>
				<prop key="hibernate.show_sql">true</prop>
                <prop key="hibernate.hbm2ddl.auto">update</prop>
            </props>
        </property>
    </bean>

    <bean id="transactionManager" class="org.springframework.orm.hibernate3.HibernateTransactionManager">
        <property name="sessionFactory" ref="sessionFactory"/>
    </bean>

    <bean id="testEntityDAO" class="hibernatetest.TestEntityDAO">
        <property name="sessionFactory" ref="sessionFactory"/>
    </bean>

	<!-- Hibernate -->
	

</beans>
