<?xml version="1.0"?>
<!DOCTYPE hibernate-mapping PUBLIC
    "-//Hibernate/Hibernate Mapping DTD 3.0//EN"
    "http://hibernate.sourceforge.net/hibernate-mapping-3.0.dtd" >
<hibernate-mapping>
  <!--
    Created by the Middlegen Hibernate plugin
    http://boss.bekk.no/boss/middlegen/
    http://hibernate.sourceforge.net/
  -->
  <class name="hibernate.Country" table="COUNTRY" lazy="true">
    <cache usage="read-only"/>
    <id name="countryCode" type="java.lang.Integer" column="Country_Code">
      <generator class="assigned"/>
    </id>
    <property name="nameEnglish" type="java.lang.String" column="Name_English" not-null="true" length="100"/>
    <property name="nameFrench" type="java.lang.String" column="Name_French" not-null="true" length="100"/>
    <property name="activeInd" type="java.lang.String" column="Active_Ind" not-null="true" length="1"/>
    <property name="countryCodeIsoAlpha3" type="java.lang.String" column="Country_Code_ISO_ALPHA_3" length="3"/>
    <!-- associations -->
    <set name="organization" inverse="true">
      <key column="Country_Code"/>
      <one-to-many class="hibernate.Organization"/>
    </set>
  </class>
</hibernate-mapping>
