<?xml version="1.0"?>
<!DOCTYPE hibernate-mapping PUBLIC
    "-//Hibernate/Hibernate Mapping DTD 3.0//EN"
    "http://hibernate.sourceforge.net/hibernate-mapping-3.0.dtd" >
<hibernate-mapping>
  <!--
    Created by the Middlegen Hibernate plugin
    http://boss.bekk.no/boss/middlegen/
    http://hibernate.sourceforge.net/
  -->
  <class name="hibernate.Discipline" table="DISCIPLINE" lazy="true">
    <cache usage="read-only"/>
    <id name="disciplineCode" type="java.lang.Integer" column="Discipline_Code">
      <generator class="assigned"/>
    </id>
    <property name="nameFrench" type="java.lang.String" column="Name_French" not-null="true" length="60"/>
    <property name="nameEnglish" type="java.lang.String" column="Name_English" not-null="true" length="60"/>
    <property name="activeInd" type="java.lang.String" column="Active_Ind" not-null="true" length="1"/>
    <property name="createDate" type="java.sql.Timestamp" column="Create_Date" not-null="true" length="23"/>
    <property name="createUserId" type="java.lang.String" column="Create_User_ID" not-null="true" length="3"/>
    <property name="changeDate" type="java.sql.Timestamp" column="Change_Date" not-null="true" length="23"/>
    <property name="changeUserId" type="java.lang.String" column="Change_User_ID" not-null="true" length="3"/>
    <!-- associations -->
    <!-- uniirectional many-to-one association to MainDiscipline -->
    <many-to-one name="mainDiscipline" class="hibernate.MainDiscipline" not-null="true">
      <column name="Main_Discipline_Code"/>
    </many-to-one>
  </class>
</hibernate-mapping>
