<?xml version="1.0"?>
<!DOCTYPE hibernate-mapping PUBLIC
    "-//Hibernate/Hibernate Mapping DTD 3.0//EN"
    "http://hibernate.sourceforge.net/hibernate-mapping-3.0.dtd" >
<hibernate-mapping default-lazy="true">
  <!--
    Created by the Middlegen Hibernate plugin
    http://boss.bekk.no/boss/middlegen/
    http://hibernate.sourceforge.net/
  -->
  <class name="hibernate.Form" table="FORMS" lazy="true">
    <id name="formId" type="java.lang.Long" column="Form_ID" unsaved-value="null">
      <generator class="native"/>
    </id>
    <property name="cid" type="java.lang.Integer" column="CID" not-null="true" length="6" insert="false" update="false"/>
    <property name="formLanguage" type="java.lang.String" column="Form_Language" not-null="true" length="1"/>
    <property name="formStatus" type="java.lang.String" column="Form_Status" not-null="true" length="1"/>
    <property name="transferredToAmisDate" type="java.sql.Timestamp" column="Transferred_To_AMIS_Date" length="23"/>
    <property name="transferredToAmisIndicator" type="java.lang.String" column="Transferred_To_AMIS_Indicator" length="1"/>
    <property name="createUserId" type="java.lang.String" column="Create_User_ID" not-null="true" length="3" insert="false" update="false"/>
    <property name="createDate" type="java.sql.Timestamp" column="Create_Date" not-null="true" length="23" insert="false" update="false"/>
    <property name="changeUserId" type="java.lang.String" column="Change_User_ID" not-null="true" length="3" insert="false" update="false"/>
    <property name="changeDate" type="java.util.Date" column="Change_Date" not-null="true" length="23" insert="false" update="false"/>
    <!-- associations -->
    <!-- bi-directional many-to-one association to Application -->
    <many-to-one name="application" class="hibernate.Application" column="Appl_ID"></many-to-one>
    <!-- bi-directional many-to-one association to WebSubsystem -->
    <many-to-one name="webSubsystem" class="hibernate.WebSubsystem" not-null="true" column="Subsystem_ID">    </many-to-one>
    <!--     <property name="cid" type="java.lang.Integer" column="CID" not-null="true" length="6"/> -->
    <many-to-one name="person" class="hibernate.Person" column="CID"></many-to-one>
  </class>
</hibernate-mapping>
