<?xml version="1.0"?>
<!DOCTYPE hibernate-mapping PUBLIC
    "-//Hibernate/Hibernate Mapping DTD 3.0//EN"
    "http://hibernate.sourceforge.net/hibernate-mapping-3.0.dtd" >
<hibernate-mapping>
  <!--
    Created by the Middlegen Hibernate plugin
    http://boss.bekk.no/boss/middlegen/
    http://hibernate.sourceforge.net/
  -->
  <class name="hibernate.MainDiscipline" table="MAIN_DISCIPLINE" lazy="true">
    <id name="mainDisciplineCode" type="java.lang.Integer" column="Main_Discipline_Code">
      <generator class="assigned"/>
    </id>
    <property name="nameEnglish" type="java.lang.String" column="Name_English" not-null="true" length="60"/>
    <property name="nameFrench" type="java.lang.String" column="Name_French" not-null="true" length="60"/>
    <property name="activeInd" type="java.lang.String" column="Active_Ind" not-null="true" length="1"/>
    <!-- associations -->
  </class>
</hibernate-mapping>
