<?xml version="1.0"?>
<!DOCTYPE hibernate-mapping PUBLIC
    "-//Hibernate/Hibernate Mapping DTD 3.0//EN"
    "http://hibernate.sourceforge.net/hibernate-mapping-3.0.dtd" >
<hibernate-mapping>
  <class name="hibernate.Organization" table="ORGANIZATION" mutable="false" lazy="true">
    <cache usage="read-only"/>
    <id name="orgId" type="java.lang.Integer" column="Org_ID">
      <generator class="assigned"/>
    </id>
    <property name="parentOrgId" type="java.lang.Integer" column="Parent_Org_ID" length="8"/>
    <property name="orgCategoryCode" type="int" column="Org_Category_Code" not-null="true" length="4"/>
    <property name="federallyFundedInd" type="java.lang.String" column="Federally_Funded_Ind" not-null="true" length="1"/>
    <property name="provinceStateCode" type="java.lang.String" column="Province_State_Code" length="2"/>
    <property name="nameEnglish" type="java.lang.String" column="Name_English" not-null="true" length="100"/>
    <property name="nameFrench" type="java.lang.String" column="Name_French" not-null="true" length="100"/>
    <property name="acronymEnglish" type="java.lang.String" column="Acronym_English" not-null="true" length="40"/>
    <property name="acronymFrench" type="java.lang.String" column="Acronym_French" not-null="true" length="40"/>
    <property name="financeName" type="java.lang.String" column="Finance_Name" length="30"/>
    <property name="languageCode" type="java.lang.String" column="Language_Code" length="1"/>
    <property name="fellowshipScheduleType" type="java.lang.Integer" column="Fellowship_Schedule_Type" length="4"/>
    <property name="grantScheduleType" type="java.lang.Integer" column="Grant_Schedule_Type" length="4"/>
    <property name="orgStatusCode" type="int" column="Org_Status_Code" not-null="true" length="4"/>
    <property name="kilometersFromClosestUniv" type="java.lang.Short" column="Kilometers_From_Closest_Univ" length="5"/>
    <property name="sigEligibilityInd" type="java.lang.String" column="SIG_Eligibility_Ind" not-null="true" length="1"/>
    <property name="publisherInd" type="java.lang.String" column="Publisher_Ind" not-null="true" length="1"/>
    <property name="keywords" type="java.lang.String" column="Keywords" length="255"/>
    <property name="globalPaymentInd" type="java.lang.String" column="Global_Payment_Ind" not-null="true" length="1"/>
    <property name="journalFoundedYear" type="java.lang.Short" column="Journal_Founded_Year" length="5"/>
    <property name="journalSelfAdminInd" type="java.lang.String" column="Journal_Self_Admin_Ind" length="1"/>
    <property name="journalType" type="java.lang.Integer" column="Journal_Type" length="4"/>
    <property name="journalLanguageEnglishInd" type="java.lang.String" column="Journal_Language_English_Ind" length="1"/>
    <property name="journalLanguageFrenchInd" type="java.lang.String" column="Journal_Language_French_Ind" length="1"/>
    <property name="journalLanguageOtherInd" type="java.lang.String" column="Journal_Language_Other_Ind" length="1"/>
    <property name="journalLanguageOtherName" type="java.lang.String" column="Journal_Language_Other_Name" length="40"/>
    <property name="createUserId" type="java.lang.String" column="Create_User_ID" length="3"/>
    <property name="createDate" type="java.sql.Timestamp" column="Create_Date" length="23"/>
    <property name="changeUserId" type="java.lang.String" column="Change_User_ID" length="3"/>
    <property name="changeDate" type="java.sql.Timestamp" column="Change_Date" length="23"/>
    <!-- associations -->
    <many-to-one name="country" class="hibernate.Country" column="Country_Code">    </many-to-one>
  </class>
</hibernate-mapping>
