<?xml version="1.0"?>
<!DOCTYPE hibernate-mapping PUBLIC
    "-//Hibernate/Hibernate Mapping DTD 3.0//EN"
    "http://hibernate.sourceforge.net/hibernate-mapping-3.0.dtd" >
<hibernate-mapping>
  <!--
    Created by the Middlegen Hibernate plugin
    http://boss.bekk.no/boss/middlegen/
    http://hibernate.sourceforge.net/
  -->
  <class name="hibernate.OrgDeptLocation" table="ORG_DEPT_LOCATION" mutable="false">
    <cache usage="read-only"/>
    <id name="orgDeptLocId" type="java.lang.Integer" column="Org_Dept_Loc_ID">
      <generator class="assigned"/>
    </id>
    <property name="orgId" type="int" column="Org_ID" not-null="true" length="8"/>
    <property name="departmentCategoryCode" type="int" column="Department_Category_Code" not-null="true" length="4"/>
    <property name="locationId" type="java.lang.Integer" column="Location_ID" not-null="true" length="4"/>
    <property name="statusCode" type="int" column="Status_Code" not-null="true" length="4"/>
    <property name="shortNameEnglish" type="java.lang.String" column="Short_Name_English" length="60"/>
    <property name="shortNameFrench" type="java.lang.String" column="Short_Name_French" length="60"/>
    <property name="departmentNameEnglish" type="java.lang.String" column="Department_Name_English" not-null="true" length="100"/>
    <property name="departmentNameFrench" type="java.lang.String" column="Department_Name_French" not-null="true" length="100"/>
    <property name="statusChangedDate" type="java.sql.Timestamp" column="Status_Changed_Date" not-null="true" length="23"/>
    <property name="sigDeptFulltimeTeachers" type="java.lang.Short" column="SIG_Dept_Fulltime_Teachers" length="5"/>
    <property name="fmsVendorCode" type="java.lang.String" column="FMS_Vendor_Code" length="9"/>
    <property name="emailAddress" type="java.lang.String" column="EMail_Address" length="100"/>
    <property name="phoneCountryCode" type="java.lang.String" column="Phone_Country_Code" length="3"/>
    <property name="phoneAreaCode" type="java.lang.String" column="Phone_Area_Code" length="4"/>
    <property name="phoneNumber" type="java.lang.String" column="Phone_Number" length="12"/>
    <property name="phoneExtension" type="java.lang.String" column="Phone_Extension" length="5"/>
    <property name="faxPhoneCountryCode" type="java.lang.String" column="FAX_Phone_Country_Code" length="3"/>
    <property name="faxAreaCode" type="java.lang.String" column="FAX_Area_Code" length="4"/>
    <property name="faxNumber" type="java.lang.String" column="FAX_Number" length="12"/>
    <property name="faxPhoneExtension" type="java.lang.String" column="FAX_Phone_Extension" length="5"/>
    <property name="deptWebAddress" type="java.lang.String" column="Dept_Web_Address" length="100"/>
    <property name="createUserId" type="java.lang.String" column="Create_User_ID" length="3"/>
    <property name="createDate" type="java.sql.Timestamp" column="Create_Date" length="23"/>
    <property name="changeUserId" type="java.lang.String" column="Change_User_ID" length="3"/>
    <property name="changeDate" type="java.sql.Timestamp" column="Change_Date" length="23"/>
  </class>
</hibernate-mapping>
