<?xml version="1.0"?>
<!DOCTYPE hibernate-mapping PUBLIC
    "-//Hibernate/Hibernate Mapping DTD 3.0//EN"
    "http://hibernate.sourceforge.net/hibernate-mapping-3.0.dtd" >
<hibernate-mapping>
  <!--
    Created by the Middlegen Hibernate plugin
    http://boss.bekk.no/boss/middlegen/
    http://hibernate.sourceforge.net/
  -->
  <class name="hibernate.PersonStudentsTrained" table="PERSON_STUDENTS_TRAINED">
    <id name="studentId" type="java.lang.Integer" column="Student_ID">
      <generator class="assigned"/>
    </id>
    <property name="cid" type="java.lang.Integer" column="CID" length="6"/>
    <property name="trainingYearFrom" type="java.lang.Short" column="Training_Year_From" length="5"/>
    <property name="trainingYearTo" type="java.lang.Short" column="Training_Year_To" length="5"/>
    <property name="familyName" type="java.lang.String" column="Family_Name" length="30"/>
    <property name="givenName" type="java.lang.String" column="Given_Name" length="30"/>
    <property name="initials" type="java.lang.String" column="Initials" length="4"/>
    <property name="countryCode" type="java.lang.Integer" column="Country_Code" length="5"/>
    <property name="roleCode" type="java.lang.Integer" column="Role_Code" length="4"/>
    <property name="resultOfSshrcInd" type="java.lang.String" column="Result_Of_SSHRC_Ind" length="1"/>
    <property name="applId" type="java.lang.Integer" column="Appl_ID" length="7"/>
    <property name="note" type="java.lang.String" column="Note" length="255"/>
    <property name="gradProgInd" type="java.lang.String" column="Grad_Prog_Ind" length="1"/>
    <property name="studentType" type="java.lang.Integer" column="Student_Type" length="4"/>
    <property name="createUserId" type="java.lang.String" column="Create_User_ID" length="3" insert="false" update="false"/>
    <property name="createDate" type="java.sql.Timestamp" column="Create_Date" length="23" insert="false" update="false"/>
    <property name="changeUserId" type="java.lang.String" column="Change_User_ID" length="3" insert="false" update="false"/>
    <property name="changeDate" type="java.sql.Timestamp" column="Change_Date" length="23" insert="false" update="false"/>
    <!-- associations -->
  </class>
</hibernate-mapping>
