<?xml version="1.0"?>
<!DOCTYPE hibernate-mapping PUBLIC
    "-//Hibernate/Hibernate Mapping DTD 3.0//EN"
    "http://hibernate.sourceforge.net/hibernate-mapping-3.0.dtd" >
<hibernate-mapping>
  <!--
    Created by the Middlegen Hibernate plugin
    http://boss.bekk.no/boss/middlegen/
    http://hibernate.sourceforge.net/
  -->
  <class name="hibernate.PersonInterruption" table="PERSON_INTERRUPTIONS">
    <composite-id name="comp_id" class="hibernate.PersonInterruptionPK">
      <key-property name="cid" column="CID" type="java.lang.Integer" length="6"/>
      <key-property name="fromDate" column="From_Date" type="java.sql.Timestamp" length="23"/>
    </composite-id>
    <property name="endDate" type="java.sql.Timestamp" column="End_Date" length="23"/>
    <property name="validInterruptionInd" type="java.lang.String" column="Valid_Interruption_Ind" length="1"/>
    <property name="note" type="java.lang.String" column="Note" length="255"/>
    <property name="createUserId" type="java.lang.String" column="Create_User_ID" length="3" insert="false" update="false"/>
    <property name="createDate" type="java.sql.Timestamp" column="Create_Date" length="23" insert="false" update="false"/>
    <property name="changeUserId" type="java.lang.String" column="Change_User_ID" length="3" insert="false" update="false"/>
    <property name="changeDate" type="java.sql.Timestamp" column="Change_Date" length="23" insert="false" update="false"/>
    <!-- associations -->
  </class>
</hibernate-mapping>
