<?xml version="1.0"?>
<!DOCTYPE hibernate-mapping PUBLIC
    "-//Hibernate/Hibernate Mapping DTD 3.0//EN"
    "http://hibernate.sourceforge.net/hibernate-mapping-3.0.dtd" >
<hibernate-mapping>
  <!--
    Created by the Middlegen Hibernate plugin
    http://boss.bekk.no/boss/middlegen/
    http://hibernate.sourceforge.net/
  -->
  <class name="hibernate.PersonResearchSupport" table="PERSON_RESEARCH_SUPPORT" lazy="true">
    <id name="extSupportId" type="java.lang.Integer" column="Ext_Support_ID" unsaved-value="null">
      <generator class="native"/>
    </id>
    <property name="cid" type="java.lang.Integer" column="CID" not-null="true" length="6" unique="true"/>
    <property name="competitionYear" type="java.lang.Short" column="Competition_Year" length="5"/>
    <property name="orgName" type="java.lang.String" column="Org_Name" length="100"/>
    <property name="applId" type="java.lang.Integer" column="Appl_ID" length="7"/>
    <property name="resultOfSshrcInd" type="java.lang.String" column="Result_Of_SSHRC_Ind" length="1"/>
    <property name="externalApplTitle" type="java.lang.String" column="External_Appl_Title" length="255"/>
    <property name="externalProgramName" type="java.lang.String" column="External_Program_Name" length="100"/>
    <property name="completionStatusCode" type="java.lang.Integer" column="Completion_Status_Code" length="4"/>
    <property name="resultNote" type="java.lang.String" column="Result_Note" length="255"/>
    <property name="roleCode" type="java.lang.Integer" column="Role_Code" length="4"/>
    <property name="grantAmount" type="java.math.BigDecimal" column="Grant_Amount" length="10"/>
    <property name="applicantFamilyName" type="java.lang.String" column="Applicant_Family_Name" length="30"/>
    <property name="applicantFirstName" type="java.lang.String" column="Applicant_First_Name" length="30"/>
    <property name="applicantInitials" type="java.lang.String" column="Applicant_Initials" length="4"/>
    <property name="createUserId" type="java.lang.String" column="Create_User_ID" length="3" insert="false" update="false"/>
    <property name="createDate" type="java.sql.Timestamp" column="Create_Date" length="23" insert="false" update="false"/>
    <property name="changeUserId" type="java.lang.String" column="Change_User_ID" length="3" insert="false" update="false"/>
    <property name="changeDate" type="java.sql.Timestamp" column="Change_Date" length="23" insert="false" update="false"/>
    <!-- associations -->
    <!-- <property name="fundingOrgId" type="java.lang.Integer" column="Funding_Org_ID" length="8"/> -->
    <many-to-one name="fundingOrganization" class="hibernate.Organization" column="Funding_Org_ID">    </many-to-one>
  </class>
</hibernate-mapping>
