<?xml version="1.0"?>
<!DOCTYPE hibernate-mapping PUBLIC
    "-//Hibernate/Hibernate Mapping DTD 3.0//EN"
    "http://hibernate.sourceforge.net/hibernate-mapping-3.0.dtd" >
<hibernate-mapping>
  <!--
    Created by the Middlegen Hibernate plugin
    http://boss.bekk.no/boss/middlegen/
    http://hibernate.sourceforge.net/
  -->
  <class name="hibernate.PersonNot" table="PERSON_NOTES">
    <id name="notesId" type="java.lang.Integer" column="Notes_ID">
      <generator class="assigned"/>
    </id>
    <property name="cid" type="int" column="Cid" not-null="true" length="6"/>
    <property name="noteType" type="int" column="Note_type" not-null="true" length="4"/>
    <property name="note1" type="java.lang.String" column="Note_1" length="2147483647"/>
    <property name="note2" type="java.lang.String" column="Note_2" length="2147483647"/>
    <property name="applId" type="java.lang.Integer" column="Appl_ID" length="7"/>
    <property name="changeDate" type="java.sql.Timestamp" column="Change_Date" length="23" insert="false" update="false"/>
    <property name="changeUserId" type="java.lang.String" column="Change_User_ID" length="3" insert="false" update="false"/>
    <property name="createDate" type="java.sql.Timestamp" column="Create_Date" length="23" insert="false" update="false"/>
    <property name="createUserId" type="java.lang.String" column="Create_User_ID" length="3" insert="false" update="false"/>
    <!-- associations -->
  </class>
</hibernate-mapping>
