<?xml version="1.0"?>
<!DOCTYPE hibernate-mapping PUBLIC
    "-//Hibernate/Hibernate Mapping DTD 3.0//EN"
    "http://hibernate.sourceforge.net/hibernate-mapping-3.0.dtd" >
<hibernate-mapping default-lazy="true">
  <!--
    Created by the Middlegen Hibernate plugin
    http://boss.bekk.no/boss/middlegen/
    http://hibernate.sourceforge.net/
    <<<<<<< Person.hbm.xml
  -->
  <class name="hibernate.Person" table="PERSON" lazy="true">
    <id name="cid" type="java.lang.Integer" column="CID">
      <generator class="native"/>
    </id>
    <property name="amisCid" type="java.lang.Integer" column="Amis_CID" length="6"/>
    <property name="familyName" type="java.lang.String" column="Family_Name" length="30"/>
    <property name="givenName" type="java.lang.String" column="Given_Name" length="30"/>
    <property name="initials" type="java.lang.String" column="Initials" length="4"/>
    <property name="salutation" type="java.lang.Integer" column="Salutation" length="4"/>
    <property name="yearOfBirth" type="java.lang.Short" column="Year_Of_Birth" length="5"/>
    <property name="sin" type="java.lang.Integer" column="SIN" length="9"/>
    <property name="sshrcEmployeeInd" type="java.lang.String" column="SSHRC_Employee_Ind" length="1"/>
    <property name="personStatusCode" type="java.lang.Integer" column="Person_Status_Code" length="4"/>
    <property name="statusChangeDate" type="java.sql.Timestamp" column="Status_Change_Date" length="23"/>
    <property name="primaryMailAddrId" type="java.lang.Integer" column="Primary_Mail_Addr_ID" length="6"/>
    <property name="primaryMailAddrPositionId" type="java.lang.Integer" column="Primary_Mail_Addr_Position_ID" length="6"/>
    <property name="assessorInvitationInd" type="java.lang.String" column="Assessor_Invitation_Ind" length="1"/>
    <property name="assessorWillingToServeInd" type="java.lang.String" column="Assessor_Willing_To_Serve_Ind" length="1"/>
    <property name="assessorOrgId" type="java.lang.Integer" column="Assessor_Org_ID" length="8"/>
    <property name="assessorNominatedBy" type="java.lang.String" column="Assessor_Nominated_By" length="40"/>
    <property name="assessorNominatedDate" type="java.sql.Timestamp" column="Assessor_Nominated_Date" length="23"/>
    <property name="assessorUnavailableFromDate" type="java.sql.Timestamp" column="Assessor_Unavailable_From_Date" length="23"/>
    <property name="assessorUnavailableToDate" type="java.sql.Timestamp" column="Assessor_Unavailable_To_Date" length="23"/>
    <property name="assessorRecommendationInd" type="java.lang.String" column="Assessor_Recommendation_Ind" length="1"/>
    <property name="comInvitationForServiceInd" type="java.lang.String" column="Com_Invitation_For_Service_Ind" length="1"/>
    <property name="comWillingToServeInd" type="java.lang.String" column="Com_Willing_To_Serve_Ind" length="1"/>
    <property name="comUnavailableFromDate" type="java.sql.Timestamp" column="Com_Unavailable_From_Date" length="23"/>
    <property name="comUnavailableToDate" type="java.sql.Timestamp" column="Com_Unavailable_To_Date" length="23"/>
    <property name="comAppointedToId" type="java.lang.Integer" column="Com_Appointed_To_ID" length="5"/>
    <property name="citizenshipType" type="java.lang.Integer" column="Citizenship_Type" length="4"/>
    <property name="landedOnDate" type="java.sql.Timestamp" column="Landed_On_Date" length="23"/>
    <property name="permResStatusInd" type="java.lang.String" column="Perm_Res_Status_Ind" length="1"/>
    <property name="gender" type="java.lang.Integer" column="Gender" length="4"/>
    <property name="correspondenceLanguageCode" type="java.lang.String" column="Correspondence_Language_Code" not-null="true" length="1"/>
    <property name="readEnglish" type="java.lang.String" column="Read_English" not-null="true" length="1"/>
    <property name="writeEnglish" type="java.lang.String" column="Write_English" length="1"/>
    <property name="speakEnglish" type="java.lang.String" column="Speak_English" length="1"/>
    <property name="auralEnglish" type="java.lang.String" column="Aural_English" length="1"/>
    <property name="readFrench" type="java.lang.String" column="Read_French" length="1"/>
    <property name="writeFrench" type="java.lang.String" column="Write_French" length="1"/>
    <property name="speakFrench" type="java.lang.String" column="Speak_French" length="1"/>
    <property name="auralFrench" type="java.lang.String" column="Aural_French" length="1"/>
    <property name="otherLanguages" type="java.lang.String" column="Other_Languages" length="255"/>
    <property name="cvUpdateDate" type="java.sql.Timestamp" column="CV_Update_Date" length="23"/>
    <property name="cvKeywords" type="java.lang.String" column="CV_Keywords" length="255"/>
    <property name="officerKeywords" type="java.lang.String" column="Officer_Keywords" length="255"/>
    <property name="expertiseNote" type="java.lang.String" column="Expertise_Note" length="255"/>
    <property name="includePeerReviewInd" type="java.lang.String" column="Include_Peer_Review_Ind" length="1"/>
    <property name="phoneCountryCode" type="java.lang.String" column="Phone_Country_Code" length="3"/>
    <property name="phoneAreaCode" type="java.lang.String" column="Phone_Area_Code" length="4"/>
    <property name="phoneNumber" type="java.lang.String" column="Phone_Number" length="12"/>
    <property name="phoneExtension" type="java.lang.String" column="Phone_Extension" length="5"/>
    <property name="tmpPhoneCountryCode" type="java.lang.String" column="TMP_Phone_Country_Code" length="3"/>
    <property name="tmpPhoneAreaCode" type="java.lang.String" column="TMP_Phone_Area_Code" length="4"/>
    <property name="tmpPhoneNumber" type="java.lang.String" column="TMP_Phone_Number" length="12"/>
    <property name="tmpPhoneExtension" type="java.lang.String" column="TMP_Phone_Extension" length="5"/>
    <property name="secPhoneCountryCode" type="java.lang.String" column="Sec_Phone_Country_Code" length="3"/>
    <property name="secPhoneAreaCode" type="java.lang.String" column="Sec_Phone_Area_Code" length="4"/>
    <property name="secPhoneNumber" type="java.lang.String" column="Sec_Phone_Number" length="12"/>
    <property name="secPhoneExtension" type="java.lang.String" column="Sec_Phone_Extension" length="5"/>
    <property name="faxPhoneCountryCode" type="java.lang.String" column="FAX_Phone_Country_Code" length="3"/>
    <property name="faxAreaCode" type="java.lang.String" column="FAX_Area_Code" length="4"/>
    <property name="faxNumber" type="java.lang.String" column="FAX_Number" length="12"/>
    <property name="faxPhoneExtension" type="java.lang.String" column="FAX_Phone_Extension" length="5"/>
    <property name="tmpFaxCountryCode" type="java.lang.String" column="TMP_FAX_Country_Code" length="3"/>
    <property name="tmpFaxPhoneAreaCode" type="java.lang.String" column="TMP_FAX_Phone_Area_Code" length="4"/>
    <property name="tmpFaxPhoneNumber" type="java.lang.String" column="TMP_FAX_Phone_Number" length="12"/>
    <property name="tmpFaxPhoneExtension" type="java.lang.String" column="TMP_FAX_Phone_Extension" length="5"/>
    <property name="secFaxCountryCode" type="java.lang.String" column="Sec_Fax_Country_Code" length="3"/>
    <property name="secFaxAreaCode" type="java.lang.String" column="Sec_Fax_Area_Code" length="4"/>
    <property name="secFaxNumber" type="java.lang.String" column="Sec_Fax_Number" length="12"/>
    <property name="secFaxExtension" type="java.lang.String" column="Sec_Fax_Extension" length="5"/>
    <property name="emailAddress" type="java.lang.String" column="EMail_Address" length="100"/>
    <property name="tmpEmailAddress" type="java.lang.String" column="TMP_EMail_Address" length="100"/>
    <property name="scndEmailAddress" type="java.lang.String" column="Scnd_EMail_Address" length="100"/>
    <property name="allTmpControlDateFrom" type="java.sql.Timestamp" column="All_TMP_Control_Date_From" length="23"/>
    <property name="allTmpControlDateTo" type="java.sql.Timestamp" column="All_TMP_Control_Date_To" length="23"/>
    <property name="createUserId" type="java.lang.String" column="Create_User_ID" not-null="true" length="3" insert="false" update="false"/>
    <property name="createDate" type="java.sql.Timestamp" column="Create_Date" not-null="true" length="23" insert="false" update="false"/>
    <property name="changeUserId" type="java.lang.String" column="Change_User_ID" not-null="true" length="3" insert="false" update="false"/>
    <property name="changeDate" type="java.util.Date" column="Change_Date" not-null="true" length="23" insert="false" update="false"/>
    <property name="newPersonInd" type="java.lang.String" column="New_Person_Ind" length="1"/>
    <property name="alias" type="java.lang.String" column="Alias" length="100"/>
    <property name="personConsentInd" type="java.lang.String" column="Person_Consent_Ind" length="1"/>
    <property name="transferredToAmisInd" type="java.lang.String" column="Transferred_To_AMIS_Ind" length="1"/>
    <property name="transferredDate" type="java.sql.Timestamp" column="Transferred_Date" length="23"/>
    <property name="postalCode" type="java.lang.String" column="Postal_Code" length="6"/>
    <property name="formStatus" type="java.lang.String" column="Form_Status" length="1"/>
    <property name="formLanguage" type="java.lang.String" column="Form_Language" length="1"/>
    <property name="landedYear" type="java.lang.String" column="Landed_Year" length="4"/>
    <property name="landedMonth" type="java.lang.String" column="Landed_Month" length="2"/>
    <property name="landedDay" type="java.lang.String" column="Landed_Day" length="2"/>
    <property name="lastAccessDate" type="java.sql.Timestamp" column="Last_Access_Date" length="23"/>
    <property name="previousFamilyName" type="java.lang.String" column="Previous_family_name" length="30"/>
    <!-- associations -->
    <!--     <property name="otherCountryCode" type="java.lang.Integer" column="Other_Country_Code" length="5"/> -->
    <many-to-one name="otherCountryCode" class="hibernate.Country" column="Other_Country_Code">    </many-to-one>
    <!-- unidirectional one-to-many association to personPosition -->
    <set name="personPosition">
      <key column="CID">      </key>
      <one-to-many class="hibernate.PersonPosition"/>
    </set>
    <!-- unidirectional one-to-many association to personAddress -->
    <set name="personAddress">
      <key column="CID">      </key>
      <one-to-many class="hibernate.PersonAddress"/>
    </set>
    <!-- unidirectional one-to-many association to personAcademicBackground -->
    <set name="personAcademicBackground">
      <key column="CID">      </key>
      <one-to-many class="hibernate.PersonAcademicBackground"/>
    </set>
    <!-- unidirectional one-to-many association to PersonExpertise -->
    <set name="personExpertise">
      <key column="CID">      </key>
      <one-to-many class="hibernate.PersonExpertise"/>
    </set>
    <!-- unidirectional one-to-many association to personResearchSupport -->
    <set name="personResearchSupport">
      <key column="CID">      </key>
      <one-to-many class="hibernate.PersonResearchSupport"/>
    </set>
  </class>
</hibernate-mapping>
