<?xml version="1.0"?>
<!DOCTYPE hibernate-mapping PUBLIC
    "-//Hibernate/Hibernate Mapping DTD 3.0//EN"
    "http://hibernate.sourceforge.net/hibernate-mapping-3.0.dtd" >
<hibernate-mapping>
  <class name="hibernate.PersonExpertise" table="PERSON_EXPERTISE" lazy="true">
    <id name="cid" type="java.lang.Integer" column="CID">
      <generator class="assigned"/>
    </id>
    <property name="keywords" type="java.lang.String" column="Keywords" length="255"/>
    <property name="otherDisciplineName1" type="java.lang.String" column="Other_Discipline_Name_1" length="40"/>
    <property name="otherDisciplineName2" type="java.lang.String" column="Other_Discipline_Name_2" length="40"/>
    <property name="otherDisciplineName3" type="java.lang.String" column="Other_Discipline_Name_3" length="40"/>
    <property name="otherDisciplineName4" type="java.lang.String" column="Other_Discipline_Name_4" length="40"/>
    <property name="otherDisciplineName5" type="java.lang.String" column="Other_Discipline_Name_5" length="40"/>
    <property name="temporalStartYear1" type="java.lang.Integer" column="Temporal_Start_Year_1" length="10"/>
    <property name="temporalStartBcAd1" type="java.lang.String" column="Temporal_Start_BC_AD_1" length="2"/>
    <property name="temporalEndYear1" type="java.lang.Integer" column="Temporal_End_Year_1" length="10"/>
    <property name="temporalEndBcAd1" type="java.lang.String" column="Temporal_End_BC_AD_1" length="2"/>
    <property name="temporalStartYear2" type="java.lang.Integer" column="Temporal_Start_Year_2" length="10"/>
    <property name="temporalStartBcAd2" type="java.lang.String" column="Temporal_Start_BC_AD_2" length="2"/>
    <property name="temporalEndYear2" type="java.lang.Integer" column="Temporal_End_Year_2" length="10"/>
    <property name="temporalEndBcAd2" type="java.lang.String" column="Temporal_End_BC_AD_2" length="2"/>
    <property name="createDate" type="java.sql.Timestamp" column="Create_Date" length="23" insert="false" update="false"/>
    <property name="createUserId" type="java.lang.String" column="Create_User_ID" length="3" insert="false" update="false"/>
    <property name="changeDate" type="java.util.Date" column="Change_Date" length="23" insert="false" update="false"/>
    <property name="changeUserId" type="java.lang.String" column="Change_User_ID" length="3" insert="false" update="false"/>
    <!-- associations -->
    <!-- <property name="disciplineCode1" type="java.lang.Integer" column="Discipline_Code_1" length="5"/> -->
    <many-to-one name="disciplineCode1" class="hibernate.Discipline" update="false" insert="false">
      <column name="Discipline_Code_1"/>
    </many-to-one>
    <!-- <property name="disciplineCode2" type="java.lang.Integer" column="Discipline_Code_2" length="5"/> -->
    <many-to-one name="disciplineCode2" class="hibernate.Discipline" update="false" insert="false">
          <column name="Discipline_Code_2"/>
    </many-to-one>
    <!-- <property name="disciplineCode3" type="java.lang.Integer" column="Discipline_Code_3" length="5"/> -->
    <many-to-one name="disciplineCode3" class="hibernate.Discipline" update="false" insert="false">
      <column name="Discipline_Code_3"/>
    </many-to-one>
    <!-- <property name="disciplineCode4" type="java.lang.Integer" column="Discipline_Code_4" length="5"/> -->
    <many-to-one name="disciplineCode4" class="hibernate.Discipline" update="false" insert="false">
      <column name="Discipline_Code_4"/>
    </many-to-one>
    <!-- <property name="disciplineCode5" type="java.lang.Integer" column="Discipline_Code_5" length="5"/> -->
    <many-to-one name="disciplineCode5" class="hibernate.Discipline" update="false" insert="false">
      <column name="Discipline_Code_5"/>
    </many-to-one>
    <!-- <property name="areaOfResearchCode1" type="java.lang.Integer" column="Area_Of_Research_Code_1" length="4"/> -->
    <many-to-one name="areaOfResearchCode1" class="hibernate.Cod" column="Area_Of_Research_Code_1" update="false" insert="false">    </many-to-one>
    <!-- <property name="areaOfResearchCode2" type="java.lang.Integer" column="Area_Of_Research_Code_2" length="4"/> -->
    <many-to-one name="areaOfResearchCode2" class="hibernate.Cod" column="Area_Of_Research_Code_2" update="false" insert="false">    </many-to-one>
    <!-- <property name="areaOfResearchCode3" type="java.lang.Integer" column="Area_Of_Research_Code_3" length="4"/> -->
    <many-to-one name="areaOfResearchCode3" class="hibernate.Cod" column="Area_Of_Research_Code_3" update="false" insert="false">    </many-to-one>
    <!-- <property name="geoPoliticalCode1" type="java.lang.Integer" column="GeoPolitical_Code_1" length="4"/> -->
    <many-to-one name="geoPoliticalCode1" class="hibernate.Cod" column="GeoPolitical_Code_1" update="false" insert="false">    </many-to-one>
    <!-- <property name="geoPoliticalCode2" type="java.lang.Integer" column="GeoPolitical_Code_2" length="4"/> -->
    <many-to-one name="geoPoliticalCode2" class="hibernate.Cod" column="GeoPolitical_Code_2" update="false" insert="false">    </many-to-one>
    <!-- <property name="geoPoliticalCode3" type="java.lang.Integer" column="GeoPolitical_Code_3" length="4"/> -->
    <many-to-one name="geoPoliticalCode3" class="hibernate.Cod" column="GeoPolitical_Code_3" update="false" insert="false">    </many-to-one>
    <!-- <property name="countryCode1" type="java.lang.Integer" column="Country_Code_1" length="5"/> -->
    <many-to-one name="countryCode1" class="hibernate.Country" column="Country_Code_1" update="false" insert="false">    </many-to-one>
    <!-- <property name="provinceStateCode1" type="java.lang.String" column="Province_State_Code_1" length="2"/> -->
    <many-to-one name="provinceStateCode1" class="hibernate.ProvinceState" column="Province_State_Code_1" update="false" insert="false">    </many-to-one>
    <!-- <property name="countryCode2" type="java.lang.Integer" column="Country_Code_2" length="5"/> -->
    <many-to-one name="countryCode2" class="hibernate.Country" column="Country_Code_2" update="false" insert="false">    </many-to-one>
    <!-- <property name="provinceStateCode2" type="java.lang.String" column="Province_State_Code_2" length="2"/> -->
    <many-to-one name="provinceStateCode2" class="hibernate.ProvinceState" column="Province_State_Code_2" update="false" insert="false">    </many-to-one>
    <!-- <property name="countryCode3" type="java.lang.Integer" column="Country_Code_3" length="5"/> -->
    <many-to-one name="countryCode3" class="hibernate.Country" column="Country_Code_3" update="false" insert="false">    </many-to-one>
    <!-- <property name="provinceStateCode3" type="java.lang.String" column="Province_State_Code_3" length="2"/> -->
    <many-to-one name="provinceStateCode3" class="hibernate.ProvinceState" column="Province_State_Code_3" update="false" insert="false">    </many-to-one>
    <!-- <property name="countryCode4" type="java.lang.Integer" column="Country_Code_4" length="5"/> -->
    <many-to-one name="countryCode4" class="hibernate.Country" column="Country_Code_4" update="false" insert="false">    </many-to-one>
    <!-- <property name="provinceStateCode4" type="java.lang.String" column="Province_State_Code_4" length="2"/> -->
    <many-to-one name="provinceStateCode4" class="hibernate.ProvinceState" column="Province_State_Code_4" update="false" insert="false">    </many-to-one>
    <!-- <property name="countryCode5" type="java.lang.Integer" column="Country_Code_5" length="5"/> -->
    <many-to-one name="countryCode5" class="hibernate.Country" column="Country_Code_5" update="false" insert="false">    </many-to-one>
    <!-- <property name="provinceStateCode5" type="java.lang.String" column="Province_State_Code_5" length="2"/> -->
    <many-to-one name="provinceStateCode5" class="hibernate.ProvinceState" column="Province_State_Code_5" update="false" insert="false">    </many-to-one>
  </class>
</hibernate-mapping>
