<?xml version="1.0"?>
<!DOCTYPE hibernate-mapping PUBLIC
    "-//Hibernate/Hibernate Mapping DTD 3.0//EN"
    "http://hibernate.sourceforge.net/hibernate-mapping-3.0.dtd" >
<hibernate-mapping>
  <!--
    Created by the Middlegen Hibernate plugin
    http://boss.bekk.no/boss/middlegen/
    http://hibernate.sourceforge.net/
  -->
  <class name="hibernate.ProgCommittee" table="PROG_COMMITTEE">
    <composite-id name="comp_id" class="hibernate.ProgCommitteePK">
      <key-property name="committeeId" column="Committee_ID" type="java.lang.Integer" length="3"/>
      <!-- bi-directional many-to-one association to Program -->
      <key-many-to-one name="program" class="hibernate.Program">
        <column name="Program_ID"/>
      </key-many-to-one>
    </composite-id>
    <property name="activeInd" type="java.lang.String" column="Active_Ind" length="1"/>
    <property name="createDate" type="java.sql.Timestamp" column="Create_Date" not-null="true" length="23" insert="false" update="false"/>
    <property name="createUserId" type="java.lang.String" column="Create_User_ID" not-null="true" length="3" insert="false" update="false"/>
    <property name="changeDate" type="java.sql.Timestamp" column="Change_Date" not-null="true" length="23" insert="false" update="false"/>
    <property name="changeUserId" type="java.lang.String" column="Change_User_ID" not-null="true" length="3" insert="false" update="false"/>
    <!-- associations -->
  </class>
</hibernate-mapping>
