<?xml version="1.0"?>
<!DOCTYPE hibernate-mapping PUBLIC
    "-//Hibernate/Hibernate Mapping DTD 3.0//EN"
    "http://hibernate.sourceforge.net/hibernate-mapping-3.0.dtd" >
<hibernate-mapping>
  <class name="hibernate.Program" table="PROGRAM" lazy="true">
    <id name="programId" type="java.lang.Integer" column="Program_ID">
      <generator class="assigned"/>
    </id>
    <property name="startDate" type="java.sql.Timestamp" column="Start_Date" length="23"/>
    <property name="endDate" type="java.sql.Timestamp" column="End_Date" length="23"/>
    <property name="activeInd" type="java.lang.String" column="Active_Ind" not-null="true" length="1"/>
    <property name="nameEnglish" type="java.lang.String" column="Name_English" not-null="true" length="100"/>
    <property name="nameFrench" type="java.lang.String" column="Name_French" not-null="true" length="100"/>
    <property name="objectivesEnglish" type="java.lang.String" column="Objectives_English" length="255"/>
    <property name="objectivesFrench" type="java.lang.String" column="Objectives_French" length="255"/>
    <property name="taxableInd" type="java.lang.String" column="Taxable_Ind" not-null="true" length="1"/>
    <property name="awardStartDate" type="java.sql.Timestamp" column="Award_Start_Date" length="23"/>
    <property name="totalAwardMonths" type="java.lang.Integer" column="Total_Award_Months" length="2"/>
    <property name="totalAwardAmount" type="java.math.BigDecimal" column="Total_Award_Amount" length="19"/>
    <property name="monthAwardAmount" type="java.math.BigDecimal" column="Month_Award_Amount" length="19"/>
    <property name="subjectFileClassNumber" type="java.lang.String" column="Subject_File_Class_Number" length="20"/>
    <property name="dataEntryType" type="java.lang.Integer" column="Data_Entry_Type" not-null="true" length="4"/>
    <property name="externallyAccessedInd" type="java.lang.String" column="Externally_Accessed_Ind" not-null="true" length="1"/>
    <property name="maximumResearchAllowance" type="java.math.BigDecimal" column="Maximum_Research_Allowance" length="19"/>
    <property name="timeStipendAmount" type="java.math.BigDecimal" column="Time_Stipend_Amount" length="19"/>
    <property name="timeStipendSshrcPercent" type="java.math.BigDecimal" column="Time_Stipend_SSHRC_Percent" length="4"/>
    <property name="assessmentDueWeeks" type="java.lang.Short" column="Assessment_Due_Weeks" length="5"/>
    <property name="globalPaymentInd" type="java.lang.String" column="Global_Payment_Ind" not-null="true" length="1"/>
    <property name="fellowshipPaymentSchInd" type="java.lang.String" column="Fellowship_Payment_Sch_Ind" not-null="true" length="1"/>
    <property name="tbpInd" type="java.lang.String" column="TBP_Ind" not-null="true" length="1"/>
    <property name="defaultCompetitionYear" type="java.lang.Short" column="Default_Competition_Year" length="5"/>
    <property name="createUserId" type="java.lang.String" column="Create_User_ID" length="3"/>
    <property name="createDate" type="java.sql.Timestamp" column="Create_Date" length="23"/>
    <property name="changeUserId" type="java.lang.String" column="Change_User_ID" length="3"/>
    <property name="changeDate" type="java.sql.Timestamp" column="Change_Date" length="23"/>
    <!-- associations -->
    <!-- bi-directional one-to-many association to WebSubsystem -->
    <set name="webSubsystems" inverse="true">
      <key>
        <column name="Program_ID"/>
      </key>
      <one-to-many class="hibernate.WebSubsystem"/>
    </set>
    <!-- bi-directional one-to-many association to ProgCommittee -->
    <set name="progCommittees" lazy="true" inverse="true">
      <key>
        <column name="Program_ID"/>
      </key>
      <one-to-many class="hibernate.ProgCommittee"/>
    </set>
  </class>
</hibernate-mapping>
