<?xml version="1.0"?>
<!DOCTYPE hibernate-mapping PUBLIC
    "-//Hibernate/Hibernate Mapping DTD 3.0//EN"
    "http://hibernate.sourceforge.net/hibernate-mapping-3.0.dtd" >
<hibernate-mapping>
  <!--
    Created by the Middlegen Hibernate plugin
    http://boss.bekk.no/boss/middlegen/
    http://hibernate.sourceforge.net/
  -->
  <class name="hibernate.ProvinceState" table="PROVINCE_STATE">
    <cache usage="read-only"/>
    <id name="provinceStateCode" type="java.lang.String" column="Province_State_Code">
      <generator class="assigned"/>
    </id>
    <property name="nameEnglish" type="java.lang.String" column="Name_English" not-null="true" length="40"/>
    <property name="nameFrench" type="java.lang.String" column="Name_French" not-null="true" length="40"/>
    <property name="sequenceNumber" type="java.lang.Integer" column="Sequence_Number" length="2"/>
    <property name="activeInd" type="java.lang.String" column="Active_Ind" not-null="true" length="1"/>
    <!-- associations -->
  </class>
</hibernate-mapping>
