<?xml version="1.0"?>
<!DOCTYPE hibernate-mapping PUBLIC
    "-//Hibernate/Hibernate Mapping DTD 3.0//EN"
    "http://hibernate.sourceforge.net/hibernate-mapping-3.0.dtd" >
<hibernate-mapping>
  <!--
    http://hibernate.sourceforge.net/
  -->
  <class name="hibernate.WebModuleBeanClass" table="WEB_MODULE_BEANCLASS" lazy="true">
    <cache usage="read-only"/>
    <composite-id name="comp_id" class="hibernate.WebModuleBeanClassPK">
      <!-- bi-directional many-to-one association to WebSubsystem -->
      <key-many-to-one name="webSubsystem" class="hibernate.WebSubsystem" lazy="false">
        <column name="Subsystem_ID" not-null="true"/>
      </key-many-to-one>
      <key-property name="moduleName" column="Module_Name"/>
      <key-property name="beanClassName" column="BeanClass_Name"/>
    </composite-id>
    <property name="beanClassNickName" type="java.lang.String" column="Beanclass_NickName" not-null="true" length="50"/>
    <property name="MessageResourceName" type="java.lang.String" column="MessageResource_Name" not-null="false" length="50"/>
    <!-- associations -->
  </class>
</hibernate-mapping>
