<?xml version="1.0"?>
<!DOCTYPE hibernate-mapping PUBLIC
    "-//Hibernate/Hibernate Mapping DTD 3.0//EN"
    "http://hibernate.sourceforge.net/hibernate-mapping-3.0.dtd" >
<hibernate-mapping>
  <!--
    Created by the Middlegen Hibernate plugin
    http://boss.bekk.no/boss/middlegen/
    http://hibernate.sourceforge.net/
  -->
  <class name="hibernate.WebSubsystemCrossref" table="WEB_SUBSYSTEM_CROSSREF">
    <composite-id name="comp_id" class="hibernate.WebSubsystemCrossrefPK">
      <!-- bi-directional many-to-one association to WebSubsystem -->
      <key-many-to-one name="bySubsystemId" class="hibernate.WebSubsystem">
        <column name="Subsystem_ID"/>
      </key-many-to-one>
      <!-- bi-directional many-to-one association to WebSubsystem -->
      <key-many-to-one name="byPortfolioSubsystemId" class="hibernate.WebSubsystem">
        <column name="Portfolio_Subsystem_ID"/>
      </key-many-to-one>
    </composite-id>
    <property name="logonPage" type="java.lang.String" column="Logon_Page" length="30"/>
  </class>
</hibernate-mapping>
