<?xml version="1.0"?>
<!DOCTYPE hibernate-mapping PUBLIC
    "-//Hibernate/Hibernate Mapping DTD 3.0//EN"
    "http://hibernate.sourceforge.net/hibernate-mapping-3.0.dtd" >
<hibernate-mapping>
  <!--
    Created by the Middlegen Hibernate plugin
    http://boss.bekk.no/boss/middlegen/
    http://hibernate.sourceforge.net/
  -->
  <class name="hibernate.WebSubsystem" table="WEB_SUBSYSTEMS" lazy="true">
    <id name="subsystemId" type="java.lang.Integer" column="Subsystem_ID">
      <generator class="assigned"/>
    </id>
    <property name="subsystemDescription" type="java.lang.String" column="Subsystem_Description" not-null="true" length="100"/>
    <property name="nameEnglish" type="java.lang.String" column="Name_English" length="35"/>
    <property name="nameFrench" type="java.lang.String" column="Name_French" length="35"/>
    <property name="grantType" type="java.lang.Integer" column="Grant_Type" length="4"/>
    <property name="helpFile" type="java.lang.String" column="Help_File" length="25"/>
    <property name="reportObject" type="java.lang.String" column="Report_Object" length="50"/>
    <property name="portfolioInd" type="java.lang.String" column="Portfolio_Ind" length="1"/>
    <property name="activeInd" type="java.lang.String" column="Active_Ind" length="1"/>
    <property name="startDate" type="java.sql.Timestamp" column="Start_date" length="23"/>
    <property name="endDate" type="java.sql.Timestamp" column="End_date" length="23"/>
    <property name="letterOfIntentInd" type="java.lang.String" column="Letter_Of_Intent_ind" length="1"/>
    <property name="displayNameEnglish" type="java.lang.String" column="Display_Name_English" length="100"/>
    <property name="displayNameFrench" type="java.lang.String" column="Display_Name_French" length="100"/>
    <property name="attachmentFile" type="java.lang.String" column="Attachment_file" length="25"/>
    <property name="numberOfBudgetYears" type="java.lang.Short" column="Number_Of_Budget_Years" length="5"/>
    <property name="finalReportInd" type="java.lang.String" column="Final_Report_Ind" length="1"/>
    <property name="logoName" type="java.lang.String" column="Logo_Name" length="20"/>
    <property name="formType" type="java.lang.String" column="Form_Type" not-null="true" length="10"/>
    <property name="dataEntryType" type="java.lang.Integer" column="Data_Entry_Type" length="4"/>
    <!-- associations -->
    <!-- bi-directional many-to-one association to Program -->
    <many-to-one name="program" class="hibernate.Program" not-null="true" column="Program_ID"></many-to-one>
    <!-- bi-directional one-to-many association to WebModul -->
    <set name="webModuls" lazy="true" inverse="true">
      <key>
        <column name="Subsystem_ID"/>
      </key>
      <one-to-many class="hibernate.WebModul"/>
    </set>
    <!-- bi-directional one-to-many association to Form -->
    <set name="form" lazy="true" inverse="true">
      <key>
        <column name="Subsystem_ID"/>
      </key>
      <one-to-many class="hibernate.Form"/>
    </set>
    <!-- bi-directional one-to-many association to WebSubsystemCrossref -->
    <set name="bySubsystemId" lazy="true" inverse="true">
      <key>
        <column name="Subsystem_ID"/>
      </key>
      <one-to-many class="hibernate.WebSubsystemCrossref"/>
    </set>
    <!-- bi-directional one-to-many association to WebSubsystemCrossref -->
    <set name="byPortfolioSubsystemId" lazy="true" inverse="true">
      <key>
        <column name="Portfolio_Subsystem_ID"/>
      </key>
      <one-to-many class="hibernate.WebSubsystemCrossref"/>
    </set>
  </class>
</hibernate-mapping>
