<?xml version="1.0"?>
<!DOCTYPE hibernate-mapping PUBLIC
    "-//Hibernate/Hibernate Mapping DTD 2.0//EN"
    "http://hibernate.sourceforge.net/hibernate-mapping-3.0.dtd" >
    
<hibernate-mapping>
<!-- 
    Created by the Middlegen Hibernate plugin

    http://boss.bekk.no/boss/middlegen/
    http://hibernate.sourceforge.net/
-->

<class 
    name="com.qwest.isys.prov.AccessPointRole" 
    table="ACCESS_POINT_ROLE"
>
    <meta attribute="class-description" inherit="false">
       @hibernate.class
        table="ACCESS_POINT_ROLE"
    </meta>

    <id
        name="accessPointRoleAi"
        type="java.lang.Long"
        column="ACCESS_POINT_ROLE_AI"
    >
        <meta attribute="field-description">
           @hibernate.id
            generator-class="assigned"
            type="java.lang.Long"
            column="ACCESS_POINT_ROLE_AI"

        </meta>
        <generator class="assigned" />
    </id>

    <property
        name="accessPointRoleClass"
        type="java.lang.String"
        column="ACCESS_POINT_ROLE_CLASS"
        not-null="true"
        length="30"
    >
        <meta attribute="field-description">
           @hibernate.property
            column="ACCESS_POINT_ROLE_CLASS"
            length="30"
            not-null="true"
        </meta>    
    </property>
    <property
        name="jackLocationDesc"
        type="java.lang.String"
        column="JACK_LOCATION_DESC"
        length="60"
    >
        <meta attribute="field-description">
           @hibernate.property
            column="JACK_LOCATION_DESC"
            length="60"
        </meta>    
    </property>
    <property
        name="uapTypeSc"
        type="java.lang.String"
        column="UAP_TYPE_SC"
        unique="true"
        length="10"
    >
        <meta attribute="field-description">
           @hibernate.property
            column="UAP_TYPE_SC"
            length="10"
        </meta>    
    </property>

    <!-- associations -->
    <!-- bi-directional one-to-many association to ImaGroupTermPoint -->
    <!--
    <set
        name="imaGroupTermPoints"
        lazy="true"
        inverse="true"
    >
        <meta attribute="field-description">
           @hibernate.set
            lazy="true"
            inverse="true"

	       @hibernate.collection-key
	        column="ACCESS_POINT_ROLE_AI"

           @hibernate.collection-one-to-many
            class="com.qwest.isys.prov.ImaGroupTermPoint"
        </meta>
        <key>
            <column name="ACCESS_POINT_ROLE_AI" />
        </key>
        <one-to-many 
            class="com.qwest.isys.prov.ImaGroupTermPoint"
        />
    </set>
    -->
    <!-- bi-directional one-to-many association to Port -->
    <!--
    <set
        name="ports"
        lazy="true"
        inverse="true"
    >
        <meta attribute="field-description">
           @hibernate.set
            lazy="true"
            inverse="true"

	       @hibernate.collection-key
	        column="ACCESS_POINT_ROLE_AI"

           @hibernate.collection-one-to-many
            class="com.qwest.isys.prov.Port"
        </meta>
        <key>
            <column name="ACCESS_POINT_ROLE_AI" />
        </key>
        <one-to-many 
            class="com.qwest.isys.prov.Port"
        />
    </set>
    -->
    <!-- bi-directional many-to-one association to Building -->
    <many-to-one
        name="building"
        class="com.qwest.isys.prov.Building"
        not-null="true"
    >
        <meta attribute="field-description">
           @hibernate.many-to-one
            not-null="true"
           @hibernate.column name="BUILDING_AI"         
        </meta>
        <column name="BUILDING_AI" />
    </many-to-one>
    <!-- bi-directional many-to-one association to CustLoc -->
    <many-to-one
        name="customrLocation"
        class="com.qwest.isys.prov.CustomerLocation"
        not-null="true"
    >
        <meta attribute="field-description">
           @hibernate.many-to-one
            not-null="true"
           @hibernate.column name="CUST_LOC_ID"         
        </meta>
        <column name="CUST_LOC_ID" />
    </many-to-one>

</class>
</hibernate-mapping>
