<?xml version="1.0"?>
<!DOCTYPE hibernate-mapping PUBLIC
    "-//Hibernate/Hibernate Mapping DTD 2.0//EN"
    "http://hibernate.sourceforge.net/hibernate-mapping-3.0.dtd" >
    
<hibernate-mapping>
<!-- 
    Created by the Middlegen Hibernate plugin

    http://boss.bekk.no/boss/middlegen/
    http://hibernate.sourceforge.net/
-->

<class 
    name="com.qwest.isys.prov.AdminStatusType" 
    table="ADMIN_STATUS_TYPE"
>
    <meta attribute="class-description" inherit="false">
       @hibernate.class
        table="ADMIN_STATUS_TYPE"
    </meta>

    <id
        name="adminStatusTypeCode"
        type="java.lang.String"
        column="ADMIN_STATUS_TYPE_CODE"
    >
        <meta attribute="field-description">
           @hibernate.id
            generator-class="assigned"
            type="java.lang.String"
            column="ADMIN_STATUS_TYPE_CODE"

        </meta>
        <generator class="assigned" />
    </id>

    <property
        name="adminStatusTypeDesc"
        type="java.lang.String"
        column="ADMIN_STATUS_TYPE_DESC"
        not-null="true"
        length="30"
    >
        <meta attribute="field-description">
           @hibernate.property
            column="ADMIN_STATUS_TYPE_DESC"
            length="30"
            not-null="true"
        </meta>    
    </property>
    <property
        name="isCurrent"
        type="java.lang.String"
        column="IS_CURRENT"
        not-null="true"
        length="1"
    >
        <meta attribute="field-description">
           @hibernate.property
            column="IS_CURRENT"
            length="1"
            not-null="true"
        </meta>    
    </property>

    <!-- associations -->
    <!-- bi-directional one-to-many association to ServiceOrder -->
    <!--
    <set
        name="serviceOrders"
        lazy="true"
        inverse="true"
    >
        <meta attribute="field-description">
           @hibernate.set
            lazy="true"
            inverse="true"

	       @hibernate.collection-key
	        column="ADMIN_STATUS_TYPE_CODE"

           @hibernate.collection-one-to-many
            class="com.qwest.isys.prov.ServiceOrder"
        </meta>
        <key>
            <column name="ADMIN_STATUS_TYPE_CODE" />
        </key>
        <one-to-many 
            class="com.qwest.isys.prov.ServiceOrder"
        />
    </set>
    -->
    <!-- bi-directional one-to-many association to AlSvcHostAssoc -->
    <!--
    <set
        name="alSvcHostAssocs"
        lazy="true"
        inverse="true"
    >
        <meta attribute="field-description">
           @hibernate.set
            lazy="true"
            inverse="true"

	       @hibernate.collection-key
	        column="ADMIN_STATUS_TYPE_CODE"

           @hibernate.collection-one-to-many
            class="com.qwest.isys.prov.AlSvcHostAssoc"
        </meta>
        <key>
            <column name="ADMIN_STATUS_TYPE_CODE" />
        </key>
        <one-to-many 
            class="com.qwest.isys.prov.AlSvcHostAssoc"
        />
    </set>
    -->
    <!-- bi-directional one-to-many association to Service -->
    <!--
    <set
        name="services"
        lazy="true"
        inverse="true"
    >
        <meta attribute="field-description">
           @hibernate.set
            lazy="true"
            inverse="true"

	       @hibernate.collection-key
	        column="ADMIN_STATUS_TYPE_CODE"

           @hibernate.collection-one-to-many
            class="com.qwest.isys.prov.Service"
        </meta>
        <key>
            <column name="ADMIN_STATUS_TYPE_CODE" />
        </key>
        <one-to-many 
            class="com.qwest.isys.prov.Service"
        />
    </set>
	-->
</class>
</hibernate-mapping>
