<?xml version="1.0"?>
<!DOCTYPE hibernate-mapping PUBLIC
    "-//Hibernate/Hibernate Mapping DTD 2.0//EN"
    "http://hibernate.sourceforge.net/hibernate-mapping-3.0.dtd" >
    
<hibernate-mapping>
<!-- 
    Created by the Middlegen Hibernate plugin

    http://boss.bekk.no/boss/middlegen/
    http://hibernate.sourceforge.net/
-->

<class 
    name="com.qwest.isys.prov.AtmServiceClass" 
    table="ATM_SERVICE_CLASS"
>
    <meta attribute="class-description" inherit="false">
       @hibernate.class
        table="ATM_SERVICE_CLASS"
    </meta>

    <id
        name="atmServiceClassCode"
        type="java.lang.String"
        column="ATM_SERVICE_CLASS_CODE"
    >
        <meta attribute="field-description">
           @hibernate.id
            generator-class="assigned"
            type="java.lang.String"
            column="ATM_SERVICE_CLASS_CODE"

        </meta>
        <generator class="assigned" />
    </id>

    <property
        name="atmCosCode"
        type="java.lang.String"
        column="ATM_COS_CODE"
        not-null="true"
        length="10"
    >
        <meta attribute="field-description">
           @hibernate.property
            column="ATM_COS_CODE"
            length="10"
            not-null="true"
        </meta>    
    </property>
    <property
        name="atmCosDesc"
        type="java.lang.String"
        column="ATM_COS_DESC"
        length="20"
    >
        <meta attribute="field-description">
           @hibernate.property
            column="ATM_COS_DESC"
            length="20"
        </meta>    
    </property>

    <!-- associations -->
    <!-- bi-directional one-to-many association to AtmVpiVciTermPoint -->
    <!--
    <set
        name="atmVpiVciTermPoints"
        lazy="true"
        inverse="true"
    >
        <meta attribute="field-description">
           @hibernate.set
            lazy="true"
            inverse="true"

	       @hibernate.collection-key
	        column="ATM_SERVICE_CLASS_CODE"

           @hibernate.collection-one-to-many
            class="com.qwest.isys.prov.AtmVpiVciTermPoint"
        </meta>
        <key>
            <column name="ATM_SERVICE_CLASS_CODE" />
        </key>
        <one-to-many 
            class="com.qwest.isys.prov.AtmVpiVciTermPoint"
        />
    </set>
	-->
</class>
</hibernate-mapping>
