<?xml version="1.0"?>
<!DOCTYPE hibernate-mapping PUBLIC
    "-//Hibernate/Hibernate Mapping DTD 2.0//EN"
    "http://hibernate.sourceforge.net/hibernate-mapping-3.0.dtd" >
    
<hibernate-mapping>
<!-- 
    Created by the Middlegen Hibernate plugin

    http://boss.bekk.no/boss/middlegen/
    http://hibernate.sourceforge.net/
-->

<class 
    name="com.qwest.isys.prov.AtmVccRange" 
    table="ATM_VCC_RANGE"
>
    <meta attribute="class-description" inherit="false">
       @hibernate.class
        table="ATM_VCC_RANGE"
    </meta>

    <id
        name="atmVccRangeAi"
        type="java.lang.Long"
        column="ATM_VCC_RANGE_AI"
    >
        <meta attribute="field-description">
           @hibernate.id
            generator-class="assigned"
            type="java.lang.Long"
            column="ATM_VCC_RANGE_AI"

        </meta>
        <generator class="assigned" />
    </id>

    <property
        name="vpiNumber"
        type="java.lang.Long"
        column="VPI_NUMBER"
        not-null="true"
    >
        <meta attribute="field-description">
           @hibernate.property
            column="VPI_NUMBER"
            not-null="true"
        </meta>    
    </property>
    <property
        name="vciMinNumber"
        type="java.lang.Long"
        column="VCI_MIN_NUMBER"
    >
        <meta attribute="field-description">
           @hibernate.property
            column="VCI_MIN_NUMBER"
        </meta>    
    </property>
    <property
        name="vciMaxNumber"
        type="java.lang.Long"
        column="VCI_MAX_NUMBER"
    >
        <meta attribute="field-description">
           @hibernate.property
            column="VCI_MAX_NUMBER"
        </meta>    
    </property>
    <property
        name="rangeClassName"
        type="java.lang.String"
        column="RANGE_CLASS_NAME"
        not-null="true"
        length="30"
    >
        <meta attribute="field-description">
           @hibernate.property
            column="RANGE_CLASS_NAME"
            length="30"
            not-null="true"
        </meta>    
    </property>

    <!-- associations -->
    <!-- bi-directional many-to-one association to Service -->
    <many-to-one
        name="hostService"
        class="com.qwest.isys.prov.Service"
        not-null="true"
    >
        <meta attribute="field-description">
           @hibernate.many-to-one
            not-null="true"
           @hibernate.column name="SERVICE_AI"         
        </meta>
        <column name="SERVICE_AI" />
    </many-to-one>
    <!-- bi-directional many-to-one association to Nms -->
    <many-to-one
        name="nm"
        class="com.qwest.isys.prov.Nms"
        not-null="true"
    >
        <meta attribute="field-description">
           @hibernate.many-to-one
            not-null="true"
           @hibernate.column name="NMS_AI"         
        </meta>
        <column name="NMS_AI" />
    </many-to-one>
    <!-- bi-directional many-to-one association to TransmissionRateType -->
    <many-to-one
        name="transmissionRateType"
        class="com.qwest.isys.prov.TransmissionRateType"
        not-null="true"
    >
        <meta attribute="field-description">
           @hibernate.many-to-one
            not-null="true"
           @hibernate.column name="TRANSMISSION_RATE_TYPE_SC"         
        </meta>
        <column name="TRANSMISSION_RATE_TYPE_SC" />
    </many-to-one>
    
    <joined-subclass name="com.qwest.isys.prov.AtmPortVccRange"
    table="ATM_PORT_VCC_RANGE" dynamic-update="true"
    dynamic-insert="true">
    
    <key column="ATM_VCC_RANGE_AI" />
    
        <!-- bi-directional many-to-one association to Service -->
    <many-to-one
        name="service"
        class="com.qwest.isys.prov.Service"
        not-null="true"
    >
        <meta attribute="field-description">
           @hibernate.many-to-one
            not-null="true"
           @hibernate.column name="SERVICE_AI"         
        </meta>
        <column name="SERVICE_AI" />
    </many-to-one>
    <!-- bi-directional many-to-one association to NetElement -->
    <many-to-one
        name="port"
        class="com.qwest.isys.prov.NetElement"
        not-null="true"
    >
        <meta attribute="field-description">
           @hibernate.many-to-one
            not-null="true"
           @hibernate.column name="PORT_AI"         
        </meta>
        <column name="PORT_AI" />
    </many-to-one>
    <!-- bi-directional many-to-one association to ServiceType -->
    <many-to-one
        name="serviceType"
        class="com.qwest.isys.prov.ServiceType"
        not-null="true"
    >
        <meta attribute="field-description">
           @hibernate.many-to-one
            not-null="true"
           @hibernate.column name="SERVICE_TYPE_CODE"         
        </meta>
        <column name="SERVICE_TYPE_CODE" />
    </many-to-one>
    </joined-subclass>

</class>
</hibernate-mapping>
