<?xml version="1.0"?>
<!DOCTYPE hibernate-mapping PUBLIC
    "-//Hibernate/Hibernate Mapping DTD 2.0//EN"
    "http://hibernate.sourceforge.net/hibernate-mapping-3.0.dtd" >
    
<hibernate-mapping>
<!-- 
    Created by the Middlegen Hibernate plugin

    http://boss.bekk.no/boss/middlegen/
    http://hibernate.sourceforge.net/
-->

<class 
    name="com.qwest.isys.prov.BillingGroup" 
    table="BILLING_GROUP"
>
    <meta attribute="class-description" inherit="false">
       @hibernate.class
        table="BILLING_GROUP"
    </meta>

    <id
        name="billingGroupId"
        type="java.lang.Long"
        column="BILLING_GROUP_ID"
    >
        <meta attribute="field-description">
           @hibernate.id
            generator-class="assigned"
            type="java.lang.Long"
            column="BILLING_GROUP_ID"

        </meta>
        <generator class="assigned" />
    </id>

    <property
        name="bgMasterCustNum"
        type="java.lang.String"
        column="BG_MASTER_CUST_NUM"
        length="14"
    >
        <meta attribute="field-description">
           @hibernate.property
            column="BG_MASTER_CUST_NUM"
            length="14"
        </meta>    
    </property>
    <property
        name="billingAccountNumber"
        type="java.lang.String"
        column="BILLING_ACCOUNT_NUMBER"
        unique="true"
        length="16"
    >
        <meta attribute="field-description">
           @hibernate.property
            column="BILLING_ACCOUNT_NUMBER"
            length="16"
        </meta>    
    </property>
    <property
        name="billingPeriod"
        type="java.lang.Byte"
        column="BILLING_PERIOD"
        length="2"
    >
        <meta attribute="field-description">
           @hibernate.property
            column="BILLING_PERIOD"
            length="2"
        </meta>    
    </property>
    <property
        name="billName1"
        type="java.lang.String"
        column="BILL_NAME_1"
        unique="true"
        length="40"
    >
        <meta attribute="field-description">
           @hibernate.property
            column="BILL_NAME_1"
            length="40"
        </meta>    
    </property>
    <property
        name="billName2"
        type="java.lang.String"
        column="BILL_NAME_2"
        length="40"
    >
        <meta attribute="field-description">
           @hibernate.property
            column="BILL_NAME_2"
            length="40"
        </meta>    
    </property>
    <property
        name="stateTaxExemptFlag"
        type="byte"
        column="STATE_TAX_EXEMPT_FLAG"
        not-null="true"
        length="1"
    >
        <meta attribute="field-description">
           @hibernate.property
            column="STATE_TAX_EXEMPT_FLAG"
            length="1"
            not-null="true"
        </meta>    
    </property>
    <property
        name="stateSalesTaxExemptFlag"
        type="byte"
        column="STATE_SALES_TAX_EXEMPT_FLAG"
        not-null="true"
        length="1"
    >
        <meta attribute="field-description">
           @hibernate.property
            column="STATE_SALES_TAX_EXEMPT_FLAG"
            length="1"
            not-null="true"
        </meta>    
    </property>
    <property
        name="contactPersonId"
        type="java.lang.Long"
        column="CONTACT_PERSON_ID"
        unique="true"
        length="38"
    >
        <meta attribute="field-description">
           @hibernate.property
            column="CONTACT_PERSON_ID"
            length="38"
        </meta>    
    </property>
    <property
        name="federalTaxExemptFlag"
        type="byte"
        column="FEDERAL_TAX_EXEMPT_FLAG"
        not-null="true"
        length="1"
    >
        <meta attribute="field-description">
           @hibernate.property
            column="FEDERAL_TAX_EXEMPT_FLAG"
            length="1"
            not-null="true"
        </meta>    
    </property>
    <property
        name="citySalesTaxExemptFlag"
        type="byte"
        column="CITY_SALES_TAX_EXEMPT_FLAG"
        not-null="true"
        length="1"
    >
        <meta attribute="field-description">
           @hibernate.property
            column="CITY_SALES_TAX_EXEMPT_FLAG"
            length="1"
            not-null="true"
        </meta>    
    </property>
    <property
        name="countySalesTaxExemptFlag"
        type="byte"
        column="COUNTY_SALES_TAX_EXEMPT_FLAG"
        not-null="true"
        length="1"
    >
        <meta attribute="field-description">
           @hibernate.property
            column="COUNTY_SALES_TAX_EXEMPT_FLAG"
            length="1"
            not-null="true"
        </meta>    
    </property>
    <property
        name="localSalesTaxExemptFlag"
        type="byte"
        column="LOCAL_SALES_TAX_EXEMPT_FLAG"
        not-null="true"
        length="1"
    >
        <meta attribute="field-description">
           @hibernate.property
            column="LOCAL_SALES_TAX_EXEMPT_FLAG"
            length="1"
            not-null="true"
        </meta>    
    </property>
    <property
        name="cityTaxExemptFlag"
        type="byte"
        column="CITY_TAX_EXEMPT_FLAG"
        not-null="true"
        length="1"
    >
        <meta attribute="field-description">
           @hibernate.property
            column="CITY_TAX_EXEMPT_FLAG"
            length="1"
            not-null="true"
        </meta>    
    </property>
    <property
        name="isObsolete"
        type="byte"
        column="IS_OBSOLETE"
        not-null="true"
        length="1"
    >
        <meta attribute="field-description">
           @hibernate.property
            column="IS_OBSOLETE"
            length="1"
            not-null="true"
        </meta>    
    </property>
    <property
        name="enterpriseAcctId"
        type="java.lang.Long"
        column="ENTERPRISE_ACCT_ID"
        unique="true"
        length="12"
    >
        <meta attribute="field-description">
           @hibernate.property
            column="ENTERPRISE_ACCT_ID"
            length="12"
        </meta>    
    </property>
    <property
        name="isSoe"
        type="java.lang.Byte"
        column="IS_SOE"
        length="1"
    >
        <meta attribute="field-description">
           @hibernate.property
            column="IS_SOE"
            length="1"
        </meta>    
    </property>
    <property
        name="soeDate"
        type="java.sql.Timestamp"
        column="SOE_DATE"
        length="7"
    >
        <meta attribute="field-description">
           @hibernate.property
            column="SOE_DATE"
            length="7"
        </meta>    
    </property>
    <property
        name="qwstCustAbbr"
        type="java.lang.String"
        column="QWST_CUST_ABBR"
        length="3"
    >
        <meta attribute="field-description">
           @hibernate.property
            column="QWST_CUST_ABBR"
            length="3"
        </meta>    
    </property>
    <property
        name="banType"
        type="java.lang.Long"
        column="BAN_TYPE"
        unique="true"
        length="38"
    >
        <meta attribute="field-description">
           @hibernate.property
            column="BAN_TYPE"
            length="38"
        </meta>    
    </property>
    <property
        name="hasQwestAdvantage"
        type="java.lang.Byte"
        column="HAS_QWEST_ADVANTAGE"
        length="1"
    >
        <meta attribute="field-description">
           @hibernate.property
            column="HAS_QWEST_ADVANTAGE"
            length="1"
        </meta>    
    </property>
    <property
        name="qwestAdvantageAcct"
        type="java.lang.Long"
        column="QWEST_ADVANTAGE_ACCT"
        length="38"
    >
        <meta attribute="field-description">
           @hibernate.property
            column="QWEST_ADVANTAGE_ACCT"
            length="38"
        </meta>    
    </property>
    <property
        name="qcEnterpriseId"
        type="java.lang.Long"
        column="QC_ENTERPRISE_ID"
        unique="true"
        length="12"
    >
        <meta attribute="field-description">
           @hibernate.property
            column="QC_ENTERPRISE_ID"
            length="12"
        </meta>    
    </property>

    <!-- associations -->
    <!-- bi-directional one-to-many association to NetworkHop -->
    <!--
    <set
        name="networkHops"
        lazy="true"
        inverse="true"
    >
        <meta attribute="field-description">
           @hibernate.set
            lazy="true"
            inverse="true"

	       @hibernate.collection-key
	        column="BILLING_GROUP_ID"

           @hibernate.collection-one-to-many
            class="com.qwest.isys.prov.NetworkHop"
        </meta>
        <key>
            <column name="BILLING_GROUP_ID" />
        </key>
        <one-to-many 
            class="com.qwest.isys.prov.NetworkHop"
        />
    </set>
    -->
    <!-- bi-directional many-to-one association to Customer -->
    <many-to-one
        name="customer"
        class="com.qwest.isys.prov.Customer"
        not-null="true"
    >
        <meta attribute="field-description">
           @hibernate.many-to-one
            not-null="true"
           @hibernate.column name="CUSTOMER_ID"         
        </meta>
        <column name="CUSTOMER_ID" />
    </many-to-one>
    <!-- bi-directional many-to-one association to CustLoc -->
    <many-to-one
        name="customerLocation"
        class="com.qwest.isys.prov.CustomerLocation"
        not-null="true"
    >
        <meta attribute="field-description">
           @hibernate.many-to-one
            not-null="true"
           @hibernate.column name="CUST_LOC_ID"         
        </meta>
        <column name="CUST_LOC_ID" />
    </many-to-one>

</class>
</hibernate-mapping>
