<?xml version="1.0"?>
<!DOCTYPE hibernate-mapping PUBLIC
    "-//Hibernate/Hibernate Mapping DTD 2.0//EN"
    "http://hibernate.sourceforge.net/hibernate-mapping-3.0.dtd" >
    
<hibernate-mapping>
<!-- 
    Created by the Middlegen Hibernate plugin

    http://boss.bekk.no/boss/middlegen/
    http://hibernate.sourceforge.net/
-->

<class 
    name="com.qwest.isys.prov.BuildingFloor" 
    table="BUILDING_FLOOR"
>
    <meta attribute="class-description" inherit="false">
       @hibernate.class
        table="BUILDING_FLOOR"
    </meta>

    <id
        name="buildingFloorAi"
        type="java.lang.Long"
        column="BUILDING_FLOOR_AI"
    >
        <meta attribute="field-description">
           @hibernate.id
            generator-class="assigned"
            type="java.lang.Long"
            column="BUILDING_FLOOR_AI"

        </meta>
        <generator class="assigned" />
    </id>

    <property
        name="floorNumber"
        type="java.lang.String"
        column="FLOOR_NUMBER"
        length="25"
    >
        <meta attribute="field-description">
           @hibernate.property
            column="FLOOR_NUMBER"
            length="25"
        </meta>    
    </property>
    <property
        name="description"
        type="java.lang.String"
        column="DESCRIPTION"
        length="256"
    >
        <meta attribute="field-description">
           @hibernate.property
            column="DESCRIPTION"
            length="256"
        </meta>    
    </property>
    <property
        name="isRegulated"
        type="java.lang.String"
        column="IS_REGULATED"
        not-null="true"
        length="1"
    >
        <meta attribute="field-description">
           @hibernate.property
            column="IS_REGULATED"
            length="1"
            not-null="true"
        </meta>    
    </property>
    <property
        name="isUnregulated"
        type="java.lang.String"
        column="IS_UNREGULATED"
        not-null="true"
        length="1"
    >
        <meta attribute="field-description">
           @hibernate.property
            column="IS_UNREGULATED"
            length="1"
            not-null="true"
        </meta>    
    </property>
    <property
        name="isActive"
        type="java.lang.String"
        column="IS_ACTIVE"
        not-null="true"
        length="1"
    >
        <meta attribute="field-description">
           @hibernate.property
            column="IS_ACTIVE"
            length="1"
            not-null="true"
        </meta>    
    </property>
    <property
        name="accessInfo"
        type="java.lang.String"
        column="ACCESS_INFO"
        length="256"
    >
        <meta attribute="field-description">
           @hibernate.property
            column="ACCESS_INFO"
            length="256"
        </meta>    
    </property>

    <!-- associations -->
    <!-- bi-directional many-to-one association to Building -->
    <many-to-one
        name="building"
        class="com.qwest.isys.prov.Building"
        not-null="true"
    >
        <meta attribute="field-description">
           @hibernate.many-to-one
            not-null="true"
           @hibernate.column name="BUILDING_AI"         
        </meta>
        <column name="BUILDING_AI" />
    </many-to-one>
    <!-- bi-directional one-to-many association to Equipment -->
    <set
        name="equipments"
        lazy="true"
        inverse="true"
    >
        <meta attribute="field-description">
           @hibernate.set
            lazy="true"
            inverse="true"

	       @hibernate.collection-key
	        column="BUILDING_FLOOR_AI"

           @hibernate.collection-one-to-many
            class="com.qwest.isys.prov.Equipment"
        </meta>
        <key>
            <column name="BUILDING_FLOOR_AI" />
        </key>
        <one-to-many 
            class="com.qwest.isys.prov.Equipment"
        />
    </set>
    <!-- bi-directional one-to-many association to BuildingRoom -->
    <set
        name="buildingRooms"
        lazy="true"
        inverse="true"
    >
        <meta attribute="field-description">
           @hibernate.set
            lazy="true"
            inverse="true"

	       @hibernate.collection-key
	        column="BUILDING_FLOOR_AI"

           @hibernate.collection-one-to-many
            class="com.qwest.isys.prov.BuildingRoom"
        </meta>
        <key>
            <column name="BUILDING_FLOOR_AI" />
        </key>
        <one-to-many 
            class="com.qwest.isys.prov.BuildingRoom"
        />
    </set>

</class>
</hibernate-mapping>
