<?xml version="1.0"?>
<!DOCTYPE hibernate-mapping PUBLIC
    "-//Hibernate/Hibernate Mapping DTD 2.0//EN"
    "http://hibernate.sourceforge.net/hibernate-mapping-3.0.dtd" >
    
<hibernate-mapping>
<!-- 
    Created by the Middlegen Hibernate plugin

    http://boss.bekk.no/boss/middlegen/
    http://hibernate.sourceforge.net/
-->

<class 
    name="com.qwest.isys.prov.Building" 
    table="BUILDING"
>
    <meta attribute="class-description" inherit="false">
       @hibernate.class
        table="BUILDING"
    </meta>

    <id
        name="buildingAi"
        type="java.lang.Long"
        column="BUILDING_AI"
    >
        <meta attribute="field-description">
           @hibernate.id
            generator-class="assigned"
            type="java.lang.Long"
            column="BUILDING_AI"

        </meta>
        <generator class="assigned" />
    </id>

    <property
        name="clli"
        type="java.lang.String"
        column="CLLI"
        not-null="true"
        unique="true"
        length="8"
    >
        <meta attribute="field-description">
           @hibernate.property
            column="CLLI"
            length="8"
            not-null="true"
        </meta>    
    </property>
    <property
        name="lata"
        type="java.lang.Short"
        column="LATA"
        unique="true"
        length="4"
    >
        <meta attribute="field-description">
           @hibernate.property
            column="LATA"
            length="4"
        </meta>    
    </property>
    <property
        name="vcoordinate"
        type="java.lang.Long"
        column="V_COORDINATE"
        length="4"
    >
        <meta attribute="field-description">
           @hibernate.property
            column="V_COORDINATE"
            length="4"
        </meta>    
    </property>
    <property
        name="hcoordinate"
        type="java.lang.Long"
        column="H_COORDINATE"
        length="4"
    >
        <meta attribute="field-description">
           @hibernate.property
            column="H_COORDINATE"
            length="4"
        </meta>    
    </property>
    <property
        name="inFrCloudFlag"
        type="java.lang.String"
        column="IN_FR_CLOUD_FLAG"
        not-null="true"
        length="1"
    >
        <meta attribute="field-description">
           @hibernate.property
            column="IN_FR_CLOUD_FLAG"
            length="1"
            not-null="true"
        </meta>    
    </property>
    <property
        name="wireCenterName"
        type="java.lang.String"
        column="WIRE_CENTER_NAME"
        length="31"
    >
        <meta attribute="field-description">
           @hibernate.property
            column="WIRE_CENTER_NAME"
            length="31"
        </meta>    
    </property>
    <property
        name="carrierId"
        type="java.lang.Double"
        column="CARRIER_ID"
    >
        <meta attribute="field-description">
           @hibernate.property
            column="CARRIER_ID"
        </meta>    
    </property>
    <property
        name="nearestCoClli"
        type="java.lang.String"
        column="NEAREST_CO_CLLI"
        length="8"
    >
        <meta attribute="field-description">
           @hibernate.property
            column="NEAREST_CO_CLLI"
            length="8"
        </meta>    
    </property>
    <property
        name="areaCode"
        type="java.lang.String"
        column="AREA_CODE"
        not-null="true"
        length="3"
    >
        <meta attribute="field-description">
           @hibernate.property
            column="AREA_CODE"
            length="3"
            not-null="true"
        </meta>    
    </property>
    <property
        name="taxAreaRateCode"
        type="java.lang.String"
        column="TAX_AREA_RATE_CODE"
        length="4"
    >
        <meta attribute="field-description">
           @hibernate.property
            column="TAX_AREA_RATE_CODE"
            length="4"
        </meta>    
    </property>
    <property
        name="preferredNxx"
        type="java.lang.String"
        column="PREFERRED_NXX"
        length="3"
    >
        <meta attribute="field-description">
           @hibernate.property
            column="PREFERRED_NXX"
            length="3"
        </meta>    
    </property>
    <property
        name="preferredNpa"
        type="java.lang.String"
        column="PREFERRED_NPA"
        length="3"
    >
        <meta attribute="field-description">
           @hibernate.property
            column="PREFERRED_NPA"
            length="3"
        </meta>    
    </property>
    <property
        name="frSwitchPointFlag"
        type="java.lang.String"
        column="FR_SWITCH_POINT_FLAG"
        not-null="true"
        length="1"
    >
        <meta attribute="field-description">
           @hibernate.property
            column="FR_SWITCH_POINT_FLAG"
            length="1"
            not-null="true"
        </meta>    
    </property>
    <property
        name="accessInfo"
        type="java.lang.String"
        column="ACCESS_INFO"
        length="256"
    >
        <meta attribute="field-description">
           @hibernate.property
            column="ACCESS_INFO"
            length="256"
        </meta>    
    </property>
    <property
        name="businessHours"
        type="java.lang.String"
        column="BUSINESS_HOURS"
        length="50"
    >
        <meta attribute="field-description">
           @hibernate.property
            column="BUSINESS_HOURS"
            length="50"
        </meta>    
    </property>
    <property
        name="regularHoursAccess"
        type="java.lang.String"
        column="REGULAR_HOURS_ACCESS"
        length="80"
    >
        <meta attribute="field-description">
           @hibernate.property
            column="REGULAR_HOURS_ACCESS"
            length="80"
        </meta>    
    </property>
    <property
        name="afterHoursAccess"
        type="java.lang.String"
        column="AFTER_HOURS_ACCESS"
        length="80"
    >
        <meta attribute="field-description">
           @hibernate.property
            column="AFTER_HOURS_ACCESS"
            length="80"
        </meta>    
    </property>
    <property
        name="buildingTypeCode"
        type="java.lang.String"
        column="BUILDING_TYPE_CODE"
        length="15"
    >
        <meta attribute="field-description">
           @hibernate.property
            column="BUILDING_TYPE_CODE"
            length="15"
        </meta>    
    </property>
    <property
        name="spaceTypeCode"
        type="java.lang.String"
        column="SPACE_TYPE_CODE"
        length="15"
    >
        <meta attribute="field-description">
           @hibernate.property
            column="SPACE_TYPE_CODE"
            length="15"
        </meta>    
    </property>
    <property
        name="uswestSiteId"
        type="java.lang.String"
        column="USWEST_SITE_ID"
        length="50"
    >
        <meta attribute="field-description">
           @hibernate.property
            column="USWEST_SITE_ID"
            length="50"
        </meta>    
    </property>
    <property
        name="fiberProvider"
        type="java.lang.String"
        column="FIBER_PROVIDER"
        length="50"
    >
        <meta attribute="field-description">
           @hibernate.property
            column="FIBER_PROVIDER"
            length="50"
        </meta>    
    </property>
    <property
        name="fiberToMpop"
        type="java.lang.String"
        column="FIBER_TO_MPOP"
        length="50"
    >
        <meta attribute="field-description">
           @hibernate.property
            column="FIBER_TO_MPOP"
            length="50"
        </meta>    
    </property>
    <property
        name="numberOfMpops"
        type="java.lang.Integer"
        column="NUMBER_OF_MPOPS"
        length="6"
    >
        <meta attribute="field-description">
           @hibernate.property
            column="NUMBER_OF_MPOPS"
            length="6"
        </meta>    
    </property>
    <property
        name="numberOfVacantCables"
        type="java.lang.Integer"
        column="NUMBER_OF_VACANT_CABLES"
        length="6"
    >
        <meta attribute="field-description">
           @hibernate.property
            column="NUMBER_OF_VACANT_CABLES"
            length="6"
        </meta>    
    </property>
    <property
        name="description"
        type="java.lang.String"
        column="DESCRIPTION"
        length="256"
    >
        <meta attribute="field-description">
           @hibernate.property
            column="DESCRIPTION"
            length="256"
        </meta>    
    </property>
    <property
        name="isRegulated"
        type="java.lang.String"
        column="IS_REGULATED"
        not-null="true"
        length="1"
    >
        <meta attribute="field-description">
           @hibernate.property
            column="IS_REGULATED"
            length="1"
            not-null="true"
        </meta>    
    </property>
    <property
        name="isUnregulated"
        type="java.lang.String"
        column="IS_UNREGULATED"
        not-null="true"
        length="1"
    >
        <meta attribute="field-description">
           @hibernate.property
            column="IS_UNREGULATED"
            length="1"
            not-null="true"
        </meta>    
    </property>
    <property
        name="isActive"
        type="java.lang.String"
        column="IS_ACTIVE"
        not-null="true"
        length="1"
    >
        <meta attribute="field-description">
           @hibernate.property
            column="IS_ACTIVE"
            length="1"
            not-null="true"
        </meta>    
    </property>
    <property
        name="qstateAbbreviation"
        type="java.lang.String"
        column="Q_STATE_ABBREVIATION"
        length="2"
    >
        <meta attribute="field-description">
           @hibernate.property
            column="Q_STATE_ABBREVIATION"
            length="2"
        </meta>    
    </property>
    <property
        name="accountCode"
        type="java.lang.Double"
        column="ACCOUNT_CODE"
    >
        <meta attribute="field-description">
           @hibernate.property
            column="ACCOUNT_CODE"
        </meta>    
    </property>
    <property
        name="actl"
        type="java.lang.String"
        column="ACTL"
        length="15"
    >
        <meta attribute="field-description">
           @hibernate.property
            column="ACTL"
            length="15"
        </meta>    
    </property>
    <property
        name="cageNumber"
        type="java.lang.String"
        column="CAGE_NUMBER"
        length="15"
    >
        <meta attribute="field-description">
           @hibernate.property
            column="CAGE_NUMBER"
            length="15"
        </meta>    
    </property>
    <property
        name="rbocCarrierId"
        type="java.lang.Double"
        column="RBOC_CARRIER_ID"
        unique="true"
    >
        <meta attribute="field-description">
           @hibernate.property
            column="RBOC_CARRIER_ID"
        </meta>    
    </property>
    <property
        name="isHiDensity"
        type="java.lang.String"
        column="IS_HI_DENSITY"
        not-null="true"
        length="1"
    >
        <meta attribute="field-description">
           @hibernate.property
            column="IS_HI_DENSITY"
            length="1"
            not-null="true"
        </meta>    
    </property>
    <property
        name="canSupportFracFrService"
        type="java.lang.String"
        column="CAN_SUPPORT_FRAC_FR_SERVICE"
        not-null="true"
        length="1"
    >
        <meta attribute="field-description">
           @hibernate.property
            column="CAN_SUPPORT_FRAC_FR_SERVICE"
            length="1"
            not-null="true"
        </meta>    
    </property>
    <property
        name="accessList"
        type="java.lang.String"
        column="ACCESS_LIST"
        length="41"
    >
        <meta attribute="field-description">
           @hibernate.property
            column="ACCESS_LIST"
            length="41"
        </meta>    
    </property>

    <!-- associations -->
    <!-- bi-directional one-to-many association to AccessPointRole -->
    <!--
    <set
        name="accessPointRoles"
        lazy="true"
        inverse="true"
    >
        <meta attribute="field-description">
           @hibernate.set
            lazy="true"
            inverse="true"

	       @hibernate.collection-key
	        column="BUILDING_AI"

           @hibernate.collection-one-to-many
            class="com.qwest.isys.prov.AccessPointRole"
        </meta>
        <key>
            <column name="BUILDING_AI" />
        </key>
        <one-to-many 
            class="com.qwest.isys.prov.AccessPointRole"
        />
    </set>
    -->
    <!-- bi-directional one-to-many association to Equipment -->
    <set
        name="equipments"
        lazy="true"
        inverse="true"
    >
        <meta attribute="field-description">
           @hibernate.set
            lazy="true"
            inverse="true"

	       @hibernate.collection-key
	        column="BUILDING_AI"

           @hibernate.collection-one-to-many
            class="com.qwest.isys.prov.Equipment"
        </meta>
        <key>
            <column name="BUILDING_AI" />
        </key>
        <one-to-many 
            class="com.qwest.isys.prov.Equipment"
        />
    </set>
    <!-- bi-directional one-to-many association to BuildingFloor -->
    <set
        name="buildingFloors"
        lazy="true"
        inverse="true"
    >
        <meta attribute="field-description">
           @hibernate.set
            lazy="true"
            inverse="true"

	       @hibernate.collection-key
	        column="BUILDING_AI"

           @hibernate.collection-one-to-many
            class="com.qwest.isys.prov.BuildingFloor"
        </meta>
        <key>
            <column name="BUILDING_AI" />
        </key>
        <one-to-many 
            class="com.qwest.isys.prov.BuildingFloor"
        />
    </set>
    <!-- bi-directional many-to-one association to CustLoc -->
    <many-to-one
        name="mainAddress"
        class="com.qwest.isys.prov.CustomerLocation"
        not-null="true"
    >
        <meta attribute="field-description">
           @hibernate.many-to-one
            not-null="true"
           @hibernate.column name="MAIN_ADDRESS"         
        </meta>
        <column name="MAIN_ADDRESS" />
    </many-to-one>
    <!-- bi-directional many-to-one association to CustLoc -->
    <many-to-one
        name="shipToAddress"
        class="com.qwest.isys.prov.CustomerLocation"
        not-null="true"
    >
        <meta attribute="field-description">
           @hibernate.many-to-one
            not-null="true"
           @hibernate.column name="SHIP_TO_ADDRESS"         
        </meta>
        <column name="SHIP_TO_ADDRESS" />
    </many-to-one>

</class>
</hibernate-mapping>
