<?xml version="1.0"?>
<!DOCTYPE hibernate-mapping PUBLIC
    "-//Hibernate/Hibernate Mapping DTD 2.0//EN"
    "http://hibernate.sourceforge.net/hibernate-mapping-3.0.dtd" >
    
<hibernate-mapping>
<!-- 
    Created by the Middlegen Hibernate plugin

    http://boss.bekk.no/boss/middlegen/
    http://hibernate.sourceforge.net/
-->

<class 
    name="com.qwest.isys.prov.CircuitNotesRequest" 
    table="CIRCUIT_NOTES_REQUEST"
>
    <meta attribute="class-description" inherit="false">
       @hibernate.class
        table="CIRCUIT_NOTES_REQUEST"
    </meta>

    <id
        name="circuitNotesRequestAi"
        type="java.lang.Long"
        column="CIRCUIT_NOTES_REQUEST_AI"
    >
        <meta attribute="field-description">
           @hibernate.id
            generator-class="assigned"
            type="java.lang.Long"
            column="CIRCUIT_NOTES_REQUEST_AI"

        </meta>
        <generator class="assigned" />
    </id>

    <property
        name="createdTimeStamp"
        type="java.sql.Timestamp"
        column="CREATED_TIME_STAMP"
        length="7"
    >
        <meta attribute="field-description">
           @hibernate.property
            column="CREATED_TIME_STAMP"
            length="7"
        </meta>    
    </property>
    <property
        name="fulfilledTimeStamp"
        type="java.sql.Timestamp"
        column="FULFILLED_TIME_STAMP"
        length="7"
    >
        <meta attribute="field-description">
           @hibernate.property
            column="FULFILLED_TIME_STAMP"
            length="7"
        </meta>    
    </property>
    <property
        name="status"
        type="java.lang.String"
        column="STATUS"
        length="1"
    >
        <meta attribute="field-description">
           @hibernate.property
            column="STATUS"
            length="1"
        </meta>    
    </property>

    <!-- associations -->
    <!-- bi-directional many-to-one association to Service -->
    <many-to-one
        name="service"
        class="com.qwest.isys.prov.Service"
        not-null="true"
    >
        <meta attribute="field-description">
           @hibernate.many-to-one
            not-null="true"
           @hibernate.column name="SERVICE_AI"         
        </meta>
        <column name="SERVICE_AI" />
    </many-to-one>

</class>
</hibernate-mapping>
