<?xml version="1.0"?>
<!DOCTYPE hibernate-mapping PUBLIC
    "-//Hibernate/Hibernate Mapping DTD 2.0//EN"
    "http://hibernate.sourceforge.net/hibernate-mapping-3.0.dtd" >
    
<hibernate-mapping>
<!-- 
    Created by the Middlegen Hibernate plugin

    http://boss.bekk.no/boss/middlegen/
    http://hibernate.sourceforge.net/
-->

<class 
    name="com.qwest.isys.prov.CircuitNotes" 
    table="CIRCUIT_NOTES"
>
    <meta attribute="class-description" inherit="false">
       @hibernate.class
        table="CIRCUIT_NOTES"
    </meta>

    <id
        name="circuitNotesAi"
        type="java.lang.Long"
        column="CIRCUIT_NOTES_AI"
    >
        <meta attribute="field-description">
           @hibernate.id
            generator-class="assigned"
            type="java.lang.Long"
            column="CIRCUIT_NOTES_AI"

        </meta>
        <generator class="assigned" />
    </id>

    <property
        name="notes"
        type="java.lang.String"
        column="NOTES"
        length="2000"
    >
        <meta attribute="field-description">
           @hibernate.property
            column="NOTES"
            length="2000"
        </meta>    
    </property>

    <!-- associations -->
    <!-- bi-directional one-to-many association to NetworkHop -->
    <!--
    <set
        name="networkHops"
        lazy="true"
        inverse="true"
    >
        <meta attribute="field-description">
           @hibernate.set
            lazy="true"
            inverse="true"

	       @hibernate.collection-key
	        column="CIRCUIT_NOTES_AI"

           @hibernate.collection-one-to-many
            class="com.qwest.isys.prov.NetworkHop"
        </meta>
        <key>
            <column name="CIRCUIT_NOTES_AI" />
        </key>
        <one-to-many 
            class="com.qwest.isys.prov.NetworkHop"
        />
    </set>
    -->
    <!-- bi-directional one-to-many association to Port -->
    <!--
    <set
        name="ports"
        lazy="true"
        inverse="true"
    >
        <meta attribute="field-description">
           @hibernate.set
            lazy="true"
            inverse="true"

	       @hibernate.collection-key
	        column="DEMARC_NOTES_AI"

           @hibernate.collection-one-to-many
            class="com.qwest.isys.prov.Port"
        </meta>
        <key>
            <column name="DEMARC_NOTES_AI" />
        </key>
        <one-to-many 
            class="com.qwest.isys.prov.Port"
        />
    </set>
	-->
</class>
</hibernate-mapping>
