<?xml version="1.0"?>
<!DOCTYPE hibernate-mapping PUBLIC
    "-//Hibernate/Hibernate Mapping DTD 2.0//EN"
    "http://hibernate.sourceforge.net/hibernate-mapping-3.0.dtd" >
    
<hibernate-mapping>
<!-- 
    Created by the Middlegen Hibernate plugin

    http://boss.bekk.no/boss/middlegen/
    http://hibernate.sourceforge.net/
-->

<class 
    name="com.qwest.isys.prov.CircuitServiceType" 
    table="CIRCUIT_SERVICE_TYPE"
>
    <meta attribute="class-description" inherit="false">
       @hibernate.class
        table="CIRCUIT_SERVICE_TYPE"
    </meta>

    <id
        name="serviceTypeCode"
        type="java.lang.String"
        column="SERVICE_TYPE_CODE"
    >
        <meta attribute="field-description">
           @hibernate.id
            generator-class="assigned"
            type="java.lang.String"
            column="SERVICE_TYPE_CODE"

        </meta>
        <generator class="assigned" />
    </id>


    <!-- associations -->
    <!-- bi-directional one-to-one association to ServiceType -->
    <one-to-one
        name="serviceType"
        class="com.qwest.isys.prov.ServiceType"
        outer-join="auto"
        constrained="true"
    >
        <meta attribute="field-description">
           @hibernate.one-to-one
            class="com.qwest.isys.prov.ServiceType"
            outer-join="auto"
            constrained="true"
        </meta>    
    </one-to-one>
    <!-- bi-directional one-to-many association to NetworkHop -->
    <!--
    <set
        name="networkHops"
        lazy="true"
        inverse="true"
    >
        <meta attribute="field-description">
           @hibernate.set
            lazy="true"
            inverse="true"

	       @hibernate.collection-key
	        column="SERVICE_TYPE_CODE"

           @hibernate.collection-one-to-many
            class="com.qwest.isys.prov.NetworkHop"
        </meta>
        <key>
            <column name="SERVICE_TYPE_CODE" />
        </key>
        <one-to-many 
            class="com.qwest.isys.prov.NetworkHop"
        />
    </set>
	-->
</class>
</hibernate-mapping>
