<?xml version="1.0"?>
<!DOCTYPE hibernate-mapping PUBLIC
    "-//Hibernate/Hibernate Mapping DTD 2.0//EN"
    "http://hibernate.sourceforge.net/hibernate-mapping-3.0.dtd" >
    
<hibernate-mapping>
<!-- 
    Created by the Middlegen Hibernate plugin

    http://boss.bekk.no/boss/middlegen/
    http://hibernate.sourceforge.net/
-->

<class 
    name="com.qwest.isys.prov.CommNetwork" 
    table="COMM_NETWORK"
>
    <meta attribute="class-description" inherit="false">
       @hibernate.class
        table="COMM_NETWORK"
    </meta>

    <id
        name="commNetworkAi"
        type="java.lang.Long"
        column="COMM_NETWORK_AI"
    >
        <meta attribute="field-description">
           @hibernate.id
            generator-class="assigned"
            type="java.lang.Long"
            column="COMM_NETWORK_AI"

        </meta>
        <generator class="assigned" />
    </id>

    <property
        name="locationId"
        type="java.lang.Long"
        column="LOCATION_ID"
    >
        <meta attribute="field-description">
           @hibernate.property
            column="LOCATION_ID"
        </meta>    
    </property>
    <property
        name="networkMgmtSysAi"
        type="java.lang.Long"
        column="NETWORK_MGMT_SYS_AI"
    >
        <meta attribute="field-description">
           @hibernate.property
            column="NETWORK_MGMT_SYS_AI"
        </meta>    
    </property>
    <property
        name="isTemplate"
        type="java.lang.String"
        column="IS_TEMPLATE"
        not-null="true"
        length="1"
    >
        <meta attribute="field-description">
           @hibernate.property
            column="IS_TEMPLATE"
            length="1"
            not-null="true"
        </meta>    
    </property>
    <property
        name="isPlaceholder"
        type="java.lang.String"
        column="IS_PLACEHOLDER"
        not-null="true"
        length="1"
    >
        <meta attribute="field-description">
           @hibernate.property
            column="IS_PLACEHOLDER"
            length="1"
            not-null="true"
        </meta>    
    </property>
    <property
        name="userNetworkAi"
        type="java.lang.Long"
        column="USER_NETWORK_AI"
        unique="true"
    >
        <meta attribute="field-description">
           @hibernate.property
            column="USER_NETWORK_AI"
        </meta>    
    </property>
    <property
        name="commNetworkName"
        type="java.lang.String"
        column="COMM_NETWORK_NAME"
        unique="true"
        length="80"
    >
        <meta attribute="field-description">
           @hibernate.property
            column="COMM_NETWORK_NAME"
            length="80"
        </meta>    
    </property>
    <property
        name="accessList"
        type="java.lang.String"
        column="ACCESS_LIST"
        length="41"
    >
        <meta attribute="field-description">
           @hibernate.property
            column="ACCESS_LIST"
            length="41"
        </meta>    
    </property>

    <!-- associations -->
    <!-- bi-directional one-to-many association to CommNetwork -->
    <set
        name="commNetworks"
        lazy="true"
        inverse="true"
    >
        <meta attribute="field-description">
           @hibernate.set
            lazy="true"
            inverse="true"

	       @hibernate.collection-key
	        column="PARENT_COMM_NETWORK_AI"

           @hibernate.collection-one-to-many
            class="com.qwest.isys.prov.CommNetwork"
        </meta>
        <key>
            <column name="PARENT_COMM_NETWORK_AI" />
        </key>
        <one-to-many 
            class="com.qwest.isys.prov.CommNetwork"
        />
    </set>
    <!-- bi-directional many-to-one association to CommNetwork -->
    <many-to-one
        name="commNetwork"
        class="com.qwest.isys.prov.CommNetwork"
        not-null="true"
    >
        <meta attribute="field-description">
           @hibernate.many-to-one
            not-null="true"
           @hibernate.column name="PARENT_COMM_NETWORK_AI"         
        </meta>
        <column name="PARENT_COMM_NETWORK_AI" />
    </many-to-one>
    <!-- bi-directional one-to-many association to Equipment -->
    <set
        name="equipments"
        lazy="true"
        inverse="true"
    >
        <meta attribute="field-description">
           @hibernate.set
            lazy="true"
            inverse="true"

	       @hibernate.collection-key
	        column="COMM_NETWORK_AI"

           @hibernate.collection-one-to-many
            class="com.qwest.isys.prov.Equipment"
        </meta>
        <key>
            <column name="COMM_NETWORK_AI" />
        </key>
        <one-to-many 
            class="com.qwest.isys.prov.Equipment"
        />
    </set>

</class>
</hibernate-mapping>
