<?xml version="1.0"?>
<!DOCTYPE hibernate-mapping PUBLIC
    "-//Hibernate/Hibernate Mapping DTD 2.0//EN"
    "http://hibernate.sourceforge.net/hibernate-mapping-3.0.dtd" >
    
<hibernate-mapping>
<!-- 
    Created by the Middlegen Hibernate plugin

    http://boss.bekk.no/boss/middlegen/
    http://hibernate.sourceforge.net/
-->

<class 
    name="com.qwest.isys.prov.ComponentDefinition" 
    table="COMPONENT_DEFINITION"
>
    <meta attribute="class-description" inherit="false">
       @hibernate.class
        table="COMPONENT_DEFINITION"
    </meta>

    <id
        name="componentDefinitionAi"
        type="java.lang.Long"
        column="COMPONENT_DEFINITION_AI"
    >
        <meta attribute="field-description">
           @hibernate.id
            generator-class="assigned"
            type="java.lang.Long"
            column="COMPONENT_DEFINITION_AI"

        </meta>
        <generator class="assigned" />
    </id>

    <property
        name="type"
        type="java.lang.String"
        column="TYPE"
        length="30"
    >
        <meta attribute="field-description">
           @hibernate.property
            column="TYPE"
            length="30"
        </meta>    
    </property>
    <property
        name="description"
        type="java.lang.String"
        column="DESCRIPTION"
        length="75"
    >
        <meta attribute="field-description">
           @hibernate.property
            column="DESCRIPTION"
            length="75"
        </meta>    
    </property>
    <property
        name="name"
        type="java.lang.String"
        column="NAME"
        length="50"
    >
        <meta attribute="field-description">
           @hibernate.property
            column="NAME"
            length="50"
        </meta>    
    </property>
    <property
        name="creationRuleId"
        type="java.lang.String"
        column="CREATION_RULE_ID"
        length="70"
    >
        <meta attribute="field-description">
           @hibernate.property
            column="CREATION_RULE_ID"
            length="70"
        </meta>    
    </property>
    <property
        name="apiManager"
        type="java.lang.String"
        column="API_MANAGER"
        length="30"
    >
        <meta attribute="field-description">
           @hibernate.property
            column="API_MANAGER"
            length="30"
        </meta>    
    </property>

    <!-- associations -->
    <!-- bi-directional one-to-many association to ServiceElement -->
    <!--
    <set
        name="serviceElements"
        lazy="true"
        inverse="true"
    >
        <meta attribute="field-description">
           @hibernate.set
            lazy="true"
            inverse="true"

	       @hibernate.collection-key
	        column="COMPONENT_DEFINITION_AI"

           @hibernate.collection-one-to-many
            class="com.qwest.isys.prov.ServiceElement"
        </meta>
        <key>
            <column name="COMPONENT_DEFINITION_AI" />
        </key>
        <one-to-many 
            class="com.qwest.isys.prov.ServiceElement"
        />
    </set>
    -->
    <!-- bi-directional one-to-many association to Service -->
    <!--
    <set
        name="services"
        lazy="true"
        inverse="true"
    >
        <meta attribute="field-description">
           @hibernate.set
            lazy="true"
            inverse="true"

	       @hibernate.collection-key
	        column="COMPONENT_DEFINITION_AI"

           @hibernate.collection-one-to-many
            class="com.qwest.isys.prov.Service"
        </meta>
        <key>
            <column name="COMPONENT_DEFINITION_AI" />
        </key>
        <one-to-many 
            class="com.qwest.isys.prov.Service"
        />
    </set>
	-->
</class>
</hibernate-mapping>
