<?xml version="1.0"?>
<!DOCTYPE hibernate-mapping PUBLIC
    "-//Hibernate/Hibernate Mapping DTD 2.0//EN"
    "http://hibernate.sourceforge.net/hibernate-mapping-3.0.dtd" >
    
<hibernate-mapping>
<!-- 
    Created by the Middlegen Hibernate plugin

    http://boss.bekk.no/boss/middlegen/
    http://hibernate.sourceforge.net/
-->

<class 
    name="com.qwest.isys.prov.Customer" 
    table="CUSTOMER"
>
    <meta attribute="class-description" inherit="false">
       @hibernate.class
        table="CUSTOMER"
    </meta>

    <id
        name="customerId"
        type="java.lang.Long"
        column="CUSTOMER_ID"
    >
        <meta attribute="field-description">
           @hibernate.id
            generator-class="assigned"
            type="java.lang.Long"
            column="CUSTOMER_ID"

        </meta>
        <generator class="assigned" />
    </id>

    <property
        name="assignedCustomerId"
        type="java.lang.String"
        column="ASSIGNED_CUSTOMER_ID"
        unique="true"
        length="5"
    >
        <meta attribute="field-description">
           @hibernate.property
            column="ASSIGNED_CUSTOMER_ID"
            length="5"
        </meta>    
    </property>
    <property
        name="acsCustomerId"
        type="java.lang.Long"
        column="ACS_CUSTOMER_ID"
        length="38"
    >
        <meta attribute="field-description">
           @hibernate.property
            column="ACS_CUSTOMER_ID"
            length="38"
        </meta>    
    </property>
    <property
        name="masterCustomerNumber"
        type="java.lang.String"
        column="MASTER_CUSTOMER_NUMBER"
        length="14"
    >
        <meta attribute="field-description">
           @hibernate.property
            column="MASTER_CUSTOMER_NUMBER"
            length="14"
        </meta>    
    </property>
    <property
        name="letterOfAgencyFlag"
        type="byte"
        column="LETTER_OF_AGENCY_FLAG"
        not-null="true"
        length="1"
    >
        <meta attribute="field-description">
           @hibernate.property
            column="LETTER_OF_AGENCY_FLAG"
            length="1"
            not-null="true"
        </meta>    
    </property>
    <property
        name="statusSummary"
        type="java.lang.String"
        column="STATUS_SUMMARY"
        length="2000"
    >
        <meta attribute="field-description">
           @hibernate.property
            column="STATUS_SUMMARY"
            length="2000"
        </meta>    
    </property>
    <property
        name="bgsTieCode"
        type="java.lang.String"
        column="BGS_TIE_CODE"
        length="11"
    >
        <meta attribute="field-description">
           @hibernate.property
            column="BGS_TIE_CODE"
            length="11"
        </meta>    
    </property>
    <property
        name="bgsModule"
        type="java.lang.String"
        column="BGS_MODULE"
        length="6"
    >
        <meta attribute="field-description">
           @hibernate.property
            column="BGS_MODULE"
            length="6"
        </meta>    
    </property>
    <property
        name="bgsSicCode"
        type="java.lang.Short"
        column="BGS_SIC_CODE"
        length="4"
    >
        <meta attribute="field-description">
           @hibernate.property
            column="BGS_SIC_CODE"
            length="4"
        </meta>    
    </property>
    <property
        name="customerCrDate"
        type="java.sql.Timestamp"
        column="CUSTOMER_CR_DATE"
        length="7"
    >
        <meta attribute="field-description">
           @hibernate.property
            column="CUSTOMER_CR_DATE"
            length="7"
        </meta>    
    </property>
    <property
        name="custTypeCode"
        type="java.lang.String"
        column="CUST_TYPE_CODE"
        unique="true"
        length="10"
    >
        <meta attribute="field-description">
           @hibernate.property
            column="CUST_TYPE_CODE"
            length="10"
        </meta>    
    </property>
    <property
        name="personId"
        type="java.lang.Long"
        column="PERSON_ID"
        unique="true"
        length="38"
    >
        <meta attribute="field-description">
           @hibernate.property
            column="PERSON_ID"
            length="38"
        </meta>    
    </property>
    <property
        name="customerCrUser"
        type="java.lang.String"
        column="CUSTOMER_CR_USER"
        length="30"
    >
        <meta attribute="field-description">
           @hibernate.property
            column="CUSTOMER_CR_USER"
            length="30"
        </meta>    
    </property>
    <property
        name="serviceRecoveryFlag"
        type="byte"
        column="SERVICE_RECOVERY_FLAG"
        not-null="true"
        length="1"
    >
        <meta attribute="field-description">
           @hibernate.property
            column="SERVICE_RECOVERY_FLAG"
            length="1"
            not-null="true"
        </meta>    
    </property>
    <property
        name="carePackageReplyto"
        type="java.lang.String"
        column="CARE_PACKAGE_REPLYTO"
        length="50"
    >
        <meta attribute="field-description">
           @hibernate.property
            column="CARE_PACKAGE_REPLYTO"
            length="50"
        </meta>    
    </property>
    <property
        name="valuableVulnerableFlag"
        type="byte"
        column="VALUABLE_VULNERABLE_FLAG"
        not-null="true"
        length="1"
    >
        <meta attribute="field-description">
           @hibernate.property
            column="VALUABLE_VULNERABLE_FLAG"
            length="1"
            not-null="true"
        </meta>    
    </property>
    <property
        name="resellerFlag"
        type="byte"
        column="RESELLER_FLAG"
        not-null="true"
        length="1"
    >
        <meta attribute="field-description">
           @hibernate.property
            column="RESELLER_FLAG"
            length="1"
            not-null="true"
        </meta>    
    </property>
    <property
        name="customerInfoflo"
        type="java.lang.String"
        column="CUSTOMER_INFOFLO"
        length="15"
    >
        <meta attribute="field-description">
           @hibernate.property
            column="CUSTOMER_INFOFLO"
            length="15"
        </meta>    
    </property>
    <property
        name="federalTaxExemptFlag"
        type="byte"
        column="FEDERAL_TAX_EXEMPT_FLAG"
        not-null="true"
        length="1"
    >
        <meta attribute="field-description">
           @hibernate.property
            column="FEDERAL_TAX_EXEMPT_FLAG"
            length="1"
            not-null="true"
        </meta>    
    </property>
    <property
        name="customerName"
        type="java.lang.String"
        column="CUSTOMER_NAME"
        unique="true"
        length="60"
    >
        <meta attribute="field-description">
           @hibernate.property
            column="CUSTOMER_NAME"
            length="60"
        </meta>    
    </property>
    <property
        name="modificationDate"
        type="java.sql.Timestamp"
        column="MODIFICATION_DATE"
        length="7"
    >
        <meta attribute="field-description">
           @hibernate.property
            column="MODIFICATION_DATE"
            length="7"
        </meta>    
    </property>
    <property
        name="scRegionCode"
        type="java.lang.String"
        column="SC_REGION_CODE"
        length="2"
    >
        <meta attribute="field-description">
           @hibernate.property
            column="SC_REGION_CODE"
            length="2"
        </meta>    
    </property>
    <property
        name="companyId"
        type="java.lang.Long"
        column="COMPANY_ID"
        unique="true"
        length="38"
    >
        <meta attribute="field-description">
           @hibernate.property
            column="COMPANY_ID"
            length="38"
        </meta>    
    </property>
    <property
        name="sectorName"
        type="java.lang.String"
        column="SECTOR_NAME"
        unique="true"
        length="20"
    >
        <meta attribute="field-description">
           @hibernate.property
            column="SECTOR_NAME"
            length="20"
        </meta>    
    </property>
    <property
        name="iabsCustomerName"
        type="java.lang.String"
        column="IABS_CUSTOMER_NAME"
        length="40"
    >
        <meta attribute="field-description">
           @hibernate.property
            column="IABS_CUSTOMER_NAME"
            length="40"
        </meta>    
    </property>
    <property
        name="carePackageEmail"
        type="java.lang.String"
        column="CARE_PACKAGE_EMAIL"
        length="300"
    >
        <meta attribute="field-description">
           @hibernate.property
            column="CARE_PACKAGE_EMAIL"
            length="300"
        </meta>    
    </property>
    <property
        name="carePackageAddress"
        type="java.lang.String"
        column="CARE_PACKAGE_ADDRESS"
        length="300"
    >
        <meta attribute="field-description">
           @hibernate.property
            column="CARE_PACKAGE_ADDRESS"
            length="300"
        </meta>    
    </property>
    <property
        name="carePackageFax"
        type="java.lang.String"
        column="CARE_PACKAGE_FAX"
        length="12"
    >
        <meta attribute="field-description">
           @hibernate.property
            column="CARE_PACKAGE_FAX"
            length="12"
        </meta>    
    </property>
    <property
        name="carePackageSend"
        type="java.lang.Byte"
        column="CARE_PACKAGE_SEND"
        length="1"
    >
        <meta attribute="field-description">
           @hibernate.property
            column="CARE_PACKAGE_SEND"
            length="1"
        </meta>    
    </property>
    <property
        name="mastTypeCode"
        type="java.lang.String"
        column="MAST_TYPE_CODE"
        unique="true"
        length="15"
    >
        <meta attribute="field-description">
           @hibernate.property
            column="MAST_TYPE_CODE"
            length="15"
        </meta>    
    </property>
    <property
        name="carrierFlag"
        type="java.lang.Byte"
        column="CARRIER_FLAG"
        length="1"
    >
        <meta attribute="field-description">
           @hibernate.property
            column="CARRIER_FLAG"
            length="1"
        </meta>    
    </property>
    <property
        name="nacFlag"
        type="java.lang.Byte"
        column="NAC_FLAG"
        length="1"
    >
        <meta attribute="field-description">
           @hibernate.property
            column="NAC_FLAG"
            length="1"
        </meta>    
    </property>
    <property
        name="accessList"
        type="java.lang.String"
        column="ACCESS_LIST"
        length="41"
    >
        <meta attribute="field-description">
           @hibernate.property
            column="ACCESS_LIST"
            length="41"
        </meta>    
    </property>
    <property
        name="isInfrastructureCustomer"
        type="java.lang.String"
        column="IS_INFRASTRUCTURE_CUSTOMER"
        length="1"
    >
        <meta attribute="field-description">
           @hibernate.property
            column="IS_INFRASTRUCTURE_CUSTOMER"
            length="1"
        </meta>    
    </property>

    <!-- associations -->
    <!-- bi-directional many-to-one association to MaintenanceControlOffice -->
    <many-to-one
        name="maintenanceControlOffice"
        class="com.qwest.isys.prov.MaintenanceControlOffice"
        not-null="true"
    >
        <meta attribute="field-description">
           @hibernate.many-to-one
            not-null="true"
           @hibernate.column name="MCO_CODE"         
        </meta>
        <column name="MCO_CODE" />
    </many-to-one>
    <!-- bi-directional many-to-one association to ServiceManagementCenter -->
    <many-to-one
        name="serviceManagementCenter"
        class="com.qwest.isys.prov.ServiceManagementCenter"
        not-null="true"
    >
        <meta attribute="field-description">
           @hibernate.many-to-one
            not-null="true"
           @hibernate.column name="OVERRIDE_SM_CENTER_CODE"         
        </meta>
        <column name="OVERRIDE_SM_CENTER_CODE" />
    </many-to-one>
    <!-- bi-directional one-to-many association to BillingGroup -->
    <!--
    <set
        name="billingGroups"
        lazy="true"
        inverse="true"
    >
        <meta attribute="field-description">
           @hibernate.set
            lazy="true"
            inverse="true"

	       @hibernate.collection-key
	        column="CUSTOMER_ID"

           @hibernate.collection-one-to-many
            class="com.qwest.isys.prov.BillingGroup"
        </meta>
        <key>
            <column name="CUSTOMER_ID" />
        </key>
        <one-to-many 
            class="com.qwest.isys.prov.BillingGroup"
        />
    </set>
    -->
    <!-- bi-directional one-to-many association to CustLoc -->
    <set
        name="customerLocations"
        lazy="true"
        inverse="true"
    >
        <meta attribute="field-description">
           @hibernate.set
            lazy="true"
            inverse="true"

	       @hibernate.collection-key
	        column="CUSTOMER_ID"

           @hibernate.collection-one-to-many
            class="com.qwest.isys.prov.CustomerLocation"
        </meta>
        <key>
            <column name="CUSTOMER_ID" />
        </key>
        <one-to-many 
            class="com.qwest.isys.prov.CustomerLocation"
        />
    </set>
    <!-- bi-directional one-to-many association to Service -->
    <!--
    <set
        name="services"
        lazy="true"
        inverse="true"
    >
        <meta attribute="field-description">
           @hibernate.set
            lazy="true"
            inverse="true"

	       @hibernate.collection-key
	        column="CUSTOMER_ID"

           @hibernate.collection-one-to-many
            class="com.qwest.isys.prov.Service"
        </meta>
        <key>
            <column name="CUSTOMER_ID" />
        </key>
        <one-to-many 
            class="com.qwest.isys.prov.Service"
        />
    </set>
	-->
</class>
</hibernate-mapping>
