<?xml version="1.0"?>
<!DOCTYPE hibernate-mapping PUBLIC
    "-//Hibernate/Hibernate Mapping DTD 2.0//EN"
    "http://hibernate.sourceforge.net/hibernate-mapping-3.0.dtd" >
    
<hibernate-mapping>
<!-- 
    Created by the Middlegen Hibernate plugin

    http://boss.bekk.no/boss/middlegen/
    http://hibernate.sourceforge.net/
-->

<class 
    name="com.qwest.isys.prov.CustomerLocation" 
    table="CUST_LOC"
>
    <meta attribute="class-description" inherit="false">
       @hibernate.class
        table="CUST_LOC"
    </meta>

    <id
        name="custLocId"
        type="java.lang.Long"
        column="CUST_LOC_ID"
    >
        <meta attribute="field-description">
           @hibernate.id
            generator-class="assigned"
            type="java.lang.Long"
            column="CUST_LOC_ID"

        </meta>
        <generator class="assigned" />
    </id>

    <property
        name="hasMdsFlag"
        type="byte"
        column="HAS_MDS_FLAG"
        not-null="true"
        length="1"
    >
        <meta attribute="field-description">
           @hibernate.property
            column="HAS_MDS_FLAG"
            length="1"
            not-null="true"
        </meta>    
    </property>
    <property
        name="accessHours"
        type="java.lang.String"
        column="ACCESS_HOURS"
        length="30"
    >
        <meta attribute="field-description">
           @hibernate.property
            column="ACCESS_HOURS"
            length="30"
        </meta>    
    </property>
    <property
        name="bgsSbsFlag"
        type="java.lang.Byte"
        column="BGS_SBS_FLAG"
        length="1"
    >
        <meta attribute="field-description">
           @hibernate.property
            column="BGS_SBS_FLAG"
            length="1"
        </meta>    
    </property>
    <property
        name="exceptionHandlingText"
        type="java.lang.String"
        column="EXCEPTION_HANDLING_TEXT"
        length="2000"
    >
        <meta attribute="field-description">
           @hibernate.property
            column="EXCEPTION_HANDLING_TEXT"
            length="2000"
        </meta>    
    </property>
    <property
        name="locationId"
        type="java.lang.Long"
        column="LOCATION_ID"
        unique="true"
        length="38"
    >
        <meta attribute="field-description">
           @hibernate.property
            column="LOCATION_ID"
            length="38"
        </meta>    
    </property>
    <property
        name="modificationDate"
        type="java.sql.Timestamp"
        column="MODIFICATION_DATE"
        length="7"
    >
        <meta attribute="field-description">
           @hibernate.property
            column="MODIFICATION_DATE"
            length="7"
        </meta>    
    </property>
    <property
        name="qhasCpeFlag"
        type="byte"
        column="Q_HAS_CPE_FLAG"
        not-null="true"
        length="1"
    >
        <meta attribute="field-description">
           @hibernate.property
            column="Q_HAS_CPE_FLAG"
            length="1"
            not-null="true"
        </meta>    
    </property>
    <property
        name="custLocCrDate"
        type="java.sql.Timestamp"
        column="CUST_LOC_CR_DATE"
        length="7"
    >
        <meta attribute="field-description">
           @hibernate.property
            column="CUST_LOC_CR_DATE"
            length="7"
        </meta>    
    </property>
    <property
        name="companyId"
        type="java.lang.Long"
        column="COMPANY_ID"
        unique="true"
        length="38"
    >
        <meta attribute="field-description">
           @hibernate.property
            column="COMPANY_ID"
            length="38"
        </meta>    
    </property>
    <property
        name="personLocationId"
        type="java.lang.Long"
        column="PERSON_LOCATION_ID"
        unique="true"
        length="38"
    >
        <meta attribute="field-description">
           @hibernate.property
            column="PERSON_LOCATION_ID"
            length="38"
        </meta>    
    </property>
    <property
        name="companyLocationId"
        type="java.lang.Long"
        column="COMPANY_LOCATION_ID"
        unique="true"
        length="38"
    >
        <meta attribute="field-description">
           @hibernate.property
            column="COMPANY_LOCATION_ID"
            length="38"
        </meta>    
    </property>
    <property
        name="hasArchivedTicketsFlag"
        type="byte"
        column="HAS_ARCHIVED_TICKETS_FLAG"
        not-null="true"
        length="1"
    >
        <meta attribute="field-description">
           @hibernate.property
            column="HAS_ARCHIVED_TICKETS_FLAG"
            length="1"
            not-null="true"
        </meta>    
    </property>
    <property
        name="feCustomerNo"
        type="java.lang.String"
        column="FE_CUSTOMER_NO"
        unique="true"
        length="9"
    >
        <meta attribute="field-description">
           @hibernate.property
            column="FE_CUSTOMER_NO"
            length="9"
        </meta>    
    </property>
    <property
        name="feCustLocNo"
        type="java.lang.Integer"
        column="FE_CUST_LOC_NO"
        unique="true"
        length="5"
    >
        <meta attribute="field-description">
           @hibernate.property
            column="FE_CUST_LOC_NO"
            length="5"
        </meta>    
    </property>
    <property
        name="accessList"
        type="java.lang.String"
        column="ACCESS_LIST"
        length="41"
    >
        <meta attribute="field-description">
           @hibernate.property
            column="ACCESS_LIST"
            length="41"
        </meta>    
    </property>

    <!-- associations -->
    <!-- bi-directional many-to-one association to MaintenanceControlOffice -->
    <many-to-one
        name="maintenanceControlOffice"
        class="com.qwest.isys.prov.MaintenanceControlOffice"
        not-null="true"
    >
        <meta attribute="field-description">
           @hibernate.many-to-one
            not-null="true"
           @hibernate.column name="MCO_CODE"         
        </meta>
        <column name="MCO_CODE" />
    </many-to-one>
    <!-- bi-directional many-to-one association to ServiceManagementCenter -->
    <many-to-one
        name="serviceManagementCenter"
        class="com.qwest.isys.prov.ServiceManagementCenter"
        not-null="true"
    >
        <meta attribute="field-description">
           @hibernate.many-to-one
            not-null="true"
           @hibernate.column name="OVERRIDE_SM_CENTER_CODE"         
        </meta>
        <column name="OVERRIDE_SM_CENTER_CODE" />
    </many-to-one>
        <!-- bi-directional many-to-one association to Person -->
    <many-to-one
        name="person"
        class="com.qwest.isys.prov.Person"
        not-null="true"
    >
        <meta attribute="field-description">
           @hibernate.many-to-one
            not-null="true"
           @hibernate.column name="PERSON_ID"         
        </meta>
        <column name="PERSON_ID" />
    </many-to-one>
    <!-- bi-directional many-to-one association to Customer -->
    <many-to-one
        name="customer"
        class="com.qwest.isys.prov.Customer"
        not-null="true"
    >
        <meta attribute="field-description">
           @hibernate.many-to-one
            not-null="true"
           @hibernate.column name="CUSTOMER_ID"         
        </meta>
        <column name="CUSTOMER_ID" />
    </many-to-one>
        <!-- bi-directional many-to-many association to NetworkHop -->
    <set
        name="networkHops"
        lazy="true"
        table="NET_HOP_CUST_LOC"
    >
        <meta attribute="field-description">
           @hibernate.set
            lazy="true"
            table="NET_HOP_CUST_LOC"

	       @hibernate.collection-key
	        column="CUST_LOC_ID"

           @hibernate.collection-many-to-many
            class="com.qwest.isys.prov.NetworkHop"
            column="NETWORK_HOP_ID"
        </meta>
        <key>
            <column name="CUST_LOC_ID" />
        </key>
        <many-to-many
            class="com.qwest.isys.prov.NetworkHop"
        >
            <column name="NETWORK_HOP_ID" />
        </many-to-many>
    </set>
    <!-- bi-directional one-to-many association to NetHopCustLoc -->
    <!--
    <set
        name="netHopCustLocs"
        lazy="true"
        inverse="true"
    >
        <meta attribute="field-description">
           @hibernate.set
            lazy="true"
            inverse="true"

	       @hibernate.collection-key
	        column="CUST_LOC_ID"

           @hibernate.collection-one-to-many
            class="com.qwest.isys.prov.NetHopCustLoc"
        </meta>
        <key>
            <column name="CUST_LOC_ID" />
        </key>
        <one-to-many 
            class="com.qwest.isys.prov.NetHopCustLoc"
        />
    </set>
    -->
    <!-- bi-directional one-to-many association to BillingGroup -->
    <!--
    <set
        name="billingGroups"
        lazy="true"
        inverse="true"
    >
        <meta attribute="field-description">
           @hibernate.set
            lazy="true"
            inverse="true"

	       @hibernate.collection-key
	        column="CUST_LOC_ID"

           @hibernate.collection-one-to-many
            class="com.qwest.isys.prov.BillingGroup"
        </meta>
        <key>
            <column name="CUST_LOC_ID" />
        </key>
        <one-to-many 
            class="com.qwest.isys.prov.BillingGroup"
        />
    </set>
    -->
    <!-- bi-directional one-to-many association to AccessPointRole -->
    <!--
    <set
        name="accessPointRoles"
        lazy="true"
        inverse="true"
    >
        <meta attribute="field-description">
           @hibernate.set
            lazy="true"
            inverse="true"

	       @hibernate.collection-key
	        column="CUST_LOC_ID"

           @hibernate.collection-one-to-many
            class="com.qwest.isys.prov.AccessPointRole"
        </meta>
        <key>
            <column name="CUST_LOC_ID" />
        </key>
        <one-to-many 
            class="com.qwest.isys.prov.AccessPointRole"
        />
    </set>
    -->
    <!-- bi-directional one-to-many association to Equipment -->
    <!--
    <set
        name="equipments"
        lazy="true"
        inverse="true"
    >
        <meta attribute="field-description">
           @hibernate.set
            lazy="true"
            inverse="true"

	       @hibernate.collection-key
	        column="CUST_LOC_ID"

           @hibernate.collection-one-to-many
            class="com.qwest.isys.prov.Equipment"
        </meta>
        <key>
            <column name="CUST_LOC_ID" />
        </key>
        <one-to-many 
            class="com.qwest.isys.prov.Equipment"
        />
    </set>
    -->
    <!-- bi-directional one-to-many association to Building -->
    <!--
    <set
        name="buildingsByMainAddress"
        lazy="true"
        inverse="true"
    >
        <meta attribute="field-description">
           @hibernate.set
            lazy="true"
            inverse="true"

	       @hibernate.collection-key
	        column="MAIN_ADDRESS"

           @hibernate.collection-one-to-many
            class="com.qwest.isys.prov.Building"
        </meta>
        <key>
            <column name="MAIN_ADDRESS" />
        </key>
        <one-to-many 
            class="com.qwest.isys.prov.Building"
        />
    </set>
    -->
    <!-- bi-directional one-to-many association to Building -->
    <!--
    <set
        name="buildingsByShipToAddress"
        lazy="true"
        inverse="true"
    >
        <meta attribute="field-description">
           @hibernate.set
            lazy="true"
            inverse="true"

	       @hibernate.collection-key
	        column="SHIP_TO_ADDRESS"

           @hibernate.collection-one-to-many
            class="com.qwest.isys.prov.Building"
        </meta>
        <key>
            <column name="SHIP_TO_ADDRESS" />
        </key>
        <one-to-many 
            class="com.qwest.isys.prov.Building"
        />
    -->
    </class>
</hibernate-mapping>
