<?xml version="1.0"?>
<!DOCTYPE hibernate-mapping PUBLIC
    "-//Hibernate/Hibernate Mapping DTD 2.0//EN"
    "http://hibernate.sourceforge.net/hibernate-mapping-3.0.dtd" >
    
<hibernate-mapping>
<!-- 
    Created by the Middlegen Hibernate plugin

    http://boss.bekk.no/boss/middlegen/
    http://hibernate.sourceforge.net/
-->

<class 
    name="com.qwest.isys.prov.DatabaseUser" 
    table="DATABASE_USER"
>
    <meta attribute="class-description" inherit="false">
       @hibernate.class
        table="DATABASE_USER"
    </meta>

    <id
        name="userLogin"
        type="java.lang.String"
        column="USER_LOGIN"
    >
        <meta attribute="field-description">
           @hibernate.id
            generator-class="assigned"
            type="java.lang.String"
            column="USER_LOGIN"

        </meta>
        <generator class="assigned" />
    </id>

    <property
        name="databaseUserAi"
        type="java.lang.Long"
        column="DATABASE_USER_AI"
        length="38"
    >
        <meta attribute="field-description">
           @hibernate.property
            column="DATABASE_USER_AI"
            length="38"
        </meta>    
    </property>
    <property
        name="passwdLastChangedDate"
        type="java.sql.Timestamp"
        column="PASSWD_LAST_CHANGED_DATE"
        not-null="true"
        length="7"
    >
        <meta attribute="field-description">
           @hibernate.property
            column="PASSWD_LAST_CHANGED_DATE"
            length="7"
            not-null="true"
        </meta>    
    </property>
    <property
        name="accessRestrictedFlag"
        type="java.lang.String"
        column="ACCESS_RESTRICTED_FLAG"
        length="1"
    >
        <meta attribute="field-description">
           @hibernate.property
            column="ACCESS_RESTRICTED_FLAG"
            length="1"
        </meta>    
    </property>
    <property
        name="cpeCpniRestFlag"
        type="byte"
        column="CPE_CPNI_REST_FLAG"
        not-null="true"
        length="1"
    >
        <meta attribute="field-description">
           @hibernate.property
            column="CPE_CPNI_REST_FLAG"
            length="1"
            not-null="true"
        </meta>    
    </property>
    <property
        name="netCpniRestFlag"
        type="byte"
        column="NET_CPNI_REST_FLAG"
        not-null="true"
        length="1"
    >
        <meta attribute="field-description">
           @hibernate.property
            column="NET_CPNI_REST_FLAG"
            length="1"
            not-null="true"
        </meta>    
    </property>
    <property
        name="ehsCpniRestFlag"
        type="byte"
        column="EHS_CPNI_REST_FLAG"
        not-null="true"
        length="1"
    >
        <meta attribute="field-description">
           @hibernate.property
            column="EHS_CPNI_REST_FLAG"
            length="1"
            not-null="true"
        </meta>    
    </property>
    <property
        name="creationDate"
        type="java.sql.Timestamp"
        column="CREATION_DATE"
        length="7"
    >
        <meta attribute="field-description">
           @hibernate.property
            column="CREATION_DATE"
            length="7"
        </meta>    
    </property>
    <property
        name="duAccessRestFlag"
        type="byte"
        column="DU_ACCESS_REST_FLAG"
        not-null="true"
        length="1"
    >
        <meta attribute="field-description">
           @hibernate.property
            column="DU_ACCESS_REST_FLAG"
            length="1"
            not-null="true"
        </meta>    
    </property>
    <property
        name="preferenceNumber"
        type="java.lang.String"
        column="PREFERENCE_NUMBER"
        length="1"
    >
        <meta attribute="field-description">
           @hibernate.property
            column="PREFERENCE_NUMBER"
            length="1"
        </meta>    
    </property>
    <property
        name="preferenceUserGroupAi"
        type="java.lang.Long"
        column="PREFERENCE_USER_GROUP_AI"
        unique="true"
        length="38"
    >
        <meta attribute="field-description">
           @hibernate.property
            column="PREFERENCE_USER_GROUP_AI"
            length="38"
        </meta>    
    </property>
    <property
        name="securityUserGroupAi"
        type="java.lang.Long"
        column="SECURITY_USER_GROUP_AI"
        unique="true"
        length="38"
    >
        <meta attribute="field-description">
           @hibernate.property
            column="SECURITY_USER_GROUP_AI"
            length="38"
        </meta>    
    </property>
    <property
        name="isActiveForIntegrator"
        type="java.lang.String"
        column="IS_ACTIVE_FOR_INTEGRATOR"
        length="1"
    >
        <meta attribute="field-description">
           @hibernate.property
            column="IS_ACTIVE_FOR_INTEGRATOR"
            length="1"
        </meta>    
    </property>

    <!-- associations -->
    <!-- bi-directional many-to-one association to Person -->
    <many-to-one
        name="personByApproverPersonId"
        class="com.qwest.isys.prov.Person"
        not-null="true"
    >
        <meta attribute="field-description">
           @hibernate.many-to-one
            not-null="true"
           @hibernate.column name="APPROVER_PERSON_ID"         
        </meta>
        <column name="APPROVER_PERSON_ID" />
    </many-to-one>
    <!-- bi-directional many-to-one association to Person -->
    <many-to-one
        name="personByPersonId"
        class="com.qwest.isys.prov.Person"
        not-null="true"
    >
        <meta attribute="field-description">
           @hibernate.many-to-one
            not-null="true"
           @hibernate.column name="PERSON_ID"         
        </meta>
        <column name="PERSON_ID" />
    </many-to-one>
    <!-- bi-directional one-to-many association to Person -->
    <!--
    <set
        name="persons"
        lazy="true"
        inverse="true"
    >
        <meta attribute="field-description">
           @hibernate.set
            lazy="true"
            inverse="true"

	       @hibernate.collection-key
	        column="USER_LOGIN"

           @hibernate.collection-one-to-many
            class="com.qwest.isys.prov.Person"
        </meta>
        <key>
            <column name="USER_LOGIN" />
        </key>
        <one-to-many 
            class="com.qwest.isys.prov.Person"
        />
    </set>
    -->
    <!-- bi-directional one-to-many association to DatabaseUser -->
    <!--
    <set
        name="databaseUsers"
        lazy="true"
        inverse="true"
    >
        <meta attribute="field-description">
           @hibernate.set
            lazy="true"
            inverse="true"

	       @hibernate.collection-key
	        column="CREATOR_USER_LOGIN"

           @hibernate.collection-one-to-many
            class="com.qwest.isys.prov.DatabaseUser"
        </meta>
        <key>
            <column name="CREATOR_USER_LOGIN" />
        </key>
        <one-to-many 
            class="com.qwest.isys.prov.DatabaseUser"
        />
    </set>
    -->
    <!-- bi-directional many-to-one association to DatabaseUser -->
    <many-to-one
        name="databaseUser"
        class="com.qwest.isys.prov.DatabaseUser"
        not-null="true"
    >
        <meta attribute="field-description">
           @hibernate.many-to-one
            not-null="true"
           @hibernate.column name="CREATOR_USER_LOGIN"         
        </meta>
        <column name="CREATOR_USER_LOGIN" />
    </many-to-one>

</class>
</hibernate-mapping>
