<?xml version="1.0"?>
<!DOCTYPE hibernate-mapping PUBLIC
    "-//Hibernate/Hibernate Mapping DTD 2.0//EN"
    "http://hibernate.sourceforge.net/hibernate-mapping-3.0.dtd" >
    
<hibernate-mapping>
<!-- 
    Created by the Middlegen Hibernate plugin

    http://boss.bekk.no/boss/middlegen/
    http://hibernate.sourceforge.net/
-->

<class 
    name="com.qwest.isys.prov.DlciRange" 
    table="DLCI_RANGE"
>
    <meta attribute="class-description" inherit="false">
       @hibernate.class
        table="DLCI_RANGE"
    </meta>

    <id
        name="dlciRangeAi"
        type="java.lang.Long"
        column="DLCI_RANGE_AI"
    >
        <meta attribute="field-description">
           @hibernate.id
            generator-class="sequence"
            type="java.lang.Long"
            column="DLCI_RANGE_AI"

           @hibernate.generator-param
	        name="sequence"
	        value=""
        </meta>
        <generator class="sequence">
            <param name="sequence"></param>
        </generator>
    </id>

    <property
        name="minDlciNumber"
        type="java.math.BigDecimal"
        column="MIN_DLCI_NUMBER"
    >
        <meta attribute="field-description">
           @hibernate.property
            column="MIN_DLCI_NUMBER"
        </meta>    
    </property>
    <property
        name="maxDlciNumber"
        type="java.math.BigDecimal"
        column="MAX_DLCI_NUMBER"
    >
        <meta attribute="field-description">
           @hibernate.property
            column="MAX_DLCI_NUMBER"
        </meta>    
    </property>

    <!-- associations -->
    <!-- bi-directional many-to-one association to Port -->
    <many-to-one
        name="port"
        class="com.qwest.isys.prov.Port"
        not-null="true"
    >
        <meta attribute="field-description">
           @hibernate.many-to-one
            not-null="true"
           @hibernate.column name="PORT_AI"         
        </meta>
        <column name="PORT_AI" />
    </many-to-one>
    <!-- bi-directional many-to-one association to Nms -->
    <many-to-one
        name="nm"
        class="com.qwest.isys.prov.Nms"
        not-null="true"
    >
        <meta attribute="field-description">
           @hibernate.many-to-one
            not-null="true"
           @hibernate.column name="NMS_AI"         
        </meta>
        <column name="NMS_AI" />
    </many-to-one>

</class>
</hibernate-mapping>
