<?xml version="1.0"?>
<!DOCTYPE hibernate-mapping PUBLIC
    "-//Hibernate/Hibernate Mapping DTD 2.0//EN"
    "http://hibernate.sourceforge.net/hibernate-mapping-3.0.dtd" >
    
<hibernate-mapping>
<!-- 
    Created by the Middlegen Hibernate plugin

    http://boss.bekk.no/boss/middlegen/
    http://hibernate.sourceforge.net/
-->

<class 
    name="com.qwest.isys.prov.DslVolDiscPlan" 
    table="DSL_VOL_DISC_PLAN"
>
    <meta attribute="class-description" inherit="false">
       @hibernate.class
        table="DSL_VOL_DISC_PLAN"
    </meta>

    <id
        name="dslVolDiscPlanCode"
        type="java.lang.String"
        column="DSL_VOL_DISC_PLAN_CODE"
    >
        <meta attribute="field-description">
           @hibernate.id
            generator-class="assigned"
            type="java.lang.String"
            column="DSL_VOL_DISC_PLAN_CODE"

        </meta>
        <generator class="assigned" />
    </id>

    <property
        name="dslVolDiscPlanDesc"
        type="java.lang.String"
        column="DSL_VOL_DISC_PLAN_DESC"
        not-null="true"
        length="30"
    >
        <meta attribute="field-description">
           @hibernate.property
            column="DSL_VOL_DISC_PLAN_DESC"
            length="30"
            not-null="true"
        </meta>    
    </property>
    <property
        name="overRideSubVpiVci"
        type="java.lang.String"
        column="OVER_RIDE_SUB_VPI_VCI"
        length="1"
    >
        <meta attribute="field-description">
           @hibernate.property
            column="OVER_RIDE_SUB_VPI_VCI"
            length="1"
        </meta>    
    </property>
    <property
        name="subscriberVpi"
        type="java.lang.Long"
        column="SUBSCRIBER_VPI"
    >
        <meta attribute="field-description">
           @hibernate.property
            column="SUBSCRIBER_VPI"
        </meta>    
    </property>
    <property
        name="subscriberVci"
        type="java.lang.Long"
        column="SUBSCRIBER_VCI"
    >
        <meta attribute="field-description">
           @hibernate.property
            column="SUBSCRIBER_VCI"
        </meta>    
    </property>

    <!-- associations -->
    <!-- bi-directional one-to-many association to Service -->
    <!--
    <set
        name="services"
        lazy="true"
        inverse="true"
    >
        <meta attribute="field-description">
           @hibernate.set
            lazy="true"
            inverse="true"

	       @hibernate.collection-key
	        column="DSL_VOL_DISC_PLAN_CODE"

           @hibernate.collection-one-to-many
            class="com.qwest.isys.prov.Service"
        </meta>
        <key>
            <column name="DSL_VOL_DISC_PLAN_CODE" />
        </key>
        <one-to-many 
            class="com.qwest.isys.prov.Service"
        />
    </set>
	-->
</class>
</hibernate-mapping>
