<?xml version="1.0"?>
<!DOCTYPE hibernate-mapping PUBLIC
    "-//Hibernate/Hibernate Mapping DTD 2.0//EN"
    "http://hibernate.sourceforge.net/hibernate-mapping-3.0.dtd" >
    
<hibernate-mapping>
<!-- 
    Created by the Middlegen Hibernate plugin

    http://boss.bekk.no/boss/middlegen/
    http://hibernate.sourceforge.net/
-->

<class 
    name="com.qwest.isys.prov.EndPointAssoc" 
    table="END_POINT_ASSOC"
    proxy="com.qwest.isys.prov.EndPointAssoc"
>
    <meta attribute="class-description" inherit="false">
       @hibernate.class
        table="END_POINT_ASSOC"
        proxy="com.qwest.isys.prov.EndPointAssoc"
    </meta>
    <meta attribute="implements" inherit="false">org.hibernate.Lifecycle</meta>
    <meta attribute="implements" inherit="false">org.hibernate.Validatable</meta>

    <composite-id name="comp_id" class="com.qwest.isys.prov.EndPointAssocPK">
        <meta attribute="class-description" inherit="false">
           @hibernate.id
            generator-class="assigned"
        </meta>
        <!-- bi-directional many-to-one association to NetElement -->
        <key-many-to-one
        	name="parentNetElement"
	        class="com.qwest.isys.prov.NetElement"
	    >
            <meta attribute="field-description">
               @hibernate.many-to-one
                column="PARENT_NET_ELEMENT_ID""
            </meta>
    	    <column name="PARENT_NET_ELEMENT_ID" />
	    </key-many-to-one>
        <!-- bi-directional many-to-one association to NetElement -->
        <key-many-to-one
        	name="childNetElement"
	        class="com.qwest.isys.prov.NetElement"
	    >
            <meta attribute="field-description">
               @hibernate.many-to-one
                column="CHILD_NET_ELEMENT_ID""
            </meta>
    	    <column name="CHILD_NET_ELEMENT_ID" />
	    </key-many-to-one>
    </composite-id>    


    <!-- associations -->

</class>
</hibernate-mapping>
