<?xml version="1.0"?>
<!DOCTYPE hibernate-mapping PUBLIC
    "-//Hibernate/Hibernate Mapping DTD 2.0//EN"
    "http://hibernate.sourceforge.net/hibernate-mapping-3.0.dtd" >
    
<hibernate-mapping>
<!-- 
    Created by the Middlegen Hibernate plugin

    http://boss.bekk.no/boss/middlegen/
    http://hibernate.sourceforge.net/
-->

<class 
    name="com.qwest.isys.prov.EquipmentRoutingProtocol" 
    table="EQUIPMENT_ROUTING_PROTOCOL"
>
    <meta attribute="class-description" inherit="false">
       @hibernate.class
        table="EQUIPMENT_ROUTING_PROTOCOL"
    </meta>

    <composite-id name="comp_id" class="com.qwest.isys.prov.EquipmentRoutingProtocolPK">
        <meta attribute="class-description" inherit="false">
           @hibernate.id
            generator-class="assigned"
        </meta>
        <!-- bi-directional many-to-one association to Equipment -->
        <key-many-to-one
        	name="equipment"
	        class="com.qwest.isys.prov.Equipment"
	    >
            <meta attribute="field-description">
               @hibernate.many-to-one
                column="EQUIPMENT_AI""
            </meta>
    	    <column name="EQUIPMENT_AI" />
	    </key-many-to-one>
        <!-- bi-directional many-to-one association to RoutingProtocolType -->
        <key-many-to-one
        	name="routingProtocolType"
	        class="com.qwest.isys.prov.RoutingProtocolType"
	    >
            <meta attribute="field-description">
               @hibernate.many-to-one
                column="ROUTING_PROTOCOL_TYPE_SC""
            </meta>
    	    <column name="ROUTING_PROTOCOL_TYPE_SC" />
	    </key-many-to-one>
    </composite-id>    

    <property
        name="isActive"
        type="java.lang.String"
        column="IS_ACTIVE"
        not-null="true"
        length="1"
    >
        <meta attribute="field-description">
           @hibernate.property
            column="IS_ACTIVE"
            length="1"
            not-null="true"
        </meta>    
    </property>

    <!-- associations -->

</class>
</hibernate-mapping>
