<?xml version="1.0"?>
<!DOCTYPE hibernate-mapping PUBLIC
    "-//Hibernate/Hibernate Mapping DTD 2.0//EN"
    "http://hibernate.sourceforge.net/hibernate-mapping-3.0.dtd" >
    
<hibernate-mapping>
<!-- 
    Created by the Middlegen Hibernate plugin

    http://boss.bekk.no/boss/middlegen/
    http://hibernate.sourceforge.net/
-->

<class 
    name="com.qwest.isys.prov.GenericService" 
    table="GENERIC_SERVICE"
>
    <meta attribute="class-description" inherit="false">
       @hibernate.class
        table="GENERIC_SERVICE"
    </meta>

    <id
        name="serviceAi"
        type="java.lang.Long"
        column="SERVICE_AI"
    >
        <meta attribute="field-description">
           @hibernate.id
            generator-class="assigned"
            type="java.lang.Long"
            column="SERVICE_AI"

        </meta>
        <generator class="assigned" />
    </id>

    <property
        name="text1"
        type="java.lang.String"
        column="TEXT_1"
        unique="true"
        length="25"
    >
        <meta attribute="field-description">
           @hibernate.property
            column="TEXT_1"
            length="25"
        </meta>    
    </property>
    <property
        name="text2"
        type="java.lang.String"
        column="TEXT_2"
        length="25"
    >
        <meta attribute="field-description">
           @hibernate.property
            column="TEXT_2"
            length="25"
        </meta>    
    </property>
    <property
        name="text3"
        type="java.lang.String"
        column="TEXT_3"
        length="25"
    >
        <meta attribute="field-description">
           @hibernate.property
            column="TEXT_3"
            length="25"
        </meta>    
    </property>
    <property
        name="text4"
        type="java.lang.String"
        column="TEXT_4"
        length="25"
    >
        <meta attribute="field-description">
           @hibernate.property
            column="TEXT_4"
            length="25"
        </meta>    
    </property>
    <property
        name="text5"
        type="java.lang.String"
        column="TEXT_5"
        length="60"
    >
        <meta attribute="field-description">
           @hibernate.property
            column="TEXT_5"
            length="60"
        </meta>    
    </property>
    <property
        name="text6"
        type="java.lang.String"
        column="TEXT_6"
        length="60"
    >
        <meta attribute="field-description">
           @hibernate.property
            column="TEXT_6"
            length="60"
        </meta>    
    </property>
    <property
        name="text7"
        type="java.lang.String"
        column="TEXT_7"
        length="60"
    >
        <meta attribute="field-description">
           @hibernate.property
            column="TEXT_7"
            length="60"
        </meta>    
    </property>
    <property
        name="text8"
        type="java.lang.String"
        column="TEXT_8"
        length="60"
    >
        <meta attribute="field-description">
           @hibernate.property
            column="TEXT_8"
            length="60"
        </meta>    
    </property>
    <property
        name="text9"
        type="java.lang.String"
        column="TEXT_9"
        length="60"
    >
        <meta attribute="field-description">
           @hibernate.property
            column="TEXT_9"
            length="60"
        </meta>    
    </property>
    <property
        name="text10"
        type="java.lang.String"
        column="TEXT_10"
        length="60"
    >
        <meta attribute="field-description">
           @hibernate.property
            column="TEXT_10"
            length="60"
        </meta>    
    </property>
    <property
        name="num1"
        type="java.lang.Double"
        column="NUM_1"
    >
        <meta attribute="field-description">
           @hibernate.property
            column="NUM_1"
        </meta>    
    </property>
    <property
        name="date1"
        type="java.sql.Timestamp"
        column="DATE_1"
        length="7"
    >
        <meta attribute="field-description">
           @hibernate.property
            column="DATE_1"
            length="7"
        </meta>    
    </property>
    <property
        name="date2"
        type="java.sql.Timestamp"
        column="DATE_2"
        length="7"
    >
        <meta attribute="field-description">
           @hibernate.property
            column="DATE_2"
            length="7"
        </meta>    
    </property>
    <property
        name="flag1"
        type="java.lang.String"
        column="FLAG_1"
        length="1"
    >
        <meta attribute="field-description">
           @hibernate.property
            column="FLAG_1"
            length="1"
        </meta>    
    </property>
    <property
        name="flag2"
        type="java.lang.String"
        column="FLAG_2"
        length="1"
    >
        <meta attribute="field-description">
           @hibernate.property
            column="FLAG_2"
            length="1"
        </meta>    
    </property>
    <property
        name="flag3"
        type="java.lang.String"
        column="FLAG_3"
        length="1"
    >
        <meta attribute="field-description">
           @hibernate.property
            column="FLAG_3"
            length="1"
        </meta>    
    </property>
    <property
        name="flag4"
        type="java.lang.String"
        column="FLAG_4"
        length="1"
    >
        <meta attribute="field-description">
           @hibernate.property
            column="FLAG_4"
            length="1"
        </meta>    
    </property>
    <property
        name="flag5"
        type="java.lang.String"
        column="FLAG_5"
        length="1"
    >
        <meta attribute="field-description">
           @hibernate.property
            column="FLAG_5"
            length="1"
        </meta>    
    </property>

    <!-- associations -->
    <!-- bi-directional one-to-one association to Service -->
    <!--
    <one-to-one
        name="service"
        class="com.qwest.isys.prov.Service"
        outer-join="auto"
        constrained="true"
    >
        <meta attribute="field-description">
           @hibernate.one-to-one
            class="com.qwest.isys.prov.Service"
            outer-join="auto"
            constrained="true"
        </meta>    
    </one-to-one>
	-->
</class>
</hibernate-mapping>
