<?xml version="1.0"?>
<!DOCTYPE hibernate-mapping PUBLIC
    "-//Hibernate/Hibernate Mapping DTD 2.0//EN"
    "http://hibernate.sourceforge.net/hibernate-mapping-3.0.dtd" >
    
<hibernate-mapping>
<!-- 
    Created by the Middlegen Hibernate plugin

    http://boss.bekk.no/boss/middlegen/
    http://hibernate.sourceforge.net/
-->

<class 
    name="com.qwest.isys.prov.JurisdictionType" 
    table="JURISDICTION_TYPE"
>
    <meta attribute="class-description" inherit="false">
       @hibernate.class
        table="JURISDICTION_TYPE"
    </meta>

    <id
        name="jurisdictionTypeLetter"
        type="java.lang.String"
        column="JURISDICTION_TYPE_LETTER"
    >
        <meta attribute="field-description">
           @hibernate.id
            generator-class="assigned"
            type="java.lang.String"
            column="JURISDICTION_TYPE_LETTER"

        </meta>
        <generator class="assigned" />
    </id>

    <property
        name="jurisdictionTypeText"
        type="java.lang.String"
        column="JURISDICTION_TYPE_TEXT"
        length="12"
    >
        <meta attribute="field-description">
           @hibernate.property
            column="JURISDICTION_TYPE_TEXT"
            length="12"
        </meta>    
    </property>

    <!-- associations -->
    <!-- bi-directional one-to-many association to Service -->
    <!--
    <set
        name="services"
        lazy="true"
        inverse="true"
    >
        <meta attribute="field-description">
           @hibernate.set
            lazy="true"
            inverse="true"

	       @hibernate.collection-key
	        column="STATE_JURISDICTION_SC"

           @hibernate.collection-one-to-many
            class="com.qwest.isys.prov.Service"
        </meta>
        <key>
            <column name="STATE_JURISDICTION_SC" />
        </key>
        <one-to-many 
            class="com.qwest.isys.prov.Service"
        />
    </set>
	-->
</class>
</hibernate-mapping>
