<?xml version="1.0"?>
<!DOCTYPE hibernate-mapping PUBLIC
    "-//Hibernate/Hibernate Mapping DTD 2.0//EN"
    "http://hibernate.sourceforge.net/hibernate-mapping-3.0.dtd" >
    
<hibernate-mapping>
<!-- 
    Created by the Middlegen Hibernate plugin

    http://boss.bekk.no/boss/middlegen/
    http://hibernate.sourceforge.net/
-->

<class 
    name="com.qwest.isys.prov.LinkAssoc" 
    table="LINK_ASSOC"
>
    <meta attribute="class-description" inherit="false">
       @hibernate.class
        table="LINK_ASSOC"
    </meta>

    <composite-id name="comp_id" class="com.qwest.isys.prov.LinkAssocPK">
        <meta attribute="class-description" inherit="false">
           @hibernate.id
            generator-class="assigned"
        </meta>
        <!-- uni-directional many-to-one association to NetworkHop -->
        <key-many-to-one
        	name="segmentLink"
	        class="com.qwest.isys.prov.NetworkHop"
	    >
            <meta attribute="field-description">
               @hibernate.many-to-one
                column="SEGMENT_LINK_AI""
            </meta>
    	    <column name="SEGMENT_LINK_AI" />
	    </key-many-to-one>
        <!-- uni-directional many-to-one association to NetworkHop -->
        <key-many-to-one
        	name="supportedLink"
	        class="com.qwest.isys.prov.NetworkHop"
	    >
            <meta attribute="field-description">
               @hibernate.many-to-one
                column="SUPPORTED_LINK_AI""
            </meta>
    	    <column name="SUPPORTED_LINK_AI" />
	    </key-many-to-one>
    </composite-id>    

    <property
        name="sequenceNumber"
        type="java.lang.Long"
        column="SEQUENCE_NUMBER"
    >
        <meta attribute="field-description">
           @hibernate.property
            column="SEQUENCE_NUMBER"
        </meta>    
    </property>

    <!-- associations -->

</class>
</hibernate-mapping>
