<?xml version="1.0"?>
<!DOCTYPE hibernate-mapping PUBLIC
    "-//Hibernate/Hibernate Mapping DTD 2.0//EN"
    "http://hibernate.sourceforge.net/hibernate-mapping-3.0.dtd" >
    
<hibernate-mapping>
<!-- 
    Created by the Middlegen Hibernate plugin

    http://boss.bekk.no/boss/middlegen/
    http://hibernate.sourceforge.net/
-->

<class 
    name="com.qwest.isys.prov.LinkEndPointAssoc" 
    table="LINK_END_POINT_ASSOC"
>
    <meta attribute="class-description" inherit="false">
       @hibernate.class
        table="LINK_END_POINT_ASSOC"
    </meta>
    <meta attribute="implements" inherit="false">org.hibernate.Lifecycle</meta>
    <meta attribute="implements" inherit="false">org.hibernate.Validatable</meta>

    <composite-id name="comp_id" class="com.qwest.isys.prov.LinkEndPointAssocPK">
        <meta attribute="class-description" inherit="false">
           @hibernate.id
            generator-class="assigned"
        </meta>
        <!-- bi-directional many-to-one association to NetElement -->
        <key-many-to-one
        	name="netElement"
	        class="com.qwest.isys.prov.NetElement"
	    >
            <meta attribute="field-description">
               @hibernate.many-to-one
                column="NET_ELEMENT_ID""
            </meta>
    	    <column name="NET_ELEMENT_ID" />
	    </key-many-to-one>
        <!-- bi-directional many-to-one association to NetworkHop -->
        <key-many-to-one
        	name="networkHop"
	        class="com.qwest.isys.prov.NetworkHop"
	    >
            <meta attribute="field-description">
               @hibernate.many-to-one
                column="LINK_AI""
            </meta>
    	    <column name="LINK_AI" />
	    </key-many-to-one>
    </composite-id>    

    <property
        name="sequenceNumber"
        type="java.lang.Long"
        column="SEQUENCE_NUMBER"
        not-null="true"
        unique="true"
    >
        <meta attribute="field-description">
           @hibernate.property
            column="SEQUENCE_NUMBER"
            not-null="true"
        </meta>    
    </property>

    <!-- associations -->

</class>
</hibernate-mapping>
