<?xml version="1.0"?>
<!DOCTYPE hibernate-mapping PUBLIC
    "-//Hibernate/Hibernate Mapping DTD 2.0//EN"
    "http://hibernate.sourceforge.net/hibernate-mapping-3.0.dtd" >
    
<hibernate-mapping>
<!-- 
    Created by the Middlegen Hibernate plugin

    http://boss.bekk.no/boss/middlegen/
    http://hibernate.sourceforge.net/
-->

<class 
    name="com.qwest.isys.prov.LogicalPortQos" 
    table="LOGICAL_PORT_QOS"
>
    <meta attribute="class-description" inherit="false">
       @hibernate.class
        table="LOGICAL_PORT_QOS"
    </meta>

    <composite-id name="comp_id" class="com.qwest.isys.prov.LogicalPortQosPK">
        <meta attribute="class-description" inherit="false">
           @hibernate.id
            generator-class="assigned"
        </meta>
        <key-property 
            name="serviceClassTypeSc" 
            column="SERVICE_CLASS_TYPE_SC" 
            type="java.lang.String"
            length="8"
        >
            <meta attribute="field-description">
               @hibernate.property
                column="SERVICE_CLASS_TYPE_SC"
            </meta> 
        </key-property>
        <!-- bi-directional many-to-one association to Port -->
        <key-many-to-one
        	name="port"
	        class="com.qwest.isys.prov.Port"
	    >
            <meta attribute="field-description">
               @hibernate.many-to-one
                column="LOGICAL_PORT_AI""
            </meta>
    	    <column name="LOGICAL_PORT_AI" />
	    </key-many-to-one>
    </composite-id>    

    <property
        name="bandwidthAllocTypeCode"
        type="java.lang.String"
        column="BANDWIDTH_ALLOC_TYPE_CODE"
        unique="true"
        length="15"
    >
        <meta attribute="field-description">
           @hibernate.property
            column="BANDWIDTH_ALLOC_TYPE_CODE"
            length="15"
        </meta>    
    </property>
    <property
        name="routingMetricTypeCode"
        type="java.lang.String"
        column="ROUTING_METRIC_TYPE_CODE"
        unique="true"
        length="32"
    >
        <meta attribute="field-description">
           @hibernate.property
            column="ROUTING_METRIC_TYPE_CODE"
            length="32"
        </meta>    
    </property>
    <property
        name="oversubscription"
        type="java.lang.Double"
        column="OVERSUBSCRIPTION"
    >
        <meta attribute="field-description">
           @hibernate.property
            column="OVERSUBSCRIPTION"
        </meta>    
    </property>
    <property
        name="allocation"
        type="java.lang.Double"
        column="ALLOCATION"
    >
        <meta attribute="field-description">
           @hibernate.property
            column="ALLOCATION"
        </meta>    
    </property>
    <property
        name="cirOverSubscriptionPercent"
        type="java.lang.Double"
        column="CIR_OVER_SUBSCRIPTION_PERCENT"
    >
        <meta attribute="field-description">
           @hibernate.property
            column="CIR_OVER_SUBSCRIPTION_PERCENT"
        </meta>    
    </property>
    <property
        name="cirOverSubscriptionEnabled"
        type="java.lang.Byte"
        column="CIR_OVER_SUBSCRIPTION_ENABLED"
        length="1"
    >
        <meta attribute="field-description">
           @hibernate.property
            column="CIR_OVER_SUBSCRIPTION_ENABLED"
            length="1"
        </meta>    
    </property>

    <!-- associations -->

</class>
</hibernate-mapping>
