<?xml version="1.0"?>
<!DOCTYPE hibernate-mapping PUBLIC
    "-//Hibernate/Hibernate Mapping DTD 2.0//EN"
    "http://hibernate.sourceforge.net/hibernate-mapping-3.0.dtd" >
    
<hibernate-mapping>
<!-- 
    Created by the Middlegen Hibernate plugin

    http://boss.bekk.no/boss/middlegen/
    http://hibernate.sourceforge.net/
-->

<class 
    name="com.qwest.isys.prov.MaintenanceControlOffice" 
    table="MAINTENANCE_CONTROL_OFFICE"
>
    <meta attribute="class-description" inherit="false">
       @hibernate.class
        table="MAINTENANCE_CONTROL_OFFICE"
    </meta>

    <id
        name="mcoCode"
        type="java.lang.String"
        column="MCO_CODE"
    >
        <meta attribute="field-description">
           @hibernate.id
            generator-class="assigned"
            type="java.lang.String"
            column="MCO_CODE"

        </meta>
        <generator class="assigned" />
    </id>

    <property
        name="mcoDescription"
        type="java.lang.String"
        column="MCO_DESCRIPTION"
        length="30"
    >
        <meta attribute="field-description">
           @hibernate.property
            column="MCO_DESCRIPTION"
            length="30"
        </meta>    
    </property>
    <property
        name="obsoleteFlag"
        type="java.lang.String"
        column="OBSOLETE_FLAG"
        not-null="true"
        length="1"
    >
        <meta attribute="field-description">
           @hibernate.property
            column="OBSOLETE_FLAG"
            length="1"
            not-null="true"
        </meta>    
    </property>
    <property
        name="accessList"
        type="java.lang.String"
        column="ACCESS_LIST"
        length="41"
    >
        <meta attribute="field-description">
           @hibernate.property
            column="ACCESS_LIST"
            length="41"
        </meta>    
    </property>

    <!-- associations -->
    <!-- bi-directional many-to-one association to ServiceManagementCenter -->
    <many-to-one
        name="serviceManagementCenter"
        class="com.qwest.isys.prov.ServiceManagementCenter"
        not-null="true"
    >
        <meta attribute="field-description">
           @hibernate.many-to-one
            not-null="true"
           @hibernate.column name="SM_CENTER_CODE"         
        </meta>
        <column name="SM_CENTER_CODE" />
    </many-to-one>

</class>
</hibernate-mapping>
