<?xml version="1.0"?>
<!DOCTYPE hibernate-mapping PUBLIC
    "-//Hibernate/Hibernate Mapping DTD 2.0//EN"
    "http://hibernate.sourceforge.net/hibernate-mapping-3.0.dtd" >
    
<hibernate-mapping>
<!-- 
    Created by the Middlegen Hibernate plugin

    http://boss.bekk.no/boss/middlegen/
    http://hibernate.sourceforge.net/
-->

<class 
    name="com.qwest.isys.prov.MasterPart" 
    table="MASTER_PART"
>
    <meta attribute="class-description" inherit="false">
       @hibernate.class
        table="MASTER_PART"
    </meta>

    <id
        name="masterPartAi"
        type="java.lang.Long"
        column="MASTER_PART_AI"
    >
        <meta attribute="field-description">
           @hibernate.id
            generator-class="assigned"
            type="java.lang.Long"
            column="MASTER_PART_AI"

        </meta>
        <generator class="assigned" />
    </id>

    <property
        name="vendorPartNumber"
        type="java.lang.String"
        column="VENDOR_PART_NUMBER"
        length="50"
    >
        <meta attribute="field-description">
           @hibernate.property
            column="VENDOR_PART_NUMBER"
            length="50"
        </meta>    
    </property>
    <property
        name="partName"
        type="java.lang.String"
        column="PART_NAME"
        unique="true"
        length="80"
    >
        <meta attribute="field-description">
           @hibernate.property
            column="PART_NAME"
            length="80"
        </meta>    
    </property>
    <property
        name="manufacturer"
        type="java.lang.String"
        column="MANUFACTURER"
        length="80"
    >
        <meta attribute="field-description">
           @hibernate.property
            column="MANUFACTURER"
            length="80"
        </meta>    
    </property>
    <property
        name="manufacturerPartNumber"
        type="java.lang.String"
        column="MANUFACTURER_PART_NUMBER"
        unique="true"
        length="50"
    >
        <meta attribute="field-description">
           @hibernate.property
            column="MANUFACTURER_PART_NUMBER"
            length="50"
        </meta>    
    </property>
    <property
        name="clei"
        type="java.lang.String"
        column="CLEI"
        length="50"
    >
        <meta attribute="field-description">
           @hibernate.property
            column="CLEI"
            length="50"
        </meta>    
    </property>
    <property
        name="description"
        type="java.lang.String"
        column="DESCRIPTION"
        length="256"
    >
        <meta attribute="field-description">
           @hibernate.property
            column="DESCRIPTION"
            length="256"
        </meta>    
    </property>
    <property
        name="cpr"
        type="java.lang.String"
        column="CPR"
        length="50"
    >
        <meta attribute="field-description">
           @hibernate.property
            column="CPR"
            length="50"
        </meta>    
    </property>
    <property
        name="unitPrice"
        type="java.lang.Long"
        column="UNIT_PRICE"
        length="12"
    >
        <meta attribute="field-description">
           @hibernate.property
            column="UNIT_PRICE"
            length="12"
        </meta>    
    </property>
    <property
        name="listPrice"
        type="java.lang.Long"
        column="LIST_PRICE"
        length="12"
    >
        <meta attribute="field-description">
           @hibernate.property
            column="LIST_PRICE"
            length="12"
        </meta>    
    </property>
    <property
        name="discontinued"
        type="java.lang.String"
        column="DISCONTINUED"
        not-null="true"
        length="1"
    >
        <meta attribute="field-description">
           @hibernate.property
            column="DISCONTINUED"
            length="1"
            not-null="true"
        </meta>    
    </property>
    <property
        name="height"
        type="java.lang.Long"
        column="HEIGHT"
        length="10"
    >
        <meta attribute="field-description">
           @hibernate.property
            column="HEIGHT"
            length="10"
        </meta>    
    </property>
    <property
        name="width"
        type="java.lang.Long"
        column="WIDTH"
        length="10"
    >
        <meta attribute="field-description">
           @hibernate.property
            column="WIDTH"
            length="10"
        </meta>    
    </property>
    <property
        name="depth"
        type="java.lang.Long"
        column="DEPTH"
        length="10"
    >
        <meta attribute="field-description">
           @hibernate.property
            column="DEPTH"
            length="10"
        </meta>    
    </property>
    <property
        name="mountingPlateSize"
        type="java.lang.Long"
        column="MOUNTING_PLATE_SIZE"
        length="10"
    >
        <meta attribute="field-description">
           @hibernate.property
            column="MOUNTING_PLATE_SIZE"
            length="10"
        </meta>    
    </property>
    <property
        name="vendorId"
        type="java.lang.Long"
        column="VENDOR_ID"
        unique="true"
    >
        <meta attribute="field-description">
           @hibernate.property
            column="VENDOR_ID"
        </meta>    
    </property>
    <property
        name="category"
        type="java.lang.String"
        column="CATEGORY"
        length="50"
    >
        <meta attribute="field-description">
           @hibernate.property
            column="CATEGORY"
            length="50"
        </meta>    
    </property>
    <property
        name="provisionerClass"
        type="java.lang.String"
        column="PROVISIONER_CLASS"
        length="80"
    >
        <meta attribute="field-description">
           @hibernate.property
            column="PROVISIONER_CLASS"
            length="80"
        </meta>    
    </property>
    <property
        name="unitOfMeasureCode"
        type="java.lang.String"
        column="UNIT_OF_MEASURE_CODE"
        unique="true"
        length="10"
    >
        <meta attribute="field-description">
           @hibernate.property
            column="UNIT_OF_MEASURE_CODE"
            length="10"
        </meta>    
    </property>
    <property
        name="masterPartTypeAi"
        type="java.lang.Long"
        column="MASTER_PART_TYPE_AI"
        unique="true"
    >
        <meta attribute="field-description">
           @hibernate.property
            column="MASTER_PART_TYPE_AI"
        </meta>    
    </property>
    <property
        name="companyId"
        type="java.lang.Long"
        column="COMPANY_ID"
        not-null="true"
        unique="true"
    >
        <meta attribute="field-description">
           @hibernate.property
            column="COMPANY_ID"
            not-null="true"
        </meta>    
    </property>
    <property
        name="accessList"
        type="java.lang.String"
        column="ACCESS_LIST"
        length="41"
    >
        <meta attribute="field-description">
           @hibernate.property
            column="ACCESS_LIST"
            length="41"
        </meta>    
    </property>

    <!-- associations -->
    <!-- bi-directional many-to-one association to Equipment -->
    <many-to-one
        name="equipment"
        class="com.qwest.isys.prov.Equipment"
        not-null="true"
    >
        <meta attribute="field-description">
           @hibernate.many-to-one
            not-null="true"
           @hibernate.column name="EQUIPMENT_AI"         
        </meta>
        <column name="EQUIPMENT_AI" />
    </many-to-one>
    <!-- bi-directional many-to-one association to ServiceType -->
    <many-to-one
        name="serviceType"
        class="com.qwest.isys.prov.ServiceType"
        not-null="true"
    >
        <meta attribute="field-description">
           @hibernate.many-to-one
            not-null="true"
           @hibernate.column name="SERVICE_TYPE_CODE"         
        </meta>
        <column name="SERVICE_TYPE_CODE" />
    </many-to-one>
    <!-- bi-directional one-to-many association to Equipment -->
    <!--
    <set
        name="equipments"
        lazy="true"
        inverse="true"
    >
        <meta attribute="field-description">
           @hibernate.set
            lazy="true"
            inverse="true"

	       @hibernate.collection-key
	        column="MASTER_PART_AI"

           @hibernate.collection-one-to-many
            class="com.qwest.isys.prov.Equipment"
        </meta>
        <key>
            <column name="MASTER_PART_AI" />
        </key>
        <one-to-many 
            class="com.qwest.isys.prov.Equipment"
        />
    </set>
    -->
    <!-- bi-directional one-to-many association to MasterPartVendor -->
    <!--
    <set
        name="masterPartVendors"
        lazy="true"
        inverse="true"
    >
        <meta attribute="field-description">
           @hibernate.set
            lazy="true"
            inverse="true"

	       @hibernate.collection-key
	        column="MASTER_PART_AI"

           @hibernate.collection-one-to-many
            class="com.qwest.isys.prov.MasterPartVendor"
        </meta>
        <key>
            <column name="MASTER_PART_AI" />
        </key>
        <one-to-many 
            class="com.qwest.isys.prov.MasterPartVendor"
        />
    </set>
	-->
</class>
</hibernate-mapping>
