<?xml version="1.0"?>
<!DOCTYPE hibernate-mapping PUBLIC
    "-//Hibernate/Hibernate Mapping DTD 2.0//EN"
    "http://hibernate.sourceforge.net/hibernate-mapping-3.0.dtd" >
    
<hibernate-mapping>
<!-- 
    Created by the Middlegen Hibernate plugin

    http://boss.bekk.no/boss/middlegen/
    http://hibernate.sourceforge.net/
-->

<class 
    name="com.qwest.isys.prov.MasterPartVendor" 
    table="MASTER_PART_VENDOR"
>
    <meta attribute="class-description" inherit="false">
       @hibernate.class
        table="MASTER_PART_VENDOR"
    </meta>

    <id
        name="masterPartVendorAi"
        type="java.lang.Long"
        column="MASTER_PART_VENDOR_AI"
    >
        <meta attribute="field-description">
           @hibernate.id
            generator-class="assigned"
            type="java.lang.Long"
            column="MASTER_PART_VENDOR_AI"

        </meta>
        <generator class="assigned" />
    </id>

    <property
        name="isCurrent"
        type="java.lang.String"
        column="IS_CURRENT"
        not-null="true"
        length="1"
    >
        <meta attribute="field-description">
           @hibernate.property
            column="IS_CURRENT"
            length="1"
            not-null="true"
        </meta>    
    </property>
    <property
        name="vendorPartNumber"
        type="java.lang.String"
        column="VENDOR_PART_NUMBER"
        length="50"
    >
        <meta attribute="field-description">
           @hibernate.property
            column="VENDOR_PART_NUMBER"
            length="50"
        </meta>    
    </property>
    <property
        name="unitPrice"
        type="java.lang.Double"
        column="UNIT_PRICE"
        length="12"
    >
        <meta attribute="field-description">
           @hibernate.property
            column="UNIT_PRICE"
            length="12"
        </meta>    
    </property>
    <property
        name="listPrice"
        type="java.lang.Double"
        column="LIST_PRICE"
        length="12"
    >
        <meta attribute="field-description">
           @hibernate.property
            column="LIST_PRICE"
            length="12"
        </meta>    
    </property>
    <property
        name="masterPartCategoryAi"
        type="java.lang.Long"
        column="MASTER_PART_CATEGORY_AI"
        not-null="true"
        unique="true"
    >
        <meta attribute="field-description">
           @hibernate.property
            column="MASTER_PART_CATEGORY_AI"
            not-null="true"
        </meta>    
    </property>
    <property
        name="equipmentVendorAi"
        type="long"
        column="EQUIPMENT_VENDOR_AI"
        not-null="true"
        unique="true"
        length="38"
    >
        <meta attribute="field-description">
           @hibernate.property
            column="EQUIPMENT_VENDOR_AI"
            length="38"
            not-null="true"
        </meta>    
    </property>

    <!-- associations -->
    <!-- bi-directional many-to-one association to MasterPart -->
    <many-to-one
        name="masterPart"
        class="com.qwest.isys.prov.MasterPart"
        not-null="true"
    >
        <meta attribute="field-description">
           @hibernate.many-to-one
            not-null="true"
           @hibernate.column name="MASTER_PART_AI"         
        </meta>
        <column name="MASTER_PART_AI" />
    </many-to-one>
    <!-- bi-directional one-to-many association to Equipment -->
    <!--
    <set
        name="equipments"
        lazy="true"
        inverse="true"
    >
        <meta attribute="field-description">
           @hibernate.set
            lazy="true"
            inverse="true"

	       @hibernate.collection-key
	        column="MASTER_PART_VENDOR_AI"

           @hibernate.collection-one-to-many
            class="com.qwest.isys.prov.Equipment"
        </meta>
        <key>
            <column name="MASTER_PART_VENDOR_AI" />
        </key>
        <one-to-many 
            class="com.qwest.isys.prov.Equipment"
        />
    </set>
	-->
</class>
</hibernate-mapping>
