<?xml version="1.0"?>
<!DOCTYPE hibernate-mapping PUBLIC
    "-//Hibernate/Hibernate Mapping DTD 2.0//EN"
    "http://hibernate.sourceforge.net/hibernate-mapping-3.0.dtd" >
    
<hibernate-mapping>
<!-- 
    Created by the Middlegen Hibernate plugin

    http://boss.bekk.no/boss/middlegen/
    http://hibernate.sourceforge.net/
-->

<class 
    name="com.qwest.isys.prov.NetElementType" 
    table="NET_ELEMENT_TYPE"
>
    <meta attribute="class-description" inherit="false">
       @hibernate.class
        table="NET_ELEMENT_TYPE"
    </meta>

    <id
        name="netCode"
        type="java.lang.String"
        column="NET_CODE"
    >
        <meta attribute="field-description">
           @hibernate.id
            generator-class="assigned"
            type="java.lang.String"
            column="NET_CODE"

        </meta>
        <generator class="assigned" />
    </id>

    <property
        name="netDesc"
        type="java.lang.String"
        column="NET_DESC"
        not-null="true"
        length="50"
    >
        <meta attribute="field-description">
           @hibernate.property
            column="NET_DESC"
            length="50"
            not-null="true"
        </meta>    
    </property>

    <!-- associations -->


</class>
</hibernate-mapping>
