<?xml version="1.0"?>
<!DOCTYPE hibernate-mapping PUBLIC
    "-//Hibernate/Hibernate Mapping DTD 2.0//EN"
    "http://hibernate.sourceforge.net/hibernate-mapping-3.0.dtd" >
    
<hibernate-mapping>
<!-- 
    Created by the Middlegen Hibernate plugin

    http://boss.bekk.no/boss/middlegen/
    http://hibernate.sourceforge.net/
-->

<class 
    name="com.qwest.isys.prov.NetElement" 
    table="NET_ELEMENT"
>
    <meta attribute="class-description" inherit="false">
       @hibernate.class
        table="NET_ELEMENT"
    </meta>
    <meta attribute="implements" inherit="false">org.hibernate.Lifecycle</meta>
    <meta attribute="implements" inherit="false">org.hibernate.Validatable</meta>

    <id
        name="netElementId"
        type="java.lang.Long"
        column="NET_ELEMENT_ID"
    >
        <meta attribute="field-description">
           @hibernate.id
            generator-class="assigned"
            type="java.lang.Long"
            column="NET_ELEMENT_ID"

        </meta>
        <generator class="assigned" />
    </id>

    <property
        name="objectName"
        type="java.lang.String"
        column="OBJECT_NAME"
        unique="true"
        length="30"
    >
        <meta attribute="field-description">
           @hibernate.property
            column="OBJECT_NAME"
            length="30"
        </meta>    
    </property>
    <property
        name="qfrNodeName"
        type="java.lang.String"
        column="Q_FR_NODE_NAME"
        unique="true"
        length="11"
    >
        <meta attribute="field-description">
           @hibernate.property
            column="Q_FR_NODE_NAME"
            length="11"
        </meta>    
    </property>
    <property
        name="qfrModuleNum"
        type="java.lang.Long"
        column="Q_FR_MODULE_NUM"
        length="15"
    >
        <meta attribute="field-description">
           @hibernate.property
            column="Q_FR_MODULE_NUM"
            length="15"
        </meta>    
    </property>
    <property
        name="qlogicalPortName"
        type="java.lang.String"
        column="Q_LOGICAL_PORT_NAME"
        length="10"
    >
        <meta attribute="field-description">
           @hibernate.property
            column="Q_LOGICAL_PORT_NAME"
            length="10"
        </meta>    
    </property>
    <property
        name="qtlsNodeName"
        type="java.lang.String"
        column="Q_TLS_NODE_NAME"
        length="40"
    >
        <meta attribute="field-description">
           @hibernate.property
            column="Q_TLS_NODE_NAME"
            length="40"
        </meta>    
    </property>
    <property
        name="qtlsModuleNumb"
        type="java.lang.String"
        column="Q_TLS_MODULE_NUMB"
        length="1"
    >
        <meta attribute="field-description">
           @hibernate.property
            column="Q_TLS_MODULE_NUMB"
            length="1"
        </meta>    
    </property>
    <property
        name="qtlsModuleNum"
        type="java.lang.Long"
        column="Q_TLS_MODULE_NUM"
        length="15"
    >
        <meta attribute="field-description">
           @hibernate.property
            column="Q_TLS_MODULE_NUM"
            length="15"
        </meta>    
    </property>
    <property
        name="className"
        type="java.lang.String"
        column="CLASS_NAME"
        length="80"
    >
        <meta attribute="field-description">
           @hibernate.property
            column="CLASS_NAME"
            length="80"
        </meta>    
    </property>
    <property
        name="qnodeName"
        type="java.lang.String"
        column="Q_NODE_NAME"
        unique="true"
        length="40"
    >
        <meta attribute="field-description">
           @hibernate.property
            column="Q_NODE_NAME"
            length="40"
        </meta>    
    </property>
    <property
        name="qrelayRackId"
        type="java.lang.String"
        column="Q_RELAY_RACK_ID"
        unique="true"
        length="25"
    >
        <meta attribute="field-description">
           @hibernate.property
            column="Q_RELAY_RACK_ID"
            length="25"
        </meta>    
    </property>
    <property
        name="qlogicalShelf"
        type="java.lang.String"
        column="Q_LOGICAL_SHELF"
        length="25"
    >
        <meta attribute="field-description">
           @hibernate.property
            column="Q_LOGICAL_SHELF"
            length="25"
        </meta>    
    </property>
    <property
        name="qphysicalShelf"
        type="java.lang.String"
        column="Q_PHYSICAL_SHELF"
        length="25"
    >
        <meta attribute="field-description">
           @hibernate.property
            column="Q_PHYSICAL_SHELF"
            length="25"
        </meta>    
    </property>
    <property
        name="qslot"
        type="java.lang.String"
        column="Q_SLOT"
        length="25"
    >
        <meta attribute="field-description">
           @hibernate.property
            column="Q_SLOT"
            length="25"
        </meta>    
    </property>
    <property
        name="qport"
        type="java.lang.String"
        column="Q_PORT"
        length="20"
    >
        <meta attribute="field-description">
           @hibernate.property
            column="Q_PORT"
            length="20"
        </meta>    
    </property>
    <property
        name="isTemplate"
        type="java.lang.String"
        column="IS_TEMPLATE"
        not-null="true"
        length="1"
    >
        <meta attribute="field-description">
           @hibernate.property
            column="IS_TEMPLATE"
            length="1"
            not-null="true"
        </meta>    
    </property>
    <property
        name="isPlaceholder"
        type="java.lang.String"
        column="IS_PLACEHOLDER"
        not-null="true"
        length="1"
    >
        <meta attribute="field-description">
           @hibernate.property
            column="IS_PLACEHOLDER"
            length="1"
            not-null="true"
        </meta>    
    </property>
    <property
        name="subinterfaceName"
        type="java.lang.String"
        column="SUBINTERFACE_NAME"
        length="24"
    >
        <meta attribute="field-description">
           @hibernate.property
            column="SUBINTERFACE_NAME"
            length="24"
        </meta>    
    </property>
    <property
        name="accessList"
        type="java.lang.String"
        column="ACCESS_LIST"
        length="41"
    >
        <meta attribute="field-description">
           @hibernate.property
            column="ACCESS_LIST"
            length="41"
        </meta>    
    </property>

    <!-- associations -->
    <!-- bi-directional many-to-one association to NetElementType -->
    <many-to-one
        name="netElementType"
        class="com.qwest.isys.prov.NetElementType"
        not-null="true"
    >
        <meta attribute="field-description">
           @hibernate.many-to-one
            not-null="true"
           @hibernate.column name="NET_CODE"         
        </meta>
        <column name="NET_CODE" />
    </many-to-one>
    <!-- bi-directional one-to-many association to EndPointAssoc -->
<!--    <set
        name="endPointAssocsByParentNetElementId"
        lazy="true"
        inverse="true"
    >
        <meta attribute="field-description">
           @hibernate.set
            lazy="true"
            inverse="true"

	       @hibernate.collection-key
	        column="PARENT_NET_ELEMENT_ID"

           @hibernate.collection-one-to-many
            class="com.qwest.isys.prov.EndPointAssoc"
        </meta>
        <key>
            <column name="PARENT_NET_ELEMENT_ID" />
        </key>
        <one-to-many 
            class="com.qwest.isys.prov.EndPointAssoc"
        />
    </set>
-->
    <!-- bi-directional one-to-many association to EndPointAssoc -->
<!--
    <set
        name="endPointAssocsByChildNetElementId"
        lazy="true"
        inverse="true"
    >
        <meta attribute="field-description">
           @hibernate.set
            lazy="true"
            inverse="true"

	       @hibernate.collection-key
	        column="CHILD_NET_ELEMENT_ID"

           @hibernate.collection-one-to-many
            class="com.qwest.isys.prov.EndPointAssoc"
        </meta>
        <key>
            <column name="CHILD_NET_ELEMENT_ID" />
        </key>
        <one-to-many 
            class="com.qwest.isys.prov.EndPointAssoc"
        />
    </set>
-->
    <!-- bi-directional one-to-many association to Equipment -->
<!--
    <set
        name="equipmentsByEgressPortAi"
        lazy="true"
        inverse="true"
    >
        <meta attribute="field-description">
           @hibernate.set
            lazy="true"
            inverse="true"

	       @hibernate.collection-key
	        column="EGRESS_PORT_AI"

           @hibernate.collection-one-to-many
            class="com.qwest.isys.prov.Equipment"
        </meta>
        <key>
            <column name="EGRESS_PORT_AI" />
        </key>
        <one-to-many 
            class="com.qwest.isys.prov.Equipment"
        />
    </set>
-->
    <!-- bi-directional one-to-many association to LinkEndPointAssoc -->
<!--    <set
        name="linkEndPointAssocs"
        lazy="true"
        inverse="true"
    >
        <meta attribute="field-description">
           @hibernate.set
            lazy="true"
            inverse="true"

	       @hibernate.collection-key
	        column="NET_ELEMENT_ID"

           @hibernate.collection-one-to-many
            class="com.qwest.isys.prov.LinkEndPointAssoc"
        </meta>
        <key>
            <column name="NET_ELEMENT_ID" />
        </key>
        <one-to-many 
            class="com.qwest.isys.prov.LinkEndPointAssoc"
        />
    </set>
-->
    <!-- bi-directional one-to-many association to AtmPortVccRange -->
    <set
        name="atmPortVccRanges"
        lazy="true"
        inverse="true"
    >
        <meta attribute="field-description">
           @hibernate.set
            lazy="true"
            inverse="true"

	       @hibernate.collection-key
	        column="PORT_AI"

           @hibernate.collection-one-to-many
            class="com.qwest.isys.prov.AtmPortVccRange"
        </meta>
        <key>
            <column name="PORT_AI" />
        </key>
        <one-to-many 
            class="com.qwest.isys.prov.AtmPortVccRange"
        />
    </set>
    <!-- bi-directional one-to-many association to UniqueVpiVci -->
    <set
        name="uniqueVpiVcis"
        lazy="true"
        inverse="true"
    >
        <meta attribute="field-description">
           @hibernate.set
            lazy="true"
            inverse="true"

	       @hibernate.collection-key
	        column="TERMINATION_POINT_AI"

           @hibernate.collection-one-to-many
            class="com.qwest.isys.prov.UniqueVpiVci"
        </meta>
        <key>
            <column name="NET_ELEMENT_ID" />
        </key>
        <one-to-many 
            class="com.qwest.isys.prov.UniqueVpiVci"
        />
    </set>
    <!-- bi-directional many-to-one association to MonitoringStatusType -->
    <many-to-one
        name="monitoringStatusType"
        class="com.qwest.isys.prov.MonitoringStatusType"
        not-null="true"
    >
        <meta attribute="field-description">
           @hibernate.many-to-one
            not-null="true"
           @hibernate.column name="MONITORING_STATUS_TYPE_SC"         
        </meta>
        <column name="MONITORING_STATUS_TYPE_SC" />
    </many-to-one>
    <!-- bi-directional many-to-one association to OperationalStatusType -->
    <many-to-one
        name="operationalStatusType"
        class="com.qwest.isys.prov.OperationalStatusType"
        not-null="true"
    >
        <meta attribute="field-description">
           @hibernate.many-to-one
            not-null="true"
           @hibernate.column name="OPERATIONAL_STATUS_TYPE_SC"         
        </meta>
        <column name="OPERATIONAL_STATUS_TYPE_SC" />
    </many-to-one>
    <!-- bi-directional many-to-one association to NetElementStatusType -->
    <many-to-one
        name="netElementStatusType"
        class="com.qwest.isys.prov.NetElementStatusType"
        not-null="true"
    >
        <meta attribute="field-description">
           @hibernate.many-to-one
            not-null="true"
           @hibernate.column name="NET_ELEMENT_STATUS_TYPE_SC"         
        </meta>
        <column name="NET_ELEMENT_STATUS_TYPE_SC" />
    </many-to-one>
    <!-- bi-directional many-to-many association to NetElement -->
    <set
        name="childEndPoints"
        lazy="true"
        table="END_POINT_ASSOC"
    >
        <meta attribute="field-description">
           @hibernate.set
            lazy="true"
            table="END_POINT_ASSOC"

	       @hibernate.collection-key
	        column="PARENT_NET_ELEMENT_ID"

           @hibernate.collection-many-to-many
            class="com.qwest.isys.prov.NetElement"
            column="CHILD_NET_ELEMENT_ID"
        </meta>
        <key>
            <column name="PARENT_NET_ELEMENT_ID" />
        </key>
        <many-to-many
            class="com.qwest.isys.prov.NetElement"
        >
            <column name="CHILD_NET_ELEMENT_ID" />
        </many-to-many>
    </set>
    <!-- bi-directional many-to-many association to NetElement -->
    <set
        name="parentEndPoints"
        lazy="true"
        table="END_POINT_ASSOC"
    >
        <meta attribute="field-description">
           @hibernate.set
            lazy="true"
            table="END_POINT_ASSOC"

	       @hibernate.collection-key
	        column="CHILD_NET_ELEMENT_ID"

           @hibernate.collection-many-to-many
            class="com.qwest.isys.prov.NetElement"
            column="PARENT_NET_ELEMENT_ID"
        </meta>
        <key>
            <column name="CHILD_NET_ELEMENT_ID" />
        </key>
        <many-to-many
            class="com.qwest.isys.prov.NetElement"
        >
            <column name="PARENT_NET_ELEMENT_ID" />
        </many-to-many>
    </set>
    <!-- bi-directional many-to-many association to NetworkHop -->
    <set
        name="networkHops"
        lazy="true"
        table="LINK_END_POINT_ASSOC"
    >
        <meta attribute="field-description">
           @hibernate.set
            lazy="true"
            table="LINK_END_POINT_ASSOC"

	       @hibernate.collection-key
	        column="NET_ELEMENT_ID"

           @hibernate.collection-many-to-many
            class="com.qwest.isys.prov.NetworkHop"
            column="LINK_AI"
        </meta>
        <key>
            <column name="NET_ELEMENT_ID" />
        </key>
        <many-to-many
            class="com.qwest.isys.prov.NetworkHop"
        >
            <column name="LINK_AI" />
        </many-to-many>
    </set>

	<joined-subclass name="com.qwest.isys.prov.Port"
    table="PORT" dynamic-update="true"
    dynamic-insert="true">
      <key column="PORT_AI" />
	<property
        name="name"
        type="java.lang.String"
        column="NAME"
        length="20"
    >
        <meta attribute="use-in-tostring">true</meta>
        <meta attribute="field-description">
           @hibernate.property
            column="NAME"
            length="20"
        </meta>    
    </property>
    <property
        name="ipAddress"
        type="java.lang.String"
        column="IP_ADDRESS"
        length="15"
    >
        <meta attribute="field-description">
           @hibernate.property
            column="IP_ADDRESS"
            length="15"
        </meta>    
    </property>
    <property
        name="subnetMask"
        type="java.lang.String"
        column="SUBNET_MASK"
        length="15"
    >
        <meta attribute="field-description">
           @hibernate.property
            column="SUBNET_MASK"
            length="15"
        </meta>    
    </property>
    <property
        name="pvcCapacity"
        type="java.lang.Long"
        column="PVC_CAPACITY"
    >
        <meta attribute="field-description">
           @hibernate.property
            column="PVC_CAPACITY"
        </meta>    
    </property>
    <property
        name="exceptionPort"
        type="java.lang.String"
        column="EXCEPTION_PORT"
        length="1"
    >
        <meta attribute="field-description">
           @hibernate.property
            column="EXCEPTION_PORT"
            length="1"
        </meta>    
    </property>
    <property
        name="relatedPortAi"
        type="java.lang.Long"
        column="RELATED_PORT_AI"
        unique="true"
    >
        <meta attribute="field-description">
           @hibernate.property
            column="RELATED_PORT_AI"
        </meta>    
    </property>
    <property
        name="autogeneratesPvcIds"
        type="java.lang.String"
        column="AUTOGENERATES_PVC_IDS"
        length="1"
    >
        <meta attribute="field-description">
           @hibernate.property
            column="AUTOGENERATES_PVC_IDS"
            length="1"
        </meta>    
    </property>
    <property
        name="channelizedMap"
        type="java.lang.String"
        column="CHANNELIZED_MAP"
        length="2000"
    >
        <meta attribute="field-description">
           @hibernate.property
            column="CHANNELIZED_MAP"
            length="2000"
        </meta>    
    </property>
    <property
        name="allocatedChannelMap"
        type="java.lang.String"
        column="ALLOCATED_CHANNEL_MAP"
        length="2000"
    >
        <meta attribute="field-description">
           @hibernate.property
            column="ALLOCATED_CHANNEL_MAP"
            length="2000"
        </meta>    
    </property>
    <property
        name="isChannelized"
        type="java.lang.String"
        column="IS_CHANNELIZED"
        length="1"
    >
        <meta attribute="field-description">
           @hibernate.property
            column="IS_CHANNELIZED"
            length="1"
        </meta>    
    </property>
    <property
        name="logicalName"
        type="java.lang.String"
        column="LOGICAL_NAME"
        unique="true"
        length="32"
    >
        <meta attribute="field-description">
           @hibernate.property
            column="LOGICAL_NAME"
            length="32"
        </meta>    
    </property>
    <property
        name="translationMethodTypeSc"
        type="java.lang.String"
        column="TRANSLATION_METHOD_TYPE_SC"
        length="15"
    >
        <meta attribute="field-description">
           @hibernate.property
            column="TRANSLATION_METHOD_TYPE_SC"
            length="15"
        </meta>    
    </property>
    <property
        name="translationResultTypeSc"
        type="java.lang.String"
        column="TRANSLATION_RESULT_TYPE_SC"
        length="15"
    >
        <meta attribute="field-description">
           @hibernate.property
            column="TRANSLATION_RESULT_TYPE_SC"
            length="15"
        </meta>    
    </property>
    <property
        name="translationStatusTypeSc"
        type="java.lang.String"
        column="TRANSLATION_STATUS_TYPE_SC"
        length="15"
    >
        <meta attribute="field-description">
           @hibernate.property
            column="TRANSLATION_STATUS_TYPE_SC"
            length="15"
        </meta>    
    </property>
    <property
        name="snmpIfIndex"
        type="java.lang.Integer"
        column="SNMP_IF_INDEX"
        length="38"
    >
        <meta attribute="field-description">
           @hibernate.property
            column="SNMP_IF_INDEX"
            length="38"
        </meta>    
    </property>
    <property
        name="aesaAddress"
        type="java.lang.String"
        column="AESA_ADDRESS"
        unique="true"
        length="64"
    >
        <meta attribute="field-description">
           @hibernate.property
            column="AESA_ADDRESS"
            length="64"
        </meta>    
    </property>
    <property
        name="isPortChannel"
        type="java.lang.String"
        column="IS_PORT_CHANNEL"
        length="1"
    >
        <meta attribute="field-description">
           @hibernate.property
            column="IS_PORT_CHANNEL"
            length="1"
        </meta>    
    </property>
    <property
        name="channelNumber"
        type="java.lang.Long"
        column="CHANNEL_NUMBER"
        length="22"
    >
        <meta attribute="field-description">
           @hibernate.property
            column="CHANNEL_NUMBER"
            length="22"
        </meta>    
    </property>

    <!-- associations -->
    <!-- bi-directional many-to-one association to AtmSignallingType -->
    <many-to-one
        name="atmSignallingType"
        class="com.qwest.isys.prov.AtmSignallingType"
        not-null="true"
    >
        <meta attribute="field-description">
           @hibernate.many-to-one
            not-null="true"
           @hibernate.column name="ATM_SIGNALLING_TYPE_SC"         
        </meta>
        <column name="ATM_SIGNALLING_TYPE_SC" />
    </many-to-one>
    <!-- bi-directional many-to-one association to LinkManagementProtocolType -->
    <many-to-one
        name="linkManagementProtocolType"
        class="com.qwest.isys.prov.LinkManagementProtocolType"
        not-null="true"
    >
        <meta attribute="field-description">
           @hibernate.many-to-one
            not-null="true"
           @hibernate.column name="LINK_MANAGEMENT_TYPE_CODE"         
        </meta>
        <column name="LINK_MANAGEMENT_TYPE_CODE" />
    </many-to-one>
    <!-- bi-directional many-to-one association to AccessPointRole -->
    <many-to-one
        name="accessPointRole"
        class="com.qwest.isys.prov.AccessPointRole"
        not-null="true"
    >
        <meta attribute="field-description">
           @hibernate.many-to-one
            not-null="true"
           @hibernate.column name="ACCESS_POINT_ROLE_AI"         
        </meta>
        <column name="ACCESS_POINT_ROLE_AI" />
    </many-to-one>
    <!-- bi-directional many-to-one association to Equipment -->
    <many-to-one
        name="equipment"
        class="com.qwest.isys.prov.Equipment"
        not-null="true"
    >
        <meta attribute="field-description">
           @hibernate.many-to-one
            not-null="true"
           @hibernate.column name="EQUIPMENT_AI"         
        </meta>
        <column name="EQUIPMENT_AI" />
    </many-to-one>
    <!-- bi-directional many-to-one association to DatalinkProtocolType -->
    <many-to-one
        name="datalinkProtocolType"
        class="com.qwest.isys.prov.DatalinkProtocolType"
        not-null="true"
    >
        <meta attribute="field-description">
           @hibernate.many-to-one
            not-null="true"
           @hibernate.column name="DATALINK_PROTOCOL_TYPE_CODE"         
        </meta>
        <column name="DATALINK_PROTOCOL_TYPE_CODE" />
    </many-to-one>
    <!-- bi-directional many-to-one association to NetworkHop -->
    <many-to-one
        name="dmarcCircuit"
        class="com.qwest.isys.prov.NetworkHop"
        not-null="true"
    >
        <meta attribute="field-description">
           @hibernate.many-to-one
            not-null="true"
           @hibernate.column name="DEMARC_AI"         
        </meta>
        <column name="DEMARC_AI" />
    </many-to-one>
    <!-- bi-directional many-to-one association to NetworkHop -->
    <many-to-one
        name="eisccCircuit"
        class="com.qwest.isys.prov.NetworkHop"
        not-null="true"
    >
        <meta attribute="field-description">
           @hibernate.many-to-one
            not-null="true"
           @hibernate.column name="EISCC_AI"         
        </meta>
        <column name="EISCC_AI" />
    </many-to-one>
    <!-- bi-directional many-to-one association to NetworkHop -->
    <many-to-one
        name="cfaLink"
        class="com.qwest.isys.prov.NetworkHop"
        not-null="true"
    >
        <meta attribute="field-description">
           @hibernate.many-to-one
            not-null="true"
           @hibernate.column name="CFA_LINK_AI"         
        </meta>
        <column name="CFA_LINK_AI" />
    </many-to-one>
    <!-- bi-directional many-to-one association to PortSubscriptionType -->
    <many-to-one
        name="portSubscriptionType"
        class="com.qwest.isys.prov.PortSubscriptionType"
        not-null="true"
    >
        <meta attribute="field-description">
           @hibernate.many-to-one
            not-null="true"
           @hibernate.column name="PORT_SUBSCRIPTION_TYPE_SC"         
        </meta>
        <column name="PORT_SUBSCRIPTION_TYPE_SC" />
    </many-to-one>
    <!-- bi-directional many-to-one association to Reservation -->
    <many-to-one
        name="reservation"
        class="com.qwest.isys.prov.Reservation"
        not-null="true"
    >
        <meta attribute="field-description">
           @hibernate.many-to-one
            not-null="true"
           @hibernate.column name="RESERVATION_AI"         
        </meta>
        <column name="RESERVATION_AI" />
    </many-to-one>
    <!-- bi-directional many-to-one association to CircuitNot -->
    <many-to-one
        name="dmarcNotes"
        class="com.qwest.isys.prov.CircuitNotes"
        not-null="true"
    >
        <meta attribute="field-description">
           @hibernate.many-to-one
            not-null="true"
           @hibernate.column name="DEMARC_NOTES_AI"         
        </meta>
        <column name="DEMARC_NOTES_AI" />
    </many-to-one>
    <!-- bi-directional many-to-one association to SpeedProfile -->
    <many-to-one
        name="speedProfile"
        class="com.qwest.isys.prov.SpeedProfile"
        not-null="true"
    >
        <meta attribute="field-description">
           @hibernate.many-to-one
            not-null="true"
           @hibernate.column name="SPEED_PROFILE_CODE"         
        </meta>
        <column name="SPEED_PROFILE_CODE" />
    </many-to-one>
    <!-- bi-directional many-to-one association to Speed -->
    <many-to-one
        name="speed"
        class="com.qwest.isys.prov.Speed"
        not-null="true"
    >
        <meta attribute="field-description">
           @hibernate.many-to-one
            not-null="true"
           @hibernate.column name="SPEED_CODE"         
        </meta>
        <column name="SPEED_CODE" />
    </many-to-one>
    <!-- bi-directional many-to-one association to LineEncodingType -->
    <many-to-one
        name="lineEncodingType"
        class="com.qwest.isys.prov.LineEncodingType"
        not-null="true"
    >
        <meta attribute="field-description">
           @hibernate.many-to-one
            not-null="true"
           @hibernate.column name="LINE_ENCODING_TYPE_SC"         
        </meta>
        <column name="LINE_ENCODING_TYPE_SC" />
    </many-to-one>
    <!-- bi-directional one-to-many association to LogicalPortQo -->
    <set
        name="logicalPortQos"
        lazy="true"
        inverse="true"
    >
        <meta attribute="field-description">
           @hibernate.set
            lazy="true"
            inverse="true"

	       @hibernate.collection-key
	        column="LOGICAL_PORT_AI"

           @hibernate.collection-one-to-many
            class="com.qwest.isys.prov.LogicalPortQos"
        </meta>
        <key>
            <column name="LOGICAL_PORT_AI" />
        </key>
        <one-to-many 
            class="com.qwest.isys.prov.LogicalPortQos"
        />
    </set>
    <!-- bi-directional one-to-many association to DlciRange -->
    <set
        name="dlciRanges"
        lazy="true"
        inverse="true"
    >
        <meta attribute="field-description">
           @hibernate.set
            lazy="true"
            inverse="true"

	       @hibernate.collection-key
	        column="PORT_AI"

           @hibernate.collection-one-to-many
            class="com.qwest.isys.prov.DlciRange"
        </meta>
        <key>
            <column name="PORT_AI" />
        </key>
        <one-to-many 
            class="com.qwest.isys.prov.DlciRange"
        />
    </set>
    <!-- bi-directional one-to-many association to PortClfAssoc -->
    <set
        name="portClfAssocs"
        lazy="true"
        inverse="true"
    >
        <meta attribute="field-description">
           @hibernate.set
            lazy="true"
            inverse="true"

	       @hibernate.collection-key
	        column="PORT_AI"

           @hibernate.collection-one-to-many
            class="com.qwest.isys.prov.PortClfAssoc"
        </meta>
        <key>
            <column name="PORT_AI" />
        </key>
        <one-to-many 
            class="com.qwest.isys.prov.PortClfAssoc"
        />
    </set>
    <!-- bi-directional one-to-many association to ServiceParameter -->
    <set
        name="serviceParameters"
        lazy="true"
        inverse="true"
    >
        <meta attribute="field-description">
           @hibernate.set
            lazy="true"
            inverse="true"

	       @hibernate.collection-key
	        column="SUBSCRIBER_PORT_AI"

           @hibernate.collection-one-to-many
            class="com.qwest.isys.prov.ServiceParameters"
        </meta>
        <key>
            <column name="SUBSCRIBER_PORT_AI" />
        </key>
        <one-to-many 
            class="com.qwest.isys.prov.ServiceParameters"
        />
    </set>
    <!-- bi-directional one-to-many association to PortLogEntry -->
    <set
        name="logEntries"
        lazy="true"
        inverse="true"
    >
        <meta attribute="field-description">
           @hibernate.set
            lazy="true"
            inverse="true"

	       @hibernate.collection-key
	        column="PORT_AI"

           @hibernate.collection-one-to-many
            class="com.qwest.isys.prov.PortLogEntry"
        </meta>
        <key>
            <column name="PORT_AI" />
        </key>
        <one-to-many 
            class="com.qwest.isys.prov.PortLogEntry"
        />
    </set>
    <!-- bi-directional many-to-one association to PortInterfaceType -->
    <many-to-one
        name="portInterfaceType"
        class="com.qwest.isys.prov.PortInterfaceType"
        not-null="true"
    >
        <meta attribute="field-description">
           @hibernate.many-to-one
            not-null="true"
           @hibernate.column name="PORT_INTERFACE_TYPE_SC"         
        </meta>
        <column name="PORT_INTERFACE_TYPE_SC" />
    </many-to-one>
    <!-- bi-directional many-to-one association to NetworkChannelInterface -->
    <many-to-one
        name="networkChannelInterface"
        class="com.qwest.isys.prov.NetworkChannelInterface"
        not-null="true"
    >
        <meta attribute="field-description">
           @hibernate.many-to-one
            not-null="true"
           @hibernate.column name="NCI_AI"         
        </meta>
        <column name="NCI_AI" />
    </many-to-one>
    <!-- bi-directional many-to-one association to PortType -->
    <many-to-one
        name="portType"
        class="com.qwest.isys.prov.PortType"
        not-null="true"
    >
        <meta attribute="field-description">
           @hibernate.many-to-one
            not-null="true"
           @hibernate.column name="PORT_TYPE_SC"         
        </meta>
        <column name="PORT_TYPE_SC" />
    </many-to-one>
    <!-- bi-directional many-to-one association to PriorityServiceClassType -->
    <many-to-one
        name="priorityServiceClassType"
        class="com.qwest.isys.prov.PriorityServiceClassType"
        not-null="true"
    >
        <meta attribute="field-description">
           @hibernate.many-to-one
            not-null="true"
           @hibernate.column name="PR_SERVICE_CLASS_TYPE_SC"         
        </meta>
        <column name="PR_SERVICE_CLASS_TYPE_SC" />
    </many-to-one>
    <!-- bi-directional many-to-one association to ProtectionStateType -->
    <many-to-one
        name="protectionStateType"
        class="com.qwest.isys.prov.ProtectionStateType"
        not-null="true"
    >
        <meta attribute="field-description">
           @hibernate.many-to-one
            not-null="true"
           @hibernate.column name="PROTECTION_STATE_TYPE_SC"         
        </meta>
        <column name="PROTECTION_STATE_TYPE_SC" />
    </many-to-one>
    <!-- bi-directional many-to-one association to TransmissionRateType -->
    <many-to-one
        name="transmissionRateType"
        class="com.qwest.isys.prov.TransmissionRateType"
        not-null="true"
    >
        <meta attribute="field-description">
           @hibernate.many-to-one
            not-null="true"
           @hibernate.column name="TRANSMISSION_RATE_TYPE_SC"         
        </meta>
        <column name="TRANSMISSION_RATE_TYPE_SC" />
    </many-to-one>

    <joined-subclass name="com.qwest.isys.prov.GenericPort"
    table="GENERIC_PORT" dynamic-update="true"
    dynamic-insert="true">
      <key column="GENERIC_PORT_AI" />
   <property
        name="accessNodeSlot"
        type="java.lang.String"
        column="ACCESS_NODE_SLOT"
        length="20"
    >
        <meta attribute="field-description">
           @hibernate.property
            column="ACCESS_NODE_SLOT"
            length="20"
        </meta>    
    </property>
    <property
        name="qnodeType"
        type="java.lang.String"
        column="Q_NODE_TYPE"
        length="20"
    >
        <meta attribute="field-description">
           @hibernate.property
            column="Q_NODE_TYPE"
            length="20"
        </meta>    
    </property>

    <!-- associations -->

    <!-- bi-directional one-to-one association to Port -->
<!--
    <one-to-one
        name="port"
        class="com.qwest.isys.prov.Port"
        outer-join="auto"
        constrained="true"
    >
        <meta attribute="field-description">
           @hibernate.one-to-one
            class="com.qwest.isys.prov.Port"
            outer-join="auto"
            constrained="true"
        </meta>    
    </one-to-one>
-->
    <!-- bi-directional many-to-one association to Equipment -->
    <many-to-one
        name="accessNode"
        class="com.qwest.isys.prov.Equipment"
        not-null="true"
    >
        <meta attribute="field-description">
           @hibernate.many-to-one
            not-null="true"
           @hibernate.column name="ACCESS_NODE_AI"         
        </meta>
        <column name="ACCESS_NODE_AI" />
    </many-to-one>
	</joined-subclass>
	</joined-subclass>

	<joined-subclass name="com.qwest.isys.prov.Equipment"
    table="EQUIPMENT" dynamic-update="true"
    dynamic-insert="true">
      <key column="EQUIPMENT_AI" />

    <property
        name="description"
        type="java.lang.String"
        column="DESCRIPTION"
        length="60"
    >
        <meta attribute="field-description">
           @hibernate.property
            column="DESCRIPTION"
            length="60"
        </meta>    
    </property>
    <property
        name="equipmentName"
        type="java.lang.String"
        column="EQUIPMENT_NAME"
        unique="true"
        length="120"
    >
        <meta attribute="field-description">
           @hibernate.property
            column="EQUIPMENT_NAME"
            length="120"
        </meta>    
    </property>
    <property
        name="softwareVersionLevel"
        type="java.lang.String"
        column="SOFTWARE_VERSION_LEVEL"
        length="20"
    >
        <meta attribute="field-description">
           @hibernate.property
            column="SOFTWARE_VERSION_LEVEL"
            length="20"
        </meta>    
    </property>
    <property
        name="ipAddress"
        type="java.lang.String"
        column="IP_ADDRESS"
        unique="true"
        length="20"
    >
        <meta attribute="field-description">
           @hibernate.property
            column="IP_ADDRESS"
            length="20"
        </meta>    
    </property>
    <property
        name="clli"
        type="java.lang.String"
        column="CLLI"
        unique="true"
        length="11"
    >
        <meta attribute="field-description">
           @hibernate.property
            column="CLLI"
            length="11"
        </meta>    
    </property>
    <property
        name="positionWithinParent"
        type="java.lang.String"
        column="POSITION_WITHIN_PARENT"
        length="60"
    >
        <meta attribute="field-description">
           @hibernate.property
            column="POSITION_WITHIN_PARENT"
            length="60"
        </meta>    
    </property>
    <property
        name="positionWithinAncestor"
        type="java.lang.String"
        column="POSITION_WITHIN_ANCESTOR"
        length="25"
    >
        <meta attribute="field-description">
           @hibernate.property
            column="POSITION_WITHIN_ANCESTOR"
            length="25"
        </meta>    
    </property>
    <property
        name="assetAi"
        type="java.lang.Long"
        column="ASSET_AI"
    >
        <meta attribute="field-description">
           @hibernate.property
            column="ASSET_AI"
        </meta>    
    </property>
    <property
        name="componentDefAi"
        type="java.lang.Long"
        column="COMPONENT_DEF_AI"
    >
        <meta attribute="field-description">
           @hibernate.property
            column="COMPONENT_DEF_AI"
        </meta>    
    </property>
    <property
        name="phoneNumber"
        type="java.lang.String"
        column="PHONE_NUMBER"
        length="20"
    >
        <meta attribute="field-description">
           @hibernate.property
            column="PHONE_NUMBER"
            length="20"
        </meta>    
    </property>
    <property
        name="logicalEquipmentType"
        type="java.lang.String"
        column="LOGICAL_EQUIPMENT_TYPE"
        unique="true"
        length="30"
    >
        <meta attribute="field-description">
           @hibernate.property
            column="LOGICAL_EQUIPMENT_TYPE"
            length="30"
        </meta>    
    </property>
    <property
        name="isEquipped"
        type="java.lang.String"
        column="IS_EQUIPPED"
        length="1"
    >
        <meta attribute="field-description">
           @hibernate.property
            column="IS_EQUIPPED"
            length="1"
        </meta>    
    </property>
    <property
        name="serialNumber"
        type="java.lang.String"
        column="SERIAL_NUMBER"
        length="40"
    >
        <meta attribute="field-description">
           @hibernate.property
            column="SERIAL_NUMBER"
            length="40"
        </meta>    
    </property>
    <property
        name="qstateAbbreviation"
        type="java.lang.String"
        column="Q_STATE_ABBREVIATION"
        length="2"
    >
        <meta attribute="field-description">
           @hibernate.property
            column="Q_STATE_ABBREVIATION"
            length="2"
        </meta>    
    </property>
    <property
        name="communityString"
        type="java.lang.String"
        column="COMMUNITY_STRING"
        length="20"
    >
        <meta attribute="field-description">
           @hibernate.property
            column="COMMUNITY_STRING"
            length="20"
        </meta>    
    </property>
    <property
        name="isChannelized"
        type="java.lang.String"
        column="IS_CHANNELIZED"
        length="1"
    >
        <meta attribute="field-description">
           @hibernate.property
            column="IS_CHANNELIZED"
            length="1"
        </meta>    
    </property>
    <property
        name="aesaAddress"
        type="java.lang.String"
        column="AESA_ADDRESS"
        unique="true"
        length="64"
    >
        <meta attribute="field-description">
           @hibernate.property
            column="AESA_ADDRESS"
            length="64"
        </meta>    
    </property>
    <property
        name="imaCapable"
        type="java.lang.String"
        column="IMA_CAPABLE"
        length="1"
    >
        <meta attribute="field-description">
           @hibernate.property
            column="IMA_CAPABLE"
            length="1"
        </meta>    
    </property>
    <property
        name="isDomainServer"
        type="java.lang.String"
        column="IS_DOMAIN_SERVER"
        length="1"
    >
        <meta attribute="field-description">
           @hibernate.property
            column="IS_DOMAIN_SERVER"
            length="1"
        </meta>    
    </property>
    <property
        name="domainServerName"
        type="java.lang.String"
        column="DOMAIN_SERVER_NAME"
        length="25"
    >
        <meta attribute="field-description">
           @hibernate.property
            column="DOMAIN_SERVER_NAME"
            length="25"
        </meta>    
    </property>
	<property name="nrpPurposeTypeSc" type="java.lang.String"
      column="NRP_PURPOSE_TYPE_SC" unique="true" length="15">
        <meta attribute="field-description">@hibernate.property
        column="NRP_PURPOSE_TYPE_SC" length="15"</meta>
      </property>
    <!-- associations -->
    <!-- bi-directional many-to-one association to SiteConfigType -->
    <many-to-one
        name="siteConfigType"
        class="com.qwest.isys.prov.SiteConfigType"
        not-null="true"
    >
        <meta attribute="field-description">
           @hibernate.many-to-one
            not-null="true"
           @hibernate.column name="SITE_CONFIG_TYPE_CODE"         
        </meta>
        <column name="SITE_CONFIG_TYPE_CODE" />
    </many-to-one>
    <!-- bi-directional one-to-many association to Equipment -->
    <set
        name="childEquipments"
        lazy="true"
        inverse="true"
    >
        <meta attribute="field-description">
           @hibernate.set
            lazy="true"
            inverse="true"

	       @hibernate.collection-key
	        column="PARENT_EQUIPMENT_AI"

           @hibernate.collection-one-to-many
            class="com.qwest.isys.prov.Equipment"
        </meta>
        <key>
            <column name="PARENT_EQUIPMENT_AI" />
        </key>
        <one-to-many 
            class="com.qwest.isys.prov.Equipment"
        />
    </set>
    <!-- bi-directional many-to-one association to Equipment -->
    <many-to-one
        name="parentEquipment"
        class="com.qwest.isys.prov.Equipment"
        not-null="true"
    >
        <meta attribute="field-description">
           @hibernate.many-to-one
            not-null="true"
           @hibernate.column name="PARENT_EQUIPMENT_AI"         
        </meta>
        <column name="PARENT_EQUIPMENT_AI" />
    </many-to-one>
    <!-- bi-directional one-to-many association to Equipment -->
    <set
        name="logicalChildrenEquipments"
        lazy="true"
        inverse="true"
    >
        <meta attribute="field-description">
           @hibernate.set
            lazy="true"
            inverse="true"

	       @hibernate.collection-key
	        column="LOGICAL_PARENT_EQUIPMENT_AI"

           @hibernate.collection-one-to-many
            class="com.qwest.isys.prov.Equipment"
        </meta>
        <key>
            <column name="LOGICAL_PARENT_EQUIPMENT_AI" />
        </key>
        <one-to-many 
            class="com.qwest.isys.prov.Equipment"
        />
    </set>
    <!-- bi-directional many-to-one association to Equipment -->
    <many-to-one
        name="logicalParentEquipment"
        class="com.qwest.isys.prov.Equipment"
        not-null="true"
    >
        <meta attribute="field-description">
           @hibernate.many-to-one
            not-null="true"
           @hibernate.column name="LOGICAL_PARENT_EQUIPMENT_AI"         
        </meta>
        <column name="LOGICAL_PARENT_EQUIPMENT_AI" />
    </many-to-one>
    <!-- bi-directional one-to-many association to Equipment -->
    <set
        name="grandChildrenEquipments"
        lazy="true"
        inverse="true"
    >
        <meta attribute="field-description">
           @hibernate.set
            lazy="true"
            inverse="true"

	       @hibernate.collection-key
	        column="ANCESTOR_EQUIPMENT_AI"

           @hibernate.collection-one-to-many
            class="com.qwest.isys.prov.Equipment"
        </meta>
        <key>
            <column name="ANCESTOR_EQUIPMENT_AI" />
        </key>
        <one-to-many 
            class="com.qwest.isys.prov.Equipment"
        />
    </set>
    <!-- bi-directional many-to-one association to Equipment -->
    <many-to-one
        name="ancestorEquipment"
        class="com.qwest.isys.prov.Equipment"
        not-null="true"
    >
        <meta attribute="field-description">
           @hibernate.many-to-one
            not-null="true"
           @hibernate.column name="ANCESTOR_EQUIPMENT_AI"         
        </meta>
        <column name="ANCESTOR_EQUIPMENT_AI" />
    </many-to-one>
    <!-- bi-directional one-to-many association to Equipment -->
    <set
        name="allPeerEquipments"
        lazy="true"
        inverse="true"
    >
        <meta attribute="field-description">
           @hibernate.set
            lazy="true"
            inverse="true"

	       @hibernate.collection-key
	        column="PEER_EQUIPMENT_AI"

           @hibernate.collection-one-to-many
            class="com.qwest.isys.prov.Equipment"
        </meta>
        <key>
            <column name="PEER_EQUIPMENT_AI" />
        </key>
        <one-to-many 
            class="com.qwest.isys.prov.Equipment"
        />
    </set>
    <!-- bi-directional many-to-one association to Equipment -->
    <many-to-one
        name="peerEquipment"
        class="com.qwest.isys.prov.Equipment"
        not-null="true"
    >
        <meta attribute="field-description">
           @hibernate.many-to-one
            not-null="true"
           @hibernate.column name="PEER_EQUIPMENT_AI"         
        </meta>
        <column name="PEER_EQUIPMENT_AI" />
    </many-to-one>
    <!-- bi-directional one-to-many association to EquipmentLogEntry -->
    <set
        name="logEntries"
        lazy="true"
        inverse="true"
    >
        <meta attribute="field-description">
           @hibernate.set
            lazy="true"
            inverse="true"

	       @hibernate.collection-key
	        column="EQUIPMENT_AI"

           @hibernate.collection-one-to-many
            class="com.qwest.isys.prov.EquipmentLogEntry"
        </meta>
        <key>
            <column name="EQUIPMENT_AI" />
        </key>
        <one-to-many 
            class="com.qwest.isys.prov.EquipmentLogEntry"
        />
    </set>
    <!-- bi-directional one-to-many association to Port -->
    <set
        name="ports"
        lazy="true"
        inverse="true"
    >
        <meta attribute="field-description">
           @hibernate.set
            lazy="true"
            inverse="true"

	       @hibernate.collection-key
	        column="EQUIPMENT_AI"

           @hibernate.collection-one-to-many
            class="com.qwest.isys.prov.Port"
        </meta>
        <key>
            <column name="EQUIPMENT_AI" />
        </key>
        <one-to-many 
            class="com.qwest.isys.prov.Port"
        />
    </set>
    <!-- bi-directional one-to-many association to MasterPart -->
    <set
        name="masterParts"
        lazy="true"
        inverse="true"
    >
        <meta attribute="field-description">
           @hibernate.set
            lazy="true"
            inverse="true"

	       @hibernate.collection-key
	        column="EQUIPMENT_AI"

           @hibernate.collection-one-to-many
            class="com.qwest.isys.prov.MasterPart"
        </meta>
        <key>
            <column name="EQUIPMENT_AI" />
        </key>
        <one-to-many 
            class="com.qwest.isys.prov.MasterPart"
        />
    </set>
    <!-- bi-directional many-to-one association to NetElement -->
    <many-to-one
        name="egressPort"
        class="com.qwest.isys.prov.NetElement"
        not-null="true"
    >
        <meta attribute="field-description">
           @hibernate.many-to-one
            not-null="true"
           @hibernate.column name="EGRESS_PORT_AI"         
        </meta>
        <column name="EGRESS_PORT_AI" />
    </many-to-one>
    <!-- bi-directional many-to-one association to CsuDsuType -->
    <many-to-one
        name="csuDsuType"
        class="com.qwest.isys.prov.CsuDsuType"
        not-null="true"
    >
        <meta attribute="field-description">
           @hibernate.many-to-one
            not-null="true"
           @hibernate.column name="CSU_DSU_TYPE"         
        </meta>
        <column name="CSU_DSU_TYPE" />
    </many-to-one>
    <!-- bi-directional many-to-one association to MaintenanceControlOffice -->
    <many-to-one
        name="maintenanceControlOffice"
        class="com.qwest.isys.prov.MaintenanceControlOffice"
        not-null="true"
    >
        <meta attribute="field-description">
           @hibernate.many-to-one
            not-null="true"
           @hibernate.column name="MCO_CODE"         
        </meta>
        <column name="MCO_CODE" />
    </many-to-one>
    <!-- bi-directional many-to-one association to PortSubscriptionType -->
    <many-to-one
        name="portSubscriptionType"
        class="com.qwest.isys.prov.PortSubscriptionType"
        not-null="true"
    >
        <meta attribute="field-description">
           @hibernate.many-to-one
            not-null="true"
           @hibernate.column name="PORT_SUBSCRIPTION_TYPE_SC"         
        </meta>
        <column name="PORT_SUBSCRIPTION_TYPE_SC" />
    </many-to-one>
    <!-- bi-directional many-to-one association to Reservation -->
    <many-to-one
        name="reservation"
        class="com.qwest.isys.prov.Reservation"
        not-null="true"
    >
        <meta attribute="field-description">
           @hibernate.many-to-one
            not-null="true"
           @hibernate.column name="RESERVATION_AI"         
        </meta>
        <column name="RESERVATION_AI" />
    </many-to-one>
    <!-- bi-directional many-to-one association to NmsType -->
    <many-to-one
        name="nmsType"
        class="com.qwest.isys.prov.NmsType"
        not-null="true"
    >
        <meta attribute="field-description">
           @hibernate.many-to-one
            not-null="true"
           @hibernate.column name="NMS_TYPE_ID"         
        </meta>
        <column name="NMS_TYPE_ID" />
    </many-to-one>
    <!-- bi-directional many-to-one association to Building -->
    <many-to-one
        name="building"
        class="com.qwest.isys.prov.Building"
        not-null="true"
    >
        <meta attribute="field-description">
           @hibernate.many-to-one
            not-null="true"
           @hibernate.column name="BUILDING_AI"         
        </meta>
        <column name="BUILDING_AI" />
    </many-to-one>
    <!-- bi-directional many-to-one association to BuildingFloor -->
    <many-to-one
        name="buildingFloor"
        class="com.qwest.isys.prov.BuildingFloor"
        not-null="true"
    >
        <meta attribute="field-description">
           @hibernate.many-to-one
            not-null="true"
           @hibernate.column name="BUILDING_FLOOR_AI"         
        </meta>
        <column name="BUILDING_FLOOR_AI" />
    </many-to-one>
    <!-- bi-directional many-to-one association to NodalProcessorType -->
    <many-to-one
        name="nodalProcessorType"
        class="com.qwest.isys.prov.NodalProcessorType"
        not-null="true"
    >
        <meta attribute="field-description">
           @hibernate.many-to-one
            not-null="true"
           @hibernate.column name="NODAL_PROCESSOR_TYPE_CODE"         
        </meta>
        <column name="NODAL_PROCESSOR_TYPE_CODE" />
    </many-to-one>
    <!-- bi-directional many-to-one association to MasterPart -->
    <many-to-one
        name="masterPart"
        class="com.qwest.isys.prov.MasterPart"
        not-null="true"
    >
        <meta attribute="field-description">
           @hibernate.many-to-one
            not-null="true"
           @hibernate.column name="MASTER_PART_AI"         
        </meta>
        <column name="MASTER_PART_AI" />
    </many-to-one>
    <!-- bi-directional many-to-one association to LineEncodingType -->
    <many-to-one
        name="lineEncodingType"
        class="com.qwest.isys.prov.LineEncodingType"
        not-null="true"
    >
        <meta attribute="field-description">
           @hibernate.many-to-one
            not-null="true"
           @hibernate.column name="LINE_ENCODING_TYPE_SC"         
        </meta>
        <column name="LINE_ENCODING_TYPE_SC" />
    </many-to-one>
    <!-- bi-directional many-to-one association to Nm -->
    <many-to-one
        name="nms"
        class="com.qwest.isys.prov.Nms"
        not-null="true"
    >
        <meta attribute="field-description">
           @hibernate.many-to-one
            not-null="true"
           @hibernate.column name="NMS_AI"         
        </meta>
        <column name="NMS_AI" />
    </many-to-one>
    <!-- bi-directional many-to-one association to NrpPurposeType -->
    <!--
	<many-to-one
        name="nrpPurposeType"
        class="com.qwest.isys.prov.NrpPurposeType"
        not-null="true"
    >
        <meta attribute="field-description">
           @hibernate.many-to-one
            not-null="true"
           @hibernate.column name="NRP_PURPOSE_TYPE_SC"         
        </meta>
        <column name="NRP_PURPOSE_TYPE_SC" />
    </many-to-one>
-->
    <!-- bi-directional many-to-one association to BuildingRoom -->
    <many-to-one
        name="buildingRoom"
        class="com.qwest.isys.prov.BuildingRoom"
        not-null="true"
    >
        <meta attribute="field-description">
           @hibernate.many-to-one
            not-null="true"
           @hibernate.column name="BUILDING_ROOM_AI"         
        </meta>
        <column name="BUILDING_ROOM_AI" />
    </many-to-one>
    <!-- bi-directional many-to-one association to CommNetwork -->
    <many-to-one
        name="commNetwork"
        class="com.qwest.isys.prov.CommNetwork"
        not-null="true"
    >
        <meta attribute="field-description">
           @hibernate.many-to-one
            not-null="true"
           @hibernate.column name="COMM_NETWORK_AI"         
        </meta>
        <column name="COMM_NETWORK_AI" />
    </many-to-one>
    <!-- bi-directional many-to-one association to CustLoc -->
    <many-to-one
        name="customerLocation"
        class="com.qwest.isys.prov.CustomerLocation"
        not-null="true"
    >
        <meta attribute="field-description">
           @hibernate.many-to-one
            not-null="true"
           @hibernate.column name="CUST_LOC_ID"         
        </meta>
        <column name="CUST_LOC_ID" />
    </many-to-one>
    <!-- bi-directional many-to-one association to NodeConfigType -->
    <many-to-one
        name="nodeConfigType"
        class="com.qwest.isys.prov.NodeConfigType"
        not-null="true"
    >
        <meta attribute="field-description">
           @hibernate.many-to-one
            not-null="true"
           @hibernate.column name="NODE_CONFIG_TYPE_SC"         
        </meta>
        <column name="NODE_CONFIG_TYPE_SC" />
    </many-to-one>
    <!-- bi-directional many-to-one association to MasterPartVendor -->
    <many-to-one
        name="masterPartVendor"
        class="com.qwest.isys.prov.MasterPartVendor"
        not-null="true"
    >
        <meta attribute="field-description">
           @hibernate.many-to-one
            not-null="true"
           @hibernate.column name="MASTER_PART_VENDOR_AI"         
        </meta>
        <column name="MASTER_PART_VENDOR_AI" />
    </many-to-one>
    <!-- bi-directional many-to-many association to RoutingProtocolType -->
    <set
        name="routingProtocolTypes"
        lazy="true"
        table="EQUIPMENT_ROUTING_PROTOCOL"
    >
        <meta attribute="field-description">
           @hibernate.set
            lazy="true"
            table="EQUIPMENT_ROUTING_PROTOCOL"

	       @hibernate.collection-key
	        column="EQUIPMENT_AI"

           @hibernate.collection-many-to-many
            class="com.qwest.isys.prov.RoutingProtocolType"
            column="ROUTING_PROTOCOL_TYPE_SC"
        </meta>
        <key>
            <column name="EQUIPMENT_AI" />
        </key>
        <many-to-many
            class="com.qwest.isys.prov.RoutingProtocolType"
        >
            <column name="ROUTING_PROTOCOL_TYPE_SC" />
        </many-to-many>
    </set>
	</joined-subclass>

	<joined-subclass name="com.qwest.isys.prov.ImaGroup"
    table="IMA_GROUP_TERM_POINT" dynamic-update="true"
    dynamic-insert="true">
      <key column="TERMINATION_POINT_AI" />

    <property
        name="groupNumber"
        type="java.lang.Integer"
        column="GROUP_NUMBER"
    >
        <meta attribute="field-description">
           @hibernate.property
            column="GROUP_NUMBER"
        </meta>    
    </property>
    <property
        name="portType"
        type="java.lang.String"
        column="PORT_TYPE"
        length="10"
    >
        <meta attribute="field-description">
           @hibernate.property
            column="PORT_TYPE"
            length="10"
        </meta>    
    </property>
    <property
        name="portNames"
        type="java.lang.String"
        column="PORT_NAMES"
        length="24"
    >
        <meta attribute="use-in-tostring">true</meta>
        <meta attribute="field-description">
           @hibernate.property
            column="PORT_NAMES"
            length="24"
        </meta>    
    </property>
    <property
        name="minLinks"
        type="java.lang.Integer"
        column="MIN_LINKS"
    >
        <meta attribute="field-description">
           @hibernate.property
            column="MIN_LINKS"
        </meta>    
    </property>
    <property
        name="pvcCapacity"
        type="java.lang.Long"
        column="PVC_CAPACITY"
    >
        <meta attribute="field-description">
           @hibernate.property
            column="PVC_CAPACITY"
        </meta>    
    </property>

    <!-- associations -->
    <!-- bi-directional many-to-one association to AccessPointRole -->
    <many-to-one
        name="accessPointRole"
        class="com.qwest.isys.prov.AccessPointRole"
        not-null="true"
    >
        <meta attribute="field-description">
           @hibernate.many-to-one
            not-null="true"
           @hibernate.column name="ACCESS_POINT_ROLE_AI"         
        </meta>
        <column name="ACCESS_POINT_ROLE_AI" />
    </many-to-one>
    <!-- bi-directional many-to-one association to NetworkChannelInterface -->
    <many-to-one
        name="networkChannelInterface"
        class="com.qwest.isys.prov.NetworkChannelInterface"
        not-null="true"
    >
        <meta attribute="field-description">
           @hibernate.many-to-one
            not-null="true"
           @hibernate.column name="NCI_AI"         
        </meta>
        <column name="NCI_AI" />
    </many-to-one>
    <!-- bi-directional many-to-one association to TransmissionRateType -->
    <many-to-one
        name="transmissionRateType"
        class="com.qwest.isys.prov.TransmissionRateType"
        not-null="true"
    >
        <meta attribute="field-description">
           @hibernate.many-to-one
            not-null="true"
           @hibernate.column name="TRANSMISSION_RATE_TYPE_SC"         
        </meta>
        <column name="TRANSMISSION_RATE_TYPE_SC" />
    </many-to-one>
	</joined-subclass>

    <joined-subclass name="com.qwest.isys.prov.AtmTerminationPoint"
    table="ATM_VPI_VCI_TERM_POINT" dynamic-update="true"
    dynamic-insert="true">
      <key column="TERMINATION_POINT_AI" />
    <property
        name="burstSize"
        type="java.lang.Long"
        column="BURST_SIZE"
    >
        <meta attribute="field-description">
           @hibernate.property
            column="BURST_SIZE"
        </meta>    
    </property>
    <property
        name="peakCellRate"
        type="java.lang.Long"
        column="PEAK_CELL_RATE"
    >
        <meta attribute="field-description">
           @hibernate.property
            column="PEAK_CELL_RATE"
        </meta>    
    </property>
    <property
        name="sustCellRate"
        type="java.lang.Long"
        column="SUST_CELL_RATE"
    >
        <meta attribute="field-description">
           @hibernate.property
            column="SUST_CELL_RATE"
        </meta>    
    </property>
    <property
        name="vccFlag"
        type="java.lang.String"
        column="VCC_FLAG"
        length="1"
    >
        <meta attribute="field-description">
           @hibernate.property
            column="VCC_FLAG"
            length="1"
        </meta>    
    </property>
    <property
        name="vpiNumber"
        type="java.lang.Integer"
        column="VPI_NUMBER"
    >
        <meta attribute="field-description">
           @hibernate.property
            column="VPI_NUMBER"
        </meta>    
    </property>
    <property
        name="vciNumber"
        type="java.lang.Integer"
        column="VCI_NUMBER"
    >
        <meta attribute="field-description">
           @hibernate.property
            column="VCI_NUMBER"
        </meta>    
    </property>
    <property
        name="minInformationRate"
        type="java.lang.Integer"
        column="MIN_INFORMATION_RATE"
    >
        <meta attribute="field-description">
           @hibernate.property
            column="MIN_INFORMATION_RATE"
        </meta>    
    </property>
    <property
        name="cdvTolerance"
        type="java.lang.Integer"
        column="CDV_TOLERANCE"
    >
        <meta attribute="field-description">
           @hibernate.property
            column="CDV_TOLERANCE"
        </meta>    
    </property>
    <property
        name="cellLossRatio"
        type="java.lang.Integer"
        column="CELL_LOSS_RATIO"
    >
        <meta attribute="field-description">
           @hibernate.property
            column="CELL_LOSS_RATIO"
        </meta>    
    </property>

    <!-- associations -->
    <!-- bi-directional many-to-one association to AtmPvcType -->
    <many-to-one
        name="atmPvcType"
        class="com.qwest.isys.prov.AtmPvcType"
        not-null="true"
    >
        <meta attribute="field-description">
           @hibernate.many-to-one
            not-null="true"
           @hibernate.column name="ATM_PVC_TYPE_SC"         
        </meta>
        <column name="ATM_PVC_TYPE_SC" />
    </many-to-one>
    <!-- bi-directional many-to-one association to ServiceType -->
    <many-to-one
        name="serviceType"
        class="com.qwest.isys.prov.ServiceType"
        not-null="true"
    >
        <meta attribute="field-description">
           @hibernate.many-to-one
            not-null="true"
           @hibernate.column name="SERVICE_TYPE_CODE"         
        </meta>
        <column name="SERVICE_TYPE_CODE" />
    </many-to-one>
    <!-- bi-directional many-to-one association to AtmServiceClassType -->
    <many-to-one
        name="atmServiceClassType"
        class="com.qwest.isys.prov.AtmServiceClassType"
        not-null="true"
    >
        <meta attribute="field-description">
           @hibernate.many-to-one
            not-null="true"
           @hibernate.column name="ATM_SERVICE_CLASS_TYPE_SC"         
        </meta>
        <column name="ATM_SERVICE_CLASS_TYPE_SC" />
    </many-to-one>
    <!-- bi-directional many-to-one association to AtmServiceClass -->
    <many-to-one
        name="atmServiceClass"
        class="com.qwest.isys.prov.AtmServiceClass"
        not-null="true"
    >
        <meta attribute="field-description">
           @hibernate.many-to-one
            not-null="true"
           @hibernate.column name="ATM_SERVICE_CLASS_CODE"         
        </meta>
        <column name="ATM_SERVICE_CLASS_CODE" />
    </many-to-one>
    <!-- bi-directional many-to-one association to Speed -->
    <many-to-one
        name="speed"
        class="com.qwest.isys.prov.Speed"
        not-null="true"
    >
        <meta attribute="field-description">
           @hibernate.many-to-one
            not-null="true"
           @hibernate.column name="SPEED_CODE"         
        </meta>
        <column name="SPEED_CODE" />
    </many-to-one>
    <!-- bi-directional one-to-many association to UniqueVpiVci -->
    <set
        name="terminationPointUniqueVpiVcis"
        lazy="true"
        inverse="true"
    >
        <meta attribute="field-description">
           @hibernate.set
            lazy="true"
            inverse="true"

	       @hibernate.collection-key
	        column="TERMINATION_POINT_AI"

           @hibernate.collection-one-to-many
            class="com.qwest.isys.prov.UniqueVpiVci"
        </meta>
        <key>
            <column name="TERMINATION_POINT_AI" />
        </key>
        <one-to-many 
            class="com.qwest.isys.prov.UniqueVpiVci"
        />
    </set>
	</joined-subclass>
    <joined-subclass name="com.qwest.isys.prov.FrTerminationPoint"
    table="FR_TERM_POINT" dynamic-update="true"
    dynamic-insert="true">
      <key column="TERMINATION_POINT_AI" />
   <property
        name="dlci"
        type="java.lang.Short"
        column="DLCI"
        length="4"
    >
        <meta attribute="field-description">
           @hibernate.property
            column="DLCI"
            length="4"
        </meta>    
    </property>
    <property
        name="dlciGroupId"
        type="java.lang.Long"
        column="DLCI_GROUP_ID"
    >
        <meta attribute="field-description">
           @hibernate.property
            column="DLCI_GROUP_ID"
        </meta>    
    </property>
    <property
        name="cir"
        type="java.lang.Double"
        column="CIR"
    >
        <meta attribute="field-description">
           @hibernate.property
            column="CIR"
        </meta>    
    </property>
    <property
        name="be"
        type="java.lang.Double"
        column="BE"
    >
        <meta attribute="field-description">
           @hibernate.property
            column="BE"
        </meta>    
    </property>
    <property
        name="bc"
        type="java.lang.Double"
        column="BC"
    >
        <meta attribute="field-description">
           @hibernate.property
            column="BC"
        </meta>    
    </property>
    <property
        name="frServiceClassTypeSc"
        type="java.lang.String"
        column="FR_SERVICE_CLASS_TYPE_SC"
        unique="true"
        length="8"
    >
        <meta attribute="field-description">
           @hibernate.property
            column="FR_SERVICE_CLASS_TYPE_SC"
            length="8"
        </meta>    
    </property>
	</joined-subclass>

    <joined-subclass name="com.qwest.isys.prov.IpTerminationPoint"
    table="IP_TERM_POINT" dynamic-update="true"
    dynamic-insert="true">
      <key column="TERMINATION_POINT_AI" />
    <property
        name="ipAddress"
        type="java.lang.String"
        column="IP_ADDRESS"
        length="15"
    >
        <meta attribute="field-description">
           @hibernate.property
            column="IP_ADDRESS"
            length="15"
        </meta>    
    </property>
    <property
        name="subnetMask"
        type="java.lang.String"
        column="SUBNET_MASK"
        length="15"
    >
        <meta attribute="field-description">
           @hibernate.property
            column="SUBNET_MASK"
            length="15"
        </meta>    
    </property>
	</joined-subclass>

    <joined-subclass name="com.qwest.isys.prov.VlanTerminationPoint"
    table="VLAN_TERM_POINT" dynamic-update="true"
    dynamic-insert="true">
      <key column="TERMINATION_POINT_AI" />
   <property
        name="vlanNumber"
        type="java.lang.Long"
        column="VLAN_NUMBER"
    >
        <meta attribute="field-description">
           @hibernate.property
            column="VLAN_NUMBER"
        </meta>    
    </property>

	</joined-subclass>

    <joined-subclass name="com.qwest.isys.prov.PortProtectionGroup"
    table="PORT_PROTECTION_GROUP" dynamic-update="true"
    dynamic-insert="true">
      <key column="NET_ELEMENT_ID" />
<property
        name="groupName"
        type="java.lang.String"
        column="GROUP_NAME"
        length="30"
    >
        <meta attribute="field-description">
           @hibernate.property
            column="GROUP_NAME"
            length="30"
        </meta>    
    </property>
    <property
        name="protectionTypeSc"
        type="java.lang.String"
        column="PROTECTION_TYPE_SC"
        length="15"
    >
        <meta attribute="field-description">
           @hibernate.property
            column="PROTECTION_TYPE_SC"
            length="15"
        </meta>    
    </property>
	</joined-subclass>
</class>
</hibernate-mapping>
