<?xml version="1.0"?>
<!DOCTYPE hibernate-mapping PUBLIC
    "-//Hibernate/Hibernate Mapping DTD 2.0//EN"
    "http://hibernate.sourceforge.net/hibernate-mapping-3.0.dtd" >
    
<hibernate-mapping>
<!-- 
    Created by the Middlegen Hibernate plugin

    http://boss.bekk.no/boss/middlegen/
    http://hibernate.sourceforge.net/
-->

<class 
    name="com.qwest.isys.prov.NetElementStatusType" 
    table="NET_ELEMENT_STATUS_TYPE"
>
    <meta attribute="class-description" inherit="false">
       @hibernate.class
        table="NET_ELEMENT_STATUS_TYPE"
    </meta>

    <id
        name="netElementStatusTypeSc"
        type="java.lang.String"
        column="NET_ELEMENT_STATUS_TYPE_SC"
    >
        <meta attribute="field-description">
           @hibernate.id
            generator-class="assigned"
            type="java.lang.String"
            column="NET_ELEMENT_STATUS_TYPE_SC"

        </meta>
        <generator class="assigned" />
    </id>

    <property
        name="netElementStatusTypeDesc"
        type="java.lang.String"
        column="NET_ELEMENT_STATUS_TYPE_DESC"
        length="25"
    >
        <meta attribute="field-description">
           @hibernate.property
            column="NET_ELEMENT_STATUS_TYPE_DESC"
            length="25"
        </meta>    
    </property>
    <property
        name="isCurrent"
        type="java.lang.String"
        column="IS_CURRENT"
        not-null="true"
        length="1"
    >
        <meta attribute="field-description">
           @hibernate.property
            column="IS_CURRENT"
            length="1"
            not-null="true"
        </meta>    
    </property>

    <!-- associations -->
    <!-- bi-directional many-to-one association to NetElementType -->
    <many-to-one
        name="netElementType"
        class="com.qwest.isys.prov.NetElementType"
        not-null="true"
    >
        <meta attribute="field-description">
           @hibernate.many-to-one
            not-null="true"
           @hibernate.column name="NET_CODE"         
        </meta>
        <column name="NET_CODE" />
    </many-to-one>


</class>
</hibernate-mapping>
