<?xml version="1.0"?>
<!DOCTYPE hibernate-mapping PUBLIC
    "-//Hibernate/Hibernate Mapping DTD 2.0//EN"
    "http://hibernate.sourceforge.net/hibernate-mapping-3.0.dtd" >
    
<hibernate-mapping>
<!-- 
    Created by the Middlegen Hibernate plugin

    http://boss.bekk.no/boss/middlegen/
    http://hibernate.sourceforge.net/
-->

<class 
    name="com.qwest.isys.prov.NetHopCustLoc" 
    table="NET_HOP_CUST_LOC"
>
    <meta attribute="class-description" inherit="false">
       @hibernate.class
        table="NET_HOP_CUST_LOC"
    </meta>

    <composite-id name="comp_id" class="com.qwest.isys.prov.NetHopCustLocPK">
        <meta attribute="class-description" inherit="false">
           @hibernate.id
            generator-class="assigned"
        </meta>
        <!-- bi-directional many-to-one association to NetworkHop -->
        <key-many-to-one
        	name="networkHop"
	        class="com.qwest.isys.prov.NetworkHop"
	    >
            <meta attribute="field-description">
               @hibernate.many-to-one
                column="NETWORK_HOP_ID""
            </meta>
    	    <column name="NETWORK_HOP_ID" />
	    </key-many-to-one>
        <!-- bi-directional many-to-one association to CustLoc -->
        <key-many-to-one
        	name="customerLocation"
	        class="com.qwest.isys.prov.CustomerLocation"
	    >
            <meta attribute="field-description">
               @hibernate.many-to-one
                column="CUST_LOC_ID""
            </meta>
    	    <column name="CUST_LOC_ID" />
	    </key-many-to-one>
    </composite-id>    

    <property
        name="trialCircuitFlag"
        type="int"
        column="TRIAL_CIRCUIT_FLAG"
        not-null="true"
        length="1"
    >
        <meta attribute="field-description">
           @hibernate.property
            column="TRIAL_CIRCUIT_FLAG"
            length="1"
            not-null="true"
        </meta>    
    </property>
    <property
        name="nhclInstalledDate"
        type="java.sql.Timestamp"
        column="NHCL_INSTALLED_DATE"
        length="7"
    >
        <meta attribute="field-description">
           @hibernate.property
            column="NHCL_INSTALLED_DATE"
            length="7"
        </meta>    
    </property>
    <property
        name="segment"
        type="java.lang.String"
        column="SEGMENT"
        length="1"
    >
        <meta attribute="field-description">
           @hibernate.property
            column="SEGMENT"
            length="1"
        </meta>    
    </property>

    <!-- associations -->

</class>
</hibernate-mapping>
