<?xml version="1.0"?>
<!DOCTYPE hibernate-mapping PUBLIC
    "-//Hibernate/Hibernate Mapping DTD 2.0//EN"
    "http://hibernate.sourceforge.net/hibernate-mapping-3.0.dtd" >
    
<hibernate-mapping>
<!-- 
    Created by the Middlegen Hibernate plugin

    http://boss.bekk.no/boss/middlegen/
    http://hibernate.sourceforge.net/
-->

<class 
    name="com.qwest.isys.prov.NetworkHop" 
    table="NETWORK_HOP"
    schema="ACS"
>
    <meta attribute="class-description" inherit="false">
       @hibernate.class
        table="NETWORK_HOP"
        schema="ACS"
    </meta>
    <meta attribute="extends" inherit="false">Persister</meta>
    <meta attribute="implements" inherit="false">org.hibernate.Lifecycle</meta>
    <meta attribute="implements" inherit="false">org.hibernate.Validatable</meta>

    <id
        name="networkHopId"
        type="java.lang.Long"
        column="NETWORK_HOP_ID"
    >
        <meta attribute="field-description">
           @hibernate.id
            generator-class="sequence"
            type="java.lang.Long"
            column="NETWORK_HOP_ID"

           @hibernate.generator-param
	        name="sequence"
	        value="S_NETWORK_HOP"
        </meta>
        <generator class="sequence">
            <param name="sequence">S_NETWORK_HOP</param>
        </generator>
    </id>
    <discriminator column="INTEGRATOR_CLASS" type="string" />
    <property
        name="hasSpocFlag"
        type="int"
        column="HAS_SPOC_FLAG"
        not-null="true"
        length="1"
    >
        <meta attribute="field-description">
           @hibernate.property
            column="HAS_SPOC_FLAG"
            length="1"
            not-null="true"
        </meta>    
    </property>
    <property
        name="monitoringStatus"
        type="java.lang.String"
        column="MONITORING_STATUS"
        unique="true"
        length="20"
    >
        <meta attribute="field-description">
           @hibernate.property
            column="MONITORING_STATUS"
            length="20"
        </meta>    
    </property>
    <property
        name="hasMdsFlag"
        type="int"
        column="HAS_MDS_FLAG"
        not-null="true"
        length="1"
    >
        <meta attribute="field-description">
           @hibernate.property
            column="HAS_MDS_FLAG"
            length="1"
            not-null="true"
        </meta>    
    </property>
    <property
        name="tier2City"
        type="java.lang.String"
        column="TIER_2_CITY"
        unique="true"
        length="30"
    >
        <meta attribute="field-description">
           @hibernate.property
            column="TIER_2_CITY"
            length="30"
        </meta>    
    </property>
    <property
        name="tier2State"
        type="java.lang.String"
        column="TIER_2_STATE"
        unique="true"
        length="10"
    >
        <meta attribute="field-description">
           @hibernate.property
            column="TIER_2_STATE"
            length="10"
        </meta>    
    </property>
    <property
        name="tier2Country"
        type="java.lang.String"
        column="TIER_2_COUNTRY"
        unique="true"
        length="10"
    >
        <meta attribute="field-description">
           @hibernate.property
            column="TIER_2_COUNTRY"
            length="10"
        </meta>    
    </property>
    <property
        name="ioTier1Mileage"
        type="java.math.BigDecimal"
        column="IO_TIER1_MILEAGE"
        length="38"
    >
        <meta attribute="field-description">
           @hibernate.property
            column="IO_TIER1_MILEAGE"
            length="38"
        </meta>    
    </property>
    <property
        name="ioTier23Mileage"
        type="java.math.BigDecimal"
        column="IO_TIER2_3_MILEAGE"
        length="38"
    >
        <meta attribute="field-description">
           @hibernate.property
            column="IO_TIER2_3_MILEAGE"
            length="38"
        </meta>    
    </property>
    <property
        name="ixcCarrierId"
        type="java.lang.Long"
        column="IXC_CARRIER_ID"
        length="22"
    >
        <meta attribute="field-description">
           @hibernate.property
            column="IXC_CARRIER_ID"
            length="22"
        </meta>    
    </property>
    <property
        name="ixcCfa"
        type="java.lang.String"
        column="IXC_CFA"
        length="40"
    >
        <meta attribute="field-description">
           @hibernate.property
            column="IXC_CFA"
            length="40"
        </meta>    
    </property>
    <property
        name="ixcPopClli"
        type="java.lang.String"
        column="IXC_POP_CLLI"
        length="15"
    >
        <meta attribute="field-description">
           @hibernate.property
            column="IXC_POP_CLLI"
            length="15"
        </meta>    
    </property>
    <property
        name="tsType"
        type="java.lang.String"
        column="TS_TYPE"
        length="1"
    >
        <meta attribute="field-description">
           @hibernate.property
            column="TS_TYPE"
            length="1"
        </meta>    
    </property>
    <property
        name="tsId"
        type="java.lang.String"
        column="TS_ID"
        length="1"
    >
        <meta attribute="field-description">
           @hibernate.property
            column="TS_ID"
            length="1"
        </meta>    
    </property>
    <property
        name="monitoringDatetime"
        type="java.sql.Timestamp"
        column="MONITORING_DATETIME"
        length="7"
    >
        <meta attribute="field-description">
           @hibernate.property
            column="MONITORING_DATETIME"
            length="7"
        </meta>    
    </property>
    <property
        name="netHopName"
        type="java.lang.String"
        column="NET_HOP_NAME"
        length="40"
    >
        <meta attribute="field-description">
           @hibernate.property
            column="NET_HOP_NAME"
            length="40"
        </meta>    
    </property>
    <property
        name="serviceType"
        type="java.lang.String"
        column="SERVICE_TYPE"
        length="15"
    >
        <meta attribute="field-description">
           @hibernate.property
            column="SERVICE_TYPE"
            length="15"
        </meta>    
    </property>
    <property
        name="hopType"
        type="java.lang.String"
        column="HOP_TYPE"
        length="15"
    >
        <meta attribute="field-description">
           @hibernate.property
            column="HOP_TYPE"
            length="15"
        </meta>    
    </property>
    <property
        name="circuitName"
        type="java.lang.String"
        column="CIRCUIT_NAME"
        unique="true"
        length="64"
    >
        <meta attribute="field-description">
           @hibernate.property
            column="CIRCUIT_NAME"
            length="64"
        </meta>    
    </property>
    <property
        name="circuitSn"
        type="java.lang.String"
        column="CIRCUIT_SN"
        unique="true"
        length="12"
    >
        <meta attribute="field-description">
           @hibernate.property
            column="CIRCUIT_SN"
            length="12"
        </meta>    
    </property>
    <property
        name="cnmFlag"
        type="int"
        column="CNM_FLAG"
        not-null="true"
        length="1"
    >
        <meta attribute="field-description">
           @hibernate.property
            column="CNM_FLAG"
            length="1"
            not-null="true"
        </meta>    
    </property>
    <property
        name="reportingEntityId"
        type="java.math.BigDecimal"
        column="REPORTING_ENTITY_ID"
        unique="true"
        length="38"
    >
        <meta attribute="field-description">
           @hibernate.property
            column="REPORTING_ENTITY_ID"
            length="38"
        </meta>    
    </property>
    <property
        name="activationDatetime"
        type="java.sql.Timestamp"
        column="ACTIVATION_DATETIME"
        length="7"
    >
        <meta attribute="field-description">
           @hibernate.property
            column="ACTIVATION_DATETIME"
            length="7"
        </meta>    
    </property>
    <property
        name="networkHopCrDate"
        type="java.sql.Timestamp"
        column="NETWORK_HOP_CR_DATE"
        length="7"
    >
        <meta attribute="field-description">
           @hibernate.property
            column="NETWORK_HOP_CR_DATE"
            length="7"
        </meta>    
    </property>
    <property
        name="networkHopChannelNum"
        type="java.lang.Integer"
        column="NETWORK_HOP_CHANNEL_NUM"
        unique="true"
        length="3"
    >
        <meta attribute="field-description">
           @hibernate.property
            column="NETWORK_HOP_CHANNEL_NUM"
            length="3"
        </meta>    
    </property>
    <property
        name="networkHopHasSegmentFlag"
        type="int"
        column="NETWORK_HOP_HAS_SEGMENT_FLAG"
        not-null="true"
        length="1"
    >
        <meta attribute="field-description">
           @hibernate.property
            column="NETWORK_HOP_HAS_SEGMENT_FLAG"
            length="1"
            not-null="true"
        </meta>    
    </property>
    <property
        name="managesCarrierId"
        type="java.lang.Long"
        column="MANAGES_CARRIER_ID"
        unique="true"
        length="38"
    >
        <meta attribute="field-description">
           @hibernate.property
            column="MANAGES_CARRIER_ID"
            length="38"
        </meta>    
    </property>
    <property
        name="providesCarrierId"
        type="java.lang.Long"
        column="PROVIDES_CARRIER_ID"
        unique="true"
        length="38"
    >
        <meta attribute="field-description">
           @hibernate.property
            column="PROVIDES_CARRIER_ID"
            length="38"
        </meta>    
    </property>
    <property
        name="networkHopSegmentNum"
        type="java.lang.Integer"
        column="NETWORK_HOP_SEGMENT_NUM"
        length="3"
    >
        <meta attribute="field-description">
           @hibernate.property
            column="NETWORK_HOP_SEGMENT_NUM"
            length="3"
        </meta>    
    </property>
    <property
        name="networkHopSegmentName"
        type="java.lang.String"
        column="NETWORK_HOP_SEGMENT_NAME"
        length="1"
    >
        <meta attribute="field-description">
           @hibernate.property
            column="NETWORK_HOP_SEGMENT_NAME"
            length="1"
        </meta>    
    </property>
    <property
        name="networkHopRemark"
        type="java.lang.String"
        column="NETWORK_HOP_REMARK"
        length="1024"
    >
        <meta attribute="field-description">
           @hibernate.property
            column="NETWORK_HOP_REMARK"
            length="1024"
        </meta>    
    </property>
    <property
        name="description"
        type="java.lang.String"
        column="DESCRIPTION"
        length="60"
    >
        <meta attribute="field-description">
           @hibernate.property
            column="DESCRIPTION"
            length="60"
        </meta>    
    </property>
    <property
        name="modificationDate"
        type="java.sql.Timestamp"
        column="MODIFICATION_DATE"
        length="7"
    >
        <meta attribute="field-description">
           @hibernate.property
            column="MODIFICATION_DATE"
            length="7"
        </meta>    
    </property>
    <property
        name="umsId"
        type="java.lang.Long"
        column="UMS_ID"
    >
        <meta attribute="field-description">
           @hibernate.property
            column="UMS_ID"
        </meta>    
    </property>
    <property
        name="formatterName"
        type="java.lang.String"
        column="FORMATTER_NAME"
        length="175"
    >
        <meta attribute="field-description">
           @hibernate.property
            column="FORMATTER_NAME"
            length="175"
        </meta>    
    </property>
    <property
        name="tunnelName"
        type="java.lang.String"
        column="TUNNEL_NAME"
        length="15"
    >
        <meta attribute="field-description">
           @hibernate.property
            column="TUNNEL_NAME"
            length="15"
        </meta>    
    </property>
    <property
        name="tunnelPassword"
        type="java.lang.String"
        column="TUNNEL_PASSWORD"
        length="15"
    >
        <meta attribute="field-description">
           @hibernate.property
            column="TUNNEL_PASSWORD"
            length="15"
        </meta>    
    </property>
    <property
        name="destIpAddress"
        type="java.lang.String"
        column="DEST_IP_ADDRESS"
        length="15"
    >
        <meta attribute="field-description">
           @hibernate.property
            column="DEST_IP_ADDRESS"
            length="15"
        </meta>    
    </property>
    <property
        name="routerType"
        type="java.lang.String"
        column="ROUTER_TYPE"
        length="25"
    >
        <meta attribute="field-description">
           @hibernate.property
            column="ROUTER_TYPE"
            length="25"
        </meta>    
    </property>
    <property
        name="l2DomainName"
        type="java.lang.String"
        column="L2_DOMAIN_NAME"
        length="32"
    >
        <meta attribute="field-description">
           @hibernate.property
            column="L2_DOMAIN_NAME"
            length="32"
        </meta>    
    </property>
    <property
        name="feCircId"
        type="java.lang.Long"
        column="FE_CIRC_ID"
        unique="true"
        length="12"
    >
        <meta attribute="field-description">
           @hibernate.property
            column="FE_CIRC_ID"
            length="12"
        </meta>    
    </property>
    <property
        name="navCircuitKey"
        type="java.lang.Long"
        column="NAV_CIRCUIT_KEY"
        unique="true"
        length="13"
    >
        <meta attribute="field-description">
           @hibernate.property
            column="NAV_CIRCUIT_KEY"
            length="13"
        </meta>    
    </property>
    <property
        name="hasSla"
        type="java.lang.String"
        column="HAS_SLA"
        length="1"
    >
        <meta attribute="field-description">
           @hibernate.property
            column="HAS_SLA"
            length="1"
        </meta>    
    </property>
    <property
        name="demarcFlag"
        type="java.lang.String"
        column="DEMARC_FLAG"
        length="1"
    >
        <meta attribute="field-description">
           @hibernate.property
            column="DEMARC_FLAG"
            length="1"
        </meta>    
    </property>
    <property
        name="litelCircuitId"
        type="java.lang.String"
        column="LITEL_CIRCUIT_ID"
        unique="true"
        length="64"
    >
        <meta attribute="field-description">
           @hibernate.property
            column="LITEL_CIRCUIT_ID"
            length="64"
        </meta>    
    </property>
    <property
        name="corePvcId"
        type="java.lang.String"
        column="CORE_PVC_ID"
        unique="true"
        length="12"
    >
        <meta attribute="field-description">
           @hibernate.property
            column="CORE_PVC_ID"
            length="12"
        </meta>    
    </property>
    <property
        name="overrideVcTypeFlag"
        type="java.lang.String"
        column="OVERRIDE_VC_TYPE_FLAG"
        length="1"
    >
        <meta attribute="field-description">
           @hibernate.property
            column="OVERRIDE_VC_TYPE_FLAG"
            length="1"
        </meta>    
    </property>
    <property
        name="accessList"
        type="java.lang.String"
        column="ACCESS_LIST"
        length="41"
    >
        <meta attribute="field-description">
           @hibernate.property
            column="ACCESS_LIST"
            length="41"
        </meta>    
    </property>
    <property
        name="nniCount"
        type="java.lang.Byte"
        column="NNI_COUNT"
        length="2"
    >
        <meta attribute="field-description">
           @hibernate.property
            column="NNI_COUNT"
            length="2"
        </meta>    
    </property>

    <!-- associations -->
    <!-- bi-directional many-to-one association to DatabaseUser -->
    <many-to-one
        name="networkHopCreationUser"
        class="com.qwest.isys.prov.DatabaseUser"
        not-null="true"
    >
        <meta attribute="field-description">
           @hibernate.many-to-one
            not-null="true"
           @hibernate.column name="NETWORK_HOP_CR_USER"         
        </meta>
        <column name="NETWORK_HOP_CR_USER" />
    </many-to-one>
    <!-- bi-directional many-to-one association to TranslationResultType -->
    <many-to-one
        name="translationResultType"
        class="com.qwest.isys.prov.TranslationResultType"
        not-null="true"
    >
        <meta attribute="field-description">
           @hibernate.many-to-one
            not-null="true"
           @hibernate.column name="TRANSLATION_RESULT_TYPE_SC"         
        </meta>
        <column name="TRANSLATION_RESULT_TYPE_SC" />
    </many-to-one>
    <!-- bi-directional many-to-one association to TranslationStatusType -->
    <many-to-one
        name="translationStatusType"
        class="com.qwest.isys.prov.TranslationStatusType"
        not-null="true"
    >
        <meta attribute="field-description">
           @hibernate.many-to-one
            not-null="true"
           @hibernate.column name="TRANSLATION_STATUS_TYPE_SC"         
        </meta>
        <column name="TRANSLATION_STATUS_TYPE_SC" />
    </many-to-one>
    <!-- bi-directional many-to-one association to TranslationMethodType -->
    <many-to-one
        name="translationMethodType"
        class="com.qwest.isys.prov.TranslationMethodType"
        not-null="true"
    >
        <meta attribute="field-description">
           @hibernate.many-to-one
            not-null="true"
           @hibernate.column name="TRANSLATION_METHOD_TYPE_SC"         
        </meta>
        <column name="TRANSLATION_METHOD_TYPE_SC" />
    </many-to-one>
    <!-- bi-directional many-to-one association to BillingGroup -->
    <many-to-one
        name="billingGroup"
        class="com.qwest.isys.prov.BillingGroup"
        not-null="true"
    >
        <meta attribute="field-description">
           @hibernate.many-to-one
            not-null="true"
           @hibernate.column name="BILLING_GROUP_ID"         
        </meta>
        <column name="BILLING_GROUP_ID" />
    </many-to-one>
    <!-- bi-directional many-to-one association to NetworkElementState -->
    <many-to-one
        name="networkElementState"
        class="com.qwest.isys.prov.NetworkElementState"
        not-null="true"
    >
        <meta attribute="field-description">
           @hibernate.many-to-one
            not-null="true"
           @hibernate.column name="NETWORK_ELEMENT_STATE_CODE"         
        </meta>
        <column name="NETWORK_ELEMENT_STATE_CODE" />
    </many-to-one>
    <!-- bi-directional many-to-one association to ProtectionType -->
    <many-to-one
        name="startingProtectionTypeSc"
        class="com.qwest.isys.prov.ProtectionType"
        not-null="true"
    >
        <meta attribute="field-description">
           @hibernate.many-to-one
            not-null="true"
           @hibernate.column name="STARTING_PROTECTION_TYPE_SC"         
        </meta>
        <column name="STARTING_PROTECTION_TYPE_SC" />
    </many-to-one>
    <!-- bi-directional many-to-one association to ProtectionType -->
    <many-to-one
        name="endingProtectionTypeSc"
        class="com.qwest.isys.prov.ProtectionType"
        not-null="true"
    >
        <meta attribute="field-description">
           @hibernate.many-to-one
            not-null="true"
           @hibernate.column name="ENDING_PROTECTION_TYPE_SC"         
        </meta>
        <column name="ENDING_PROTECTION_TYPE_SC" />
    </many-to-one>
    <!-- bi-directional many-to-one association to TransportType -->
    <many-to-one
        name="transportType"
        class="com.qwest.isys.prov.TransportType"
        not-null="true"
    >
        <meta attribute="field-description">
           @hibernate.many-to-one
            not-null="true"
           @hibernate.column name="TRANSPORT_TYPE_SC"         
        </meta>
        <column name="TRANSPORT_TYPE_SC" />
    </many-to-one>
    <!-- bi-directional one-to-one association to ServiceElement -->
    <one-to-one
        name="serviceElement"
        class="com.qwest.isys.prov.ServiceElement"
        outer-join="auto"
    >
        <meta attribute="field-description">
           @hibernate.one-to-one
            outer-join="auto"
        </meta>    
    </one-to-one>
    <!-- bi-directional one-to-many association to NetworkHopLogEntry -->
    <set
        name="logEntries"
        lazy="true"
        inverse="true"
    >
        <meta attribute="field-description">
           @hibernate.set
            lazy="true"
            inverse="true"

	       @hibernate.collection-key
	        column="NETWORK_HOP_ID"

           @hibernate.collection-one-to-many
            class="com.qwest.isys.prov.NetworkHopLogEntry"
        </meta>
        <key>
            <column name="NETWORK_HOP_ID" />
        </key>
        <one-to-many 
            class="com.qwest.isys.prov.NetworkHopLogEntry"
        />
    </set>
    <!-- bi-directional one-to-many association to NetworkHop -->
	<!--
    <set
        name="segmentNetworkHops"
        lazy="true"
        inverse="true"
    >
        <meta attribute="field-description">
           @hibernate.set
            lazy="true"
            inverse="true"

	       @hibernate.collection-key
	        column="SEGMENT_NETWORK_HOP_ID"

           @hibernate.collection-one-to-many
            class="com.qwest.isys.prov.NetworkHop"
        </meta>
        <key>
            <column name="SEGMENT_NETWORK_HOP_ID" />
        </key>
        <one-to-many 
            class="com.qwest.isys.prov.NetworkHop"
        />
    </set>
	-->
    <!-- bi-directional many-to-one association to NetworkHop -->
    <many-to-one
        name="segmentNetworkHop"
        class="com.qwest.isys.prov.NetworkHop"
        not-null="true"
    >
        <meta attribute="field-description">
           @hibernate.many-to-one
            not-null="true"
           @hibernate.column name="SEGMENT_NETWORK_HOP_ID"         
        </meta>
        <column name="SEGMENT_NETWORK_HOP_ID" />
    </many-to-one>
    <!-- bi-directional one-to-many association to NetworkHop -->
	<!--
    <set
        name="channelNetworkHops"
        lazy="true"
        inverse="true"
    >
        <meta attribute="field-description">
           @hibernate.set
            lazy="true"
            inverse="true"

	       @hibernate.collection-key
	        column="CHANNEL_NETWORK_HOP_ID"

           @hibernate.collection-one-to-many
            class="com.qwest.isys.prov.NetworkHop"
        </meta>
        <key>
            <column name="CHANNEL_NETWORK_HOP_ID" />
        </key>
        <one-to-many 
            class="com.qwest.isys.prov.NetworkHop"
        />
    </set>
	-->
    <!-- bi-directional many-to-one association to NetworkHop -->
    <many-to-one
        name="containingChannelNetworkHop"
        class="com.qwest.isys.prov.NetworkHop"
        not-null="true"
    >
        <meta attribute="field-description">
           @hibernate.many-to-one
            not-null="true"
           @hibernate.column name="CHANNEL_NETWORK_HOP_ID"         
        </meta>
        <column name="CHANNEL_NETWORK_HOP_ID" />
    </many-to-one>
    <!-- bi-directional one-to-many association to ServiceParameter -->
	<!--
    <set
        name="serviceParameters"
        lazy="true"
        inverse="true"
    >
        <meta attribute="field-description">
           @hibernate.set
            lazy="true"
            inverse="true"

	       @hibernate.collection-key
	        column="HOST_ACCESS_LINK_AI"

           @hibernate.collection-one-to-many
            class="com.qwest.isys.prov.ServiceParameter"
        </meta>
        <key>
            <column name="HOST_ACCESS_LINK_AI" />
        </key>
        <one-to-many 
            class="com.qwest.isys.prov.ServiceParameter"
        />
    </set>
	-->
    <!-- bi-directional one-to-many association to Port -->
	<!--
    <set
        name="portsByDemarcAi"
        lazy="true"
        inverse="true"
    >
        <meta attribute="field-description">
           @hibernate.set
            lazy="true"
            inverse="true"

	       @hibernate.collection-key
	        column="DEMARC_AI"

           @hibernate.collection-one-to-many
            class="com.qwest.isys.prov.Port"
        </meta>
        <key>
            <column name="DEMARC_AI" />
        </key>
        <one-to-many 
            class="com.qwest.isys.prov.Port"
        />
    </set>
	-->
    <!-- bi-directional one-to-many association to Port -->
	<!--
    <set
        name="portsByEisccAi"
        lazy="true"
        inverse="true"
    >
        <meta attribute="field-description">
           @hibernate.set
            lazy="true"
            inverse="true"

	       @hibernate.collection-key
	        column="EISCC_AI"

           @hibernate.collection-one-to-many
            class="com.qwest.isys.prov.Port"
        </meta>
        <key>
            <column name="EISCC_AI" />
        </key>
        <one-to-many 
            class="com.qwest.isys.prov.Port"
        />
    </set>
	-->
    <!-- bi-directional one-to-many association to Port -->
	<!--
    <set
        name="cfaLinkPort"
        lazy="true"
        inverse="true"
    >
        <meta attribute="field-description">
           @hibernate.set
            lazy="true"
            inverse="true"

	       @hibernate.collection-key
	        column="CFA_LINK_AI"

           @hibernate.collection-one-to-many
            class="com.qwest.isys.prov.Port"
        </meta>
        <key>
            <column name="CFA_LINK_AI" />
        </key>
        <one-to-many 
            class="com.qwest.isys.prov.Port"
        />
    </set>
	-->
    <!-- bi-directional many-to-one association to MaintenanceControlOffice -->
    <many-to-one
        name="maintenanceControlOffice"
        class="com.qwest.isys.prov.MaintenanceControlOffice"
        not-null="true"
    >
        <meta attribute="field-description">
           @hibernate.many-to-one
            not-null="true"
           @hibernate.column name="MCO_CODE"         
        </meta>
        <column name="MCO_CODE" />
    </many-to-one>
    <!-- bi-directional many-to-one association to ServiceManagementCenter -->
    <many-to-one
        name="serviceManagementCenter"
        class="com.qwest.isys.prov.ServiceManagementCenter"
        not-null="true"
    >
        <meta attribute="field-description">
           @hibernate.many-to-one
            not-null="true"
           @hibernate.column name="OVERRIDE_SM_CENTER_CODE"         
        </meta>
        <column name="OVERRIDE_SM_CENTER_CODE" />
    </many-to-one>
    <!-- bi-directional many-to-one association to CircuitNot -->
    <many-to-one
        name="circuitNotes"
        class="com.qwest.isys.prov.CircuitNotes"
        not-null="true"
    >
        <meta attribute="field-description">
           @hibernate.many-to-one
            not-null="true"
           @hibernate.column name="CIRCUIT_NOTES_AI"         
        </meta>
        <column name="CIRCUIT_NOTES_AI" />
    </many-to-one>
    <!-- bi-directional many-to-one association to ApsType -->
    <many-to-one
        name="apsType"
        class="com.qwest.isys.prov.ApsType"
        not-null="true"
    >
        <meta attribute="field-description">
           @hibernate.many-to-one
            not-null="true"
           @hibernate.column name="APS_TYPE_SC"         
        </meta>
        <column name="APS_TYPE_SC" />
    </many-to-one>
    <!-- bi-directional many-to-one association to NetworkChannel -->
    <many-to-one
        name="networkChannel"
        class="com.qwest.isys.prov.NetworkChannel"
        not-null="true"
    >
        <meta attribute="field-description">
           @hibernate.many-to-one
            not-null="true"
           @hibernate.column name="NETWORK_CHANNEL_AI"         
        </meta>
        <column name="NETWORK_CHANNEL_AI" />
    </many-to-one>
    <!-- bi-directional many-to-one association to VcType -->
    <many-to-one
        name="vcType"
        class="com.qwest.isys.prov.VcType"
        not-null="true"
    >
        <meta attribute="field-description">
           @hibernate.many-to-one
            not-null="true"
           @hibernate.column name="VC_TYPE_SC"         
        </meta>
        <column name="VC_TYPE_SC" />
    </many-to-one>
    <!-- bi-directional many-to-one association to OperationalStatusType -->
    <many-to-one
        name="operationalStatusType"
        class="com.qwest.isys.prov.OperationalStatusType"
        not-null="true"
    >
        <meta attribute="field-description">
           @hibernate.many-to-one
            not-null="true"
           @hibernate.column name="OPERATIONAL_STATUS_TYPE_SC"         
        </meta>
        <column name="OPERATIONAL_STATUS_TYPE_SC" />
    </many-to-one>
    <!-- bi-directional many-to-one association to LinkType -->
    <many-to-one
        name="linkType"
        class="com.qwest.isys.prov.LinkType"
        not-null="true"
    >
        <meta attribute="field-description">
           @hibernate.many-to-one
            not-null="true"
           @hibernate.column name="LINK_TYPE_SC"         
        </meta>
        <column name="LINK_TYPE_SC" />
    </many-to-one>
    <!-- bi-directional many-to-one association to Layer2TechType -->
    <many-to-one
        name="layer2TechType"
        class="com.qwest.isys.prov.Layer2TechType"
        not-null="true"
    >
        <meta attribute="field-description">
           @hibernate.many-to-one
            not-null="true"
           @hibernate.column name="LAYER2_TECH_TYPE_SC"         
        </meta>
        <column name="LAYER2_TECH_TYPE_SC" />
    </many-to-one>
    <!-- bi-directional many-to-one association to ServiceLevelProtocolType -->
    <many-to-one
        name="serviceLevelProtocolType"
        class="com.qwest.isys.prov.ServiceLevelProtocolType"
        not-null="true"
    >
        <meta attribute="field-description">
           @hibernate.many-to-one
            not-null="true"
           @hibernate.column name="SERV_LEVEL_PROTOCOL_TYPE_SC"         
        </meta>
        <column name="SERV_LEVEL_PROTOCOL_TYPE_SC" />
    </many-to-one>
    <!-- bi-directional many-to-one association to CircuitServiceType -->
    <many-to-one
        name="circuitServiceType"
        class="com.qwest.isys.prov.CircuitServiceType"
        not-null="true"
    >
        <meta attribute="field-description">
           @hibernate.many-to-one
            not-null="true"
           @hibernate.column name="SERVICE_TYPE_CODE"         
        </meta>
        <column name="SERVICE_TYPE_CODE" />
    </many-to-one>
    <!-- bi-directional many-to-many association to NetElement -->
    <set
        name="endPoints"
        lazy="true"
        table="LINK_END_POINT_ASSOC"
    >
        <meta attribute="field-description">
           @hibernate.set
            lazy="true"
            table="LINK_END_POINT_ASSOC"

	       @hibernate.collection-key
	        column="LINK_AI"

           @hibernate.collection-many-to-many
            class="com.qwest.isys.prov.NetElement"
            column="NET_ELEMENT_ID"
        </meta>
        <key>
            <column name="LINK_AI" />
        </key>
        <many-to-many
            class="com.qwest.isys.prov.NetElement"
        >
            <column name="NET_ELEMENT_ID" />
        </many-to-many>
    </set>
    <!-- bi-directional many-to-many association to NetworkHop -->
    <set
        name="supportedLinks"
        lazy="true"
        table="LINK_ASSOC"
    >
        <meta attribute="field-description">
           @hibernate.set
            lazy="true"
            table="LINK_ASSOC"

	       @hibernate.collection-key
	        column="SEGMENT_LINK_AI"

           @hibernate.collection-many-to-many
            class="com.qwest.isys.prov.NetworkHop"
            column="SUPPORTED_LINK_AI"
        </meta>
        <key>
            <column name="SEGMENT_LINK_AI" />
        </key>
        <many-to-many
            class="com.qwest.isys.prov.NetworkHop"
        >
            <column name="SUPPORTED_LINK_AI" />
        </many-to-many>
    </set>
    <!-- bi-directional many-to-many association to NetworkHop -->
    <set
        name="segmentLinks"
        lazy="true"
        table="LINK_ASSOC"
    >
        <meta attribute="field-description">
           @hibernate.set
            lazy="true"
            table="LINK_ASSOC"

	       @hibernate.collection-key
	        column="SUPPORTED_LINK_AI"

           @hibernate.collection-many-to-many
            class="com.qwest.isys.prov.NetworkHop"
            column="SEGMENT_LINK_AI"
        </meta>
        <key>
            <column name="SUPPORTED_LINK_AI" />
        </key>
        <many-to-many
            class="com.qwest.isys.prov.NetworkHop"
        >
            <column name="SEGMENT_LINK_AI" />
        </many-to-many>
    </set>
    <!-- bi-directional many-to-many association to CustLoc -->
    <set
        name="customerLocations"
        lazy="true"
        table="NET_HOP_CUST_LOC"
    >
        <meta attribute="field-description">
           @hibernate.set
            lazy="true"
            table="NET_HOP_CUST_LOC"

	       @hibernate.collection-key
	        column="NETWORK_HOP_ID"

           @hibernate.collection-many-to-many
            class="com.qwest.isys.prov.CustomerLocation"
            column="CUST_LOC_ID"
        </meta>
        <key>
            <column name="NETWORK_HOP_ID" />
        </key>
        <many-to-many
            class="com.qwest.isys.prov.CustomerLocation"
        >
            <column name="CUST_LOC_ID" />
        </many-to-many>
    </set>

    <subclass name="com.qwest.isys.prov.DslUserLogicalLink" discriminator-value="DmDslUserLogicalLink">

    </subclass>
    <subclass name="com.qwest.isys.prov.AtmAccessLink" discriminator-value="DmAtmAccessLink">

    </subclass>
    <subclass name="com.qwest.isys.prov.FrAccessLink" discriminator-value="DmFrAccessLink">

    </subclass>
    <subclass name="com.qwest.isys.prov.AccessLink" discriminator-value="DmAccessLink">

    </subclass>
    <subclass name="com.qwest.isys.prov.AtmTrunk" discriminator-value="DmAtmTrunk">

    </subclass>
   <subclass name="com.qwest.isys.prov.CrossConnection" discriminator-value="DmCrossConnection">

    </subclass>
    <subclass name="com.qwest.isys.prov.Pvc" discriminator-value="DmPvc">

    </subclass>    
    <subclass name="com.qwest.isys.prov.CellRelayUserLogicalLink" discriminator-value="DmCellRelayUserLogicalLink">

    </subclass>
    <subclass name="com.qwest.isys.prov.EthernetTrunk" discriminator-value="DmEthernetTrunk">

    </subclass>
    <subclass name="com.qwest.isys.prov.FrTrunk" discriminator-value="DmFrTrunk">

    </subclass>
    <subclass name="com.qwest.isys.prov.Trunk" discriminator-value="DmTrunk">

    </subclass>
    <subclass name="com.qwest.isys.prov.EthernetAccessLink" discriminator-value="DmEthernetAccessLink">

    </subclass>
    <subclass name="com.qwest.isys.prov.Link" discriminator-value="DmLink">

    </subclass>
    <subclass name="com.qwest.isys.prov.ImaLink" discriminator-value="DmImaLink">

    </subclass>
</class>
</hibernate-mapping>
