<?xml version="1.0"?>
<!DOCTYPE hibernate-mapping PUBLIC
    "-//Hibernate/Hibernate Mapping DTD 2.0//EN"
    "http://hibernate.sourceforge.net/hibernate-mapping-3.0.dtd" >
    
<hibernate-mapping>
<!-- 
    Created by the Middlegen Hibernate plugin

    http://boss.bekk.no/boss/middlegen/
    http://hibernate.sourceforge.net/
-->

<class 
    name="com.qwest.isys.prov.NetworkChannelInterface" 
    table="NETWORK_CHANNEL_INTERFACE"
>
    <meta attribute="class-description" inherit="false">
       @hibernate.class
        table="NETWORK_CHANNEL_INTERFACE"
    </meta>

    <id
        name="nciAi"
        type="java.lang.Long"
        column="NCI_AI"
    >
        <meta attribute="field-description">
           @hibernate.id
            generator-class="assigned"
            type="java.lang.Long"
            column="NCI_AI"

        </meta>
        <generator class="assigned" />
    </id>

    <property
        name="nciCode"
        type="java.lang.String"
        column="NCI_CODE"
        not-null="true"
        length="15"
    >
        <meta attribute="field-description">
           @hibernate.property
            column="NCI_CODE"
            length="15"
            not-null="true"
        </meta>    
    </property>
    <property
        name="nciDesc"
        type="java.lang.String"
        column="NCI_DESC"
        not-null="true"
        length="60"
    >
        <meta attribute="field-description">
           @hibernate.property
            column="NCI_DESC"
            length="60"
            not-null="true"
        </meta>    
    </property>
    <property
        name="isCurrentFlag"
        type="java.lang.String"
        column="IS_CURRENT_FLAG"
        not-null="true"
        length="1"
    >
        <meta attribute="field-description">
           @hibernate.property
            column="IS_CURRENT_FLAG"
            length="1"
            not-null="true"
        </meta>    
    </property>

    <!-- associations -->

</class>
</hibernate-mapping>
