<?xml version="1.0"?>
<!DOCTYPE hibernate-mapping PUBLIC
    "-//Hibernate/Hibernate Mapping DTD 2.0//EN"
    "http://hibernate.sourceforge.net/hibernate-mapping-3.0.dtd" >
    
<hibernate-mapping>
<!-- 
    Created by the Middlegen Hibernate plugin

    http://boss.bekk.no/boss/middlegen/
    http://hibernate.sourceforge.net/
-->

<class 
    name="com.qwest.isys.prov.NetworkChannel" 
    table="NETWORK_CHANNEL"
>
    <meta attribute="class-description" inherit="false">
       @hibernate.class
        table="NETWORK_CHANNEL"
    </meta>

    <id
        name="networkChannelAi"
        type="java.lang.Long"
        column="NETWORK_CHANNEL_AI"
    >
        <meta attribute="field-description">
           @hibernate.id
            generator-class="assigned"
            type="java.lang.Long"
            column="NETWORK_CHANNEL_AI"

        </meta>
        <generator class="assigned" />
    </id>

    <property
        name="networkChannelCode"
        type="java.lang.String"
        column="NETWORK_CHANNEL_CODE"
        not-null="true"
        length="10"
    >
        <meta attribute="field-description">
           @hibernate.property
            column="NETWORK_CHANNEL_CODE"
            length="10"
            not-null="true"
        </meta>    
    </property>
    <property
        name="networkChannelDesc"
        type="java.lang.String"
        column="NETWORK_CHANNEL_DESC"
        not-null="true"
        length="60"
    >
        <meta attribute="field-description">
           @hibernate.property
            column="NETWORK_CHANNEL_DESC"
            length="60"
            not-null="true"
        </meta>    
    </property>
    <property
        name="inRegionFlag"
        type="java.lang.String"
        column="IN_REGION_FLAG"
        length="1"
    >
        <meta attribute="field-description">
           @hibernate.property
            column="IN_REGION_FLAG"
            length="1"
        </meta>    
    </property>
    <property
        name="isCurrentFlag"
        type="java.lang.String"
        column="IS_CURRENT_FLAG"
        not-null="true"
        length="1"
    >
        <meta attribute="field-description">
           @hibernate.property
            column="IS_CURRENT_FLAG"
            length="1"
            not-null="true"
        </meta>    
    </property>

    <!-- associations -->
    <!-- bi-directional many-to-one association to ServiceType -->
    <many-to-one
        name="serviceType"
        class="com.qwest.isys.prov.ServiceType"
        not-null="true"
    >
        <meta attribute="field-description">
           @hibernate.many-to-one
            not-null="true"
           @hibernate.column name="SERVICE_TYPE_CODE"         
        </meta>
        <column name="SERVICE_TYPE_CODE" />
    </many-to-one>

    <!-- bi-directional many-to-one association to Speed -->
    <many-to-one
        name="speed"
        class="com.qwest.isys.prov.Speed"
        not-null="true"
    >
        <meta attribute="field-description">
           @hibernate.many-to-one
            not-null="true"
           @hibernate.column name="SPEED_CODE"         
        </meta>
        <column name="SPEED_CODE" />
    </many-to-one>

</class>
</hibernate-mapping>
