<?xml version="1.0"?>
<!DOCTYPE hibernate-mapping PUBLIC
    "-//Hibernate/Hibernate Mapping DTD 2.0//EN"
    "http://hibernate.sourceforge.net/hibernate-mapping-3.0.dtd" >
    
<hibernate-mapping>
<!-- 
    Created by the Middlegen Hibernate plugin

    http://boss.bekk.no/boss/middlegen/
    http://hibernate.sourceforge.net/
-->

<class 
    name="com.qwest.isys.prov.NetworkHopLogEntry" 
    table="NETWORK_HOP_LOG_ENTRY"
>
    <meta attribute="class-description" inherit="false">
       @hibernate.class
        table="NETWORK_HOP_LOG_ENTRY"
    </meta>

    <id
        name="networkHopLogEntryAi"
        type="java.lang.Long"
        column="NETWORK_HOP_LOG_ENTRY_AI"
    >
        <meta attribute="field-description">
           @hibernate.id
            generator-class="assigned"
            type="java.lang.Long"
            column="NETWORK_HOP_LOG_ENTRY_AI"

        </meta>
        <generator class="assigned" />
    </id>

    <property
        name="networkHopLogTypeCode"
        type="java.lang.String"
        column="NETWORK_HOP_LOG_TYPE_CODE"
        not-null="true"
        unique="true"
        length="15"
    >
        <meta attribute="field-description">
           @hibernate.property
            column="NETWORK_HOP_LOG_TYPE_CODE"
            length="15"
            not-null="true"
        </meta>    
    </property>
    <property
        name="networkHopLogDateTime"
        type="java.sql.Timestamp"
        column="NETWORK_HOP_LOG_DATE_TIME"
        not-null="true"
        length="7"
    >
        <meta attribute="field-description">
           @hibernate.property
            column="NETWORK_HOP_LOG_DATE_TIME"
            length="7"
            not-null="true"
        </meta>    
    </property>
    <property
        name="networkHopLogText"
        type="java.lang.String"
        column="NETWORK_HOP_LOG_TEXT"
        not-null="true"
        length="2000"
    >
        <meta attribute="field-description">
           @hibernate.property
            column="NETWORK_HOP_LOG_TEXT"
            length="2000"
            not-null="true"
        </meta>    
    </property>
    <property
        name="userLogin"
        type="java.lang.String"
        column="USER_LOGIN"
        not-null="true"
        unique="true"
        length="30"
    >
        <meta attribute="field-description">
           @hibernate.property
            column="USER_LOGIN"
            length="30"
            not-null="true"
        </meta>    
    </property>

    <!-- associations -->
    <!-- bi-directional many-to-one association to NetworkHop -->
    <!--
    <many-to-one
        name="networkHop"
        class="com.qwest.isys.prov.NetworkHop"
        not-null="true"
    >
        <meta attribute="field-description">
           @hibernate.many-to-one
            not-null="true"
           @hibernate.column name="NETWORK_HOP_ID"         
        </meta>
        <column name="NETWORK_HOP_ID" />
    </many-to-one>
	-->
</class>
</hibernate-mapping>
