<?xml version="1.0"?>
<!DOCTYPE hibernate-mapping PUBLIC
    "-//Hibernate/Hibernate Mapping DTD 2.0//EN"
    "http://hibernate.sourceforge.net/hibernate-mapping-3.0.dtd" >
    
<hibernate-mapping>
<!-- 
    Created by the Middlegen Hibernate plugin

    http://boss.bekk.no/boss/middlegen/
    http://hibernate.sourceforge.net/
-->

<class 
    name="com.qwest.isys.prov.NetworkElementState" 
    table="NETWORK_ELEMENT_STATE"
>
    <meta attribute="class-description" inherit="false">
       @hibernate.class
        table="NETWORK_ELEMENT_STATE"
    </meta>

    <id
        name="networkElementStateCode"
        type="java.lang.String"
        column="NETWORK_ELEMENT_STATE_CODE"
    >
        <meta attribute="field-description">
           @hibernate.id
            generator-class="assigned"
            type="java.lang.String"
            column="NETWORK_ELEMENT_STATE_CODE"

        </meta>
        <generator class="assigned" />
    </id>

    <property
        name="networkElementStateDesc"
        type="java.lang.String"
        column="NETWORK_ELEMENT_STATE_DESC"
        not-null="true"
        length="20"
    >
        <meta attribute="field-description">
           @hibernate.property
            column="NETWORK_ELEMENT_STATE_DESC"
            length="20"
            not-null="true"
        </meta>    
    </property>
    <property
        name="propogateFlag"
        type="byte"
        column="PROPOGATE_FLAG"
        not-null="true"
        length="1"
    >
        <meta attribute="field-description">
           @hibernate.property
            column="PROPOGATE_FLAG"
            length="1"
            not-null="true"
        </meta>    
    </property>
</class>
</hibernate-mapping>
