<?xml version="1.0"?>
<!DOCTYPE hibernate-mapping PUBLIC
    "-//Hibernate/Hibernate Mapping DTD 2.0//EN"
    "http://hibernate.sourceforge.net/hibernate-mapping-3.0.dtd" >
    
<hibernate-mapping>
<!-- 
    Created by the Middlegen Hibernate plugin

    http://boss.bekk.no/boss/middlegen/
    http://hibernate.sourceforge.net/
-->

<class 
    name="com.qwest.isys.prov.Nms" 
    table="NMS"
>
    <meta attribute="class-description" inherit="false">
       @hibernate.class
        table="NMS"
    </meta>

    <id
        name="nmsAi"
        type="java.lang.Long"
        column="NMS_AI"
    >
        <meta attribute="field-description">
           @hibernate.id
            generator-class="assigned"
            type="java.lang.Long"
            column="NMS_AI"

        </meta>
        <generator class="assigned" />
    </id>

    <property
        name="nmsHostName"
        type="java.lang.String"
        column="NMS_HOST_NAME"
        not-null="true"
        length="60"
    >
        <meta attribute="field-description">
           @hibernate.property
            column="NMS_HOST_NAME"
            length="60"
            not-null="true"
        </meta>    
    </property>
    <property
        name="socketNumber"
        type="java.lang.String"
        column="SOCKET_NUMBER"
        length="16"
    >
        <meta attribute="field-description">
           @hibernate.property
            column="SOCKET_NUMBER"
            length="16"
        </meta>    
    </property>
    <property
        name="nmsDescription"
        type="java.lang.String"
        column="NMS_DESCRIPTION"
        length="80"
    >
        <meta attribute="field-description">
           @hibernate.property
            column="NMS_DESCRIPTION"
            length="80"
        </meta>    
    </property>
    <property
        name="accessList"
        type="java.lang.String"
        column="ACCESS_LIST"
        length="41"
    >
        <meta attribute="field-description">
           @hibernate.property
            column="ACCESS_LIST"
            length="41"
        </meta>    
    </property>

    <!-- associations -->
    <!-- bi-directional many-to-one association to Equipment -->
    <many-to-one
        name="equipment"
        class="com.qwest.isys.prov.Equipment"
        not-null="true"
    >
        <meta attribute="field-description">
           @hibernate.many-to-one
            not-null="true"
           @hibernate.column name="EQUIPMENT_AI"         
        </meta>
        <column name="EQUIPMENT_AI" />
    </many-to-one>
    <!-- bi-directional many-to-one association to NmsType -->
    <many-to-one
        name="nmsType"
        class="com.qwest.isys.prov.NmsType"
        not-null="true"
    >
        <meta attribute="field-description">
           @hibernate.many-to-one
            not-null="true"
           @hibernate.column name="NMS_TYPE_ID"         
        </meta>
        <column name="NMS_TYPE_ID" />
    </many-to-one>
    <!-- bi-directional one-to-many association to Equipment -->
    <set
        name="equipments"
        lazy="true"
        inverse="true"
    >
        <meta attribute="field-description">
           @hibernate.set
            lazy="true"
            inverse="true"

	       @hibernate.collection-key
	        column="NMS_AI"

           @hibernate.collection-one-to-many
            class="com.qwest.isys.prov.Equipment"
        </meta>
        <key>
            <column name="NMS_AI" />
        </key>
        <one-to-many 
            class="com.qwest.isys.prov.Equipment"
        />
    </set>
    <!-- bi-directional one-to-many association to DlciRange -->
    <set
        name="dlciRanges"
        lazy="true"
        inverse="true"
    >
        <meta attribute="field-description">
           @hibernate.set
            lazy="true"
            inverse="true"

	       @hibernate.collection-key
	        column="NMS_AI"

           @hibernate.collection-one-to-many
            class="com.qwest.isys.prov.DlciRange"
        </meta>
        <key>
            <column name="NMS_AI" />
        </key>
        <one-to-many 
            class="com.qwest.isys.prov.DlciRange"
        />
    </set>
    <!-- bi-directional one-to-many association to AtmVccRange -->
    <set
        name="atmVccRanges"
        lazy="true"
        inverse="true"
    >
        <meta attribute="field-description">
           @hibernate.set
            lazy="true"
            inverse="true"

	       @hibernate.collection-key
	        column="NMS_AI"

           @hibernate.collection-one-to-many
            class="com.qwest.isys.prov.AtmVccRange"
        </meta>
        <key>
            <column name="NMS_AI" />
        </key>
        <one-to-many 
            class="com.qwest.isys.prov.AtmVccRange"
        />
    </set>

</class>
</hibernate-mapping>
