<?xml version="1.0"?>
<!DOCTYPE hibernate-mapping PUBLIC
    "-//Hibernate/Hibernate Mapping DTD 2.0//EN"
    "http://hibernate.sourceforge.net/hibernate-mapping-3.0.dtd" >
    
<hibernate-mapping>
<!-- 
    Created by the Middlegen Hibernate plugin

    http://boss.bekk.no/boss/middlegen/
    http://hibernate.sourceforge.net/
-->

<class 
    name="com.qwest.isys.prov.NmsType" 
    table="NMS_TYPE"
>
    <meta attribute="class-description" inherit="false">
       @hibernate.class
        table="NMS_TYPE"
    </meta>

    <id
        name="nmsTypeId"
        type="java.lang.Long"
        column="NMS_TYPE_ID"
    >
        <meta attribute="field-description">
           @hibernate.id
            generator-class="assigned"
            type="java.lang.Long"
            column="NMS_TYPE_ID"

        </meta>
        <generator class="assigned" />
    </id>

    <property
        name="vendorClassName"
        type="java.lang.String"
        column="VENDOR_CLASS_NAME"
        not-null="true"
        length="25"
    >
        <meta attribute="field-description">
           @hibernate.property
            column="VENDOR_CLASS_NAME"
            length="25"
            not-null="true"
        </meta>    
    </property>
    <property
        name="isCurrent"
        type="java.lang.String"
        column="IS_CURRENT"
        not-null="true"
        length="1"
    >
        <meta attribute="field-description">
           @hibernate.property
            column="IS_CURRENT"
            length="1"
            not-null="true"
        </meta>    
    </property>
    <property
        name="canAutoTranslate"
        type="java.lang.String"
        column="CAN_AUTO_TRANSLATE"
        length="1"
    >
        <meta attribute="field-description">
           @hibernate.property
            column="CAN_AUTO_TRANSLATE"
            length="1"
        </meta>    
    </property>
</class>
</hibernate-mapping>
