<?xml version="1.0"?>
<!DOCTYPE hibernate-mapping PUBLIC
    "-//Hibernate/Hibernate Mapping DTD 2.0//EN"
    "http://hibernate.sourceforge.net/hibernate-mapping-3.0.dtd" >
    
<hibernate-mapping>
<!-- 
    Created by the Middlegen Hibernate plugin

    http://boss.bekk.no/boss/middlegen/
    http://hibernate.sourceforge.net/
-->

<class 
    name="com.qwest.isys.prov.NodalProcessorType" 
    table="NODAL_PROCESSOR_TYPE"
>
    <meta attribute="class-description" inherit="false">
       @hibernate.class
        table="NODAL_PROCESSOR_TYPE"
    </meta>

    <id
        name="nodalProcessorTypeCode"
        type="java.lang.String"
        column="NODAL_PROCESSOR_TYPE_CODE"
    >
        <meta attribute="field-description">
           @hibernate.id
            generator-class="assigned"
            type="java.lang.String"
            column="NODAL_PROCESSOR_TYPE_CODE"

        </meta>
        <generator class="assigned" />
    </id>

    <property
        name="nodalProcessorTypeDesc"
        type="java.lang.String"
        column="NODAL_PROCESSOR_TYPE_DESC"
        not-null="true"
        length="50"
    >
        <meta attribute="field-description">
           @hibernate.property
            column="NODAL_PROCESSOR_TYPE_DESC"
            length="50"
            not-null="true"
        </meta>    
    </property>
    <property
        name="isCurrent"
        type="java.lang.String"
        column="IS_CURRENT"
        not-null="true"
        length="1"
    >
        <meta attribute="field-description">
           @hibernate.property
            column="IS_CURRENT"
            length="1"
            not-null="true"
        </meta>    
    </property>
    <property
        name="networkRoleTypeSc"
        type="java.lang.String"
        column="NETWORK_ROLE_TYPE_SC"
        unique="true"
        length="15"
    >
        <meta attribute="field-description">
           @hibernate.property
            column="NETWORK_ROLE_TYPE_SC"
            length="15"
        </meta>    
    </property>
    <property
        name="vendor"
        type="java.lang.Long"
        column="VENDOR"
        unique="true"
        length="38"
    >
        <meta attribute="field-description">
           @hibernate.property
            column="VENDOR"
            length="38"
        </meta>    
    </property>
    <property
        name="model"
        type="java.lang.String"
        column="MODEL"
        length="50"
    >
        <meta attribute="field-description">
           @hibernate.property
            column="MODEL"
            length="50"
        </meta>    
    </property>
    <property
        name="isTrunkOnLport"
        type="java.lang.String"
        column="IS_TRUNK_ON_LPORT"
        not-null="true"
        length="1"
    >
        <meta attribute="field-description">
           @hibernate.property
            column="IS_TRUNK_ON_LPORT"
            length="1"
            not-null="true"
        </meta>    
    </property>

    <!-- associations -->
    <!-- bi-directional many-to-one association to ServiceType -->
    <many-to-one
        name="serviceType"
        class="com.qwest.isys.prov.ServiceType"
        not-null="true"
    >
        <meta attribute="field-description">
           @hibernate.many-to-one
            not-null="true"
           @hibernate.column name="SERVICE_TYPE_CODE"         
        </meta>
        <column name="SERVICE_TYPE_CODE" />
    </many-to-one>
    <!-- bi-directional one-to-many association to NodeConfigType -->
    <set
        name="nodeConfigTypes"
        lazy="true"
        inverse="true"
    >
        <meta attribute="field-description">
           @hibernate.set
            lazy="true"
            inverse="true"

	       @hibernate.collection-key
	        column="NODAL_PROCESSOR_TYPE_CODE"

           @hibernate.collection-one-to-many
            class="com.qwest.isys.prov.NodeConfigType"
        </meta>
        <key>
            <column name="NODAL_PROCESSOR_TYPE_CODE" />
        </key>
        <one-to-many 
            class="com.qwest.isys.prov.NodeConfigType"
        />
    </set>
    <!-- bi-directional one-to-many association to Equipment -->
    <set
        name="equipments"
        lazy="true"
        inverse="true"
    >
        <meta attribute="field-description">
           @hibernate.set
            lazy="true"
            inverse="true"

	       @hibernate.collection-key
	        column="NODAL_PROCESSOR_TYPE_CODE"

           @hibernate.collection-one-to-many
            class="com.qwest.isys.prov.Equipment"
        </meta>
        <key>
            <column name="NODAL_PROCESSOR_TYPE_CODE" />
        </key>
        <one-to-many 
            class="com.qwest.isys.prov.Equipment"
        />
    </set>

</class>
</hibernate-mapping>
