<?xml version="1.0"?>
<!DOCTYPE hibernate-mapping PUBLIC
    "-//Hibernate/Hibernate Mapping DTD 2.0//EN"
    "http://hibernate.sourceforge.net/hibernate-mapping-3.0.dtd" >
    
<hibernate-mapping>
<!-- 
    Created by the Middlegen Hibernate plugin

    http://boss.bekk.no/boss/middlegen/
    http://hibernate.sourceforge.net/
-->

<class 
    name="com.qwest.isys.prov.NodeConfigType" 
    table="NODE_CONFIG_TYPE"
>
    <meta attribute="class-description" inherit="false">
       @hibernate.class
        table="NODE_CONFIG_TYPE"
    </meta>

    <id
        name="nodeConfigTypeSc"
        type="java.lang.String"
        column="NODE_CONFIG_TYPE_SC"
    >
        <meta attribute="field-description">
           @hibernate.id
            generator-class="assigned"
            type="java.lang.String"
            column="NODE_CONFIG_TYPE_SC"

        </meta>
        <generator class="assigned" />
    </id>

    <property
        name="nodeConfigTypeDesc"
        type="java.lang.String"
        column="NODE_CONFIG_TYPE_DESC"
        not-null="true"
        length="30"
    >
        <meta attribute="field-description">
           @hibernate.property
            column="NODE_CONFIG_TYPE_DESC"
            length="30"
            not-null="true"
        </meta>    
    </property>
    <property
        name="isCurrent"
        type="java.lang.String"
        column="IS_CURRENT"
        not-null="true"
        length="1"
    >
        <meta attribute="field-description">
           @hibernate.property
            column="IS_CURRENT"
            length="1"
            not-null="true"
        </meta>    
    </property>

    <!-- associations -->
    <!-- bi-directional many-to-one association to NodalProcessorType -->
    <many-to-one
        name="nodalProcessorType"
        class="com.qwest.isys.prov.NodalProcessorType"
        not-null="true"
    >
        <meta attribute="field-description">
           @hibernate.many-to-one
            not-null="true"
           @hibernate.column name="NODAL_PROCESSOR_TYPE_CODE"         
        </meta>
        <column name="NODAL_PROCESSOR_TYPE_CODE" />
    </many-to-one>
    <!-- bi-directional one-to-many association to Equipment -->
    <set
        name="equipments"
        lazy="true"
        inverse="true"
    >
        <meta attribute="field-description">
           @hibernate.set
            lazy="true"
            inverse="true"

	       @hibernate.collection-key
	        column="NODE_CONFIG_TYPE_SC"

           @hibernate.collection-one-to-many
            class="com.qwest.isys.prov.Equipment"
        </meta>
        <key>
            <column name="NODE_CONFIG_TYPE_SC" />
        </key>
        <one-to-many 
            class="com.qwest.isys.prov.Equipment"
        />
    </set>

</class>
</hibernate-mapping>
