<?xml version="1.0"?>
<!DOCTYPE hibernate-mapping PUBLIC
    "-//Hibernate/Hibernate Mapping DTD 2.0//EN"
    "http://hibernate.sourceforge.net/hibernate-mapping-3.0.dtd" >
    
<hibernate-mapping>
<!-- 
    Created by the Middlegen Hibernate plugin

    http://boss.bekk.no/boss/middlegen/
    http://hibernate.sourceforge.net/
-->

<class 
    name="com.qwest.isys.prov.Person" 
    table="PERSON"
>
    <meta attribute="class-description" inherit="false">
       @hibernate.class
        table="PERSON"
    </meta>

    <id
        name="personId"
        type="java.lang.Long"
        column="PERSON_ID"
    >
        <meta attribute="field-description">
           @hibernate.id
            generator-class="assigned"
            type="java.lang.Long"
            column="PERSON_ID"

        </meta>
        <generator class="assigned" />
    </id>

    <property
        name="firstName"
        type="java.lang.String"
        column="FIRST_NAME"
        length="30"
    >
        <meta attribute="field-description">
           @hibernate.property
            column="FIRST_NAME"
            length="30"
        </meta>    
    </property>
    <property
        name="lastName"
        type="java.lang.String"
        column="LAST_NAME"
        unique="true"
        length="40"
    >
        <meta attribute="field-description">
           @hibernate.property
            column="LAST_NAME"
            length="40"
        </meta>    
    </property>
    <property
        name="ssn"
        type="java.lang.String"
        column="SSN"
        unique="true"
        length="20"
    >
        <meta attribute="field-description">
           @hibernate.property
            column="SSN"
            length="20"
        </meta>    
    </property>
    <property
        name="personInitials"
        type="java.lang.String"
        column="PERSON_INITIALS"
        length="5"
    >
        <meta attribute="field-description">
           @hibernate.property
            column="PERSON_INITIALS"
            length="5"
        </meta>    
    </property>
    <property
        name="signature"
        type="java.lang.Long"
        column="SIGNATURE"
        length="15"
    >
        <meta attribute="field-description">
           @hibernate.property
            column="SIGNATURE"
            length="15"
        </meta>    
    </property>
    <property
        name="personTitle"
        type="java.lang.String"
        column="PERSON_TITLE"
        length="30"
    >
        <meta attribute="field-description">
           @hibernate.property
            column="PERSON_TITLE"
            length="30"
        </meta>    
    </property>
    <property
        name="uswcCommonUserId"
        type="java.lang.String"
        column="USWC_COMMON_USER_ID"
        unique="true"
        length="8"
    >
        <meta attribute="field-description">
           @hibernate.property
            column="USWC_COMMON_USER_ID"
            length="8"
        </meta>    
    </property>
    <property
        name="modificationDate"
        type="java.sql.Timestamp"
        column="MODIFICATION_DATE"
        unique="true"
        length="7"
    >
        <meta attribute="field-description">
           @hibernate.property
            column="MODIFICATION_DATE"
            length="7"
        </meta>    
    </property>
    <property
        name="personCrUser"
        type="java.lang.String"
        column="PERSON_CR_USER"
        length="30"
    >
        <meta attribute="field-description">
           @hibernate.property
            column="PERSON_CR_USER"
            length="30"
        </meta>    
    </property>
    <property
        name="personGroupId"
        type="java.lang.Long"
        column="PERSON_GROUP_ID"
        unique="true"
        length="38"
    >
        <meta attribute="field-description">
           @hibernate.property
            column="PERSON_GROUP_ID"
            length="38"
        </meta>    
    </property>
    <property
        name="emailTypeCode"
        type="java.lang.String"
        column="EMAIL_TYPE_CODE"
        unique="true"
        length="32"
    >
        <meta attribute="field-description">
           @hibernate.property
            column="EMAIL_TYPE_CODE"
            length="32"
        </meta>    
    </property>
    <property
        name="environmentId"
        type="java.lang.String"
        column="ENVIRONMENT_ID"
        unique="true"
        length="1"
    >
        <meta attribute="field-description">
           @hibernate.property
            column="ENVIRONMENT_ID"
            length="1"
        </meta>    
    </property>
    <property
        name="personOrCompanyAi"
        type="java.lang.Long"
        column="PERSON_OR_COMPANY_AI"
        unique="true"
        length="38"
    >
        <meta attribute="field-description">
           @hibernate.property
            column="PERSON_OR_COMPANY_AI"
            length="38"
        </meta>    
    </property>
    <property
        name="companyId"
        type="java.lang.Long"
        column="COMPANY_ID"
        unique="true"
        length="38"
    >
        <meta attribute="field-description">
           @hibernate.property
            column="COMPANY_ID"
            length="38"
        </meta>    
    </property>
    <property
        name="emailAddress"
        type="java.lang.String"
        column="EMAIL_ADDRESS"
        length="50"
    >
        <meta attribute="field-description">
           @hibernate.property
            column="EMAIL_ADDRESS"
            length="50"
        </meta>    
    </property>
    <property
        name="personCrDate"
        type="java.sql.Timestamp"
        column="PERSON_CR_DATE"
        length="7"
    >
        <meta attribute="field-description">
           @hibernate.property
            column="PERSON_CR_DATE"
            length="7"
        </meta>    
    </property>
    <property
        name="agentTypeCode"
        type="java.lang.String"
        column="AGENT_TYPE_CODE"
        unique="true"
        length="30"
    >
        <meta attribute="field-description">
           @hibernate.property
            column="AGENT_TYPE_CODE"
            length="30"
        </meta>    
    </property>
    <property
        name="defaultSalesTeamId"
        type="java.lang.Long"
        column="DEFAULT_SALES_TEAM_ID"
        unique="true"
        length="38"
    >
        <meta attribute="field-description">
           @hibernate.property
            column="DEFAULT_SALES_TEAM_ID"
            length="38"
        </meta>    
    </property>
    <property
        name="p1PhoneNumberText"
        type="java.lang.String"
        column="P1_PHONE_NUMBER_TEXT"
        length="30"
    >
        <meta attribute="field-description">
           @hibernate.property
            column="P1_PHONE_NUMBER_TEXT"
            length="30"
        </meta>    
    </property>
    <property
        name="p1PinNumber"
        type="java.lang.String"
        column="P1_PIN_NUMBER"
        length="20"
    >
        <meta attribute="field-description">
           @hibernate.property
            column="P1_PIN_NUMBER"
            length="20"
        </meta>    
    </property>
    <property
        name="p2PhoneNumberText"
        type="java.lang.String"
        column="P2_PHONE_NUMBER_TEXT"
        length="30"
    >
        <meta attribute="field-description">
           @hibernate.property
            column="P2_PHONE_NUMBER_TEXT"
            length="30"
        </meta>    
    </property>
    <property
        name="p2PinNumber"
        type="java.lang.String"
        column="P2_PIN_NUMBER"
        length="20"
    >
        <meta attribute="field-description">
           @hibernate.property
            column="P2_PIN_NUMBER"
            length="20"
        </meta>    
    </property>
    <property
        name="p3PhoneNumberText"
        type="java.lang.String"
        column="P3_PHONE_NUMBER_TEXT"
        length="30"
    >
        <meta attribute="field-description">
           @hibernate.property
            column="P3_PHONE_NUMBER_TEXT"
            length="30"
        </meta>    
    </property>
    <property
        name="p3PinNumber"
        type="java.lang.String"
        column="P3_PIN_NUMBER"
        length="20"
    >
        <meta attribute="field-description">
           @hibernate.property
            column="P3_PIN_NUMBER"
            length="20"
        </meta>    
    </property>
    <property
        name="p4PhoneNumberText"
        type="java.lang.String"
        column="P4_PHONE_NUMBER_TEXT"
        length="30"
    >
        <meta attribute="field-description">
           @hibernate.property
            column="P4_PHONE_NUMBER_TEXT"
            length="30"
        </meta>    
    </property>
    <property
        name="p4PinNumber"
        type="java.lang.String"
        column="P4_PIN_NUMBER"
        length="20"
    >
        <meta attribute="field-description">
           @hibernate.property
            column="P4_PIN_NUMBER"
            length="20"
        </meta>    
    </property>
    <property
        name="p5PhoneNumberText"
        type="java.lang.String"
        column="P5_PHONE_NUMBER_TEXT"
        length="30"
    >
        <meta attribute="field-description">
           @hibernate.property
            column="P5_PHONE_NUMBER_TEXT"
            length="30"
        </meta>    
    </property>
    <property
        name="p5PinNumber"
        type="java.lang.String"
        column="P5_PIN_NUMBER"
        length="20"
    >
        <meta attribute="field-description">
           @hibernate.property
            column="P5_PIN_NUMBER"
            length="20"
        </meta>    
    </property>
    <property
        name="p1PhoneTypeText"
        type="java.lang.String"
        column="P1_PHONE_TYPE_TEXT"
        unique="true"
        length="20"
    >
        <meta attribute="field-description">
           @hibernate.property
            column="P1_PHONE_TYPE_TEXT"
            length="20"
        </meta>    
    </property>
    <property
        name="p2PhoneTypeText"
        type="java.lang.String"
        column="P2_PHONE_TYPE_TEXT"
        unique="true"
        length="20"
    >
        <meta attribute="field-description">
           @hibernate.property
            column="P2_PHONE_TYPE_TEXT"
            length="20"
        </meta>    
    </property>
    <property
        name="p3PhoneTypeText"
        type="java.lang.String"
        column="P3_PHONE_TYPE_TEXT"
        unique="true"
        length="20"
    >
        <meta attribute="field-description">
           @hibernate.property
            column="P3_PHONE_TYPE_TEXT"
            length="20"
        </meta>    
    </property>
    <property
        name="p4PhoneTypeText"
        type="java.lang.String"
        column="P4_PHONE_TYPE_TEXT"
        unique="true"
        length="20"
    >
        <meta attribute="field-description">
           @hibernate.property
            column="P4_PHONE_TYPE_TEXT"
            length="20"
        </meta>    
    </property>
    <property
        name="p5PhoneTypeText"
        type="java.lang.String"
        column="P5_PHONE_TYPE_TEXT"
        unique="true"
        length="20"
    >
        <meta attribute="field-description">
           @hibernate.property
            column="P5_PHONE_TYPE_TEXT"
            length="20"
        </meta>    
    </property>

    <!-- associations -->
    <!-- bi-directional one-to-many association to DatabaseUser -->
    <set
        name="databaseUsersByApproverPersonId"
        lazy="true"
        inverse="true"
    >
        <meta attribute="field-description">
           @hibernate.set
            lazy="true"
            inverse="true"

	       @hibernate.collection-key
	        column="APPROVER_PERSON_ID"

           @hibernate.collection-one-to-many
            class="com.qwest.isys.prov.DatabaseUser"
        </meta>
        <key>
            <column name="APPROVER_PERSON_ID" />
        </key>
        <one-to-many 
            class="com.qwest.isys.prov.DatabaseUser"
        />
    </set>
    <!-- bi-directional one-to-many association to DatabaseUser -->
    <!--
    <set
        name="databaseUsersByPersonId"
        lazy="true"
        inverse="true"
    >
        <meta attribute="field-description">
           @hibernate.set
            lazy="true"
            inverse="true"

	       @hibernate.collection-key
	        column="PERSON_ID"

           @hibernate.collection-one-to-many
            class="com.qwest.isys.prov.DatabaseUser"
        </meta>
        <key>
            <column name="PERSON_ID" />
        </key>
        <one-to-many 
            class="com.qwest.isys.prov.DatabaseUser"
        />
    </set>
    -->
    <!-- bi-directional many-to-one association to DatabaseUser -->
    <many-to-one
        name="databaseUser"
        class="com.qwest.isys.prov.DatabaseUser"
        not-null="true"
    >
        <meta attribute="field-description">
           @hibernate.many-to-one
            not-null="true"
           @hibernate.column name="USER_LOGIN"         
        </meta>
        <column name="USER_LOGIN" />
    </many-to-one>

</class>
</hibernate-mapping>
