<?xml version="1.0"?>
<!DOCTYPE hibernate-mapping PUBLIC
    "-//Hibernate/Hibernate Mapping DTD 2.0//EN"
    "http://hibernate.sourceforge.net/hibernate-mapping-3.0.dtd" >
    
<hibernate-mapping>
<!-- 
    Created by the Middlegen Hibernate plugin

    http://boss.bekk.no/boss/middlegen/
    http://hibernate.sourceforge.net/
-->

<class 
    name="com.qwest.isys.prov.PortClfAssoc" 
    table="PORT_CLF_ASSOC"
>
    <meta attribute="class-description" inherit="false">
       @hibernate.class
        table="PORT_CLF_ASSOC"
    </meta>

    <composite-id name="comp_id" class="com.qwest.isys.prov.PortClfAssocPK">
        <meta attribute="class-description" inherit="false">
           @hibernate.id
            generator-class="assigned"
        </meta>
        <key-property 
            name="absoluteChannelNumber" 
            column="ABSOLUTE_CHANNEL_NUMBER" 
            type="java.lang.Long"
        >
            <meta attribute="field-description">
               @hibernate.property
                column="ABSOLUTE_CHANNEL_NUMBER"
                length="0"
            </meta> 
        </key-property>
        <!-- bi-directional many-to-one association to Port -->
        <key-many-to-one
        	name="port"
	        class="com.qwest.isys.prov.Port"
	    >
            <meta attribute="field-description">
               @hibernate.many-to-one
                column="PORT_AI""
            </meta>
    	    <column name="PORT_AI" />
	    </key-many-to-one>
    </composite-id>    

    <property
        name="clfId"
        type="java.lang.String"
        column="CLF_ID"
        length="64"
    >
        <meta attribute="field-description">
           @hibernate.property
            column="CLF_ID"
            length="64"
        </meta>    
    </property>

    <!-- associations -->

</class>
</hibernate-mapping>
