<?xml version="1.0"?>
<!DOCTYPE hibernate-mapping PUBLIC
    "-//Hibernate/Hibernate Mapping DTD 2.0//EN"
    "http://hibernate.sourceforge.net/hibernate-mapping-3.0.dtd" >
    
<hibernate-mapping>
<!-- 
    Created by the Middlegen Hibernate plugin

    http://boss.bekk.no/boss/middlegen/
    http://hibernate.sourceforge.net/
-->

<class 
    name="com.qwest.isys.prov.PortLogEntry" 
    table="PORT_LOG_ENTRY"
    schema="ACS"
>
    <meta attribute="class-description" inherit="false">
       @hibernate.class
        table="PORT_LOG_ENTRY"
        schema="ACS"
    </meta>
    <meta attribute="extends" inherit="false">HbmPersister</meta>
    <meta attribute="implements" inherit="false">org.hibernate.Lifecycle</meta>
    <meta attribute="implements" inherit="false">org.hibernate.Validatable</meta>

    <id
        name="portLogEntryAi"
        type="java.lang.Long"
        column="PORT_LOG_ENTRY_AI"
    >
        <meta attribute="field-description">
           @hibernate.id
            generator-class="sequence"
            type="java.lang.Long"
            column="PORT_LOG_ENTRY_AI"

           @hibernate.generator-param
	        name="sequence"
	        value="S_PORT_LOG_ENTRY_AI"
        </meta>
        <generator class="sequence">
            <param name="sequence">S_PORT_LOG_ENTRY_AI</param>
        </generator>
    </id>

    <property
        name="portLogTypeCode"
        type="java.lang.String"
        column="PORT_LOG_TYPE_CODE"
        not-null="true"
        unique="true"
        length="15"
    >
        <meta attribute="field-description">
           @hibernate.property
            column="PORT_LOG_TYPE_CODE"
            length="15"
            not-null="true"
        </meta>    
    </property>
    <property
        name="portLogDateTime"
        type="java.sql.Timestamp"
        column="PORT_LOG_DATE_TIME"
        not-null="true"
        length="7"
    >
        <meta attribute="field-description">
           @hibernate.property
            column="PORT_LOG_DATE_TIME"
            length="7"
            not-null="true"
        </meta>    
    </property>
    <property
        name="portLogText"
        type="java.lang.String"
        column="PORT_LOG_TEXT"
        not-null="true"
        length="2000"
    >
        <meta attribute="field-description">
           @hibernate.property
            column="PORT_LOG_TEXT"
            length="2000"
            not-null="true"
        </meta>    
    </property>
    <property
        name="userLogin"
        type="java.lang.String"
        column="USER_LOGIN"
        not-null="true"
        unique="true"
        length="30"
    >
        <meta attribute="field-description">
           @hibernate.property
            column="USER_LOGIN"
            length="30"
            not-null="true"
        </meta>    
    </property>

    <!-- associations -->
    <!-- bi-directional many-to-one association to Port -->
    <many-to-one
        name="port"
        class="com.qwest.isys.prov.Port"
        not-null="true"
    >
        <meta attribute="field-description">
           @hibernate.many-to-one
            not-null="true"
           @hibernate.column name="PORT_AI"         
        </meta>
        <column name="PORT_AI" />
    </many-to-one>

</class>
</hibernate-mapping>
