<?xml version="1.0"?>
<!DOCTYPE hibernate-mapping PUBLIC
    "-//Hibernate/Hibernate Mapping DTD 2.0//EN"
    "http://hibernate.sourceforge.net/hibernate-mapping-3.0.dtd" >
    
<hibernate-mapping>
<!-- 
    Created by the Middlegen Hibernate plugin

    http://boss.bekk.no/boss/middlegen/
    http://hibernate.sourceforge.net/
-->

<class 
    name="com.qwest.isys.prov.Reservation" 
    table="RESERVATION"
>
    <meta attribute="class-description" inherit="false">
       @hibernate.class
        table="RESERVATION"
    </meta>

    <id
        name="reservationAi"
        type="java.lang.Long"
        column="RESERVATION_AI"
    >
        <meta attribute="field-description">
           @hibernate.id
            generator-class="assigned"
            type="java.lang.Long"
            column="RESERVATION_AI"

        </meta>
        <generator class="assigned" />
    </id>

    <property
        name="reservedDatetime"
        type="java.sql.Timestamp"
        column="RESERVED_DATETIME"
        length="7"
    >
        <meta attribute="field-description">
           @hibernate.property
            column="RESERVED_DATETIME"
            length="7"
        </meta>    
    </property>
    <property
        name="reservedReason"
        type="java.lang.String"
        column="RESERVED_REASON"
        length="255"
    >
        <meta attribute="field-description">
           @hibernate.property
            column="RESERVED_REASON"
            length="255"
        </meta>    
    </property>
    <property
        name="reservingUserLogin"
        type="java.lang.String"
        column="RESERVING_USER_LOGIN"
        unique="true"
        length="30"
    >
        <meta attribute="field-description">
           @hibernate.property
            column="RESERVING_USER_LOGIN"
            length="30"
        </meta>    
    </property>
    <property
        name="reservationTypeSc"
        type="java.lang.String"
        column="RESERVATION_TYPE_SC"
        unique="true"
        length="15"
    >
        <meta attribute="field-description">
           @hibernate.property
            column="RESERVATION_TYPE_SC"
            length="15"
        </meta>    
    </property>

    <!-- associations -->
    <!-- bi-directional one-to-many association to Equipment -->
    <!--
    <set
        name="equipments"
        lazy="true"
        inverse="true"
    >
        <meta attribute="field-description">
           @hibernate.set
            lazy="true"
            inverse="true"

	       @hibernate.collection-key
	        column="RESERVATION_AI"

           @hibernate.collection-one-to-many
            class="com.qwest.isys.prov.Equipment"
        </meta>
        <key>
            <column name="RESERVATION_AI" />
        </key>
        <one-to-many 
            class="com.qwest.isys.prov.Equipment"
        />
    </set>
    -->
    <!-- bi-directional one-to-many association to Port -->
    <!--
    <set
        name="ports"
        lazy="true"
        inverse="true"
    >
        <meta attribute="field-description">
           @hibernate.set
            lazy="true"
            inverse="true"

	       @hibernate.collection-key
	        column="RESERVATION_AI"

           @hibernate.collection-one-to-many
            class="com.qwest.isys.prov.Port"
        </meta>
        <key>
            <column name="RESERVATION_AI" />
        </key>
        <one-to-many 
            class="com.qwest.isys.prov.Port"
        />
    </set>
	-->
</class>
</hibernate-mapping>
