<?xml version="1.0"?>
<!DOCTYPE hibernate-mapping PUBLIC
    "-//Hibernate/Hibernate Mapping DTD 2.0//EN"
    "http://hibernate.sourceforge.net/hibernate-mapping-3.0.dtd" >
    
<hibernate-mapping>
<!-- 
    Created by the Middlegen Hibernate plugin

    http://boss.bekk.no/boss/middlegen/
    http://hibernate.sourceforge.net/
-->

<class 
    name="com.qwest.isys.prov.RoutingProtocolType" 
    table="ROUTING_PROTOCOL_TYPE"
>
    <meta attribute="class-description" inherit="false">
       @hibernate.class
        table="ROUTING_PROTOCOL_TYPE"
    </meta>

    <id
        name="routingProtocolTypeSc"
        type="java.lang.String"
        column="ROUTING_PROTOCOL_TYPE_SC"
    >
        <meta attribute="field-description">
           @hibernate.id
            generator-class="assigned"
            type="java.lang.String"
            column="ROUTING_PROTOCOL_TYPE_SC"

        </meta>
        <generator class="assigned" />
    </id>

    <property
        name="routingProtocolTypeDesc"
        type="java.lang.String"
        column="ROUTING_PROTOCOL_TYPE_DESC"
        not-null="true"
        length="25"
    >
        <meta attribute="field-description">
           @hibernate.property
            column="ROUTING_PROTOCOL_TYPE_DESC"
            length="25"
            not-null="true"
        </meta>    
    </property>
    <property
        name="isCurrent"
        type="java.lang.String"
        column="IS_CURRENT"
        not-null="true"
        length="1"
    >
        <meta attribute="field-description">
           @hibernate.property
            column="IS_CURRENT"
            length="1"
            not-null="true"
        </meta>    
    </property>

    <!-- associations -->
    <!-- bi-directional one-to-many association to EquipmentRoutingProtocol -->
    <set
        name="equipmentRoutingProtocols"
        lazy="true"
        inverse="true"
    >
        <meta attribute="field-description">
           @hibernate.set
            lazy="true"
            inverse="true"

	       @hibernate.collection-key
	        column="ROUTING_PROTOCOL_TYPE_SC"

           @hibernate.collection-one-to-many
            class="com.qwest.isys.prov.EquipmentRoutingProtocol"
        </meta>
        <key>
            <column name="ROUTING_PROTOCOL_TYPE_SC" />
        </key>
        <one-to-many 
            class="com.qwest.isys.prov.EquipmentRoutingProtocol"
        />
    </set>
    <!-- bi-directional many-to-many association to Equipment -->
    <set
        name="equipments"
        lazy="true"
        table="EQUIPMENT_ROUTING_PROTOCOL"
    >
        <meta attribute="field-description">
           @hibernate.set
            lazy="true"
            table="EQUIPMENT_ROUTING_PROTOCOL"

	       @hibernate.collection-key
	        column="ROUTING_PROTOCOL_TYPE_SC"

           @hibernate.collection-many-to-many
            class="com.qwest.isys.prov.Equipment"
            column="EQUIPMENT_AI"
        </meta>
        <key>
            <column name="ROUTING_PROTOCOL_TYPE_SC" />
        </key>
        <many-to-many
            class="com.qwest.isys.prov.Equipment"
        >
            <column name="EQUIPMENT_AI" />
        </many-to-many>
    </set>

</class>
</hibernate-mapping>
