<?xml version="1.0"?>
<!DOCTYPE hibernate-mapping PUBLIC
    "-//Hibernate/Hibernate Mapping DTD 2.0//EN"
    "http://hibernate.sourceforge.net/hibernate-mapping-3.0.dtd" >
    
<hibernate-mapping>
<!-- 
    Created by the Middlegen Hibernate plugin

    http://boss.bekk.no/boss/middlegen/
    http://hibernate.sourceforge.net/
-->

<class 
    name="com.qwest.isys.prov.ServiceOrder" 
    table="SERVICE_ORDER"
>
    <meta attribute="class-description" inherit="false">
       @hibernate.class
        table="SERVICE_ORDER"
    </meta>

    <id
        name="serviceOrderAi"
        type="java.lang.Long"
        column="SERVICE_ORDER_AI"
    >
        <meta attribute="field-description">
           @hibernate.id
            generator-class="assigned"
            type="java.lang.Long"
            column="SERVICE_ORDER_AI"

        </meta>
        <generator class="assigned" />
    </id>

    <property
        name="serviceOrderId"
        type="java.lang.String"
        column="SERVICE_ORDER_ID"
        unique="true"
        length="15"
    >
        <meta attribute="field-description">
           @hibernate.property
            column="SERVICE_ORDER_ID"
            length="15"
        </meta>    
    </property>
    <property
        name="userLogin"
        type="java.lang.String"
        column="USER_LOGIN"
        unique="true"
        length="30"
    >
        <meta attribute="field-description">
           @hibernate.property
            column="USER_LOGIN"
            length="30"
        </meta>    
    </property>
    <property
        name="subscriberName1"
        type="java.lang.String"
        column="SUBSCRIBER_NAME_1"
        unique="true"
        length="100"
    >
        <meta attribute="field-description">
           @hibernate.property
            column="SUBSCRIBER_NAME_1"
            length="100"
        </meta>    
    </property>
    <property
        name="subscriberName2"
        type="java.lang.String"
        column="SUBSCRIBER_NAME_2"
        length="100"
    >
        <meta attribute="field-description">
           @hibernate.property
            column="SUBSCRIBER_NAME_2"
            length="100"
        </meta>    
    </property>
    <property
        name="subscriberAddress1"
        type="java.lang.String"
        column="SUBSCRIBER_ADDRESS_1"
        length="100"
    >
        <meta attribute="field-description">
           @hibernate.property
            column="SUBSCRIBER_ADDRESS_1"
            length="100"
        </meta>    
    </property>
    <property
        name="subscriberAddress2"
        type="java.lang.String"
        column="SUBSCRIBER_ADDRESS_2"
        length="100"
    >
        <meta attribute="field-description">
           @hibernate.property
            column="SUBSCRIBER_ADDRESS_2"
            length="100"
        </meta>    
    </property>
    <property
        name="currentSupplementLevel"
        type="java.lang.String"
        column="CURRENT_SUPPLEMENT_LEVEL"
        length="3"
    >
        <meta attribute="field-description">
           @hibernate.property
            column="CURRENT_SUPPLEMENT_LEVEL"
            length="3"
        </meta>    
    </property>
    <property
        name="subscriberAddress3"
        type="java.lang.String"
        column="SUBSCRIBER_ADDRESS_3"
        length="100"
    >
        <meta attribute="field-description">
           @hibernate.property
            column="SUBSCRIBER_ADDRESS_3"
            length="100"
        </meta>    
    </property>
    <property
        name="processStatusTypeCode"
        type="java.lang.String"
        column="PROCESS_STATUS_TYPE_CODE"
        unique="true"
        length="15"
    >
        <meta attribute="field-description">
           @hibernate.property
            column="PROCESS_STATUS_TYPE_CODE"
            length="15"
        </meta>    
    </property>
    <property
        name="automationStatusTypeCode"
        type="java.lang.String"
        column="AUTOMATION_STATUS_TYPE_CODE"
        unique="true"
        length="15"
    >
        <meta attribute="field-description">
           @hibernate.property
            column="AUTOMATION_STATUS_TYPE_CODE"
            length="15"
        </meta>    
    </property>
    <property
        name="subscriberCanBeReached"
        type="java.lang.String"
        column="SUBSCRIBER_CAN_BE_REACHED"
        length="50"
    >
        <meta attribute="field-description">
           @hibernate.property
            column="SUBSCRIBER_CAN_BE_REACHED"
            length="50"
        </meta>    
    </property>
    <property
        name="qcpeShippedDate"
        type="java.sql.Timestamp"
        column="Q_CPE_SHIPPED_DATE"
        length="7"
    >
        <meta attribute="field-description">
           @hibernate.property
            column="Q_CPE_SHIPPED_DATE"
            length="7"
        </meta>    
    </property>
    <property
        name="qshipRequestDate"
        type="java.sql.Timestamp"
        column="Q_SHIP_REQUEST_DATE"
        length="7"
    >
        <meta attribute="field-description">
           @hibernate.property
            column="Q_SHIP_REQUEST_DATE"
            length="7"
        </meta>    
    </property>
    <property
        name="srActionTypeSc"
        type="java.lang.String"
        column="SR_ACTION_TYPE_SC"
        unique="true"
        length="15"
    >
        <meta attribute="field-description">
           @hibernate.property
            column="SR_ACTION_TYPE_SC"
            length="15"
        </meta>    
    </property>
    <property
        name="requestHasMultipleServices"
        type="java.lang.String"
        column="REQUEST_HAS_MULTIPLE_SERVICES"
        length="1"
    >
        <meta attribute="field-description">
           @hibernate.property
            column="REQUEST_HAS_MULTIPLE_SERVICES"
            length="1"
        </meta>    
    </property>
    <property
        name="sourceOfRequestTypeSc"
        type="java.lang.String"
        column="SOURCE_OF_REQUEST_TYPE_SC"
        unique="true"
        length="80"
    >
        <meta attribute="field-description">
           @hibernate.property
            column="SOURCE_OF_REQUEST_TYPE_SC"
            length="80"
        </meta>    
    </property>
    <property
        name="issueDate"
        type="java.sql.Timestamp"
        column="ISSUE_DATE"
        unique="true"
        length="7"
    >
        <meta attribute="field-description">
           @hibernate.property
            column="ISSUE_DATE"
            length="7"
        </meta>    
    </property>
    <property
        name="isArchiveable"
        type="java.lang.String"
        column="IS_ARCHIVEABLE"
        length="1"
    >
        <meta attribute="field-description">
           @hibernate.property
            column="IS_ARCHIVEABLE"
            length="1"
        </meta>    
    </property>
    <property
        name="dueDate"
        type="java.sql.Timestamp"
        column="DUE_DATE"
        length="7"
    >
        <meta attribute="field-description">
           @hibernate.property
            column="DUE_DATE"
            length="7"
        </meta>    
    </property>
    <property
        name="serviceRequestId"
        type="java.lang.String"
        column="SERVICE_REQUEST_ID"
        unique="true"
        length="20"
    >
        <meta attribute="field-description">
           @hibernate.property
            column="SERVICE_REQUEST_ID"
            length="20"
        </meta>    
    </property>
    <property
        name="requiresExternalInterface"
        type="java.lang.String"
        column="REQUIRES_EXTERNAL_INTERFACE"
        length="1"
    >
        <meta attribute="field-description">
           @hibernate.property
            column="REQUIRES_EXTERNAL_INTERFACE"
            length="1"
        </meta>    
    </property>
    <property
        name="coreEngineeringId"
        type="java.lang.Integer"
        column="CORE_ENGINEERING_ID"
        length="8"
    >
        <meta attribute="field-description">
           @hibernate.property
            column="CORE_ENGINEERING_ID"
            length="8"
        </meta>    
    </property>
    <property
        name="responsibility"
        type="java.lang.String"
        column="RESPONSIBILITY"
        length="16"
    >
        <meta attribute="field-description">
           @hibernate.property
            column="RESPONSIBILITY"
            length="16"
        </meta>    
    </property>

    <!-- associations -->
    <!-- bi-directional many-to-one association to Service -->
    <many-to-one
        name="service"
        class="com.qwest.isys.prov.Service"
        not-null="true"
    >
        <meta attribute="field-description">
           @hibernate.many-to-one
            not-null="true"
           @hibernate.column name="SERVICE_AI"         
        </meta>
        <column name="SERVICE_AI" />
    </many-to-one>
    <!-- bi-directional many-to-one association to AdminStatusType -->
    <many-to-one
        name="adminStatusType"
        class="com.qwest.isys.prov.AdminStatusType"
        not-null="true"
    >
        <meta attribute="field-description">
           @hibernate.many-to-one
            not-null="true"
           @hibernate.column name="ADMIN_STATUS_TYPE_CODE"         
        </meta>
        <column name="ADMIN_STATUS_TYPE_CODE" />
    </many-to-one>
    <!-- bi-directional many-to-one association to ComponentDefinition -->
    <many-to-one
        name="componentDefinition"
        class="com.qwest.isys.prov.ComponentDefinition"
        not-null="true"
    >
        <meta attribute="field-description">
           @hibernate.many-to-one
            not-null="true"
           @hibernate.column name="COMPONENT_DEFINITION_AI"         
        </meta>
        <column name="COMPONENT_DEFINITION_AI" />
    </many-to-one>     
</class>
</hibernate-mapping>
