<?xml version="1.0"?>
<!DOCTYPE hibernate-mapping PUBLIC
    "-//Hibernate/Hibernate Mapping DTD 2.0//EN"
    "http://hibernate.sourceforge.net/hibernate-mapping-3.0.dtd" >
    
<hibernate-mapping>
<!-- 
    Created by the Middlegen Hibernate plugin

    http://boss.bekk.no/boss/middlegen/
    http://hibernate.sourceforge.net/
-->

<class 
    name="com.qwest.isys.prov.ServiceCategoryType" 
    table="SERVICE_CATEGORY_TYPE"
>
    <meta attribute="class-description" inherit="false">
       @hibernate.class
        table="SERVICE_CATEGORY_TYPE"
    </meta>

    <id
        name="serviceCategoryTypeSc"
        type="java.lang.String"
        column="SERVICE_CATEGORY_TYPE_SC"
    >
        <meta attribute="field-description">
           @hibernate.id
            generator-class="assigned"
            type="java.lang.String"
            column="SERVICE_CATEGORY_TYPE_SC"

        </meta>
        <generator class="assigned" />
    </id>

    <property
        name="serviceCategoryTypeDesc"
        type="java.lang.String"
        column="SERVICE_CATEGORY_TYPE_DESC"
        not-null="true"
        length="30"
    >
        <meta attribute="field-description">
           @hibernate.property
            column="SERVICE_CATEGORY_TYPE_DESC"
            length="30"
            not-null="true"
        </meta>    
    </property>
    <property
        name="isCurrent"
        type="java.lang.String"
        column="IS_CURRENT"
        not-null="true"
        length="1"
    >
        <meta attribute="field-description">
           @hibernate.property
            column="IS_CURRENT"
            length="1"
            not-null="true"
        </meta>    
    </property>
    <!--
    <property
        name="cdNumber"
        type="java.lang.Double"
        column="CD_NUMBER"
    >
        <meta attribute="field-description">
           @hibernate.property
            column="CD_NUMBER"
        </meta>    
    </property>
-->
    <!-- associations -->
    <!-- bi-directional many-to-one association to ComponentDefinition -->
    <many-to-one
        name="componentDefinition"
        class="com.qwest.isys.prov.ComponentDefinition"
        not-null="true"
    >
        <meta attribute="field-description">
           @hibernate.many-to-one
            not-null="true"
           @hibernate.column name="COMPONENT_DEFINITION_AI"         
        </meta>
        <column name="CD_NUMBER" />
    </many-to-one>
    <!-- bi-directional one-to-many association to Service -->
    <!--
    <set
        name="services"
        lazy="true"
        inverse="true"
    >
        <meta attribute="field-description">
           @hibernate.set
            lazy="true"
            inverse="true"

	       @hibernate.collection-key
	        column="SERVICE_CATEGORY_TYPE_SC"

           @hibernate.collection-one-to-many
            class="com.qwest.isys.prov.Service"
        </meta>
        <key>
            <column name="SERVICE_CATEGORY_TYPE_SC" />
        </key>
        <one-to-many 
            class="com.qwest.isys.prov.Service"
        />
    </set>
    -->

</class>
</hibernate-mapping>
