<?xml version="1.0"?>
<!DOCTYPE hibernate-mapping PUBLIC
    "-//Hibernate/Hibernate Mapping DTD 2.0//EN"
    "http://hibernate.sourceforge.net/hibernate-mapping-3.0.dtd" >
    
<hibernate-mapping>
<!-- 
    Created by the Middlegen Hibernate plugin

    http://boss.bekk.no/boss/middlegen/
    http://hibernate.sourceforge.net/
-->

<class 
    name="com.qwest.isys.prov.ServiceManagementCenter" 
    table="SERVICE_MANAGEMENT_CENTER"
>
    <meta attribute="class-description" inherit="false">
       @hibernate.class
        table="SERVICE_MANAGEMENT_CENTER"
    </meta>

    <id
        name="smCenterCode"
        type="java.lang.String"
        column="SM_CENTER_CODE"
    >
        <meta attribute="field-description">
           @hibernate.id
            generator-class="assigned"
            type="java.lang.String"
            column="SM_CENTER_CODE"

        </meta>
        <generator class="assigned" />
    </id>

    <property
        name="smCenterDesc"
        type="java.lang.String"
        column="SM_CENTER_DESC"
        not-null="true"
        length="40"
    >
        <meta attribute="field-description">
           @hibernate.property
            column="SM_CENTER_DESC"
            length="40"
            not-null="true"
        </meta>    
    </property>
    <property
        name="smcDeletedFlag"
        type="byte"
        column="SMC_DELETED_FLAG"
        not-null="true"
        length="1"
    >
        <meta attribute="field-description">
           @hibernate.property
            column="SMC_DELETED_FLAG"
            length="1"
            not-null="true"
        </meta>    
    </property>
    <property
        name="workgroupId"
        type="long"
        column="WORKGROUP_ID"
        not-null="true"
        unique="true"
        length="38"
    >
        <meta attribute="field-description">
           @hibernate.property
            column="WORKGROUP_ID"
            length="38"
            not-null="true"
        </meta>    
    </property>
    <property
        name="smcDisplayOrder"
        type="short"
        column="SMC_DISPLAY_ORDER"
        not-null="true"
        length="3"
    >
        <meta attribute="field-description">
           @hibernate.property
            column="SMC_DISPLAY_ORDER"
            length="3"
            not-null="true"
        </meta>    
    </property>
    <property
        name="accessList"
        type="java.lang.String"
        column="ACCESS_LIST"
        length="41"
    >
        <meta attribute="field-description">
           @hibernate.property
            column="ACCESS_LIST"
            length="41"
        </meta>    
    </property>

    <!-- associations -->
    <!-- bi-directional one-to-many association to NetworkHop -->
    <!--
    <set
        name="networkHops"
        lazy="true"
        inverse="true"
    >
        <meta attribute="field-description">
           @hibernate.set
            lazy="true"
            inverse="true"

	       @hibernate.collection-key
	        column="OVERRIDE_SM_CENTER_CODE"

           @hibernate.collection-one-to-many
            class="com.qwest.isys.prov.NetworkHop"
        </meta>
        <key>
            <column name="OVERRIDE_SM_CENTER_CODE" />
        </key>
        <one-to-many 
            class="com.qwest.isys.prov.NetworkHop"
        />
    </set>
    -->
    <!-- bi-directional one-to-many association to CustLoc -->
    <!--
    <set
        name="custLocs"
        lazy="true"
        inverse="true"
    >
        <meta attribute="field-description">
           @hibernate.set
            lazy="true"
            inverse="true"

	       @hibernate.collection-key
	        column="OVERRIDE_SM_CENTER_CODE"

           @hibernate.collection-one-to-many
            class="com.qwest.isys.prov.CustomerLocation"
        </meta>
        <key>
            <column name="OVERRIDE_SM_CENTER_CODE" />
        </key>
        <one-to-many 
            class="com.qwest.isys.prov.CustomerLocation"
        />
    </set>
    -->
    <!-- bi-directional one-to-many association to Customer -->
    <!--
    <set
        name="customers"
        lazy="true"
        inverse="true"
    >
        <meta attribute="field-description">
           @hibernate.set
            lazy="true"
            inverse="true"

	       @hibernate.collection-key
	        column="OVERRIDE_SM_CENTER_CODE"

           @hibernate.collection-one-to-many
            class="com.qwest.isys.prov.Customer"
        </meta>
        <key>
            <column name="OVERRIDE_SM_CENTER_CODE" />
        </key>
        <one-to-many 
            class="com.qwest.isys.prov.Customer"
        />
    </set>
    -->
    <!-- bi-directional one-to-many association to MaintenanceControlOffice -->
    <!--
    <set
        name="maintenanceControlOffices"
        lazy="true"
        inverse="true"
    >
        <meta attribute="field-description">
           @hibernate.set
            lazy="true"
            inverse="true"

	       @hibernate.collection-key
	        column="SM_CENTER_CODE"

           @hibernate.collection-one-to-many
            class="com.qwest.isys.prov.MaintenanceControlOffice"
        </meta>
        <key>
            <column name="SM_CENTER_CODE" />
        </key>
        <one-to-many 
            class="com.qwest.isys.prov.MaintenanceControlOffice"
        />
    </set>
	-->
</class>
</hibernate-mapping>
