<?xml version="1.0"?>
<!DOCTYPE hibernate-mapping PUBLIC
    "-//Hibernate/Hibernate Mapping DTD 2.0//EN"
    "http://hibernate.sourceforge.net/hibernate-mapping-3.0.dtd" >
    
<hibernate-mapping>
<!-- 
    Created by the Middlegen Hibernate plugin

    http://boss.bekk.no/boss/middlegen/
    http://hibernate.sourceforge.net/
-->

<class 
    name="com.qwest.isys.prov.ServiceType" 
    table="SERVICE_TYPE"
>
    <meta attribute="class-description" inherit="false">
       @hibernate.class
        table="SERVICE_TYPE"
    </meta>

    <id
        name="serviceTypeCode"
        type="java.lang.String"
        column="SERVICE_TYPE_CODE"
    >
        <meta attribute="field-description">
           @hibernate.id
            generator-class="assigned"
            type="java.lang.String"
            column="SERVICE_TYPE_CODE"

        </meta>
        <generator class="assigned" />
    </id>

    <property
        name="serviceTypeDesc"
        type="java.lang.String"
        column="SERVICE_TYPE_DESC"
        length="30"
    >
        <meta attribute="field-description">
           @hibernate.property
            column="SERVICE_TYPE_DESC"
            length="30"
        </meta>    
    </property>
    <property
        name="stDeletedFlag"
        type="byte"
        column="ST_DELETED_FLAG"
        not-null="true"
        length="1"
    >
        <meta attribute="field-description">
           @hibernate.property
            column="ST_DELETED_FLAG"
            length="1"
            not-null="true"
        </meta>    
    </property>
    <property
        name="serviceTypeRebateableFlag"
        type="byte"
        column="SERVICE_TYPE_REBATEABLE_FLAG"
        not-null="true"
        length="1"
    >
        <meta attribute="field-description">
           @hibernate.property
            column="SERVICE_TYPE_REBATEABLE_FLAG"
            length="1"
            not-null="true"
        </meta>    
    </property>
    <property
        name="integratorClass"
        type="java.lang.String"
        column="INTEGRATOR_CLASS"
        length="30"
    >
        <meta attribute="field-description">
           @hibernate.property
            column="INTEGRATOR_CLASS"
            length="30"
        </meta>    
    </property>
    <property
        name="customerViewFlag"
        type="java.lang.String"
        column="CUSTOMER_VIEW_FLAG"
        length="1"
    >
        <meta attribute="field-description">
           @hibernate.property
            column="CUSTOMER_VIEW_FLAG"
            length="1"
        </meta>    
    </property>

    <!-- associations -->
    <!-- bi-directional many-to-one association to MaintenanceControlOffice -->
    <many-to-one
        name="maintenanceControlOffice"
        class="com.qwest.isys.prov.MaintenanceControlOffice"
        not-null="true"
    >
        <meta attribute="field-description">
           @hibernate.many-to-one
            not-null="true"
           @hibernate.column name="MCO_CODE"         
        </meta>
        <column name="MCO_CODE" />
    </many-to-one>
    <!-- bi-directional one-to-many association to NetworkChannel -->
    <!--
    <set
        name="networkChannels"
        lazy="true"
        inverse="true"
    >
        <meta attribute="field-description">
           @hibernate.set
            lazy="true"
            inverse="true"

	       @hibernate.collection-key
	        column="SERVICE_TYPE_CODE"

           @hibernate.collection-one-to-many
            class="com.qwest.isys.prov.NetworkChannel"
        </meta>
        <key>
            <column name="SERVICE_TYPE_CODE" />
        </key>
        <one-to-many 
            class="com.qwest.isys.prov.NetworkChannel"
        />
    </set>
    -->
    <!-- bi-directional one-to-many association to NodalProcessorType -->
    <!--
    <set
        name="nodalProcessorTypes"
        lazy="true"
        inverse="true"
    >
        <meta attribute="field-description">
           @hibernate.set
            lazy="true"
            inverse="true"

	       @hibernate.collection-key
	        column="SERVICE_TYPE_CODE"

           @hibernate.collection-one-to-many
            class="com.qwest.isys.prov.NodalProcessorType"
        </meta>
        <key>
            <column name="SERVICE_TYPE_CODE" />
        </key>
        <one-to-many 
            class="com.qwest.isys.prov.NodalProcessorType"
        />
    </set>
    -->
    <!-- bi-directional one-to-many association to AtmPortVccRange -->
    <!--
    <set
        name="atmPortVccRanges"
        lazy="true"
        inverse="true"
    >
        <meta attribute="field-description">
           @hibernate.set
            lazy="true"
            inverse="true"

	       @hibernate.collection-key
	        column="SERVICE_TYPE_CODE"

           @hibernate.collection-one-to-many
            class="com.qwest.isys.prov.AtmPortVccRange"
        </meta>
        <key>
            <column name="SERVICE_TYPE_CODE" />
        </key>
        <one-to-many 
            class="com.qwest.isys.prov.AtmPortVccRange"
        />
    </set>
    -->
    <!-- bi-directional one-to-many association to AtmVpiVciTermPoint -->
    <!--
    <set
        name="atmVpiVciTermPoints"
        lazy="true"
        inverse="true"
    >
        <meta attribute="field-description">
           @hibernate.set
            lazy="true"
            inverse="true"

	       @hibernate.collection-key
	        column="SERVICE_TYPE_CODE"

           @hibernate.collection-one-to-many
            class="com.qwest.isys.prov.AtmVpiVciTermPoint"
        </meta>
        <key>
            <column name="SERVICE_TYPE_CODE" />
        </key>
        <one-to-many 
            class="com.qwest.isys.prov.AtmVpiVciTermPoint"
        />
    </set>
    -->
    <!-- bi-directional one-to-many association to MasterPart -->
    <!--
    <set
        name="masterParts"
        lazy="true"
        inverse="true"
    >
        <meta attribute="field-description">
           @hibernate.set
            lazy="true"
            inverse="true"

	       @hibernate.collection-key
	        column="SERVICE_TYPE_CODE"

           @hibernate.collection-one-to-many
            class="com.qwest.isys.prov.MasterPart"
        </meta>
        <key>
            <column name="SERVICE_TYPE_CODE" />
        </key>
        <one-to-many 
            class="com.qwest.isys.prov.MasterPart"
        />
    </set>
    -->
    <!-- bi-directional one-to-one association to CircuitServiceType -->
    <one-to-one
        name="circuitServiceType"
        class="com.qwest.isys.prov.CircuitServiceType"
        outer-join="auto"
    >
        <meta attribute="field-description">
           @hibernate.one-to-one
            outer-join="auto"
        </meta>    
    </one-to-one>

</class>
</hibernate-mapping>
