<?xml version="1.0"?>
<!DOCTYPE hibernate-mapping PUBLIC
    "-//Hibernate/Hibernate Mapping DTD 2.0//EN"
    "http://hibernate.sourceforge.net/hibernate-mapping-3.0.dtd" >
    
<hibernate-mapping>
<!-- 
    Created by the Middlegen Hibernate plugin

    http://boss.bekk.no/boss/middlegen/
    http://hibernate.sourceforge.net/
-->

<class 
    name="com.qwest.isys.prov.ServiceParameters" 
    table="SERVICE_PARAMETERS"
>
    <meta attribute="class-description" inherit="false">
       @hibernate.class
        table="SERVICE_PARAMETERS"
    </meta>

    <id
        name="serviceParametersAi"
        type="java.lang.Long"
        column="SERVICE_PARAMETERS_AI"
    >
        <meta attribute="field-description">
           @hibernate.id
            generator-class="assigned"
            type="java.lang.Long"
            column="SERVICE_PARAMETERS_AI"

        </meta>
        <generator class="assigned" />
    </id>
    <property
        name="isUllDefined"
        type="java.lang.String"
        column="IS_ULL_DEFINED"
        length="1"
    >
        <meta attribute="field-description">
           @hibernate.property
            column="IS_ULL_DEFINED"
            length="1"
        </meta>    
    </property>
    <property
        name="upstreamSubVpi"
        type="java.lang.Long"
        column="UPSTREAM_SUB_VPI"
    >
        <meta attribute="field-description">
           @hibernate.property
            column="UPSTREAM_SUB_VPI"
        </meta>    
    </property>
    <property
        name="upstreamSubVci"
        type="java.lang.Long"
        column="UPSTREAM_SUB_VCI"
    >
        <meta attribute="field-description">
           @hibernate.property
            column="UPSTREAM_SUB_VCI"
        </meta>    
    </property>

    <!-- associations -->
    <!-- bi-directional one-to-one association to ServiceElement -->
    <one-to-one
        name="serviceElement"
        class="com.qwest.isys.prov.ServiceElement"
        outer-join="auto"
    >
        <meta attribute="field-description">
           @hibernate.one-to-one
            outer-join="auto"
        </meta>    
    </one-to-one>
    <!-- bi-directional many-to-one association to NetworkHop -->
    <many-to-one
        name="subscriberUal"
        class="com.qwest.isys.prov.NetworkHop"
        not-null="false"
    >
        <meta attribute="field-description">
           @hibernate.many-to-one
            not-null="true"
           @hibernate.column name="SUBSCRIBER_UAL_AI"         
        </meta>
        <column name="SUBSCRIBER_UAL_AI" />
    </many-to-one>
    <!-- bi-directional many-to-one association to Port -->
    <many-to-one
        name="hostUapTp"
        class="com.qwest.isys.prov.AtmTerminationPoint"
        not-null="false"
    >
        <meta attribute="field-description">
           @hibernate.many-to-one
            not-null="true"
           @hibernate.column name="HOST_UAP_TP_AI"         
        </meta>
        <column name="HOST_UAP_TP_AI" />
    </many-to-one>
    <!-- bi-directional many-to-one association to Port -->
    <many-to-one
        name="subscriberUapPort"
        class="com.qwest.isys.prov.Port"
        not-null="false"
    >
        <meta attribute="field-description">
           @hibernate.many-to-one
            not-null="true"
           @hibernate.column name="SUBSCRIBER_UAP_PORT_AI"         
        </meta>
        <column name="SUBSCRIBER_UAP_PORT_AI" />
    </many-to-one>
    <!-- bi-directional many-to-one association to NetElement -->
    <many-to-one
        name="subscriberUapTp"
        class="com.qwest.isys.prov.NetElement"
        not-null="false"
    >
        <meta attribute="field-description">
           @hibernate.many-to-one
            not-null="true"
           @hibernate.column name="SUBSCRIBER_UAP_TP_AI"         
        </meta>
        <column name="SUBSCRIBER_UAP_TP_AI" />
    </many-to-one>
    <!-- bi-directional many-to-one association to Port -->
    <many-to-one
        name="dslTrunkIngressPort"
        class="com.qwest.isys.prov.Port"
        not-null="false"
    >
        <meta attribute="field-description">
           @hibernate.many-to-one
            not-null="true"
           @hibernate.column name="DSL_TRUNK_INGRESS_PORT_AI"         
        </meta>
        <column name="DSL_TRUNK_INGRESS_PORT_AI" />
    </many-to-one>
    <!-- bi-directional many-to-one association to NetworkHop -->
    <many-to-one
        name="hostAccessLink"
        class="com.qwest.isys.prov.NetworkHop"
        not-null="false"
    >
        <meta attribute="field-description">
           @hibernate.many-to-one
            not-null="true"
           @hibernate.column name="HOST_ACCESS_LINK_AI"         
        </meta>
        <column name="HOST_ACCESS_LINK_AI" />
    </many-to-one>
    <!--
    <set
        name="serviceElement"
        lazy="true"
        inverse="true"
    >
        <meta attribute="field-description">
           @hibernate.set
            lazy="true"
            inverse="true"

	       @hibernate.collection-key
	        column="SERVICE_PARAMETERS_AI"

           @hibernate.collection-one-to-many
            class="com.qwest.isys.prov.ServiceElement"
        </meta>
        <key>
            <column name="SERVICE_PARAMETERS_AI" />
        </key>
        <one-to-many 
            class="com.qwest.isys.prov.ServiceElement"
        />
    </set>
    -->
    <!-- bi-directional many-to-one association to Port -->
    <many-to-one
        name="subscriberPort"
        class="com.qwest.isys.prov.Port"
        not-null="false"
    >
        <meta attribute="field-description">
           @hibernate.many-to-one
            not-null="true"
           @hibernate.column name="SUBSCRIBER_PORT_AI"         
        </meta>
        <column name="SUBSCRIBER_PORT_AI" />
    </many-to-one>

</class>
</hibernate-mapping>
