<?xml version="1.0"?>
<!DOCTYPE hibernate-mapping PUBLIC
    "-//Hibernate/Hibernate Mapping DTD 2.0//EN"
    "http://hibernate.sourceforge.net/hibernate-mapping-3.0.dtd" >
    
<hibernate-mapping>
<!-- 
    Created by the Middlegen Hibernate plugin

    http://boss.bekk.no/boss/middlegen/
    http://hibernate.sourceforge.net/
-->

<class 
    name="com.qwest.isys.prov.Service" 
    table="SERVICE"
    discriminator-value="2999"
>
    <meta attribute="class-description" inherit="false">
       @hibernate.class
        table="SERVICE"
    </meta>

    <id
        name="serviceAi"
        type="java.lang.Long"
        column="SERVICE_AI"
    >
        <meta attribute="field-description">
           @hibernate.id
            generator-class="assigned"
            type="java.lang.Long"
            column="SERVICE_AI"

        </meta>
        <generator class="assigned" />
    </id>
	<discriminator column="COMPONENT_DEFINITION_AI" type="java.lang.Long" />
	
    <property
        name="serviceId"
        type="java.lang.String"
        column="SERVICE_ID"
        not-null="true"
        unique="true"
        length="12"
    >
        <meta attribute="use-in-tostring">true</meta>
        <meta attribute="field-description">
           @hibernate.property
            column="SERVICE_ID"
            length="12"
            not-null="true"
        </meta>    
    </property>
    <property
        name="coreEngineeringId"
        type="java.lang.Integer"
        column="CORE_ENGINEERING_ID"
        length="8"
    >
        <meta attribute="field-description">
           @hibernate.property
            column="CORE_ENGINEERING_ID"
            length="8"
        </meta>    
    </property>
    <property
        name="accessList"
        type="java.lang.String"
        column="ACCESS_LIST"
        length="41"
    >
        <meta attribute="field-description">
           @hibernate.property
            column="ACCESS_LIST"
            length="41"
        </meta>    
    </property>

    <!-- associations -->
    <!-- bi-directional one-to-one association to GenericService -->
    <one-to-one
        name="genericService"
        class="com.qwest.isys.prov.GenericService"
        outer-join="auto"
    >
        <meta attribute="field-description">
           @hibernate.one-to-one
            outer-join="auto"
        </meta>    
    </one-to-one>
    <!-- bi-directional many-to-one association to ServiceCategoryType -->
    <many-to-one
        name="serviceCategoryType"
        class="com.qwest.isys.prov.ServiceCategoryType"
        not-null="true"
    >
        <meta attribute="field-description">
           @hibernate.many-to-one
            not-null="true"
           @hibernate.column name="SERVICE_CATEGORY_TYPE_SC"         
        </meta>
        <column name="SERVICE_CATEGORY_TYPE_SC" />
    </many-to-one>
    <!-- bi-directional one-to-many association to ServiceOrder -->
    <set
        name="serviceOrders"
        lazy="true"
        inverse="true"
    >
        <meta attribute="field-description">
           @hibernate.set
            lazy="true"
            inverse="true"

	       @hibernate.collection-key
	        column="SERVICE_AI"

           @hibernate.collection-one-to-many
            class="com.qwest.isys.prov.ServiceOrder"
        </meta>
        <key>
            <column name="SERVICE_AI" />
        </key>
        <one-to-many 
            class="com.qwest.isys.prov.ServiceOrder"
        />
    </set>
    <!-- bi-directional one-to-many association to ServiceLogEntry -->
    <set
        name="logEntries"
        lazy="true"
        inverse="true"
    >
        <meta attribute="field-description">
           @hibernate.set
            lazy="true"
            inverse="true"

	       @hibernate.collection-key
	        column="SERVICE_AI"

           @hibernate.collection-one-to-many
            class="com.qwest.isys.prov.ServiceLogEntry"
        </meta>
        <key>
            <column name="SERVICE_AI" />
        </key>
        <one-to-many 
            class="com.qwest.isys.prov.ServiceLogEntry"
        />
    </set>
    <!-- bi-directional one-to-many association to ServiceElement -->
    <!--
    <set
        name="serviceElementsByChildServiceAi"
        lazy="true"
        inverse="true"
    >
        <meta attribute="field-description">
           @hibernate.set
            lazy="true"
            inverse="true"

	       @hibernate.collection-key
	        column="CHILD_SERVICE_AI"

           @hibernate.collection-one-to-many
            class="com.qwest.isys.prov.ServiceElement"
        </meta>
        <key>
            <column name="CHILD_SERVICE_AI" />
        </key>
        <one-to-many 
            class="com.qwest.isys.prov.ServiceElement"
        />
    </set>
    -->
    <!-- bi-directional one-to-many association to ServiceElement -->
<!--    set name="aliases" table="person_aliases" order-by="name asc">
    <key column="person"/>
    <element column="name" type="string"/>
</set
-->
    <set
        name="serviceElements"  order-by="sequence_Number asc"
        lazy="true"
        inverse="true"
    >
        <meta attribute="field-description">
           @hibernate.set
            lazy="true"
            inverse="true"

	       @hibernate.collection-key
	        column="SERVICE_AI"

           @hibernate.collection-one-to-many
            class="com.qwest.isys.prov.ServiceElement"
        </meta>
        <key>
            <column name="SERVICE_AI" />
        </key>
        <one-to-many 
            class="com.qwest.isys.prov.ServiceElement"
        />
    </set>
    <!-- bi-directional one-to-many association to AtmPortVccRange -->
    <!--
    <set
        name="atmPortVccRanges"
        lazy="true"
        inverse="true"
    >
        <meta attribute="field-description">
           @hibernate.set
            lazy="true"
            inverse="true"

	       @hibernate.collection-key
	        column="SERVICE_AI"

           @hibernate.collection-one-to-many
            class="com.qwest.isys.prov.AtmPortVccRange"
        </meta>
        <key>
            <column name="SERVICE_AI" />
        </key>
        <one-to-many 
            class="com.qwest.isys.prov.AtmPortVccRange"
        />
    </set>
    -->
    <!-- bi-directional one-to-many association to CircuitNotesRequest -->
    <!--
    <set
        name="circuitNotesRequests"
        lazy="true"
        inverse="true"
    >
        <meta attribute="field-description">
           @hibernate.set
            lazy="true"
            inverse="true"

	       @hibernate.collection-key
	        column="SERVICE_AI"

           @hibernate.collection-one-to-many
            class="com.qwest.isys.prov.CircuitNotesRequest"
        </meta>
        <key>
            <column name="SERVICE_AI" />
        </key>
        <one-to-many 
            class="com.qwest.isys.prov.CircuitNotesRequest"
        />
    </set>
    -->
    <!-- bi-directional one-to-many association to AtmVccRange -->
    <set
        name="atmVccRanges"
        lazy="true"
        inverse="true"
    >
        <meta attribute="field-description">
           @hibernate.set
            lazy="true"
            inverse="true"

	       @hibernate.collection-key
	        column="SERVICE_AI"

           @hibernate.collection-one-to-many
            class="com.qwest.isys.prov.AtmVccRange"
        </meta>
        <key>
            <column name="SERVICE_AI" />
        </key>
        <one-to-many 
            class="com.qwest.isys.prov.AtmVccRange"
        />
    </set>
    <!-- bi-directional many-to-one association to Customer -->
    <many-to-one
        name="customer"
        class="com.qwest.isys.prov.Customer"
        not-null="true"
    >
        <meta attribute="field-description">
           @hibernate.many-to-one
            not-null="true"
           @hibernate.column name="CUSTOMER_ID"         
        </meta>
        <column name="CUSTOMER_ID" />
    </many-to-one>
    <!-- bi-directional many-to-one association to ComponentDefinition -->
    <many-to-one
        name="componentDefinition"
        class="com.qwest.isys.prov.ComponentDefinition"
        not-null="true"
        insert="false"
        update="false"
    >
        <meta attribute="field-description">
           @hibernate.many-to-one
            not-null="true"
           @hibernate.column name="COMPONENT_DEFINITION_AI"         
        </meta>
        <column name="COMPONENT_DEFINITION_AI" />
    </many-to-one>
    <!-- bi-directional many-to-one association to AdminStatusType -->
    <many-to-one
        name="adminStatusType"
        class="com.qwest.isys.prov.AdminStatusType"
        not-null="true"
    >
        <meta attribute="field-description">
           @hibernate.many-to-one
            not-null="true"
           @hibernate.column name="ADMIN_STATUS_TYPE_CODE"         
        </meta>
        <column name="ADMIN_STATUS_TYPE_CODE" />
    </many-to-one>
    <!-- bi-directional many-to-one association to DslVolDiscPlan -->
    <many-to-one
        name="dslVolDiscPlan"
        class="com.qwest.isys.prov.DslVolDiscPlan"
        not-null="true"
    >
        <meta attribute="field-description">
           @hibernate.many-to-one
            not-null="true"
           @hibernate.column name="DSL_VOL_DISC_PLAN_CODE"         
        </meta>
        <column name="DSL_VOL_DISC_PLAN_CODE" />
    </many-to-one>
    <!-- bi-directional many-to-one association to JurisdictionType -->
    <many-to-one
        name="jurisdictionType"
        class="com.qwest.isys.prov.JurisdictionType"
        not-null="true"
    >
        <meta attribute="field-description">
           @hibernate.many-to-one
            not-null="true"
           @hibernate.column name="STATE_JURISDICTION_SC"         
        </meta>
        <column name="STATE_JURISDICTION_SC" />
    </many-to-one>
    
    <subclass name="com.qwest.isys.prov.IdslService" discriminator-value="2014"
        ></subclass>
    <subclass name="com.qwest.isys.prov.RadslService" discriminator-value="2015"  
        ></subclass>
    <subclass name="com.qwest.isys.prov.AtmDS1AccessLinkService" discriminator-value="2016" 
        ></subclass>
    <subclass name="com.qwest.isys.prov.AtmDS3AccessLinkService" discriminator-value="2017" 
        ></subclass>
    <subclass name="com.qwest.isys.prov.AtmOC3AccessLinkService" discriminator-value="2018" 
        ></subclass>
    <subclass name="com.qwest.isys.prov.AtmOC12AccessLinkService" discriminator-value="2019" 
        ></subclass>
    <subclass name="com.qwest.isys.prov.HostService" discriminator-value="2020" 
        ></subclass>

    <subclass name="com.qwest.isys.prov.AtmOC48AccessLinkService" discriminator-value="2021" 
        ></subclass>
    <subclass name="com.qwest.isys.prov.AtmOC192AccessLinkService" discriminator-value="2022" 
        ></subclass>
    <subclass name="com.qwest.isys.prov.AtmImaAccessLinkService" discriminator-value="2031" 
        ></subclass>
    <subclass name="com.qwest.isys.prov.EthernetAccessLinkService" discriminator-value="2032" 
        ></subclass>
    <subclass name="com.qwest.isys.prov.Ethernet10AccessLinkService" discriminator-value="2033" 
        ></subclass>
    <subclass name="com.qwest.isys.prov.Ethernet100AccessLinkService" discriminator-value="2034" 
        ></subclass>
    <subclass name="com.qwest.isys.prov.Ethernet1000LXAccessLinkService" discriminator-value="2035" 
        ></subclass>
    <subclass name="com.qwest.isys.prov.Ethernet1000AccessLinkService" discriminator-value="2036" 
        ></subclass>
    <!--
    
    <subclass name="com.qwest.isys.prov.IdslService" discriminator-value="2014" dynamic-update="false"
        dynamic-insert="false"></subclass>
    <subclass name="com.qwest.isys.prov.RadslService" discriminator-value="2015"  dynamic-update="false"
        dynamic-insert="false"></subclass>
    <subclass name="com.qwest.isys.prov.AtmDS1AccessLinkService" discriminator-value="2016" dynamic-update="false"
        dynamic-insert="false"></subclass>
    <subclass name="com.qwest.isys.prov.AtmDS3AccessLinkService" discriminator-value="2017" dynamic-update="false"
        dynamic-insert="false"></subclass>
    <subclass name="com.qwest.isys.prov.AtmOC3AccessLinkService" discriminator-value="2018" dynamic-update="false"
        dynamic-insert="false"></subclass>
    <subclass name="com.qwest.isys.prov.AtmOC12AccessLinkService" discriminator-value="2019" dynamic-update="false"
        dynamic-insert="false"></subclass>
    <subclass name="com.qwest.isys.prov.HostService" discriminator-value="2020" dynamic-update="false"
        dynamic-insert="false"></subclass>

    <subclass name="com.qwest.isys.prov.AtmOC48AccessLinkService" discriminator-value="2021" dynamic-update="false"
        dynamic-insert="false"></subclass>
    <subclass name="com.qwest.isys.prov.AtmOC192AccessLinkService" discriminator-value="2022" dynamic-update="false"
        dynamic-insert="false"></subclass>
    <subclass name="com.qwest.isys.prov.AtmImaAccessLinkService" discriminator-value="2031" dynamic-update="false"
        dynamic-insert="false"></subclass>
    <subclass name="com.qwest.isys.prov.EthernetAccessLinkService" discriminator-value="2032" dynamic-update="false"
        dynamic-insert="false"></subclass>
    <subclass name="com.qwest.isys.prov.Ethernet10AccessLinkService" discriminator-value="2033" dynamic-update="false"
        dynamic-insert="false"></subclass>
    <subclass name="com.qwest.isys.prov.Ethernet100AccessLinkService" discriminator-value="2034" dynamic-update="false"
        dynamic-insert="false"></subclass>
    <subclass name="com.qwest.isys.prov.Ethernet1000LXAccessLinkService" discriminator-value="2035" dynamic-update="false"
        dynamic-insert="false"></subclass>
    <subclass name="com.qwest.isys.prov.Ethernet1000AccessLinkService" discriminator-value="2036" dynamic-update="false"
        dynamic-insert="false"></subclass>
        -->
</class>
</hibernate-mapping>
