<?xml version="1.0"?>
<!DOCTYPE hibernate-mapping PUBLIC
    "-//Hibernate/Hibernate Mapping DTD 2.0//EN"
    "http://hibernate.sourceforge.net/hibernate-mapping-3.0.dtd" >
    
<hibernate-mapping>
<!-- 
    Created by the Middlegen Hibernate plugin

    http://boss.bekk.no/boss/middlegen/
    http://hibernate.sourceforge.net/
-->

<class 
    name="com.qwest.isys.prov.ServiceElement" 
    table="SERVICE_ELEMENT"
>
    <meta attribute="class-description" inherit="false">
       @hibernate.class
        table="SERVICE_ELEMENT"
    </meta>

    <id
        name="serviceElementAi"
        type="java.lang.Long"
        column="SERVICE_ELEMENT_AI"
    >
        <meta attribute="field-description">
           @hibernate.id
            generator-class="assigned"
            type="java.lang.Long"
            column="SERVICE_ELEMENT_AI"

        </meta>
        <generator class="assigned" />
    </id>

    <property
        name="sequenceNumber"
        type="java.lang.Long"
        column="SEQUENCE_NUMBER"
        unique="true"
    >
        <meta attribute="field-description">
           @hibernate.property
            column="SEQUENCE_NUMBER"
        </meta>    
    </property>
    <property
        name="childMaintenanceContractAi"
        type="java.lang.Long"
        column="CHILD_MAINTENANCE_CONTRACT_AI"
        unique="true"
    >
        <meta attribute="field-description">
           @hibernate.property
            column="CHILD_MAINTENANCE_CONTRACT_AI"
        </meta>    
    </property>

    <!-- associations -->
    <!-- bi-directional many-to-one association to Service -->
    <many-to-one
        name="childService"
        class="com.qwest.isys.prov.Service"
        not-null="true"
    >
        <meta attribute="field-description">
           @hibernate.many-to-one
            not-null="true"
           @hibernate.column name="CHILD_SERVICE_AI"         
        </meta>
        <column name="CHILD_SERVICE_AI" />
    </many-to-one>
    <!-- bi-directional many-to-one association to Service -->
    <many-to-one
        name="service"
        class="com.qwest.isys.prov.Service"
        not-null="true"
    >
        <meta attribute="field-description">
           @hibernate.many-to-one
            not-null="true"
           @hibernate.column name="SERVICE_AI"         
        </meta>
        <column name="SERVICE_AI" />
    </many-to-one>
    <!-- bi-directional many-to-one association to Equipment -->
    <many-to-one
        name="equipment"
        class="com.qwest.isys.prov.Equipment"
        not-null="true"
    >
        <meta attribute="field-description">
           @hibernate.many-to-one
            not-null="true"
           @hibernate.column name="CHILD_EQUIPMENT_AI"         
        </meta>
        <column name="CHILD_EQUIPMENT_AI" />
    </many-to-one>
    <!-- bi-directional many-to-one association to NetworkHop -->
    <many-to-one
        name="link"
        class="com.qwest.isys.prov.NetworkHop"
        not-null="true"
    >
        <meta attribute="field-description">
           @hibernate.many-to-one
            not-null="true"
           @hibernate.column name="CHILD_LINK_AI"         
        </meta>
        <column name="CHILD_LINK_AI" />
    </many-to-one>
    <!-- bi-directional many-to-one association to ComponentDefinition -->
    <many-to-one
        name="componentDefinition"
        class="com.qwest.isys.prov.ComponentDefinition"
        not-null="true"
    >
        <meta attribute="field-description">
           @hibernate.many-to-one
            not-null="true"
           @hibernate.column name="COMPONENT_DEFINITION_AI"         
        </meta>
        <column name="COMPONENT_DEFINITION_AI" />
    </many-to-one>
    <!-- bi-directional one-to-one association to ServiceParameters -->
	<!--
        <one-to-one
        name="serviceParameters"
        class="com.qwest.isys.prov.ServiceParameters"
        outer-join="auto"
    >
        <meta attribute="field-description">
           @hibernate.one-to-one
            outer-join="auto"
        </meta>    
    </one-to-one>
	-->
    <!-- bi-directional one-to-one association to ServiceParameter -->
    <many-to-one
        name="serviceParameters"
        class="com.qwest.isys.prov.ServiceParameters"
        not-null="true"
    >
        <meta attribute="field-description">
           @hibernate.many-to-one
            not-null="true"
           @hibernate.column name="SERVICE_PARAMETERS_AI"         
        </meta>
        <column name="SERVICE_PARAMETERS_AI" /> 
    </many-to-one>
    <joined-subclass name="com.qwest.isys.prov.AccessLinkServiceHostAssoc"
    table="AL_SVC_HOST_ASSOC" dynamic-update="true"
    dynamic-insert="true">
      <key column="SERVICE_ELEMENT_AI" />
    <!-- bi-directional many-to-one association to AdminStatusType -->
    <many-to-one
        name="adminStatusType"
        class="com.qwest.isys.prov.AdminStatusType"
        not-null="true"
    >
        <meta attribute="field-description">
           @hibernate.many-to-one
            not-null="true"
           @hibernate.column name="ADMIN_STATUS_TYPE_CODE"         
        </meta>
        <column name="ADMIN_STATUS_TYPE_CODE" />
    </many-to-one>
	</joined-subclass>
</class>
</hibernate-mapping>
