<?xml version="1.0"?>
<!DOCTYPE hibernate-mapping PUBLIC
    "-//Hibernate/Hibernate Mapping DTD 2.0//EN"
    "http://hibernate.sourceforge.net/hibernate-mapping-3.0.dtd" >
    
<hibernate-mapping>
<!-- 
    Created by the Middlegen Hibernate plugin

    http://boss.bekk.no/boss/middlegen/
    http://hibernate.sourceforge.net/
-->

<class 
    name="com.qwest.isys.prov.ServiceLogEntry" 
    table="SERVICE_LOG_ENTRY"
>
    <meta attribute="class-description" inherit="false">
       @hibernate.class
        table="SERVICE_LOG_ENTRY"
    </meta>

    <id
        name="serviceLogEntryAi"
        type="java.lang.Long"
        column="SERVICE_LOG_ENTRY_AI"
    >
        <meta attribute="field-description">
           @hibernate.id
            generator-class="assigned"
            type="java.lang.Long"
            column="SERVICE_LOG_ENTRY_AI"

        </meta>
        <generator class="assigned" />
    </id>

    <property
        name="serviceLogDateTime"
        type="java.sql.Timestamp"
        column="SERVICE_LOG_DATE_TIME"
        unique="true"
        length="7"
    >
        <meta attribute="field-description">
           @hibernate.property
            column="SERVICE_LOG_DATE_TIME"
            length="7"
        </meta>    
    </property>
    <property
        name="serviceLogText"
        type="java.lang.String"
        column="SERVICE_LOG_TEXT"
        length="1300"
    >
        <meta attribute="field-description">
           @hibernate.property
            column="SERVICE_LOG_TEXT"
            length="1300"
        </meta>    
    </property>
    <property
        name="serviceLogTypeCode"
        type="java.lang.String"
        column="SERVICE_LOG_TYPE_CODE"
        unique="true"
        length="15"
    >
        <meta attribute="field-description">
           @hibernate.property
            column="SERVICE_LOG_TYPE_CODE"
            length="15"
        </meta>    
    </property>
    <property
        name="userLogin"
        type="java.lang.String"
        column="USER_LOGIN"
        unique="true"
        length="30"
    >
        <meta attribute="field-description">
           @hibernate.property
            column="USER_LOGIN"
            length="30"
        </meta>    
    </property>

    <!-- associations -->
    <!-- bi-directional many-to-one association to Service -->
    <!--
    <many-to-one
        name="service"
        class="com.qwest.isys.prov.Service"
        not-null="true"
    >
        <meta attribute="field-description">
           @hibernate.many-to-one
            not-null="true"
           @hibernate.column name="SERVICE_AI"         
        </meta>
        <column name="SERVICE_AI" />
    </many-to-one>
	-->
</class>
</hibernate-mapping>
