<?xml version="1.0"?>
<!DOCTYPE hibernate-mapping PUBLIC
    "-//Hibernate/Hibernate Mapping DTD 2.0//EN"
    "http://hibernate.sourceforge.net/hibernate-mapping-3.0.dtd" >
    
<hibernate-mapping>
<!-- 
    Created by the Middlegen Hibernate plugin

    http://boss.bekk.no/boss/middlegen/
    http://hibernate.sourceforge.net/
-->

<class 
    name="com.qwest.isys.prov.Speed" 
    table="SPEED"
>
    <meta attribute="class-description" inherit="false">
       @hibernate.class
        table="SPEED"
    </meta>

    <id
        name="speedCode"
        type="java.lang.String"
        column="SPEED_CODE"
    >
        <meta attribute="field-description">
           @hibernate.id
            generator-class="assigned"
            type="java.lang.String"
            column="SPEED_CODE"

        </meta>
        <generator class="assigned" />
    </id>

    <property
        name="speedDesc"
        type="java.lang.String"
        column="SPEED_DESC"
        not-null="true"
        length="30"
    >
        <meta attribute="field-description">
           @hibernate.property
            column="SPEED_DESC"
            length="30"
            not-null="true"
        </meta>    
    </property>
    <property
        name="bitsPerSecond"
        type="java.lang.Long"
        column="BITS_PER_SECOND"
        length="20"
    >
        <meta attribute="field-description">
           @hibernate.property
            column="BITS_PER_SECOND"
            length="20"
        </meta>    
    </property>

    <!-- associations -->
    <!-- bi-directional one-to-many association to NetworkChannel -->
    <!--
    <set
        name="networkChannels"
        lazy="true"
        inverse="true"
    >
        <meta attribute="field-description">
           @hibernate.set
            lazy="true"
            inverse="true"

	       @hibernate.collection-key
	        column="SPEED_CODE"

           @hibernate.collection-one-to-many
            class="com.qwest.isys.prov.NetworkChannel"
        </meta>
        <key>
            <column name="SPEED_CODE" />
        </key>
        <one-to-many 
            class="com.qwest.isys.prov.NetworkChannel"
        />
    </set>
    -->
    <!-- bi-directional one-to-many association to SpeedProfile -->
    <!--
    <set
        name="speedProfilesByDownstreamSpeedCode"
        lazy="true"
        inverse="true"
    >
        <meta attribute="field-description">
           @hibernate.set
            lazy="true"
            inverse="true"

	       @hibernate.collection-key
	        column="DOWNSTREAM_SPEED_CODE"

           @hibernate.collection-one-to-many
            class="com.qwest.isys.prov.SpeedProfile"
        </meta>
        <key>
            <column name="DOWNSTREAM_SPEED_CODE" />
        </key>
        <one-to-many 
            class="com.qwest.isys.prov.SpeedProfile"
        />
    </set>
    -->
    <!-- bi-directional one-to-many association to SpeedProfile -->
    <!--
    <set
        name="speedProfilesByUpstreamSpeedCode"
        lazy="true"
        inverse="true"
    >
        <meta attribute="field-description">
           @hibernate.set
            lazy="true"
            inverse="true"

	       @hibernate.collection-key
	        column="UPSTREAM_SPEED_CODE"

           @hibernate.collection-one-to-many
            class="com.qwest.isys.prov.SpeedProfile"
        </meta>
        <key>
            <column name="UPSTREAM_SPEED_CODE" />
        </key>
        <one-to-many 
            class="com.qwest.isys.prov.SpeedProfile"
        />
    </set>
    -->
    <!-- bi-directional one-to-many association to AtmVpiVciTermPoint -->
    <!--
    <set
        name="atmVpiVciTermPoints"
        lazy="true"
        inverse="true"
    >
        <meta attribute="field-description">
           @hibernate.set
            lazy="true"
            inverse="true"

	       @hibernate.collection-key
	        column="SPEED_CODE"

           @hibernate.collection-one-to-many
            class="com.qwest.isys.prov.AtmVpiVciTermPoint"
        </meta>
        <key>
            <column name="SPEED_CODE" />
        </key>
        <one-to-many 
            class="com.qwest.isys.prov.AtmVpiVciTermPoint"
        />
    </set>
    -->
    <!-- bi-directional one-to-many association to Port -->
    <!--
    <set
        name="ports"
        lazy="true"
        inverse="true"
    >
        <meta attribute="field-description">
           @hibernate.set
            lazy="true"
            inverse="true"

	       @hibernate.collection-key
	        column="SPEED_CODE"

           @hibernate.collection-one-to-many
            class="com.qwest.isys.prov.Port"
        </meta>
        <key>
            <column name="SPEED_CODE" />
        </key>
        <one-to-many 
            class="com.qwest.isys.prov.Port"
        />
    </set>
	-->
</class>
</hibernate-mapping>
