<?xml version="1.0"?>
<!DOCTYPE hibernate-mapping PUBLIC
    "-//Hibernate/Hibernate Mapping DTD 2.0//EN"
    "http://hibernate.sourceforge.net/hibernate-mapping-3.0.dtd" >
    
<hibernate-mapping>
<!-- 
    Created by the Middlegen Hibernate plugin

    http://boss.bekk.no/boss/middlegen/
    http://hibernate.sourceforge.net/
-->

<class 
    name="com.qwest.isys.prov.SpeedProfile" 
    table="SPEED_PROFILE"
>
    <meta attribute="class-description" inherit="false">
       @hibernate.class
        table="SPEED_PROFILE"
    </meta>

    <id
        name="speedProfileCode"
        type="java.lang.String"
        column="SPEED_PROFILE_CODE"
    >
        <meta attribute="field-description">
           @hibernate.id
            generator-class="assigned"
            type="java.lang.String"
            column="SPEED_PROFILE_CODE"

        </meta>
        <generator class="assigned" />
    </id>

    <property
        name="speedProfileDesc"
        type="java.lang.String"
        column="SPEED_PROFILE_DESC"
        length="64"
    >
        <meta attribute="field-description">
           @hibernate.property
            column="SPEED_PROFILE_DESC"
            length="64"
        </meta>    
    </property>

    <!-- associations -->
    <!-- bi-directional one-to-many association to Port -->
    <!--
    <set
        name="ports"
        lazy="true"
        inverse="true"
    >
        <meta attribute="field-description">
           @hibernate.set
            lazy="true"
            inverse="true"

	       @hibernate.collection-key
	        column="SPEED_PROFILE_CODE"

           @hibernate.collection-one-to-many
            class="com.qwest.isys.prov.Port"
        </meta>
        <key>
            <column name="SPEED_PROFILE_CODE" />
        </key>
        <one-to-many 
            class="com.qwest.isys.prov.Port"
        />
    </set>
    -->
    <!-- bi-directional many-to-one association to Speed -->
    <many-to-one
        name="speedByDownstreamSpeedCode"
        class="com.qwest.isys.prov.Speed"
        not-null="true"
    >
        <meta attribute="field-description">
           @hibernate.many-to-one
            not-null="true"
           @hibernate.column name="DOWNSTREAM_SPEED_CODE"         
        </meta>
        <column name="DOWNSTREAM_SPEED_CODE" />
    </many-to-one>
    <!-- bi-directional many-to-one association to Speed -->
    <many-to-one
        name="speedByUpstreamSpeedCode"
        class="com.qwest.isys.prov.Speed"
        not-null="true"
    >
        <meta attribute="field-description">
           @hibernate.many-to-one
            not-null="true"
           @hibernate.column name="UPSTREAM_SPEED_CODE"         
        </meta>
        <column name="UPSTREAM_SPEED_CODE" />
    </many-to-one>
    <!-- bi-directional many-to-one association to LineEncodingType -->
    <many-to-one
        name="lineEncodingType"
        class="com.qwest.isys.prov.LineEncodingType"
        not-null="true"
    >
        <meta attribute="field-description">
           @hibernate.many-to-one
            not-null="true"
           @hibernate.column name="LINE_ENCODING_TYPE_SC"         
        </meta>
        <column name="LINE_ENCODING_TYPE_SC" />
    </many-to-one>

</class>
</hibernate-mapping>
