<?xml version="1.0"?>
<!DOCTYPE hibernate-mapping PUBLIC
    "-//Hibernate/Hibernate Mapping DTD 2.0//EN"
    "http://hibernate.sourceforge.net/hibernate-mapping-3.0.dtd" >
    
<hibernate-mapping>
<!-- 
    Created by the Middlegen Hibernate plugin

    http://boss.bekk.no/boss/middlegen/
    http://hibernate.sourceforge.net/
-->

<class 
    name="com.qwest.isys.prov.UniqueVpiVci" 
    table="UNIQUE_VPI_VCI"
>
    <meta attribute="class-description" inherit="false">
       @hibernate.class
        table="UNIQUE_VPI_VCI"
    </meta>

    <id
        name="uniqueVpiVciAi"
        type="java.lang.Long"
        column="UNIQUE_VPI_VCI_AI"
    >
        <meta attribute="field-description">
           @hibernate.id
            generator-class="assigned"
            type="java.lang.Long"
            column="UNIQUE_VPI_VCI_AI"

        </meta>
        <generator class="assigned" />
    </id>

    <property
        name="vpiNumber"
        type="java.lang.Long"
        column="VPI_NUMBER"
        not-null="true"
        unique="true"
    >
        <meta attribute="field-description">
           @hibernate.property
            column="VPI_NUMBER"
            not-null="true"
        </meta>    
    </property>
    <property
        name="vciNumber"
        type="java.lang.Long"
        column="VCI_NUMBER"
        not-null="true"
        unique="true"
    >
        <meta attribute="field-description">
           @hibernate.property
            column="VCI_NUMBER"
            not-null="true"
        </meta>    
    </property>

    <!-- associations -->
    <!-- bi-directional many-to-one association to NetElement -->
    <many-to-one
        name="terminationPoint"
        class="com.qwest.isys.prov.NetElement"
        not-null="true"
    >
        <meta attribute="field-description">
           @hibernate.many-to-one
            not-null="true"
           @hibernate.column name="TERMINATION_POINT_AI"         
        </meta>
        <column name="TERMINATION_POINT_AI" />
    </many-to-one>
    <!-- bi-directional many-to-one association to NetElement -->
    <many-to-one
        name="port"
        class="com.qwest.isys.prov.NetElement"
        not-null="true"
    >
        <meta attribute="field-description">
           @hibernate.many-to-one
            not-null="true"
           @hibernate.column name="PORT_AI"         
        </meta>
        <column name="PORT_AI" />
    </many-to-one>

</class>
</hibernate-mapping>
