<?xml version="1.0" encoding="ISO-8859-1"?>
<!DOCTYPE hibernate-mapping PUBLIC "-//Hibernate/Hibernate Mapping DTD 3.0//EN" "http://hibernate.sourceforge.net/hibernate-mapping-3.0.dtd">

<hibernate-mapping>

	<class table="situacoes" name="Situacao">
	    <id column="situacao_id" name="id">
	      <generator class="native"/>
	    </id>

	    <property name="dataInicio"
	    	type="timestamp" 
	    	column="data_inicio" 
	    	not-null="true"
    	/>
	    <property name="dataFim" 
	    	type="timestamp" 
	    	column="data_fim"
	    	not-null="false"
    	/>

	    <many-to-one 
	    	column="cheque_id" 
	    	unique="true" 
	    	not-null="true" 
	    	name="cheque" 
	    	class="Cheque"
	    />
	    
	    <map table="dados_contexto" name="contexto" 
	    	cascade="save-update"
	    >
	    	<key column="situacao_id" not-null="true"/>
	    	<map-key type="string" column="chave"/>
	    	<element type="string" column="valor"/>
	    </map>
	    
	</class>
</hibernate-mapping>
