<?xml version="1.0" encoding="utf-8"?>
<!DOCTYPE hibernate-configuration PUBLIC "-//Hibernate/Hibernate Configuration DTD 3.0//EN"
	"http://www.hibernate.org/dtd/hibernate-configuration-3.0.dtd">
<hibernate-configuration>
	<session-factory>
		<property name="hibernate.bytecode.use_reflection_optimizer">false</property>
		<property name="hibernate.check_nullability">false</property>
		
		<!-- thread, jta, managed -->
		<property name="hibernate.current_session_context_class">thread</property>
		<!-- 
			cache 
		-->
		<property name="hibernate.cache.provider_class">org.hibernate.cache.NoCacheProvider</property>
		<property name="hibernate.cache.use_query_cache">false</property>
		<property name="hibernate.cache.use_second_level_cache">false</property>
		<!-- 
			connection 
		-->
		<property name="hibernate.connection.driver_class">com.mysql.jdbc.Driver</property>
		<property name="hibernate.connection.autocommit">false</property>
		<!-- READ UNCOMMITTED = 1, READ COMMITTED = 2, REPEATABLE READ = 4, SERIALIZABLE = 8 -->
		<!-- Local application testing -->
		<property name="hibernate.connection.isolation">2</property>
		<property name="hibernate.connection.username">testuser</property>

		<property name="hibernate.connection.password">testuser</property>
		<property name="hibernate.connection.url">jdbc:mysql://localhost:3306/test_db</property>

		<property name="hibernate.default_schema">test_db</property>


		
		<property name="hibernate.dialect">org.hibernate.dialect.MySQL5InnoDBDialect</property>
		<property name="hibernate.format_sql">true</property>
		<property name="hibernate.globally_quoted_identifiers">false</property>
		<!-- JDBC -->
		<property name="hibernate.jdbc.batch_size">20</property>
		<property name="hibernate.order_updates">true</property>
		<property name="hibernate.search.autoregister_listeners">false</property>
		
		
		<property name="hibernate.use_sql_comments">true</property>
		<property name="hibernate.show_sql">true</property>
		<!-- 
			Transaction
		 -->
		<property name="hibernate.transaction.factory_class">org.hibernate.transaction.JDBCTransactionFactory</property>

		
		<!-- entities -->
		<mapping resource="test/Foo.hbm.xml"/>
	</session-factory>
</hibernate-configuration>
