<?xml version="1.0"?>
<!DOCTYPE hibernate-mapping SYSTEM
		"http://hibernate.sourceforge.net/hibernate-mapping-3.0.dtd">

<hibernate-mapping package="com.eyrolles.sportTracker.model">
  <class name="Person" table="PERSON">
    <id name="id" column="PERSON_ID">
      <generator class="native"/>
    </id>
    <property name="name" column="PERSON_NAME"/>
    <property name="birthday" column="BIRTHDAY"/>
    <property name="height" column="HEIGHT"/>
    <property name="weight" column="WEIGHT"/>
    <union-subclass name="Player" >
      <property name="specificPlayerProperty" />
    </union-subclass>
    <union-subclass name="Coach" >
      <property name="specificCoachProperty" />
    </union-subclass>
  </class>
</hibernate-mapping>
