<?xml version="1.0"?>
<!DOCTYPE hibernate-mapping PUBLIC "-//Hibernate/Hibernate Mapping DTD//EN"
                                   "http://hibernate.sourceforge.net/hibernate-mapping-2.0.dtd">

<hibernate-mapping>
	<!-- Colour & Size -->
	<class name="com.fgl.ina.stylecreation.coloursize.ProductColourAndSize" table="product_colour_size">
		<composite-id>
			<key-many-to-one name="parentProduct" class="com.fgl.ina.stylecreation.Product" column="ina_prod_id"/>
			<key-many-to-one name="colour" class="com.fgl.ina.mastertables.colours.Colour"  column="colour_ID"/>
			<key-many-to-one name="size"   class="com.fgl.ina.mastertables.sizes.Size"      column="size_ID"/>
		</composite-id>
		<property name="available" column="avail_ind" type="boolean" not-null="true"/>
		<bag name="barcodes" cascade="all-delete-orphan" lazy="true" inverse="true" order-by="barcode_ID">
			<key>
				<column name="ina_prod_id" not-null="true" unique="false"/>
				<column name="colour_ID" not-null="true" unique="false"/>
				<column name="size_ID" not-null="true" unique="false"/>
			</key>
			<one-to-many class="com.fgl.ina.stylecreation.barcodes.ProductBarcode"/>
		</bag>
	</class>
</hibernate-mapping>
