<?xml version="1.0" encoding="utf-8"?>
<!DOCTYPE hibernate-mapping PUBLIC "-//Hibernate/Hibernate Mapping DTD 3.0//EN"
"http://hibernate.sourceforge.net/hibernate-mapping-3.0.dtd">
	<!-- 
    Mapping file created by Sridhar Ratna
-->
<hibernate-mapping>
	<class name="com.cmc.facts.collections.dbobjects.SubmissionDetails"
		table="COLL_FP_SUBMISSION_DETAILS" >
		<id name="rrid" type="java.lang.Long">
			<column name="RRID" />
			<generator class="assigned" />
		</id>
		<property name="sid" type="java.lang.Long">
			<column name="SID" />
		</property>
		<property name="appTxnId" type="java.lang.String">
			<column name="APP_TXN_ID" />
		</property>
		<property name="pfid" type="java.lang.Long">
			<column name="PFID" />
		</property>
		<property name="timeStamp" type="java.util.Date">
			<column name="TIMESTAMP" />
		</property>
		<property name="schemaVersion" type="java.lang.Integer">
			<column name="SCHEMA_VERSION" />
		</property>
		<property name="details" type="java.lang.String">
			<column name="DETAILS" />
		</property>
	</class>
	<sql-query name="rridSeq">
		<return-scalar column="RRID" type="java.lang.Long" />
		<!--  select RRID_SEQ.nextval as RRID from dual -->
		select nextval('RRID_SEQ') as RRID
	</sql-query>

</hibernate-mapping>
