<?xml version='1.0' encoding='utf-8'?>
<!DOCTYPE hibernate-configuration PUBLIC
	"-//Hibernate/Hibernate Configuration DTD//EN"
	"http://www.hibernate.org/dtd/hibernate-configuration-3.0.dtd">
	
	
<hibernate-configuration>
	<!-- 
		This are the defualts settings for the XTRF - 
		They are overiden by hibernate-connection.properties during tests execution (in test/resources dir)
		
		
		<property name="connection.datasource">
		java:/xtrf/XtrfDS
		</property>   
		<property name="show_sql">true</property>
		<property name="dialect">
		org.hibernate.dialect.SybaseDialect
		</property>
		<property name="transaction.auto_close_session">false</property>
		<property name="hibernate.transaction.factory_class">
		org.hibernate.transaction.JTATransactionFactory
		</property>
		<property name="transaction.manager_lookup_class">
		org.hibernate.transaction.JBossTransactionManagerLookup
		</property>
		<property name="jta.UserTransaction">
		java:UserTransaction
		</property>
		
	-->
	<session-factory>
		<!-- property name="connection.datasource">
		do do this here anymore - use DataSource bean definition in applicationContext-DataSource.xml
		</property-->
		<property name="dialect">org.hibernate.dialect.PostgreSQLDialect</property>
		<property name="show_sql">true</property>
		<property name="format_sql">true</property>
        <property name="hibernate.hbm2ddl.auto">create-drop</property>
	</session-factory>
</hibernate-configuration>