<?xml version="1.0" encoding="UTF-8"?>
<!DOCTYPE hibernate-mapping PUBLIC "-//Hibernate/Hibernate Mapping DTD 3.0//EN" "http://hibernate.sourceforge.net/hibernate-mapping-3.0.dtd">
<hibernate-mapping default-lazy="true" default-cascade="none" default-access="field" package="org.svaor.sscce">
	<class table="player" name="Player">
		<id type="long" column="id" name="id">
			<generator class="native"/>
		</id>

		<property name="name" type="string"/>

		<list name="scores" cascade="all-delete-orphan">
			<key column="score_id"/>
			<index column="table_row_num"/>
			<one-to-many class="Score"/>
		</list>
	</class>

	<class table="score" name="Score">
		<id type="long" column="id" name="id">
			<generator class="native"/>
		</id>

		<property name="date" type="timestamp"/>
		<property name="score" type="int"/>
	</class>
</hibernate-mapping>
