<?xml version="1.0"?>
<!DOCTYPE hibernate-mapping PUBLIC "-//Hibernate/Hibernate Mapping DTD 3.0//EN"
                                   "http://hibernate.sourceforge.net/hibernate-mapping-3.0.dtd">
<hibernate-mapping package="model.vo">

	<class name="PerfilIndicador" table="PERFILINDICADOR">

		<id name="id" type="java.lang.Integer">
			<column name="id"></column>
			<!-- 
				<generator class="increment"/>
			-->
			<generator class="hilo">
				<param name="sequence">SQ_HIBERNATE_SEQUENCE</param>
			</generator>
		</id>

		<property name="indicador" type="java.lang.Integer" index="idx_vi_pk">
			<column name="indicador" />
		</property>

		<bag name="cenarios" cascade="all-delete-orphan">
			<key column="perfilindicador_id" />
			<element type="java.lang.Integer" column="cenario" />
		</bag>
		
		
	</class>

</hibernate-mapping>
