<?xml version="1.0"?>
<!DOCTYPE hibernate-mapping PUBLIC "-//Hibernate/Hibernate Mapping DTD 3.0//EN"
                                   "http://hibernate.sourceforge.net/hibernate-mapping-3.0.dtd">
<hibernate-mapping package="model.vo">
	
	<class name="ValorIndicador" table="VALORINDICADOR">
	
		<id name="id" type="java.lang.Integer">
			<column name="id">
		    </column>
		    <generator class="identity"/>
            <!-- 
            <generator class="hilo">
            	<param name="sequence">SQ_HIBERNATE_SEQUENCE</param>
            </generator>
             -->
		</id>
		
		<property name="indicador" type="java.lang.Integer" index="idx_vi_pk">
			<column name="indicador" />
		</property>
		
		<property name="tipoValor" type="java.lang.Integer" index="idx_vi_pk">
			<column name="tipovalor" />
		</property>
		
        <property name="valor" type="java.lang.Double" index="idx_vi_pk">
			<column name="valor" />
		</property>
		
	</class>

</hibernate-mapping>
