<?xml version="1.0"?>
<!DOCTYPE hibernate-mapping PUBLIC
        "-//Hibernate/Hibernate Mapping DTD 3.0//EN"
        "http://hibernate.sourceforge.net/hibernate-mapping-3.0.dtd">

<hibernate-mapping package="com.offia.domain">
	<class name="BookDetail" table="BookDetail" dynamic-insert="true" dynamic-update="true" batch-size="10">
		<id name="id" type="int">
			<generator class="identity"></generator>
		</id>
		<property name="summary" type="string" />
		
		<many-to-one name="book" column="book_id" class="Book" unique="true"/>
	</class>
</hibernate-mapping>