<?xml version="1.0"?>
<!DOCTYPE hibernate-mapping PUBLIC
        "-//Hibernate/Hibernate Mapping DTD 3.0//EN"
        "http://hibernate.sourceforge.net/hibernate-mapping-3.0.dtd">

<hibernate-mapping package="com.offia.domain">
	<class name="Book" table="Book" dynamic-insert="true" dynamic-update="true">
		<id name="id" type="int">
			<generator class="identity"></generator>
		</id>
		
		<property name="name" type="string" not-null="true"/>
		<!-- 
		 -->
		<one-to-one name="detail" class="BookDetail" property-ref="book"/>
	</class>
</hibernate-mapping>