<?xml version="1.0"?> 
<!DOCTYPE hibernate-mapping PUBLIC 
   "-//Hibernate/Hibernate Mapping DTD//EN" 
   "http://hibernate.sourceforge.net/hibernate-mapping-3.0.dtd" > 

<hibernate-mapping package="test.mdlandon"> 
   <class name="OtherContainer" table="mdlandon_other_container"> 
  
      <id name="otherId" column="OtherID"> 
         <generator class="native" /> 
      </id> 

      <many-to-one name="zone" class="test.mdlandon.ZonesContainer">
         <column name="ZoneID" />
      </many-to-one>

      <property name="name" type="string">
         <column name="OtherName" length="64" not-null="true" />
      </property>

   </class> 
</hibernate-mapping> 