<?xml version="1.0"?> 
<!DOCTYPE hibernate-mapping PUBLIC 
   "-//Hibernate/Hibernate Mapping DTD//EN" 
   "http://hibernate.sourceforge.net/hibernate-mapping-3.0.dtd" > 

<hibernate-mapping package="test.mdlandon"> 
   <class name="ZonesContainer" table="mdlandon_zones_container"> 
  
      <id name="zoneId" column="ZoneID"> 
         <generator class="native" /> 
      </id> 

      <property name="name" type="string">
         <column name="ZoneName" length="64" not-null="true" />
      </property>

      <set name="zones" table="mdlandon_approval_zone"> 
         <key column="ZoneID" /> 
         <element column="ApprovalID" type="int"/> 
      </set> 

      <set name="others" inverse="true" cascade="save-update" fetch="subselect">
         <key>
            <column name="ZoneID" not-null="true" />
         </key>
         <one-to-many class="test.mdlandon.OtherContainer" />
      </set>
   </class> 
</hibernate-mapping> 