<?xml version="1.0" encoding="UTF-8"?>
<!--
  ~ Copyright (c) 2010. portrix.net GmbH
  -->

<!DOCTYPE hibernate-configuration PUBLIC "-//Hibernate/Hibernate Configuration DTD 3.0//EN"
        "http://hibernate.sourceforge.net/hibernate-configuration-3.0.dtd">

<hibernate-configuration>

    <!-- a SessionFactory instance listed as /jndi/name -->
    <session-factory>
        <property name="hibernate.transaction.flush_before_completion">true</property>
        <property name="dialect">org.hibernate.dialect.Oracle10gDialect</property>
        <property name="transaction.factory_class">org.hibernate.transaction.JDBCTransactionFactory</property>
        <property name="hibernate.show_sql">true</property>

        <property name="connection.url">jdbc:log:oracle.jdbc.driver.OracleDriver:oracle:thin:@<HOST>:1521:<SID></property>
        <property name="connection.username">username</property>
        <property name="connection.password">password</property>
        <property name="connection.driver_class">net.rkbloom.logdriver.LogDriver</property>
        <property name="current_session_context_class">thread</property>
        <mapping class="foo.bar.A"/>
        <mapping class="foo.bar.B"/>
        <mapping class="foo.bar.C"/>
    </session-factory>

</hibernate-configuration>
