<?xml version="1.0"?>
<!DOCTYPE hibernate-configuration PUBLIC "-//Hibernate/Hibernate Configuration DTD 3.0//EN"
"http://www.hibernate.org/dtd/hibernate-configuration-3.0.dtd">
<hibernate-configuration>
 <session-factory name="">
  <!-- Database connection settings -->
  <property name="connection.driver_class">com.mysql.cj.jdbc.Driver</property>
  <property name="connection.url">jdbc:mysql://localhost:3306/test?characterEncoding=UTF-8&amp;serverTimezone=JST</property>
  <property name="connection.username">root</property>
  <property name="connection.password">Pass1word!</property>
  <!-- JDBC connection pool (use the built-in) -->
  <property name="connection.pool_size">3</property>
  <!-- SQL dialect -->
  <property name="dialect">org.hibernate.dialect.MySQL5Dialect</property>
  <!-- Disable the second-level cache  -->
  <property name="cache.provider_class">org.hibernate.cache.internal.NoCacheProvider</property>
  <property name="current_session_context_class">org.springframework.orm.hibernate5.SpringSessionContext</property>
  <!-- Echo all executed SQL to stdout -->
  <property name="show_sql">true</property>
 </session-factory>
</hibernate-configuration>
