<?xml version='1.0' encoding='utf-8'?>
<!DOCTYPE 
hibernate-configuration SYSTEM "http://hibernate.sourceforge.net/hibernate-configuration-3.0.dtd">
<hibernate-configuration>
	<session-factory>
		<property name="hibernate.connection.driver_class">oracle.jdbc.driver.OracleDriver</property>
		<property name="hibernate.connection.url">${jdbc.url}</property>
		<property name="hibernate.connection.username">${jdbc.username}</property>
		<property name="hibernate.connection.password">${jdbc.password}</property>
		<property name="hibernate.dialect">org.hibernate.dialect.Oracle10gDialect</property>
		<mapping class="Person" />
		<mapping class="CodedPairHolder" />
	</session-factory>
</hibernate-configuration>
