<?xml version="1.0"?>
<!DOCTYPE hibernate-mapping PUBLIC
        "-//Hibernate/Hibernate Mapping DTD 3.0//EN"
        "http://hibernate.sourceforge.net/hibernate-mapping-3.0.dtd">

<hibernate-mapping>
    <class name="hibernatetests.testemptyone2one.Primary" entity-name="ENTITY1" table="TEST_O2O_PRIMARY_1">
        <id name="entityId" column="ID" access="field">
            <generator class="native"/>
        </id>
        <one-to-one name="secondary" entity-name="S_ENTITY1" access="field" cascade="all"/>
    </class>
    <class name="hibernatetests.testemptyone2one.Secondary" entity-name="S_ENTITY1" table="TEST_O2O_SECONDARY_1">
        <id name="entityId" column="ID" access="field">
            <generator class="native"/>
        </id>
        <one-to-one name="primary" entity-name="ENTITY1" access="field"/>
    </class>

    <class name="hibernatetests.testemptyone2one.Primary" entity-name="ENTITY2" table="TEST_O2O_PRIMARY_2">
        <id name="entityId" column="ID" access="field">
            <generator class="native"/>
        </id>
        <one-to-one name="secondary" entity-name="S_ENTITY2" access="field" cascade="all"/>
    </class>
    <class name="hibernatetests.testemptyone2one.Secondary" entity-name="S_ENTITY2" table="TEST_O2O_SECONDARY_2">
        <id name="entityId" column="ID" access="field">
            <generator class="foreign">
                <param name="property">primary</param>
            </generator>
        </id>
        <one-to-one name="primary" entity-name="ENTITY2" access="field"/>
    </class>
    
    <class name="hibernatetests.testemptyone2one.Primary" table="TEST_O2O_PRIMARY_3" entity-name="ENTITY3">
        <id name="entityId" column="ID" access="field">
            <generator class="native"/>
        </id>
        <one-to-one  name="secondary" entity-name="S_ENTITY3" access="field" cascade="all"/>
    </class>
    <class name="hibernatetests.testemptyone2one.Secondary" entity-name="S_ENTITY3" table="TEST_O2O_SECONDARY_3">
        <id name="entityId" column="ID" access="field">
            <generator class="native"/>
        </id>
        <one-to-one name="primary" entity-name="ENTITY3" constrained="true" access="field"/>
    </class>

</hibernate-mapping>