<?xml version="1.0" encoding="ISO-8859-1"?>
<!DOCTYPE hibernate-mapping PUBLIC "-//Hibernate/Hibernate Mapping DTD 3.0//EN" "http://hibernate.sourceforge.net/hibernate-mapping-3.0.dtd">

<hibernate-mapping>
	<class table="SLP05" name="org.composite.domain.Account" mutable="false">
		<composite-id name="key">
			<key-property name="companyCode">
				<column name="CONO05" sql-type="CHAR(2)"></column>
			</key-property>
			<key-property name="accountId">
				<column name="CUSN05" sql-type="CHAR(8)"></column>
			</key-property>
		</composite-id>

		<property name="name" access="field">
			<column name="CNAM05" sql-type="CHAR(35)" not-null="true"
				default="''"></column>
		</property>
	</class>
</hibernate-mapping>
