<?xml version="1.0" encoding="ISO-8859-1"?>
<!DOCTYPE hibernate-mapping PUBLIC "-//Hibernate/Hibernate Mapping DTD 3.0//EN" "http://hibernate.sourceforge.net/hibernate-mapping-3.0.dtd">

<hibernate-mapping>
	<class table="OEP40" name="org.composite.domain.Order" mutable="false">
		<composite-id name="key">
			<key-property name="companyCode">
				<column name="CONO40" sql-type="CHAR(2)"></column>
			</key-property>
			<key-property name="orderId">
				<column name="ORDN40" sql-type="CHAR(8)"></column>
			</key-property>
		</composite-id>

		<property name="name" access="field">
			<column name="CNAM40" sql-type="CHAR(35)" not-null="true"
				default="''"></column>
		</property>
		<list name="lineItems">
			<key>
				<column name="CONO50"></column>
				<column name="ORDN50"></column>
			</key>
			<list-index column="INDE50"></list-index>
			<composite-element class="org.composite.domain.OrderLineItem">
				<many-to-one name="account">
					<formula>CONO50</formula>
					<column name="CUSN50"></column>
				</many-to-one>
				<property name="name">
					<column name="NAME50"></column>
				</property>
			</composite-element>
		</list>
	</class>
</hibernate-mapping>
