<?xml version="1.0"?>

<!DOCTYPE hibernate-mapping PUBLIC
    "-//Hibernate/Hibernate Mapping DTD 3.0//EN"
    "http://hibernate.sourceforge.net/hibernate-mapping-3.0.dtd">

<hibernate-mapping>

    <class name="com.domain.Party" table="parties">

        <id name="id">
            <column name="party_id" sql-type="char(36)"/>
            <generator class="com.domain.UUIDGenerator"/>
        </id>

        <property name="emailAddress" column="email_address"/>

        <property name="postalAddress" column="postal_address"/>

        <property name="phoneNumber" column="phone_number"/>

        <joined-subclass name="com.domain.Person" table="persons">

            <key column="person_id" foreign-key="persons_person_id_fk"/>
            <property name="gender" length="6"/>
            <property name="salutation" length="10"/>
            <property name="givenName" column="given_name" not-null="true"/>
            <property name="middleNames" column="middle_names"/>
            <property name="surname" not-null="true"/>
            <property name="nameSuffix" column="name_suffix" length="10"/>

            <joined-subclass name="com.domain.User" table="users">
                <key column="user_id" foreign-key="users_user_id_fk"/>
                <property name="username" not-null="true" unique="true"/>
                <property name="password" not-null="true"/>
            </joined-subclass>

        </joined-subclass>


    </class>

</hibernate-mapping>