<!DOCTYPE hibernate-configuration PUBLIC
        "-//Hibernate/Hibernate Configuration DTD 3.0//EN"
        "http://www.hibernate.org/dtd/hibernate-configuration-3.0.dtd">
<hibernate-configuration>
    <session-factory>
        <property name="hibernate.connection.driver_class">com.ibm.db2.jcc.DB2Driver</property>
        <property name="hibernate.connection.url">jdbc:db2://127.0.0.1:2668/supplsrv:currentSchema=TEST;</property>
        <property name="hibernate.dialect">org.hibernate.dialect.DB2Dialect</property>
        <property name="hibernate.default_schema">TEST</property>
        <property name="hibernate.connection.username">test</property>
        <property name="hibernate.connection.password">test</property>
        <property name="hbm2ddl.auto">validate</property>
        <property name="hibernate.show_sql">true</property>

        <mapping class="hhh7438.beans.Request"/>
        <mapping class="hhh7438.beans.User"/>
    </session-factory>
</hibernate-configuration>