<?xml version="1.0" encoding="UTF-8"?>
<!DOCTYPE hibernate-mapping PUBLIC "-//Hibernate/Hibernate Mapping DTD//EN"
    "http://hibernate.sourceforge.net/hibernate-mapping-3.0.dtd">

<hibernate-mapping auto-import="true">
  <class name="petclinic.domain.Owner" table="owners">
    <id name="id" column="id">
      <generator class="sequence">
        <param name="sequence">owners_seq</param>
      </generator>
    </id>
    <version name="version" column="VERSION" type="long"/>
    <property name="firstName" column="first_name"/>
    <property name="lastName" column="last_name"/>
    <property name="address" column="address"/>
    <property name="city" column="city"/>
    <property name="telephone" column="telephone"/>
    
    <set name="pets" inverse="true" cascade="all,delete-orphan" fetch="subselect">
<!--
    <set name="pets" inverse="true" cascade="all,delete-orphan">
    <set name="pets" inverse="true" cascade="all,delete-orphan" fetch="select">
    <set name="pets" inverse="true" cascade="all,delete-orphan" fetch="subselect">
    <set name="pets" inverse="true" cascade="all,delete-orphan" batch-size="256">
-->
        <key column="owner_id"/>
      <one-to-many class="petclinic.domain.Pet"/>
    </set>
  </class>
</hibernate-mapping>
