<?xml version="1.0" encoding="UTF-8"?>
<!DOCTYPE hibernate-mapping PUBLIC "-//Hibernate/Hibernate Mapping DTD//EN"
    "http://hibernate.sourceforge.net/hibernate-mapping-3.0.dtd">

<hibernate-mapping auto-import="true">
  <class name="petclinic.domain.Pet" table="pets">
    <id name="id" column="id">
      <generator class="sequence">
        <param name="sequence">pets_seq</param>
      </generator>
    </id>
    <version name="version" column="VERSION" type="long"/>
    <property name="name" column="name"/>
    <property name="birthDate" column="birth_date" type="date"/>
    <many-to-one name="owner" column="owner_id" class="petclinic.domain.Owner"/>
    <many-to-one name="type" column="type_id" class="petclinic.domain.PetType"/>
  </class>
</hibernate-mapping>
