<?xml version="1.0" encoding="UTF-8"?>
<!DOCTYPE hibernate-mapping PUBLIC "-//Hibernate/Hibernate Mapping DTD//EN"
    "http://hibernate.sourceforge.net/hibernate-mapping-3.0.dtd">

<hibernate-mapping auto-import="true">
  <class name="petclinic.domain.PetType" table="types">
    <id name="id" column="id">
      <generator class="sequence">
        <param name="sequence">types_seq</param>
      </generator>
    </id>
    <version name="version" column="VERSION" type="long"/>
    <property name="name" column="name"/>
  </class>
</hibernate-mapping>
