<?xml version='1.0' encoding='utf-8'?>
<!DOCTYPE hibernate-configuration
    PUBLIC "-//Hibernate/Hibernate Configuration DTD//EN"
    "http://hibernate.sourceforge.net/hibernate-configuration-3.0.dtd">

<hibernate-configuration>

    <session-factory>
		<property name="dialect">org.hibernate.dialect.HSQLDialect</property>
		<property name="connection.driver_class">org.hsqldb.jdbcDriver</property>
		<property name="connection.url">jdbc:hsqldb:test</property>
		<property name="connection.username">sa</property>
		<property name="connection.password"></property>		

        <property name="show_sql">true</property>

        <!-- Mapping files -->
        <mapping resource="com/eyrolles/sportTracker/model/Team.hbm.xml"/>
        <mapping resource="com/eyrolles/sportTracker/model/Player.hbm.xml"/>
       
    </session-factory>

</hibernate-configuration>