<?xml version="1.0" encoding="UTF-8"?>
<databaseChangeLog xmlns="http://www.liquibase.org/xml/ns/dbchangelog"
  xmlns:xsi="http://www.w3.org/2001/XMLSchema-instance" xmlns:ext="http://www.liquibase.org/xml/ns/dbchangelog-ext"
  xsi:schemaLocation="http://www.liquibase.org/xml/ns/dbchangelog http://www.liquibase.org/xml/ns/dbchangelog/dbchangelog-3.5.xsd
    http://www.liquibase.org/xml/ns/dbchangelog-ext http://www.liquibase.org/xml/ns/dbchangelog/dbchangelog-ext.xsd">


	<changeSet id="testbug" author="duckman">
		
		<createTable tableName="REF_MANY_1">
			<column name="REF_MANY_1ID" type="int" >
				<constraints primaryKey="true" nullable="false" />
			</column>
			
			<column name="DESCRIPTION" type="varchar(500)"/>
		</createTable>
		<createSequence sequenceName="REF_MANY_1_SEQ" incrementBy="1" startValue="1000" />
		
		<createTable tableName="REF_MANY_2">
			<column name="REF_MANY_2ID" type="int" >
				<constraints primaryKey="true" nullable="false" />
			</column>
			
			<column name="LABEL" type="varchar(500)"/>
		</createTable>
		<createSequence sequenceName="REF_MANY_2_SEQ" incrementBy="1" startValue="1000" />
		
		<createTable tableName = "REF_ONE" >
			<column name = "REF_ONE_ID" type = "int">
				<constraints primaryKey = "true" nullable = "false"/>
			</column>
			<column name = "LABEL" type = "varchar(50)"/>
			<column name = "BUG_LAZY_GRP_ID" type = "int"/>
		</createTable>
		<createSequence sequenceName = "REF_ONE_ID_SEQ" incrementBy = "1" startValue = "1000"/>
		
		<createTable tableName = "BUG_LAZY_GRP">
			<column name = "BUG_LAZY_GRP_ID" type = "int">
				<constraints primaryKey = "true" nullable = "false"/>
			</column>
			
			<column name = "REFERENCE" type = "varchar(20)">
				<constraints nullable = "false"/>
			</column>
			
			<column name = "REF_MANY_1ID" type = "int">
				<constraints nullable = "false"/>
			</column>
			<column name = "REF_MANY_2ID" type = "int"/>
		</createTable>
		<createSequence sequenceName = "BUG_LAZY_GRP_SEQ" incrementBy = "1" startValue = "1000"/>  
	
		<addForeignKeyConstraint constraintName = "REF_MANY_1_FK" referencedTableName = "REF_MANY_1" baseColumnNames = "REF_MANY_1ID" baseTableName = "BUG_LAZY_GRP" referencedColumnNames = "REF_MANY_1ID"/>
		<addForeignKeyConstraint constraintName = "REF_MANY_2_FK" referencedTableName = "REF_MANY_2" baseColumnNames = "REF_MANY_2ID" baseTableName = "BUG_LAZY_GRP" referencedColumnNames = "REF_MANY_2ID"/>
		<addForeignKeyConstraint constraintName = "REF_ONE_FK" referencedTableName = "BUG_LAZY_GRP" baseColumnNames = "BUG_LAZY_GRP_ID" baseTableName = "REF_ONE" referencedColumnNames = "BUG_LAZY_GRP_ID"/>
		
		<insert tableName = "REF_MANY_2">
	      <column name = "REF_MANY_2ID" value="1"/>
	      <column name = "LABEL" value = "yeah 2" />
	    </insert>
	    
	    <insert tableName = "REF_MANY_1">
	      <column name = "REF_MANY_1ID" value="1"/>
	      <column name = "DESCRIPTION" value = "yeah 1" />
	    </insert>
	    
	    <insert tableName = "BUG_LAZY_GRP">
	      <column name = "BUG_LAZY_GRP_ID" value="1"/>
	      <column name = "REFERENCE" value = "yeah lz 1" />
	      <column name = "REF_MANY_1ID" value="1"/>
	      <column name = "REF_MANY_2ID" value="1"/>
	    </insert>
	    
	     <insert tableName = "REF_ONE">
	      <column name = "REF_ONE_ID" value="1"/>
	      <column name = "LABEL" value = "yeah one" />
	      <column name = "BUG_LAZY_GRP_ID" value = "1"/>
	    </insert>
	    
	</changeSet>
    
</databaseChangeLog>
