<?xml version="1.0"?>
<!DOCTYPE hibernate-mapping PUBLIC	"-//Hibernate/Hibernate Mapping DTD//EN"	"http://hibernate.sourceforge.net/hibernate-mapping-2.0.dtd">

<hibernate-mapping auto-import="false">
	<class name="fr.infologic.stocks.modele.Lot" table="ST_Lot" proxy="fr.infologic.stocks.modele.Lot" >
  		<composite-id name="lotPK" class="fr.infologic.stocks.modele.LotPK">
   			<key-many-to-one name="prod" column="noProd" class="fr.infologic.stocks.modele.Produit"/>
   			<key-property name="noLot" column="noLot" length="9"/>
  		</composite-id>
  
 		<property name="idExt" type="string">
			<column name="idExt" 
					length="64"/>
		</property>
	</class>
</hibernate-mapping>
