<?xml version="1.0"?>
<!DOCTYPE hibernate-mapping PUBLIC	"-//Hibernate/Hibernate Mapping DTD//EN"	"http://hibernate.sourceforge.net/hibernate-mapping-2.0.dtd">

<hibernate-mapping auto-import="false">
	<class name="fr.infologic.stocks.modele.Mouv" table="ST_Mouv" proxy="fr.infologic.stocks.modele.Mouv" >
      	<id column="noMouv" name="noMouv"><generator class="assigned"/></id>
  		<many-to-one name="piece" class="fr.infologic.stocks.modele.Piece" outer-join="false">
	    	<column name="noProd"/>
	    	<column name="noLot"/>
	    	<column name="noPiece"/>
  		</many-to-one>		
	</class>
</hibernate-mapping>
