<?xml version="1.0"?>
<!DOCTYPE hibernate-mapping PUBLIC	"-//Hibernate/Hibernate Mapping DTD//EN"	"http://hibernate.sourceforge.net/hibernate-mapping-2.0.dtd">

<hibernate-mapping auto-import="false">
	<class name="fr.infologic.stocks.modele.Piece" table="ST_Piece" proxy="fr.infologic.stocks.modele.Piece" >
  		<composite-id  name="piecePK" class="fr.infologic.stocks.modele.PiecePK">
  			<key-many-to-one name="lot">
	    			<column name="noProd"/>
      				<column name="noLot"/>
   			</key-many-to-one>
   			<key-property name="noPiece" column="noPiece"/>
  		</composite-id>
  
 		<property name="idExt" type="string">
			<column name="idExt" 
					length="16"/>
		</property>		
	</class>
</hibernate-mapping>
