<?xml version="1.0"?>
<!DOCTYPE hibernate-mapping PUBLIC	"-//Hibernate/Hibernate Mapping DTD//EN"	"http://hibernate.sourceforge.net/hibernate-mapping-2.0.dtd">

<hibernate-mapping auto-import="false">
	<class name="fr.infologic.stocks.modele.Produit" table="ST_Produit" proxy="fr.infologic.stocks.modele.Produit" >
      	<id column="noProd" name="noProd"><generator class="assigned"/></id>
  
 		<property name="libelle" type="string">
			<column name="libelle" 
					length="32"/>
		</property>		
	</class>
</hibernate-mapping>
