<?xml version="1.0" encoding="UTF-8"?>
<beans xmlns="http://www.springframework.org/schema/beans"
       xmlns:xsi="http://www.w3.org/2001/XMLSchema-instance"
       xmlns:p="http://www.springframework.org/schema/p"
       xmlns:util="http://www.springframework.org/schema/util"
       xmlns:context="http://www.springframework.org/schema/context"
       xmlns:tx="http://www.springframework.org/schema/tx" xmlns:jpa="http://www.springframework.org/schema/data/jpa"
       xsi:schemaLocation="http://www.springframework.org/schema/beans http://www.springframework.org/schema/beans/spring-beans.xsd
http://www.springframework.org/schema/util http://www.springframework.org/schema/util/spring-util.xsd
http://www.springframework.org/schema/tx http://www.springframework.org/schema/tx/spring-tx.xsd
http://www.springframework.org/schema/context http://www.springframework.org/schema/context/spring-context.xsd
http://www.springframework.org/schema/data/jpa http://www.springframework.org/schema/data/jpa/spring-jpa.xsd">
   
   
    <tx:annotation-driven/>
    
    
    <!--   no need of context:component-scan since we remove the @Repository --> 
    <jpa:repositories base-package="com.hp.queue.poc" />
    
    <!-- enable processing of annotations such as @Autowired and @Configuration --> 
    <context:annotation-config/>

    <bean id="emf" class="org.springframework.orm.jpa.LocalContainerEntityManagerFactoryBean"
          p:persistenceUnitName="dbUnit"
          p:jpaProperties-ref="hibernateProperties"
          p:dataSource-ref="dataSource"
          p:persistenceProviderClass="org.hibernate.ejb.HibernatePersistence">
        <property name="jpaVendorAdapter">
            <bean class="org.springframework.orm.jpa.vendor.HibernateJpaVendorAdapter"
                  p:showSql="false"
                  p:generateDdl="true"
                  p:databasePlatform="${db.dialect}"
                    />
        </property>
    </bean>

    <!--suppress SpringModelInspection -->
    <util:properties id="hibernateProperties">
        <prop key="hibernate.format_sql">true</prop>
        <prop key="hibernate.cache.provider_class">org.hibernate.cache.NoCacheProvider</prop>
        <prop key="hibernate.cache.use_query_cache">false</prop>
        <prop key="hibernate.generate_statistics">false</prop>
        <prop key="hibernate.cache.use_second_level_cache">false</prop>

        <!--<prop key="hibernate.connection.autoReconnect">true</prop>-->
        <!--<prop key="hibernate.connection.autoReconnectForPools">true</prop>-->
        <!--<prop key="hibernate.connection.is-connection-validation-required">true</prop>-->

        <prop key="hibernate.jdbc.fetch_size">100</prop>
        <prop key="hibernate.jdbc.batch_size">30</prop>
        <prop key="hibernate.order_updates">true</prop>
        <prop key="hibernate.order_inserts">true</prop>
        <prop key="hibernate.default_batch_fetch_size">20</prop>
        <prop key="hibernate.hbm2ddl.auto">validate</prop> <!-- create the db every time (drop before)  optional use : create , create-drop , update -->
    </util:properties>
    
    
    <bean id="jpaTemplate" class="org.springframework.orm.jpa.JpaTemplate"
          p:entityManagerFactory-ref="emf">
        <property name="jpaDialect">
            <bean class="org.springframework.orm.jpa.vendor.HibernateJpaDialect"/>
        </property>
    </bean>
    
    
    <bean id="transactionManager" class="org.springframework.orm.jpa.JpaTransactionManager" p:entityManagerFactory-ref="emf"/>
</beans>