<?xml version="1.0"?>
<!DOCTYPE hibernate-mapping PUBLIC "-//Hibernate/Hibernate Mapping DTD 3.0//EN"
        "http://hibernate.sourceforge.net/hibernate-mapping-3.0.dtd">
<hibernate-mapping>
    <class name="TestClass" table="TABLE1" dynamic-update="true">
        <id name="id" type="int">
            <column name="ID" />
            <generator class="assigned" />
        </id>
        <discriminator column="CLASS_TYPE"/>
        <property name="property1" type="string" column="PROPERTY1" update="false" insert="false"/>
        <join table="TABLE2" optional="true">
            <key column="ID" not-null="false"/>
            <property name="property2" column="PROPERTY2" type="string"/>
        </join>
        <subclass name="TestSubclass" discriminator-value="SUBCLASS">
            <join table="TABLE2">
                <key column="ID"/>
                <property name="property3" column="PROPERTY3" type="string"/>
            </join>
        </subclass>
    </class>
</hibernate-mapping>