<?xml version="1.0" encoding="UTF-8"?>
<persistence xmlns="http://java.sun.com/xml/ns/persistence"
             xmlns:xsi="http://www.w3.org/2001/XMLSchema-instance"
             xsi:schemaLocation="http://java.sun.com/xml/ns/persistence http://java.sun.com/xml/ns/persistence/persistence_1_0.xsd"
             version="1.0">

  <persistence-unit name="transmuc" transaction-type="RESOURCE_LOCAL">
    <provider>org.eclipse.persistence.jpa.PersistenceProvider</provider>
    <class>tld.transmuc.model.Bar</class>
    <class>tld.transmuc.model.BarId</class>
    <class>tld.transmuc.model.Foo</class>
    <class>tld.transmuc.model.FooId</class>
    <class>tld.transmuc.model.PostAddress</class>
    <class>tld.transmuc.model.PostAddressId</class>
    <properties>
      <property name="javax.persistence.jdbc.driver"   value="org.hsqldb.jdbcDriver" />
      <property name="javax.persistence.jdbc.url"      value="jdbc:hsqldb:mem:transmuc" />
      <property name="javax.persistence.jdbc.user"     value="sa" />
      <property name="javax.persistence.jdbc.password" value="" />
      
      <!--property name="eclipselink.logging.level" value="INFO" /-->
	  
      <!-- EclipseLink should create the database schema automatically -->
      <!--property name="eclipselink.ddl-generation"             value="create-tables" />
      <property name="eclipselink.ddl-generation.output-mode" value="database" /-->
	  
      <!--property name="javax.persistence.validation.mode" value="none" /-->
    </properties>
  </persistence-unit>
</persistence>