<?xml version="1.0"?>
<!DOCTYPE hibernate-mapping PUBLIC "-//Hibernate/Hibernate Mapping DTD 3.0//EN"
"http://hibernate.sourceforge.net/hibernate-mapping-3.0.dtd">
<hibernate-mapping>
    <class name="MyEntity" table="MyEntity" dynamic-insert="true" dynamic-update="true">
        <id name="code" type="int">
            <column name="code" precision="5" scale="0" />
            <generator class="assigned" />
        </id>
        <property name="name" type="java.lang.String">
            <column name="name" length="255" />
        </property>
    </class>
</hibernate-mapping>
