<?xml version = '1.0' encoding = 'UTF-8'?>
<Entity class="oracle.dbtools.crest.model.design.logical.Entity" id="0D2805D3-6F48-2130-6DB5-227480E35FCE" directorySegmentName="seg_0" name="LEVEL0">
<createdBy>marchiori</createdBy>
<createdTime>2014-02-06 11:19:58 UTC</createdTime>
<ownerDesignName>model</ownerDesignName>
<engineerTo>
<item key="63912EBD-D56B-5BF9-76D7-3E97D420B701" value="true"/>
</engineerTo>
<pkName>LEVEL0 PK</pkName>
<adequatelyNormalized>NO</adequatelyNormalized>
<expectedVolumes>0</expectedVolumes>
<fwdEngineeringStrategyName>Single Table</fwdEngineeringStrategyName>
<growthPercent>0</growthPercent>
<growthType>Year</growthType>
<maxVolumes>9999999</maxVolumes>
<minVolumes>0</minVolumes>
<normalForm>Third</normalForm>
<fonts>
<FontObject class="oracle.dbtools.crest.model.design.FontObjectWr">
<foType>Title</foType>
<fontStyle>1</fontStyle>
<colorRGB>-16776961</colorRGB>
</FontObject>
<FontObject class="oracle.dbtools.crest.model.design.FontObjectWr">
<foType>Attribute</foType>
<colorRGB>-16777216</colorRGB>
</FontObject>
<FontObject class="oracle.dbtools.crest.model.design.FontObjectWr">
<foType>Datatype</foType>
<colorRGB>-16744448</colorRGB>
</FontObject>
<FontObject class="oracle.dbtools.crest.model.design.FontObjectWr">
<foType>PK Element</foType>
<colorRGB>-16776961</colorRGB>
</FontObject>
<FontObject class="oracle.dbtools.crest.model.design.FontObjectWr">
<foType>FK Element</foType>
<colorRGB>-16777216</colorRGB>
</FontObject>
<FontObject class="oracle.dbtools.crest.model.design.FontObjectWr">
<foType>UK Element</foType>
<colorRGB>-16776961</colorRGB>
</FontObject>
<FontObject class="oracle.dbtools.crest.model.design.FontObjectWr">
<foType>Not Null</foType>
<colorRGB>-65536</colorRGB>
</FontObject>
<FontObject class="oracle.dbtools.crest.model.design.FontObjectWr">
<foType>Key</foType>
<colorRGB>-16777216</colorRGB>
</FontObject>
</fonts>
<attributes>
<Attribute class="oracle.dbtools.crest.model.design.logical.Attribute" name="LEVEL0_ID" id="79F3BF94-639A-E506-C375-FBEB535F6B30">
<createdBy>marchiori</createdBy>
<createdTime>2014-02-06 11:23:08 UTC</createdTime>
<ownerDesignName>model</ownerDesignName>
<engineerTo>
<item key="63912EBD-D56B-5BF9-76D7-3E97D420B701" value="true"/>
</engineerTo>
<use>0</use>
</Attribute>
</attributes>
<identifiers>
<identifier class="oracle.dbtools.crest.model.design.logical.CandidateKey" id="31731A23-0020-887B-2D3A-F1C18674E445" name="LEVEL0 PK">
<createdBy>marchiori</createdBy>
<createdTime>2014-02-06 11:23:16 UTC</createdTime>
<ownerDesignName>model</ownerDesignName>
<engineerTo>
<item key="63912EBD-D56B-5BF9-76D7-3E97D420B701" value="true"/>
</engineerTo>
<pk>true</pk>
<usedAttributes>
<attributeRef>79F3BF94-639A-E506-C375-FBEB535F6B30</attributeRef>
</usedAttributes>
</identifier>
</identifiers>
</Entity>