<?xml version = '1.0' encoding = 'UTF-8'?>
<Entity class="oracle.dbtools.crest.model.design.logical.Entity" id="657741AB-1580-4B3E-FBDA-9EB16E97648D" directorySegmentName="seg_0" name="LEVEL1">
<createdBy>marchiori</createdBy>
<createdTime>2014-02-06 11:20:08 UTC</createdTime>
<ownerDesignName>model</ownerDesignName>
<engineerTo>
<item key="63912EBD-D56B-5BF9-76D7-3E97D420B701" value="true"/>
</engineerTo>
<pkName>LEVEL1 PK</pkName>
<adequatelyNormalized>NO</adequatelyNormalized>
<expectedVolumes>0</expectedVolumes>
<fwdEngineeringStrategyName>Single Table</fwdEngineeringStrategyName>
<growthPercent>0</growthPercent>
<growthType>Year</growthType>
<maxVolumes>9999999</maxVolumes>
<minVolumes>0</minVolumes>
<normalForm>Third</normalForm>
<fonts>
<FontObject class="oracle.dbtools.crest.model.design.FontObjectWr">
<foType>Title</foType>
<fontStyle>1</fontStyle>
<colorRGB>-16776961</colorRGB>
</FontObject>
<FontObject class="oracle.dbtools.crest.model.design.FontObjectWr">
<foType>Attribute</foType>
<colorRGB>-16777216</colorRGB>
</FontObject>
<FontObject class="oracle.dbtools.crest.model.design.FontObjectWr">
<foType>Datatype</foType>
<colorRGB>-16744448</colorRGB>
</FontObject>
<FontObject class="oracle.dbtools.crest.model.design.FontObjectWr">
<foType>PK Element</foType>
<colorRGB>-16776961</colorRGB>
</FontObject>
<FontObject class="oracle.dbtools.crest.model.design.FontObjectWr">
<foType>FK Element</foType>
<colorRGB>-16777216</colorRGB>
</FontObject>
<FontObject class="oracle.dbtools.crest.model.design.FontObjectWr">
<foType>UK Element</foType>
<colorRGB>-16776961</colorRGB>
</FontObject>
<FontObject class="oracle.dbtools.crest.model.design.FontObjectWr">
<foType>Not Null</foType>
<colorRGB>-65536</colorRGB>
</FontObject>
<FontObject class="oracle.dbtools.crest.model.design.FontObjectWr">
<foType>Key</foType>
<colorRGB>-16777216</colorRGB>
</FontObject>
</fonts>
<attributes>
<Attribute class="oracle.dbtools.crest.model.design.logical.Attribute" name="ATTR" id="8209E49C-0B25-0AC3-03AF-917310877243">
<createdBy>marchiori</createdBy>
<createdTime>2014-02-06 11:22:24 UTC</createdTime>
<ownerDesignName>model</ownerDesignName>
<engineerTo>
<item key="63912EBD-D56B-5BF9-76D7-3E97D420B701" value="true"/>
</engineerTo>
<nullsAllowed>true</nullsAllowed>
<useDomainConstraints>false</useDomainConstraints>
<use>1</use>
<logicalDatatype>LOGDT024</logicalDatatype>
<dataTypeSize>256</dataTypeSize>
</Attribute>
<Attribute class="oracle.dbtools.crest.model.design.logical.Attribute" name="LEVEL0_ID" id="3EA05169-B67D-C231-06B0-724B4D9A5DA1">
<createdBy>marchiori</createdBy>
<createdTime>2014-02-06 11:23:19 UTC</createdTime>
<generatorID>61DEB941-B3D1-C6FB-3A99-C413EC212A66</generatorID>
<ownerDesignName>model</ownerDesignName>
<engineerTo>
<item key="63912EBD-D56B-5BF9-76D7-3E97D420B701" value="true"/>
</engineerTo>
<referedAttribute>79F3BF94-639A-E506-C375-FBEB535F6B30</referedAttribute>
<use>0</use>
</Attribute>
<Attribute class="oracle.dbtools.crest.model.design.logical.Attribute" name="LEVEL2_ID" id="9691B5B4-F03C-E63D-0DCE-94D85564FC98">
<createdBy>marchiori</createdBy>
<createdTime>2014-02-06 11:25:03 UTC</createdTime>
<generatorID>552956FE-D0E3-24C1-43C5-82D0511D73BE</generatorID>
<ownerDesignName>model</ownerDesignName>
<engineerTo>
<item key="63912EBD-D56B-5BF9-76D7-3E97D420B701" value="true"/>
</engineerTo>
<referedAttribute>8DBC5138-5658-7081-26E7-2BC4C17482E3</referedAttribute>
<use>0</use>
</Attribute>
</attributes>
<identifiers>
<identifier class="oracle.dbtools.crest.model.design.logical.CandidateKey" id="E6A89326-88EF-50D4-16BD-DA5E8E025028" name="LEVEL1 PK">
<createdBy>marchiori</createdBy>
<createdTime>2014-02-06 11:23:16 UTC</createdTime>
<ownerDesignName>model</ownerDesignName>
<engineerTo>
<item key="63912EBD-D56B-5BF9-76D7-3E97D420B701" value="true"/>
</engineerTo>
<pk>true</pk>
<usedAttributes>
<attributeRef>3EA05169-B67D-C231-06B0-724B4D9A5DA1</attributeRef>
<attributeRef>9691B5B4-F03C-E63D-0DCE-94D85564FC98</attributeRef>
</usedAttributes>
</identifier>
</identifiers>
</Entity>