<?xml version = '1.0' encoding = 'UTF-8'?>
<Entity class="oracle.dbtools.crest.model.design.logical.Entity" id="AB6D80C1-DD4E-A9EF-687F-9FF32D9801EC" directorySegmentName="seg_0" name="LEVEL2">
<createdBy>marchiori</createdBy>
<createdTime>2014-02-06 11:20:16 UTC</createdTime>
<ownerDesignName>model</ownerDesignName>
<engineerTo>
<item key="63912EBD-D56B-5BF9-76D7-3E97D420B701" value="true"/>
</engineerTo>
<pkName>LEVEL2 PK</pkName>
<adequatelyNormalized>NO</adequatelyNormalized>
<expectedVolumes>0</expectedVolumes>
<fwdEngineeringStrategyName>Single Table</fwdEngineeringStrategyName>
<growthPercent>0</growthPercent>
<growthType>Year</growthType>
<maxVolumes>9999999</maxVolumes>
<minVolumes>0</minVolumes>
<normalForm>Third</normalForm>
<fonts>
<FontObject class="oracle.dbtools.crest.model.design.FontObjectWr">
<foType>Title</foType>
<fontStyle>1</fontStyle>
<colorRGB>-16776961</colorRGB>
</FontObject>
<FontObject class="oracle.dbtools.crest.model.design.FontObjectWr">
<foType>Attribute</foType>
<colorRGB>-16777216</colorRGB>
</FontObject>
<FontObject class="oracle.dbtools.crest.model.design.FontObjectWr">
<foType>Datatype</foType>
<colorRGB>-16744448</colorRGB>
</FontObject>
<FontObject class="oracle.dbtools.crest.model.design.FontObjectWr">
<foType>PK Element</foType>
<colorRGB>-16776961</colorRGB>
</FontObject>
<FontObject class="oracle.dbtools.crest.model.design.FontObjectWr">
<foType>FK Element</foType>
<colorRGB>-16777216</colorRGB>
</FontObject>
<FontObject class="oracle.dbtools.crest.model.design.FontObjectWr">
<foType>UK Element</foType>
<colorRGB>-16776961</colorRGB>
</FontObject>
<FontObject class="oracle.dbtools.crest.model.design.FontObjectWr">
<foType>Not Null</foType>
<colorRGB>-65536</colorRGB>
</FontObject>
<FontObject class="oracle.dbtools.crest.model.design.FontObjectWr">
<foType>Key</foType>
<colorRGB>-16777216</colorRGB>
</FontObject>
</fonts>
<attributes>
<Attribute class="oracle.dbtools.crest.model.design.logical.Attribute" name="LEVEL2_ID" id="8DBC5138-5658-7081-26E7-2BC4C17482E3">
<createdBy>marchiori</createdBy>
<createdTime>2014-02-06 11:24:23 UTC</createdTime>
<ownerDesignName>model</ownerDesignName>
<engineerTo>
<item key="63912EBD-D56B-5BF9-76D7-3E97D420B701" value="true"/>
</engineerTo>
<use>0</use>
</Attribute>
</attributes>
<identifiers>
<identifier class="oracle.dbtools.crest.model.design.logical.CandidateKey" id="7B6E30D1-191F-861B-245F-AEB807B673E7" name="LEVEL2 PK">
<createdBy>marchiori</createdBy>
<createdTime>2014-02-06 11:25:02 UTC</createdTime>
<ownerDesignName>model</ownerDesignName>
<engineerTo>
<item key="63912EBD-D56B-5BF9-76D7-3E97D420B701" value="true"/>
</engineerTo>
<pk>true</pk>
<usedAttributes>
<attributeRef>8DBC5138-5658-7081-26E7-2BC4C17482E3</attributeRef>
</usedAttributes>
</identifier>
</identifiers>
</Entity>