<?xml version='1.0' encoding='UTF-8'?>
<!DOCTYPE hibernate-configuration PUBLIC
          "-//Hibernate/Hibernate Configuration DTD 3.0//EN"
          "http://hibernate.sourceforge.net/hibernate-configuration-3.0.dtd">

<!-- Generated by MyEclipse Hibernate Tools.                   -->
<hibernate-configuration>

<session-factory>
	<property name="connection.username">thanhhai</property>
	<property name="connection.url">
		jdbc:mysql://localhost:3306/lais02
	</property>
	<property name="dialect">
		org.hibernate.dialect.MySQLDialect
	</property>
	<property name="myeclipse.connection.profile">lais02</property>
	<property name="connection.password"></property>
	<property name="connection.driver_class">
		com.mysql.jdbc.Driver
	</property>
	<property name="connection.pool_size">1</property>
	<property name="cache.use_query_cache">false</property>
	<property name="cache.use_minimal_puts">false</property>
	<property name="show_sql">false</property>
	<!--  <mapping resource="cz/raynet/lais/Assignment.hbm.xml" />
	<mapping resource="cz/raynet/lais/Case.hbm.xml" />
	<mapping resource="cz/raynet/lais/Certificate.hbm.xml" />
	<mapping resource="cz/raynet/lais/InvolveCase.hbm.xml" />
	<mapping resource="cz/raynet/lais/InvolveLesson.hbm.xml" />
	<mapping resource="cz/raynet/lais/InvolveSubject.hbm.xml" />
	<mapping resource="cz/raynet/lais/Lesson.hbm.xml" />
	<mapping resource="cz/raynet/lais/Management.hbm.xml" />
	<mapping resource="cz/raynet/lais/Option.hbm.xml" />
	<mapping resource="cz/raynet/lais/Question.hbm.xml" />
	<mapping resource="cz/raynet/lais/Registration.hbm.xml" />
	<mapping resource="cz/raynet/lais/Response.hbm.xml" />
	<mapping resource="cz/raynet/lais/SolutionOfCase.hbm.xml" />
	<mapping resource="cz/raynet/lais/Subject.hbm.xml" />
	<mapping resource="cz/raynet/lais/SubjectPlan.hbm.xml" />
	<mapping resource="cz/raynet/lais/Test.hbm.xml" />
	<mapping resource="cz/raynet/lais/TutorTask.hbm.xml" />
	<mapping resource="cz/raynet/lais/User.hbm.xml" />
-->
</session-factory>

</hibernate-configuration>