<?xml version="1.0"?>
<!DOCTYPE hibernate-mapping PUBLIC
	"-//Hibernate/Hibernate Mapping DTD 3.0//EN"
	"http://hibernate.sourceforge.net/hibernate-mapping-3.0.dtd">

<!--  /* 
	* Copyright 2006 RAYNET s.r.o., All rights reserved. 
	* RAYNET s.r.o. PROPRIETARY/CONFIDENTIAL. Use is subject to license terms. 
	* www.raynet.cz 
	*/  -->

<!-- this map is created to keep track of management of officer with tutor's work
	( cases,questions,lesson of this subject) lesson, cases,
	question.
	Management    : - IdManagement
	- IdUser    (Idtutor)
	
	
	@author Hai Nguyen 
	
-->

<hibernate-mapping package="cz.raynet.lais">
	<class name="Management" table="MANAGEMENT" >
		<meta attribute="class-description">
			keep trach of responsibilities of tutor @author Hai Nguyen
		</meta>

		<!-- common id -->
		<id name="id" type="int" column="MANAGEMENT_ID">
			<generator class="native" />
		</id>
		
		<!-- many MANAGEMENT to one OFFICER -->
		<many-to-one name="officer" column="OFFICER_ID" class="User"
			not-null="true" />

		<many-to-one name="response" class="Response" column="RES_ID" unique="true"/>
	</class>

</hibernate-mapping>