<assembly>
    <id>package-dependencies-in-lib</id>
    <formats>
        <format>dir</format>
        <format>jar</format>
    </formats>
    <includeBaseDirectory>false</includeBaseDirectory>
    <fileSets>
        <fileSet>
            <directory>target/classes</directory>
            <lineEnding>keep</lineEnding>
            <outputDirectory>./</outputDirectory>
            <includes>
                <include>**/**</include>
            </includes>
        </fileSet>
    </fileSets>

    <dependencySets>

        <!-- non-transitive dependencies -->
        <dependencySet>
            <useProjectArtifact>false</useProjectArtifact>
            <useTransitiveDependencies>false</useTransitiveDependencies>
            <outputDirectory>./lib</outputDirectory>
            <includes>
                <include>joda-time:joda-time</include>
                <include>mysql:mysql-connector-java</include>
                <!-- for hibernate 5.3.10 -->
                <!--
                <include>javax.xml.bind:jaxb-api</include>
                <include>com.sun.xml.bind:jaxb-impl</include>
                <include>com.sun.xml.bind:jaxb-core</include>
                -->
                <!-- end for hibernate 5.3.10 -->
            </includes>
        </dependencySet>
        <!-- transitive dependencies -->
        <dependencySet>
            <useProjectArtifact>false</useProjectArtifact>
            <useTransitiveDependencies>true</useTransitiveDependencies>
            <useTransitiveFiltering>true</useTransitiveFiltering>
            <outputDirectory>./lib</outputDirectory>

            <excludes>
            </excludes>
            <includes>
                <include>org.hibernate:hibernate-core</include>
                <include>org.jadira.usertype:usertype.core</include>
            </includes>
        </dependencySet>
    </dependencySets>
</assembly>
