<?xml version="1.0" encoding="UTF-8" ?>
<beans xmlns="http://www.springframework.org/schema/beans" xmlns:xsi="http://www.w3.org/2001/XMLSchema-instance"
       xmlns:tx="http://www.springframework.org/schema/tx"
       xsi:schemaLocation="http://www.springframework.org/schema/beans http://www.springframework.org/schema/beans/spring-beans.xsd
                           http://www.springframework.org/schema/tx http://www.springframework.org/schema/tx/spring-tx.xsd"
       default-lazy-init="true">
	<bean id="hibernateSessionFactory" class="org.springframework.orm.hibernate4.LocalSessionFactoryBean" depends-on="dataSource">
		<property name="dataSource" ref="dataSource"/>
		<property name="hibernateProperties">
			<props>
				<prop key="hibernate.dialect">org.hibernate.dialect.H2Dialect</prop>
				<prop key="hibernate.connection.autocommit">true</prop>
				<prop key="hibernate.cache.use_second_level_cache">true</prop>
				<prop key="hibernate.show_sql">false</prop>
				<prop key="hibernate.format_sql">true</prop>
				<prop key="hibernate.hbm2ddl.auto">create</prop>
			</props>
		</property>
		<property name="mappingLocations">
			<list>
				<value>org/svaor/sscce/package.hbm.xml</value>
			</list>
		</property>
	</bean>

	<bean id="transactionManager" class="org.springframework.orm.hibernate4.HibernateTransactionManager">
		<property name="sessionFactory" ref="hibernateSessionFactory"/>
		<property name="transactionSynchronizationName" value="SYNCHRONIZATION_ON_ACTUAL_TRANSACTION"/>
	</bean>

	<tx:annotation-driven transaction-manager="transactionManager"/>

	<bean id="transactionTemplate" class="org.springframework.transaction.support.TransactionTemplate">
		<property name="transactionManager" ref="transactionManager"/>
		<property name="propagationBehaviorName" value="PROPAGATION_REQUIRES_NEW"/>
	</bean>
</beans>
