<?xml version="1.0" encoding="UTF-8"?>
<beans xmlns="http://www.springframework.org/schema/beans"
	xmlns:xsi="http://www.w3.org/2001/XMLSchema-instance" xmlns:context="http://www.springframework.org/schema/context"
	xmlns:aop="http://www.springframework.org/schema/aop"
	xsi:schemaLocation="http://www.springframework.org/schema/beans
	                    http://www.springframework.org/schema/beans/spring-beans-3.2.xsd
	                    http://www.springframework.org/schema/context
	                    http://www.springframework.org/schema/context/spring-context-3.2.xsd
	                    http://www.springframework.org/schema/aop
	                    http://www.springframework.org/schema/aop/spring-aop-3.2.xsd">

	<context:annotation-config />
	<context:component-scan base-package="org.sample.hibernate" />

	<bean id="transactionManager" class="org.springframework.orm.jpa.JpaTransactionManager">
		<property name="entityManagerFactory" ref="entityManagerFactory" />
	</bean>

	<bean id="dataSource" class="org.springframework.jdbc.datasource.LazyConnectionDataSourceProxy">
		<constructor-arg>
			<bean class="org.springframework.jdbc.datasource.SimpleDriverDataSource">
				<property name="driverClass" value="org.h2.Driver" />
				<property name="url" value="jdbc:h2:mem:testdb;DB_CLOSE_DELAY=-1;MODE=MSSQLServer;TRACE_LEVEL_SYSTEM_OUT=0" />
			</bean>
		</constructor-arg>
	</bean>
	
	<!-- Skapa en entity manager för att hantera JPA -->
	<bean id="entityManagerFactory" class="org.springframework.orm.jpa.LocalContainerEntityManagerFactoryBean">
		<property name="dataSource" ref="dataSource" />
		<property name="persistenceUnitName" value="default" />
		<property name="jpaVendorAdapter">
			<bean class="org.springframework.orm.jpa.vendor.HibernateJpaVendorAdapter">
				<property name="database" value="H2" />
			</bean>
		</property>
	</bean>

</beans>

