<?xml version="1.0" encoding="UTF-8"?>

<beans xmlns="http://www.springframework.org/schema/beans"
	xmlns:xsi="http://www.w3.org/2001/XMLSchema-instance"
	xmlns:p="http://www.springframework.org/schema/p"
	xmlns:aop="http://www.springframework.org/schema/aop"
	xmlns:context="http://www.springframework.org/schema/context"
	xmlns:jee="http://www.springframework.org/schema/jee"
	xmlns:tx="http://www.springframework.org/schema/tx"
	xsi:schemaLocation="
			http://www.springframework.org/schema/aop http://www.springframework.org/schema/aop/spring-aop-2.5.xsd
			http://www.springframework.org/schema/beans http://www.springframework.org/schema/beans/spring-beans-2.5.xsd
			http://www.springframework.org/schema/context http://www.springframework.org/schema/context/spring-context-2.5.xsd
			http://www.springframework.org/schema/jee http://www.springframework.org/schema/jee/spring-jee-2.5.xsd
			http://www.springframework.org/schema/tx http://www.springframework.org/schema/tx/spring-tx-2.5.xsd">


	<context:property-placeholder location="classpath:jdbc.properties" />

<!--
	<bean id="orclDataSource"
		class="org.apache.commons.dbcp.BasicDataSource" destroy-method="close"
		p:driverClassName="${jdbc.orcl.driverClassName}"
		p:url="${jdbc.orcl.url}" p:username="${jdbc.orcl.username}"
		p:password="${jdbc.orcl.password}" />

	<bean id="orclSessionFactory"
		class="org.springframework.orm.hibernate3.LocalSessionFactoryBean">
		<property name="dataSource" ref="orclDataSource" />
		<property name="mappingResources">
			<list>
				<value>SlipMnt.hbm.xml</value>
				<value>SlipMnt1.hbm.xml</value>
			</list>
		</property>
		<property name="hibernateProperties">
			<props>
				<prop key="hibernate.dialect">
					${hibernate.orcl.dialect}
				</prop>
				<prop key="hibernate.show_sql">
					${hibernate.orcl.show_sql}
				</prop>
				<prop key="hibernate.generate_statistics">
					${hibernate.orcl.generate_statistics}
				</prop>
				<prop key="hibernate.jdbc.use_scrollable_resultsets">${hibernate.jdbc.use_scrollable_resultsets}</prop>
			</props>
		</property>
		<property name="lobHandler">
			<bean
				class="org.springframework.jdbc.support.lob.OracleLobHandler">
				<property name="nativeJdbcExtractor">
					<bean
						class="org.springframework.jdbc.support.nativejdbc.CommonsDbcpNativeJdbcExtractor" />
				</property>
			</bean>
		</property>
	</bean>
-->

<!--
<bean id="sqlsrvDataSource" class="org.apache.commons.dbcp.BasicDataSource" destroy-method="close"
		p:driverClassName="${jdbc.driverClassName}" p:url="${jdbc.url}" />

		<bean id="sqlsrvSessionFactory" class="org.springframework.orm.hibernate3.LocalSessionFactoryBean">
		<property name="dataSource" ref="sqlsrvDataSource"/>
		<property name="mappingResources">
		<list>
		<value>SlipMnt.hbm.xml</value>
		</list>
		</property>
		<property name="hibernateProperties">
		<props>
		<prop key="hibernate.dialect">${hibernate.dialect}</prop>
		<prop key="hibernate.show_sql">${hibernate.show_sql}</prop>
		<prop key="hibernate.generate_statistics">${hibernate.generate_statistics}</prop>
		<prop key="hibernate.jdbc.batch_size">${hibernate.jdbc.batch_size}</prop>
		<prop key="hibernate.jdbc.use_scrollable_resultsets">${hibernate.jdbc.use_scrollable_resultsets}</prop>
		</props>
		</property>
		</bean>

-->

	<bean id="mysqlDataSource" class="org.apache.commons.dbcp.BasicDataSource" destroy-method="close"
		p:driverClassName="${jdbc.driverClassName}" p:url="${jdbc.url}"
		p:username="${jdbc.username}"
		p:password="${jdbc.password}"/>

	<bean id="mysqlSessionFactory" class="org.springframework.orm.hibernate3.LocalSessionFactoryBean">
		<property name="dataSource" ref="mysqlDataSource"/>
		<property name="mappingResources">
			<list>
				<value>SlipMnt.hbm.xml</value>
				<value>SlipMnt1.hbm.xml</value>
			</list>
		</property>
		<property name="hibernateProperties">
			<props>
				<prop key="hibernate.dialect">${hibernate.dialect}</prop>
				<prop key="hibernate.show_sql">${hibernate.show_sql}</prop>
				<prop key="hibernate.generate_statistics">${hibernate.generate_statistics}</prop>
				<prop key="hibernate.jdbc.use_scrollable_resultsets">${hibernate.jdbc.use_scrollable_resultsets}</prop>
			</props>
		</property>
	</bean>

	<bean id="dbread" class="DBRead">
		<property name="sessionFactory">
			<ref bean="orclSessionFactory" />
		</property>

	</bean>
</beans>