<?xml version="1.0"?>
<!DOCTYPE hibernate-mapping PUBLIC
        "-//Hibernate/Hibernate Mapping DTD 3.0//EN"
        "http://hibernate.sourceforge.net/hibernate-mapping-3.0.dtd">

<hibernate-mapping>
    <class name="SlipMnt" table="SLIP_MNT" >
		<composite-id>
			<key-property name="factsPin" column="FACTS_PIN"/>
			<key-property name="digitNo" column="DIGIT_NMBR" />
		</composite-id>
        <property name="rows"  column="MNT_ROWS"/>
        <property name="columns"  column="MNT_COLUMNS"/>
        <property name="gender"  column="GENDER"/>
        <property name="agencyID" column="CONTROL_AGENCY_ID"/>
        <property name="factsPinDigit" column="FACTS_PIN_DIGIT"/>
        <property name="compressionFormat" column="COMPRESSION_FORMAT"/>
        <property name="mnt" column="DIGIT_MNT" />
        <property name="mntSize" column="MNT_SIZE"/>
      </class>
   </hibernate-mapping>


