<?xml version="1.0" encoding="UTF-8"?>
<beans xmlns="http://www.springframework.org/schema/beans"
       xmlns:xsi="http://www.w3.org/2001/XMLSchema-instance" xmlns:spring="http://camel.apache.org/schema/spring"
       xmlns:context="http://www.springframework.org/schema/context"
       xmlns:osgi="http://www.springframework.org/schema/osgi"
       xsi:schemaLocation="http://www.springframework.org/schema/beans http://www.springframework.org/schema/beans/spring-beans.xsd http://camel.apache.org/schema/spring http://camel.apache.org/schema/spring/camel-spring.xsd http://www.springframework.org/schema/context http://www.springframework.org/schema/context/spring-context.xsd http://www.springframework.org/schema/osgi http://www.springframework.org/schema/osgi/spring-osgi.xsd">

    <osgi:reference id="entityManagerFactory" interface="javax.persistence.EntityManagerFactory" filter="(osgi.unit.name=HibernateOSGi_ContainerManaged)" />
    <osgi:reference id="transactionManager" interface="org.springframework.transaction.PlatformTransactionManager"/>
    <osgi:reference id="dataPointService" interface="org.hibernate.osgitest.service.DataPointService"/>

    <context:component-scan base-package="org.hibernate.osgitest.route"/>

    <spring:camelContext id="osgitest-camel-context">
        <spring:routeBuilder ref="timerRoute"/>
    </spring:camelContext>

    <bean id="PROPAGATION_REQUIRED" class="org.apache.camel.spring.spi.SpringTransactionPolicy">
        <property name="transactionManager" ref="transactionManager"/>
    </bean>
</beans>