<?xml version='1.0' encoding='utf-8'?>
<!DOCTYPE hibernate-configuration PUBLIC
        "-//Hibernate/Hibernate Configuration DTD 3.0//EN"
        "http://www.hibernate.org/dtd/hibernate-configuration-3.0.dtd">

<hibernate-configuration>
  <session-factory>
    <property name="hibernate.connection.driver_class">org.apache.derby.jdbc.EmbeddedDriver</property>
    <property name="hibernate.connection.url">jdbc:derby:memory:ts.derby;create=true</property>
    <property name="hibernate.connection.username">sa</property>
    <property name="hibernate.connection.password"></property>
    <property name="hibernate.dialect">org.hibernate.dialect.DerbyTenSevenDialect</property>

    <property name="hibernate.id.new_generator_mapping">true</property>

    <!-- order problem disappeares when order_inserts is set to false -->
    <property name="hibernate.order_inserts">true</property>
    <property name="hibernate.order_updates">true</property>

    <property name="hibernate.jdbc.batch_size">300</property>
    <property name="hibernate.jdbc.fetch_size">100</property>
    <property name="hibernate.hbm2ddl.auto">create</property>
    <property name="hibernate.show_sql">true</property>

    <mapping class="test.orderproblem.Person" />
    <mapping class="test.orderproblem.Man" />
    <mapping class="test.orderproblem.Woman" />
    <mapping class="test.orderproblem.Animal" />
    <mapping class="test.orderproblem.Elephant" />
    <mapping class="test.orderproblem.Mammal" />
    <mapping class="test.orderproblem.Horse" />

  </session-factory>
</hibernate-configuration>