<?xml version="1.0" encoding="UTF-8"?>
<!DOCTYPE hibernate-mapping PUBLIC "-//Hibernate/Hibernate Mapping DTD//EN" "http://hibernate.sourceforge.net/hibernate-mapping-2.0.dtd">
<hibernate-mapping>
    <!-- Don't edit this document; it is automatically generated by entity.hbm.xsl. -->
    <class name="com.docent.lms.entities.reference.ReferencePermission" table="DRPermission">
        <!--A permission in the role-based access control system.-->
        <jcs-cache usage="read-write"/>
        <id name="id" type="long" column="id" unsaved-value="null">
            <generator class="native">
                <param name="sequence">S_DRPermission</param>
            </generator>
        </id>
        <version name="version" type="long" column="version"/>
        <map name="localizations_" lazy="true" inverse="true">
            <jcs-cache usage="read-write"/>
            <key column="id"/>
            <index column="localeId" type="long"/>
            <one-to-many class="com.docent.lms.entities.reference.ReferencePermission_T"/>
        </map>
        <property name="code" type="string" column="code"/>
        <property name="permissionString" type="string" column="permissionString"/>
        <property name="description" type="string" column="description"/>
        <many-to-one name="category" class="com.docent.lms.entities.enums.reference.ReferencePermissionCategoryEnum" column="categoryId" not-null="true"/>
        <set name="rolePermissionAssociation_" lazy="true" inverse="true">
            <jcs-cache usage="read-write"/>
            <key column="permissionId"/>
            <one-to-many class="com.docent.lms.entities.reference.ReferenceRolePermissionAssociation"/>
        </set>
        <set name="legacyPermission_" lazy="true" inverse="true">
            <jcs-cache usage="read-write"/>
            <key column="relatedPermissionId"/>
            <one-to-many class="com.docent.lms.entities.reference.ReferenceLegacyPermission"/>
        </set>
    </class>
</hibernate-mapping>
