<?xml version="1.0" encoding="UTF-8"?>
<!DOCTYPE hibernate-mapping PUBLIC "-//Hibernate/Hibernate Mapping DTD//EN" "http://hibernate.sourceforge.net/hibernate-mapping-2.0.dtd">
<hibernate-mapping>
    <!-- Don't edit this document; it is automatically generated by entity.hbm.xsl. -->
    <class name="com.docent.lms.entities.reference.ReferenceRolePermissionAssociation" table="DRRolePermissionMap">
        <!--A relationship between a role and a permission.-->
        <jcs-cache usage="read-write"/>
        <composite-id name="id" class="com.docent.lms.entities.RolePermissionAssociation$Id" unsaved-value="any">
            <key-many-to-one name="role" class="com.docent.lms.entities.reference.ReferenceRole" column="roleId"/>
            <key-many-to-one name="permission" class="com.docent.lms.entities.reference.ReferencePermission" column="permissionId"/>
        </composite-id>
        <version name="version" type="long" column="version"/>
        <property name="grant" type="boolean" column="isGrant"/>
    </class>
</hibernate-mapping>
