<?xml version="1.0" encoding="UTF-8"?>
<!DOCTYPE hibernate-mapping PUBLIC "-//Hibernate/Hibernate Mapping DTD//EN" "http://hibernate.sourceforge.net/hibernate-mapping-2.0.dtd">
<hibernate-mapping>
    <!-- Don't edit this document; it is automatically generated by entity.hbm.xsl. -->
    <class name="com.docent.lms.entities.reference.ReferenceRole" table="DRRole">
        <!--A role in the role-based access control system.-->
        <jcs-cache usage="read-write"/>
        <id name="id" type="long" column="id" unsaved-value="null">
            <generator class="native">
                <param name="sequence">S_DRRole</param>
            </generator>
        </id>
        <version name="version" type="long" column="version"/>
        <map name="localizations_" lazy="true" inverse="true">
            <jcs-cache usage="read-write"/>
            <key column="id"/>
            <index column="localeId" type="long"/>
            <one-to-many class="com.docent.lms.entities.reference.ReferenceRole_T"/>
        </map>
        <property name="name" type="string" column="name"/>
        <property name="description" type="string" column="description"/>
        <set name="rolePermissionAssociation_" lazy="true" inverse="true">
            <jcs-cache usage="read-write"/>
            <key column="roleId"/>
            <one-to-many class="com.docent.lms.entities.reference.ReferenceRolePermissionAssociation"/>
        </set>
    </class>
</hibernate-mapping>
