<?xml version="1.0"?>
<!DOCTYPE hibernate-mapping PUBLIC 
	"-//Hibernate/Hibernate Mapping DTD 3.0//EN"
	"http://hibernate.sourceforge.net/hibernate-mapping-3.0.dtd">

<!-- 

  This mapping is a basic example of how to write a UserCollectionType.
     
-->

<hibernate-mapping package="org.hibernate.test.usercollectionwithparameters">
    <typedef name="ModListType" class="org.hibernate.test.usercollectionwithparameters.MyListType">
        <param name="default">Hello</param>
    </typedef>	

	<import class="Permission"/>

	<class name="User" table="`Users`">
		<id name="userName"/>
		<list name="emailAddresses" fetch="join" cascade="all, delete-orphan" collection-type="ModListType">
			<key column="userName"/>
			<list-index column="displayOrder" base="1"/>
			<one-to-many class="Email"/>
		</list>		
	</class>

    <class name="Email">
    	<id name="id">
    	 <generator class="native"/>
    	</id>
    	<property name="address"/>
    </class>	

</hibernate-mapping>
