<?xml version="1.0"?>
<!DOCTYPE hibernate-mapping PUBLIC "-//Hibernate/Hibernate Mapping DTD 3.0//EN" "http://www.hibernate.org/dtd/hibernate-mapping-3.0.dtd">
<hibernate-mapping>
  <class name="org.hibernate.test.aliastobeanresulttransformer.User">
    <id name="id" type="long">
      <column name="id" />
      <generator class="native" />
    </id>
    <property name="firstName"  column="FIRST_NAME"/>
    <property name="lastName"  column="LAST_NAME"/>

    <sql-query name="testQuery"> 
      <![CDATA[
      select  * from  USER
      ]]>
    </sql-query>

    <sql-query name="testQuery2"> 
      <![CDATA[
      select FIRST_NAME as FirstName, LAST_NAME as LastName  
      from  USER
      ]]>
    </sql-query>
  </class>
  
</hibernate-mapping>
