<?xml version="1.0" encoding="UTF-8"?>
<!DOCTYPE hibernate-configuration PUBLIC
		"-//Hibernate/Hibernate Configuration DTD 3.0//EN"
		"http://hibernate.sourceforge.net/hibernate-configuration-3.0.dtd">
<hibernate-configuration>
	<session-factory>

		<property name="connection.url">
			jdbc:postgresql://localhost:5432/customer
		</property>
		<property name="connection.username">postgres</property>
		<property name="connection.password">p</property>
		<property name="connection.driver_class">
			org.postgresql.Driver
		</property>
		<property name="dialect">
			org.hibernate.dialect.PostgreSQLDialect
		</property>
		<property name="hibernate.current_session_context_class">
			thread
		</property>
		<property name="hibernate.show_sql">true</property>
		<property name="cache.provider_class">
			org.hibernate.cache.EhCacheProvider
		</property>
		<property name="hibernate.hbm2ddl.auto">update</property>

<!--  -->
		<mapping resource="de/laliluna/test/Leaf.hbm.xml" />
		<mapping resource="de/laliluna/test/Tree.hbm.xml" />
		<mapping resource="de/laliluna/test/Forest.hbm.xml" />


		<!-- 
		<mapping class="de.laliluna.test.Leaf" />
		<mapping class="de.laliluna.test.Forest" />
			<mapping class="de.laliluna.test.Tree" />
		-->
	</session-factory>
</hibernate-configuration>
