<?xml version="1.0" encoding="UTF-8"?>
<!DOCTYPE hibernate-configuration SYSTEM "hibernate-configuration-3.0.dtd" >
<hibernate-configuration>
  <session-factory>
    <!-- Hibernate settings -->
  	<property name="hibernate.dialect">org.hibernate.dialect.Oracle9iDialect</property>
  	<property name="hibernate.connection.driver_class">oracle.jdbc.driver.OracleDriver</property>

  	<property name="hibernate.connection.pool_size">40</property>
  	<property name="hibernate.connection.validationQuery">select 1 from dual</property>
  	<property name="hibernate.connection.validationAttempts">5</property>
  	<property name="hibernate.connection.validationAttemptTimeout">10</property>

   	<property name="hibernate.connection.url">jdbc:oracle:thin:@localhost:1522:local11</property>
  	<property name="hibernate.connection.username">hibernatetest</property>
  	<property name="hibernate.connection.password">hibernatetest</property>
  	
  	<property name="hibernate.cache.provider_class">org.hibernate.cache.OSCacheProvider</property>
  	<property name="hibernate.cache.use_query_cache">true</property>
  	<property name="hibernate.format_sql">false</property>
  	<property name="hibernate.show_sql">true</property>
  </session-factory>
</hibernate-configuration>
