<?xml version="1.0" encoding="UTF-8"?>
<!DOCTYPE hibernate-mapping PUBLIC "-//Hibernate/Hibernate Mapping DTD 3.0//EN" "hibernate-mapping-3.0.dtd" >
<hibernate-mapping auto-import="false">
  <class name="hibernatebug.Parent" table="PARENT" discriminator-value="1003" batch-size="100" lazy="false" >
    <cache usage="read-write"/>
    <id name="PK" type="long" column="PK"/>
    <discriminator column="CID" type="long" insert="true"/>
    
    <bag name="children" lazy="extra" inverse="true" table="CHILD" optimistic-lock="false" >
      <cache usage="read-write"/>
      <key column="FK_PARENT" />
      <many-to-many class="hibernatebug.Child" column="PK"/>
    </bag>
    
  </class>
</hibernate-mapping>
  