<?xml version='1.0' encoding='utf-8'?>
<!DOCTYPE hibernate-configuration PUBLIC
        "-//Hibernate/Hibernate Configuration DTD 2.0//EN"

 "http://hibernate.sourceforge.net/hibernate-configuration-2.0.dtd">

<hibernate-configuration>

    <!-- a SessionFactory instance listed as /jndi/name -->
    <session-factory>

        <!-- properties -->
        <property name="connection.driver_class">com.microsoft.jdbc.sqlserver.SQLServerDriver</property>
        <property name="connection.url">jdbc:microsoft:sqlserver://192.168.1.10;DatabaseName=criteriatest;SelectMethod=cursor</property>
        <property name="connection.username">sa</property>
        <property name="connection.password"></property>
        <property name="dialect">net.sf.hibernate.dialect.SybaseDialect</property>
        <property name="show_sql">true</property>

        <!-- mapping files -->
        <mapping resource="criteriatest/Parent.hbm.xml"/>
        <mapping resource="criteriatest/Child.hbm.xml"/>
    </session-factory>

</hibernate-configuration>