<?xml version="1.0" encoding="UTF-8"?>
<beans xmlns="http://www.springframework.org/schema/beans"
	xmlns:xsi="http://www.w3.org/2001/XMLSchema-instance"
	xmlns:context="http://www.springframework.org/schema/context" xmlns:tx="http://www.springframework.org/schema/tx"
	xmlns:jpa="http://www.springframework.org/schema/data/jpa"
	xsi:schemaLocation="http://www.springframework.org/schema/beans http://www.springframework.org/schema/beans/spring-beans.xsd
	http://www.springframework.org/schema/context http://www.springframework.org/schema/context/spring-context.xsd
	http://www.springframework.org/schema/data/jpa 
 http://www.springframework.org/schema/data/jpa/spring-jpa.xsd">

<context:property-placeholder location="classpath*:META-INF/*.properties" />
<bean
		class="org.springframework.orm.jpa.LocalContainerEntityManagerFactoryBean"
		id="entityManagerFactory">
		<property name="loadTimeWeaver">
			<bean
				class="org.springframework.instrument.classloading.InstrumentationLoadTimeWeaver" />
		</property>
		<property name="dataSource" ref="dataSource" />
		<property name="jpaVendorAdapter">
			<bean class="org.springframework.orm.jpa.vendor.HibernateJpaVendorAdapter">
				 <property name="showSql" value="true"></property> 
			</bean>
		</property>
		<property name="jpaPropertyMap">
			<map>
				<entry key="hibernate.transaction.manager_lookup_class"
					value="org.hibernate.transaction.OSGITransactionManagerLookup" />
				<entry key="hibernate.transaction.flush_before_completion"
					value="true" />
				<entry key="hibernate.transaction.auto_close_session" value="false" />
				<entry key="hibernate.current_session_context_class" value="jta" />
				<entry key="hibernate.connection.release_mode" value="auto" />
				<entry key="hibernate.hbm2ddl.auto" value="create-drop" />
				<entry key="hibernate.ejb.naming_strategy" value="org.hibernate.cfg.ImprovedNamingStrategy" />
				<!-- TODO trouver comment resoudre les proprietes -->
				<entry key="hibernate.dialect" value="org.hibernate.dialect.DerbyDialect" />
				<!--<entry key="hibernate.bytecode.provider" value="cglib"/>-->
			</map>
		</property>
	</bean>

	<bean
		class="org.springframework.orm.jpa.support.PersistenceAnnotationBeanPostProcessor" />
	
 <bean id="sessionFactory" factory-bean="entityManagerFactory" factory-method="getSessionFactory" />

</beans>
