<?xml version="1.0" encoding="utf-8"?>
<!DOCTYPE hibernate-configuration PUBLIC "-//Hibernate/Hibernate Configuration DTD 3.0//EN"
                                         "http://hibernate.sourceforge.net/hibernate-configuration-3.0.dtd">
<hibernate-configuration>
 <session-factory>
  <property name="hibernate.connection.driver_class">com.mysql.jdbc.Driver</property>
  <property name="hibernate.connection.password"></property>
  <property name="hibernate.connection.url">jdbc:mysql://testdb1:3306/dnatest</property>
  <property name="hibernate.connection.username">root</property>
  <property name="hibernate.default_catalog">dnatest</property>
  <property name="hibernate.dialect">org.hibernate.dialect.MySQL5InnoDBDialect</property>
  <property name="hibernate.search.autoregister_listeners">false</property>
  <property name="hibernate.show_sql">true</property>
  <property name="hibernate.format_sql">true</property>
  <property name="hibernate.hbm2ddl.auto">create-drop</property>


  
  <!-- domain --> 
  <mapping class="com.dna2.db.domain.DNA"/>
  <mapping class="com.dna2.db.domain.SequencingRead"/>
  <mapping class="com.dna2.db.domain.Oligo"/>  
  <mapping class="com.dna2.db.domain.Template"/>
  <mapping class="com.dna2.db.domain.Shipment"/>
 
 
 
 </session-factory> 
</hibernate-configuration>
