<?xml version="1.0" encoding="UTF-8"?>
<beans xmlns="http://www.springframework.org/schema/beans"
	xmlns:context="http://www.springframework.org/schema/context"
	xmlns:jdbc="http://www.springframework.org/schema/jdbc" xmlns:tx="http://www.springframework.org/schema/tx"
	xmlns:xsi="http://www.w3.org/2001/XMLSchema-instance"
	xsi:schemaLocation="http://www.springframework.org/schema/beans http://www.springframework.org/schema/beans/spring-beans.xsd
		http://www.springframework.org/schema/context http://www.springframework.org/schema/context/spring-context.xsd
		http://www.springframework.org/schema/jdbc http://www.springframework.org/schema/jdbc/spring-jdbc.xsd
		http://www.springframework.org/schema/tx http://www.springframework.org/schema/tx/spring-tx.xsd">

	<context:component-scan base-package="service" />

	<jdbc:embedded-database id="dataSource" type="HSQL" />

	<bean id="transactionManager" class="org.springframework.orm.jpa.JpaTransactionManager">
		<property name="dataSource" ref="dataSource" />
	</bean>

	<bean id="entityManagerFactory"
		class="org.springframework.orm.jpa.LocalContainerEntityManagerFactoryBean">
		<property name="dataSource" ref="dataSource" />
		<property name="persistenceUnitName" value="projectApi" />
		<property name="packagesToScan" value="model" />
		<property name="jpaVendorAdapter">
			<!-- bean
				class="org.springframework.orm.jpa.vendor.EclipseLinkJpaVendorAdapter" / -->
			<bean class="org.springframework.orm.jpa.vendor.HibernateJpaVendorAdapter" />
		</property>
		<property name="jpaPropertyMap">
			<map>
				<entry key="eclipselink.logging.level" value="FINE" />
				<entry key="eclipselink.ddl-generation" value="drop-and-create-tables" />
				<entry key="eclipselink.weaving" value="false" />
				<entry key="hibernate.hbm2ddl.auto" value="create-drop" />
				<entry key="hibernate.show_sql" value="true" />
				<!-- Performance -->
				<entry key="hibernate.max_fetch_depth" value="0" />
				<entry key="hibernate.default_batch_fetch_size" value="50" />
			</map>
		</property>
	</bean>

</beans>
