<?xml version="1.0"?>
<!DOCTYPE hibernate-mapping PUBLIC
    "-//Hibernate/Hibernate Mapping DTD 3.0//EN"
    "http://hibernate.sourceforge.net/hibernate-mapping-3.0.dtd" >
<hibernate-mapping>
    <class name="com.test.Person" table="PERSON">
        <id name="id" column="ID" >
            <generator class="increment" />
        </id>
        <property name="firstname" column="FIRSTNAME"/>
        <property name="lastname" column="LASTNAME"/>
        <map name="phones" inverse="true" cascade="all-delete-orphan">
            <key column="PERSON_ID" />
            <index column="TYPE_ID" type="java.lang.Long" />
            <one-to-many class="com.test.Phone" />
        </map>
        <set name="relations" inverse="true" cascade="all-delete-orphan">
            <key column="PERSON_ID" />
            <one-to-many class="com.test.Relation" />
        </set>
	</class>
	<class name="com.test.Phone" table="PHONE">
        <composite-id>
            <key-many-to-one name="person" column="PERSON_ID" class="com.test.Person" />
            <key-property name="typeId" column="TYPE_ID"/>
        </composite-id>
        <property name="phoneNo" column="PHONE_NO" />
	</class>
	<class name="com.test.Relation" table="RELATION">
		<id name="id" column="ID" >
            <generator class="increment" />
        </id>
        <property name="personId" column="PERSON_ID" />
		<many-to-one name="relatedPerson" column="RELATED_PERSON_ID"
			class="com.test.Person" cascade="all" unique="true" not-null="true"/>
	</class>
</hibernate-mapping>