<?xml version="1.0" encoding="UTF-8"?>
<beans xmlns="http://www.springframework.org/schema/beans"
    xmlns:xsi="http://www.w3.org/2001/XMLSchema-instance"
    xmlns:p="http://www.springframework.org/schema/p"
    xmlns:aop="http://www.springframework.org/schema/aop"
    xmlns:context="http://www.springframework.org/schema/context"
    xmlns:jee="http://www.springframework.org/schema/jee"
    xmlns:tx="http://www.springframework.org/schema/tx"
    xmlns:util="http://www.springframework.org/schema/util"
    xsi:schemaLocation="
            http://www.springframework.org/schema/aop http://www.springframework.org/schema/aop/spring-aop-2.5.xsd
            http://www.springframework.org/schema/beans http://www.springframework.org/schema/beans/spring-beans-2.5.xsd
            http://www.springframework.org/schema/context http://www.springframework.org/schema/context/spring-context-2.5.xsd
            http://www.springframework.org/schema/jee http://www.springframework.org/schema/jee/spring-jee-2.5.xsd
            http://www.springframework.org/schema/tx http://www.springframework.org/schema/tx/spring-tx-2.5.xsd
            http://www.springframework.org/schema/util http://www.springframework.org/schema/util/spring-util-2.5.xsd">

  <!-- ========================= RESOURCE DEFINITIONS ========================= -->

  <context:property-placeholder location="classpath:config.properties" />

  <bean id="sessionFactory" class="org.springframework.orm.hibernate3.LocalSessionFactoryBean"
    p:configLocation="classpath:hibernate.cfg.xml"/>

  <bean id="transactionManager" class="org.springframework.orm.hibernate3.HibernateTransactionManager"
    p:sessionFactory-ref="sessionFactory"/>

  <tx:advice id="txAdvice">
    <tx:attributes>
        <tx:method name="*" />
    </tx:attributes>
  </tx:advice>

  <!-- Method Cache Advice -->
  <bean id="cacheManager" class="org.springframework.cache.ehcache.EhCacheManagerFactoryBean"
    p:configLocation="classpath:ehcache.xml" />

  <bean id="methodCache" class="org.springframework.cache.ehcache.EhCacheFactoryBean"
    p:cacheManager-ref="cacheManager" p:cacheName="methodCache" />

  <bean id="methodCacheAdvice" class="org.openbiz.bizservice.advice.MethodCacheAdvice"
    p:cache-ref="methodCache"/>

  <!-- Method Logging Advice -->
  <bean id="methodLoggingAdvice" class="org.openbiz.bizservice.advice.MethodLoggingAdvice"/>

  <!-- AOP -->
  <aop:config>
    <aop:advisor advice-ref="methodLoggingAdvice" pointcut="execution(* org.openbiz..*.*(..))" order="1"/>

    <aop:advisor advice-ref="txAdvice" pointcut="execution(* org.openbiz.bizservice.service.*Service.*(..))" order="5"/>

  </aop:config>

  <!-- ========================= MAPPER DEFINITIONS ========================= -->
  <bean id="userMapper" class="org.openbiz.bizservice.mapper.impl.UserMapperImpl" p:sessionFactory-ref="sessionFactory"/>

  <!-- ====================== BUSINESS OBJECT DEFINITIONS =================== -->
  <bean id="userService" class="org.openbiz.bizservice.service.impl.UserServiceImpl" p:userMapper-ref="userMapper" />

</beans>