<?xml version="1.0" encoding="UTF-8"?>
<!DOCTYPE hibernate-configuration PUBLIC
		"-//Hibernate/Hibernate Configuration DTD 3.0//EN"
		"http://hibernate.sourceforge.net/hibernate-configuration-3.0.dtd">
<hibernate-configuration>
    <session-factory>
        <property name="hibernate.connection.driver_class">com.mysql.jdbc.Driver</property>
        <property name="hibernate.connection.url">jdbc:mysql://localhost/bizservice</property>
        <property name="hibernate.connection.username">root</property>
        <property name="hibernate.connection.password"></property>

        <property name="hibernate.dialect">org.hibernate.dialect.MySQL5Dialect</property>

        <property name="hibernate.connection.provider_class">org.hibernate.connection.C3P0ConnectionProvider</property>
        <property name="hibernate.c3p0.min_size">5</property>
        <property name="hibernate.c3p0.max_size">20</property>
        <property name="hibernate.c3p0.timeout">1800</property>
        <property name="hibernate.c3p0.max_statements">50</property>


        <mapping resource="org/openbiz/bizservice/domain/User.hbm.xml"/>

    </session-factory>
</hibernate-configuration>
