<?xml version="1.0"?>
<!DOCTYPE hibernate-mapping PUBLIC "-//Hibernate/Hibernate Mapping DTD 3.0//EN"
                                   "http://hibernate.sourceforge.net/hibernate-mapping-3.0.dtd">
<hibernate-mapping package="org.hibernate.envers.test.integration.onetoone.bidirectional" default-lazy="false">
 <class name="BidirectionalRefIngPK" table="BIDIRECTIONAL_REFERENCING_ENTITY">
  <id name="id" type="long" column="BIDIRECTIONAL_REFERENCING_ID" >
   <generator class="foreign">
    <param name="property">reference</param>
   </generator>
  </id>
  <property name="data"/>
  <property column="BIDIRECTIONAL_REFERENCING_ID" generated="never" insert="false" lazy="false" name="id" type="long" update="false"/>  
  <one-to-one name="reference" cascade="save-update" class="BidirectionalRefEdPK" constrained="true" />
 </class>
 
 <class name="BidirectionalRefEdPK" table="BIDIRECTIONAL_REFERENCED_ENTITY">
  <id name="longId" type="long" column="BIDIRECTIONAL_REFERENCED_ID">
   <generator class="native"/>
  </id>
  <property name="data"/>
  <one-to-one name="referencing" cascade="all" class="BidirectionalRefIngPK" />
 </class>
</hibernate-mapping>
