<?xml version="1.0" ?>
<!DOCTYPE hibernate-configuration PUBLIC
	"-//Hibernate/Hibernate Configuration DTD//EN"
	"http://hibernate.sourceforge.net/hibernate-configuration-3.0.dtd">

<hibernate-configuration>
	<session-factory>
		<!-- P o s t g r e S Q L -->
		<!--
		<property name="dialect">org.hibernate.dialect.PostgreSQLDialect</property>
		<property name="connection.url">jdbc:postgresql:hskadb</property>
		<property name="connection.driver_class">org.postgresql.Driver</property>
		-->

		<!--  O r a c l e -->
		<property name="dialect">org.hibernate.dialect.OracleDialect</property>
		<property name="connection.url">jdbc:oracle:thin:@localhost:1521:XE</property>
		<property name="connection.driver_class">oracle.jdbc.driver.OracleDriver</property>
		
		<property name="connection.username">hska</property>
		<property name="connection.password">hskapassword</property>
		<property name="connection.pool_size">1</property>
		<property name="connection.isolation">2</property>

		<!-- P e r s i s t e n t   C l a s s e s -->
		<mapping resource="de/crm/cfg/CustomerEntity.hbm.xml"/>
		<mapping resource="de/crm/cfg/SalesRepEntity.hbm.xml"/>
	</session-factory>
</hibernate-configuration>