<?xml version="1.0"?>
<!DOCTYPE hibernate-mapping PUBLIC "-//Hibernate/Hibernate Mapping DTD 3.0//EN"
"http://hibernate.sourceforge.net/hibernate-mapping-3.0.dtd">

<hibernate-mapping auto-import="false" default-access="field">
	<class name="datasource.Person" table="PERSON" >
		<composite-id name="id" class="datasource.PersonId">
            <key-property name="family" type="string">
                <column name="FAMILY"/>
            </key-property>
            <key-property name="number" type="long">
                <column name="NUMBER"/>
            </key-property>
        </composite-id>
    </class>
</hibernate-mapping>