<?xml version="1.0" encoding="UTF-8"?>
<!DOCTYPE hibernate-mapping PUBLIC "-//Hibernate/Hibernate Mapping DTD 3.0//EN" "http://hibernate.sourceforge.net/hibernate-mapping-3.0.dtd">

<hibernate-mapping package="patchTest.associationFormula">
	<class name="AssociationFormula" table="AssociationFormula"
		dynamic-update="true" optimistic-lock="dirty">

		<id name="id" column="id">
			<generator class="native" />
		</id>

		<component name="data">
			<property name="val1" length="10" />
			<property name="val2" length="10" formula="const" />
		</component>
	</class>
</hibernate-mapping>
