<?xml version="1.0" encoding="UTF-8"?>
<!DOCTYPE hibernate-configuration PUBLIC "-//Hibernate/Hibernate Configuration DTD 3.0//EN"
                                         "http://hibernate.sourceforge.net/hibernate-configuration-3.0.dtd">
<hibernate-configuration>
 <session-factory >
  
  
  <!--
  <property name="hibernate.connection.driver_class">org.hsqldb.jdbcDriver</property>
  <property name="hibernate.connection.url">jdbc:hsqldb:mem:aname</property> 
  <property name="hibernate.dialect">org.hibernate.dialect.HSQLDialect</property>
  <property name="connection.username">sa</property>
  <property name="connection.password"></property>
   -->  
   
  <property name="hibernate.default_schema">test</property>       		                     
  <property name="hibernate.connection.driver_class">com.mysql.jdbc.Driver</property>
  <property name="hibernate.connection.url">jdbc:mysql:///test</property> 
  <property name="hibernate.dialect">org.hibernate.dialect.MySQL5Dialect</property>
  <property name="connection.username">test</property>
  <property name="connection.password">test</property>
     
  <!--  <property name="hibernate.hbm2ddl.auto">create-drop</property>
   -->
   <property name="hibernate.hbm2ddl.auto">update</property>
  <property name="hibernate.show_sql">false</property>
  <property name="hibernate.format_sql">true</property>
    

      
  <mapping resource="Order.hbm.xml"/>
  <!-- <mapping resource="OrderLine.hbm.xml"/> -->
  <!-- 
  <mapping resource="Person.hbm.xml"/>
   -->
 </session-factory>
</hibernate-configuration>

