<?xml version="1.0" encoding="UTF-8"?>
<!DOCTYPE log4j:configuration SYSTEM "log4j.dtd">

<log4j:configuration xmlns:log4j="http://jakarta.apache.org/log4j/">

    <appender name="console" class="org.apache.log4j.ConsoleAppender">
        <param name="Target" value="System.out"/>
        

        <layout class="org.apache.log4j.PatternLayout">
            <param name="ConversionPattern" value="%d %p [%c] - %m%n"/>
        </layout>
    </appender>

    <appender name="file" class="org.apache.log4j.FileAppender">
        <param name="File" value="${bitronix.tm.logprepend}btm.log"/>
        <param name="Append" value="false"/>
        <param name="Threshold" value="DEBUG"/>

        <layout class="org.apache.log4j.PatternLayout">
            <param name="ConversionPattern" value="%d [%t] %p - %m%n"/>
        </layout>
    </appender>


     <category name="org.hibernate">
       <level value="all"/>
       <appender-ref ref="console"/>
    </category>



    <root>
        <appender-ref ref="file"/>
    </root>

</log4j:configuration>
