<?xml version='1.0' encoding='utf-8'?>
<!DOCTYPE hibernate-configuration PUBLIC
    "-//Hibernate/Hibernate Configuration DTD//EN"
    "http://hibernate.sourceforge.net/hibernate-configuration-3.0.dtd">
<hibernate-configuration>
    <session-factory>
        <!-- Database connection settings -->
        <property name="connection.driver_class">oracle.jdbc.driver.OracleDriver</property>
        <property name="connection.url">jdbc:oracle:thin:@localhost:1521:xe</property>
        <property name="connection.username">test</property>
        <property name="connection.password">test</property>

        <!-- JDBC connection pool (use the built-in) -->
        <property name="connection.pool_size">1</property>

 <property name="hibernate.cache.use_second_level_cache">false</property>
 <property name="hibernate.cache.use_query_cache">false</property>

        <!-- Echo all executed SQL to stdout -->
        <property name="show_sql">false</property>

    </session-factory>
</hibernate-configuration>
