<?xml version="1.0" encoding="UTF-8"?>
<entity-mappings xmlns="http://java.sun.com/xml/ns/persistence/orm" xmlns:xsi="http://www.w3.org/2001/XMLSchema-instance" xsi:schemaLocation="http://java.sun.com/xml/ns/persistence/orm http://java.sun.com/xml/ns/persistence/orm_1_0.xsd" version="1.0">
  <entity class="dk.hibernatetest.model.B" />
  <entity class="dk.hibernatetest.model.A" />
  <entity class="dk.hibernatetest.model.E" />
  <entity class="dk.hibernatetest.model.G" />
  <entity class="dk.hibernatetest.model.F" />
  <entity class="dk.hibernatetest.model.H" />
  <entity class="dk.hibernatetest.model.C" />
  <entity class="dk.hibernatetest.model.D" />
</entity-mappings>

