<?xml version="1.0"?>
<!DOCTYPE hibernate-configuration PUBLIC
    "-//Hibernate/Hibernate Configuration DTD//EN"
    "http://www.hibernate.org/dtd/hibernate-configuration-3.0.dtd">

<hibernate-configuration>
 <session-factory>
 		<!-- Config -->
		<!-- http://docs.jboss.org/hibernate/core/3.6/reference/en-US/html_single/#session-configuration -->
 	<property name="hibernate.dialect">org.hibernate.dialect.MySQL5InnoDBDialect</property>
 	<property name="hibernate.connection.driver_class">com.mysql.jdbc.Driver</property>
 	<property name="hibernate.connection.pool_size">10</property>
 	
 	<property name="hibernate.show_sql">true</property>
	<property name="hibernate.format_sql">false</property>
	
 	<property name="hibernate.max_fetch_depth">1</property>
 	<property name="hibernate.connection.autocommit">false</property>
 	<!-- 
 	<property name="hibernate.jdbc.batch_versioned_data">true</property>
 	<property name="hibernate.jdbc.use_streams_for_binary">true</property>
 	<property name="hibernate.cache.provider_class">net.sf.ehcache.hibernate.SingletonEhCacheProvider</property>
 	 -->
 	<property name="hibernate.cache.use_second_level_cache">false</property>
 	<property name="hibernate.query.substitutions">yes 'Y', no 'N'</property>
 	
 	<property name="hibernate.connection.url">jdbc:mysql://localhost:3306/testhibernate</property>
	<property name="hibernate.connection.username">mysql</property>
	<property name="hibernate.connection.password">mysql</property>
 	
		<!-- mapping files -->
	<mapping class="fr.test.hibernate.bo.A"/>
    <mapping class="fr.test.hibernate.bo.B"/>
  </session-factory>
</hibernate-configuration>

