<?xml version="1.0" encoding="UTF-8"?>
<Configuration status="WARN" monitorInterval="60">

	<!-- Logging properties -->

	<Properties>
		<Property name="Context.Name">application.log</Property>
		<Property name="CATALINA_HOME">.</Property>
		<Property name="Log.Dir">${env:CATALINA_HOME}/logs</Property>
		<Property name="Log.File">${Log.Dir}/${Context.Name}.log</Property>
		<Property name="Log.Pattern">%d{yyyy-MM-dd HH:mm:ss.SSS} [%t] %-5level %logger{45} : %msg%n</Property>
	</Properties>

	<!-- Appender configuration -->

	<Appenders>

		<!-- Console appender -->

		<Console name="Console" target="SYSTEM_OUT">
			<PatternLayout pattern="%highlight{${Log.Pattern}}{TRACE=white, DEBUG=cyan, INFO=gray, WARN=yellow, ERROR=red, FATAL=blue}" disableAnsi="false" />
		</Console>

		<!-- Rolling file appender -->

		<RollingFile name="File" fileName="${Log.File}" filePattern="${Log.File}.%d{yyyy-MM-dd}.%i.gz">
			<PatternLayout>
				<Pattern>${Log.Pattern}</Pattern>
			</PatternLayout>
			<Policies>
				<TimeBasedTriggeringPolicy />
				<SizeBasedTriggeringPolicy size="100 MB" />
			</Policies>
			<DefaultRolloverStrategy max="10" />
		</RollingFile>

	</Appenders>

	<!-- Logger configuration -->

	<Loggers>

		<Root level="INFO">
			<AppenderRef ref="Console" />
			<AppenderRef ref="File" />
		</Root>

	</Loggers>

</Configuration>
