<?xml version="1.0"?>

<!DOCTYPE hibernate-mapping PUBLIC
    "-//Hibernate/Hibernate Mapping DTD 3.0//EN"
    "http://hibernate.sourceforge.net/hibernate-mapping-3.0.dtd">

<hibernate-mapping>
    
    <class name="db.Association" table="ASSOCIATION">
        
        <id name="associationId" column="ASSOCIATION_ID" type="int">
            <generator class="assigned"/>
        </id>
        
        <version name="version" column="VERSION"/>
        
        <many-to-one name="customer" column="CUSTOMER_ID" class="db.Customer" not-null="true"/>
        
        <!-- actually this is 'one-to-one' because: unique="true" -->
        <many-to-one name="associatedCustomer" column="ANOTHER_CUSTOMER_ID" class="db.Customer" not-null="true" unique="true"/>

    </class>

</hibernate-mapping>
