<?xml version="1.0"?>

<!DOCTYPE hibernate-mapping PUBLIC
    "-//Hibernate/Hibernate Mapping DTD 3.0//EN"
    "http://hibernate.sourceforge.net/hibernate-mapping-3.0.dtd">

<hibernate-mapping>
    
    <class name="db.Customer" table="CUSTOMER">
        
        <id name="customerId" column="CUSTOMER_ID" type="int">
            <generator class="assigned"/>
        </id>
        
        <version name="version" column="VERSION"/>
        
        <property name="fullname" column="FULLNAME" type="string" not-null="true"/>
        
        <set name="associations" inverse="true" cascade="all,delete-orphan">
            <key column="CUSTOMER_ID"/>
            <one-to-many class="db.Association"/>
        </set>

    </class>

</hibernate-mapping>
