<?xml version="1.0"?>
<!DOCTYPE hibernate-mapping PUBLIC
  "-//Hibernate/Hibernate Mapping DTD 3.0//EN"
  "http://hibernate.sourceforge.net/hibernate-mapping-3.0.dtd">
<hibernate-mapping>
	<class name="transactiontest.model.Account" table="account">
		<id name="id" length="10">
			<generator class="native"/>
		</id>
		<property name="name" length="255" not-null="true"/>
		<set name="transactions" table="transaction" inverse="true">
			<key/>
			<one-to-many class="transactiontest.model.Transaction"/>
			<loader query-ref="transactions"/>
		</set>
	</class>

	<sql-query name="transactions">
		<load-collection alias="tra" role="transactiontest.model.Account.transactions"/>
		<query-param name="id" type="integer"/>
		select {tra.*}
		from transaction tra
		where tra.from=:id or tra.to=:id
	</sql-query>
</hibernate-mapping>
