<?xml version="1.0"?>
<!DOCTYPE hibernate-mapping PUBLIC
  "-//Hibernate/Hibernate Mapping DTD 3.0//EN"
  "http://hibernate.sourceforge.net/hibernate-mapping-3.0.dtd">
<hibernate-mapping>
	<class name="transactiontest.model.Transaction" table="transaction">
		<id name="id" length="10">
			<generator class="native"/>
		</id>
		<many-to-one name="from" column="`from`" class="transactiontest.model.Account" not-null="true"/>
		<many-to-one name="to" column="`to`" class="transactiontest.model.Account" not-null="true"/>
		<property name="amount" not-null="true"/>
		<property name="creationDate" not-null="true"/>
		<property name="commitDate" not-null="false"/>
		<property name="comment" length="255" not-null="true"/>
	</class>
</hibernate-mapping>