<?xml version="1.0" encoding="UTF-8"?>
<!DOCTYPE hibernate-configuration PUBLIC '-//Hibernate/Hibernate Configuration DTD//EN' 'http://hibernate.sourceforge.net/hibernate-configuration-3.0.dtd'>
<hibernate-configuration>
    <session-factory>
        <property name="hibernate.connection.driver_class">org.hsqldb.jdbcDriver</property>
        <property name="hibernate.connection.url">jdbc:hsqldb:file:target/CustomerDB;shutdown=true</property>
        <property name="hibernate.connection.username">sa</property>
        <property name="hibernate.connection.password"></property>
        <property name="show_sql">true</property>
        <property name="hibernate.hbm2ddl.auto">update</property>
        <mapping class="org.hibernate.issue.hhh3538.Country"/>
        <mapping class="org.hibernate.issue.hhh3538.Customer"/>
    </session-factory>
</hibernate-configuration>
