<!DOCTYPE hibernate-configuration
  PUBLIC "-//Hibernate/Hibernate Configuration DTD 3.0//EN"
  "http://hibernate.sourceforge.net/hibernate-configuration-3.0.dtd">

<hibernate-configuration>

<session-factory>

  <property name="show_sql">true</property>

  <property name="hibernate.connection.driver_class">oracle.jdbc.OracleDriver</property>
  <property name="hibernate.connection.url"></property>
  <property name="hibernate.connection.username"></property>
  <property name="hibernate.connection.password"></property>
  <property name="hibernate.dialect">org.hibernate.dialect.OracleDialect</property>

  <mapping resource="test/Name.hbm.xml"/>
  <mapping resource="test/Value.hbm.xml"/>

</session-factory>

</hibernate-configuration>
