<?xml version="1.0" encoding="UTF-8"?>
<beans xmlns="http://www.springframework.org/schema/beans"
  xmlns:xsi="http://www.w3.org/2001/XMLSchema-instance"
  xsi:schemaLocation="http://www.springframework.org/schema/beans
    http://www.springframework.org/schema/beans/spring-beans.xsd">

  <bean id="restaurantDao" class="blog.jpa.dao.JpaRestaurantDao">
    <property name="entityManagerFactory" ref="entityManagerFactory"/>
  </bean>

  <bean id="entityManagerFactory" class="org.springframework.orm.jpa.LocalContainerEntityManagerFactoryBean">
    <property name="dataSource" ref="dataSource"/>
    <property name="jpaVendorAdapter">
      <bean class="org.springframework.orm.jpa.vendor.HibernateJpaVendorAdapter">
        <property name="showSql" value="true"/>
        <property name="generateDdl" value="true"/>
        <property name="databasePlatform" value="org.hibernate.dialect.PostgreSQLDialect"/>
      </bean>
    </property>
  </bean>

  <bean id="dataSource" class="org.springframework.jdbc.datasource.DriverManagerDataSource">
    <property name="driverClassName" value="org.postgresql.Driver"/>
    <property name="url" value="jdbc:postgresql://honesty/postgres"/>
    <property name="username" value="user1"/>
    <property name="password" value="password1"/>
  </bean>

  <bean id="transactionManager" class="org.springframework.orm.jpa.JpaTransactionManager">
    <property name="entityManagerFactory" ref="entityManagerFactory"/>
    <property name="dataSource" ref="dataSource"/>
  </bean>

</beans>
