<?xml version='1.0' encoding='UTF-8'?>
<!DOCTYPE hibernate-configuration PUBLIC
          "-//Hibernate/Hibernate Configuration DTD 3.0//EN"
          "http://hibernate.sourceforge.net/hibernate-configuration-3.0.dtd">

<hibernate-configuration>

    <session-factory>

        <property name="connection.datasource">java:/OracleDS</property>

        <property name="dialect">org.hibernate.dialect.Oracle9Dialect</property>
        <property name="connection.driver_class">oracle.jdbc.driver.OracleDriver</property>

        <property name="transaction.factory_class">org.hibernate.transaction.JTATransactionFactory</property>
        <property name="transaction.manager_lookup_class">org.hibernate.transaction.JBossTransactionManagerLookup</property>
        <property name="current_session_context_class">jta</property>
        <property name="jta.UserTransaction">/UserTransaction</property>

        <property name="hibernate.show_sql">true</property>
        <property name="hibernate.hbm2ddl.auto">update</property>

        <!--
             mapping files
        -->
        <mapping resource="com/novaordis/HHH3163/model/AbstractRecord.hbm.xml"/>
        <mapping resource="com/novaordis/HHH3163/model/Record.hbm.xml"/>
        <mapping resource="com/novaordis/HHH3163/model/LargeRecord.hbm.xml"/>
        <mapping resource="com/novaordis/HHH3163/model/Item.hbm.xml"/>

    </session-factory>

    <!--
       alter table Item add constraint Item_Record foreign key (RECORD_FK) references Record;
    -->

</hibernate-configuration>