<?xml version="1.0" encoding="ISO-8859-1"?>
<!DOCTYPE hibernate-configuration PUBLIC "-//Hibernate/Hibernate Configuration DTD 3.0//EN" 
"http://hibernate.sourceforge.net/hibernate-configuration-3.0.dtd">
<hibernate-configuration>
	<session-factory>
		<!-- D�but code utilisateur : hibernate configuration -->
		<!-- SQL dialect -->
		<property name="dialect">org.hibernate.dialect.HSQLDialect</property>

		<!-- Desactive les logs ici : on les g�res dans le fichier log4j.properties -->
		<property name="show_sql">false</property>
		<property name="format_sql">true</property>
		<!-- Fin code utilisateur : hibernate configuration -->

		<!--  Connexion  -->
		<property name="connection.url">jdbc:hsqldb:mem:hibernatetests</property>
		<property name="connection.username">sa</property>
		<property name="connection.password"></property>
		<!-- <property name="connection.driver_class">com.p6spy.engine.spy.P6SpyDriver</property> -->
		<property name="connection.driver_class">org.hsqldb.jdbcDriver</property>

		<!-- Gestion des fermetures de connexions (cf. doc hibernate) -->
		<property name="auto_close_session">true</property>
		<property name="current_session_context_class">thread</property>

		<property name="hbm2ddl.auto">create</property>
		<property name="connection.shutdown">true</property>

		<!-- Mapping files -->
		<mapping resource="domain/Customer.hbm.xml" />
		<mapping resource="domain/Invoice.hbm.xml" />
		
	</session-factory>
</hibernate-configuration>
