<!DOCTYPE hibernate-configuration PUBLIC
"-//Hibernate/Hibernate Configuration DTD 3.0//EN"
"http://hibernate.sourceforge.net/hibernate-configuration-3.0.dtd">

<hibernate-configuration>	

  <session-factory name="foo">

    <property name="show_sql">true</property>

    <property name="hibernate.connection.url">jdbc:oracle:oci:@SAMPLE</property>
    <property name="hibernate.connection.driver_class">
      oracle.jdbc.driver.OracleDriver
    </property>
    <property name="hibernate.connection.username">kitapdemo</property>
    <property name="hibernate.connection.password">kitapdemo</property>
    <property name="hibernate.connection.useUnicode">true</property>
    <property name="hibernate.connection.characterEncoding">UTF-8</property>
    
    <property name="hibernate.connection.provider_class"> 
      org.hibernate.connection.C3P0ConnectionProvider 
    </property> 
    <property name="hibernate.c3p0.min_size"> 
      1
    </property> 
    <property name="hibernate.c3p0.max_size"> 
      1
    </property> 
    <property name="hibernate.c3p0.idle_test_period"> 
      60
    </property>
    <property name="dialect">org.hibernate.dialect.OracleDialect</property>

    <mapping resource="org/bilgidata/kitapdemo/pojo/Car.hbm.xml"/>
    <mapping resource="org/bilgidata/kitapdemo/pojo/Garage.hbm.xml"/>
  </session-factory>
  
</hibernate-configuration>


