<!DOCTYPE hibernate-configuration PUBLIC
"-//Hibernate/Hibernate Configuration DTD 3.0//EN"
"http://hibernate.sourceforge.net/hibernate-configuration-3.0.dtd">

<hibernate-configuration>	

  <session-factory name="foo">

    <property name="show_sql">false</property>

    <property name="hibernate.connection.url">jdbc:mysql://bodur:3306/cars</property>
    <property name="hibernate.connection.driver_class">
      org.gjt.mm.mysql.Driver
    </property>
    <property name="hibernate.connection.username">root</property>
    <property name="hibernate.connection.password">admin</property>
    <property name="hibernate.connection.useUnicode">true</property>
    <property name="hibernate.connection.characterEncoding">UTF-8</property>
    
    <property name="hibernate.connection.provider_class"> 
      org.hibernate.connection.C3P0ConnectionProvider 
    </property> 
    <property name="hibernate.c3p0.min_size"> 
      90
    </property> 
    <property name="hibernate.c3p0.max_size"> 
      90
    </property> 
    <property name="hibernate.c3p0.idle_test_period"> 
      60
    </property>
    <property name="dialect">org.hibernate.dialect.MySQLDialect</property>

    <property name="hibernate.cache.provider_class">
      org.hibernate.cache.EhCacheProvider
<!--        org.bilgidata.kitapdemo.util.OSCacheProvider -->
    </property>

    <property name="hibernate.cache.use_query_cache">false</property>
        
    <mapping resource="org/bilgidata/kitapdemo/pojo/Car.hbm.xml"/>
    <mapping resource="org/bilgidata/kitapdemo/pojo/Garage.hbm.xml"/>

    <class-cache
        class="org.bilgidata.kitapdemo.pojo.Car"
        region="Simple"
        usage="read-write"/>
    
    <class-cache
        class="org.bilgidata.kitapdemo.pojo.Garage"
        region="Simple"
        usage="read-write"/>
    
    <collection-cache
        collection="org.bilgidata.kitapdemo.pojo.Garage.cars"
        region="Simple"
        usage="read-write"/>
    
  </session-factory>
  
</hibernate-configuration>


