<?xml version="1.0" encoding="UTF-8"?>
<!DOCTYPE log4j:configuration SYSTEM "log4j.dtd">

<!-- ===================================================================== -->
<!--                                                                       -->
<!--  Log4j Configuration                                                  -->
<!--                                                                       -->
<!-- ===================================================================== -->


<!--
   | For more configuration infromation and examples see the Jakarta Log4j
   | owebsite: http://jakarta.apache.org/log4j
 -->

<log4j:configuration xmlns:log4j="http://jakarta.apache.org/log4j/" debug="false">

   <!-- ================================= -->
   <!-- Preserve messages in a local file -->
   <!-- ================================= -->
   <!-- A time/date based rolling appender -->
   <appender name="appAppender" class="org.jboss.logging.appender.DailyRollingFileAppender">
      <param name="File" value="${jboss.server.home.dir}/log/kitapdemo.log"/>
      <param name="Append" value="false"/>
      <param name="DatePattern" value="'.'yyyy-MM-dd"/>
      <layout class="org.apache.log4j.PatternLayout">
         <param name="ConversionPattern" value="[%d] %5p [%t] (%F:%L) - %m%n"/>        
      </layout>
   </appender>

   
   <!-- ================ -->
   <!-- Limit categories -->
   <!-- ================ -->

   <!-- Limit the org.apache category to INFO as its DEBUG is verbose -->
   <category name="org.apache">
      <priority value="INFO"/>
   </category>

   <!-- Limit the org.jgroups category to WARN as its INFO is verbose -->
   <category name="org.jgroups">
      <priority value="WARN"/>
   </category>

   <!-- Limit apache axis to INFO as its DEBUG is even more verbose -->
   <category name="org.apache.axis">
      <priority value="INFO"/>
   </category>

   <category name="org.hibernate">
      <priority value="INFO"/>
   </category>

   <category name="org.jgroups">
      <priority value="WARN"/>
   </category>

   <category name="org.jboss.cache">
      <priority value="INFO"/>
   </category>
    
   <category name="org.jboss.management">
      <priority value="INFO"/>
   </category>   

   <category name="org.jboss.system">
      <priority value="INFO"/>
   </category>   

   <category name="org.jboss">
      <priority value="INFO"/>
   </category>   

   <!-- Limit apache axis to INFO as its DEBUG is even more verbose -->
   <category name="org.apache.axis">
      <priority value="INFO"/>
   </category>

   <category name="com.opensymphony.oscache">
      <priority value="INFO"/>
   </category>
    
   <category name="httpclient">
      <priority value="INFO"/>
   </category>
    
   <category name="org.ehcache">
      <priority value="INFO"/>
   </category>

   <category name="org.ehcache.hibernate">
      <priority value="INFO"/>
   </category>

   <category name="org.ehcache.store">
      <priority value="INFO"/>
   </category>
 
   <logger name="appLogger" additivity="false">
     <level value="INFO"/>
     <appender-ref ref="appAppender"/>
   </logger>

</log4j:configuration>
