<?xml version="1.0"?>
<!DOCTYPE hibernate-mapping PUBLIC
    "-//Hibernate/Hibernate Mapping DTD 3.0//EN"
    "http://hibernate.sourceforge.net/hibernate-mapping-3.0.dtd" >

<hibernate-mapping package="subclasses_instantination">


<class name="NE" table="NE" discriminator-value="NE" >
   <id name="name">
         <generator class="assigned"/>
      </id>
  <discriminator column="t"/>

    <subclass name="Router" extends="NE" discriminator-value="RT" >
        <property name="configLevel" type="int" column="CONFIG_LEVEL"/>
    </subclass>
</class>

<!--  <class name="Path" table="PATH" discriminator-value="P"> -->

<class name="Path" table="PATH" discriminator-value="P">
       <id name="name">
         <generator class="assigned"/>
      </id>
       <discriminator column="t"/>
        <many-to-one name="localNE" lazy="proxy" class="NE" column="LOCAL_NE_ID"/>
        <many-to-one name="localPort" lazy="proxy" class="Port" column="LOCAL_PORT_ID"/>
</class>

<class name="Port" table="PORT" discriminator-value="PT">
        <id name="name">
         <generator class="assigned"/>
      </id>
      <discriminator column="t"/>
      <many-to-one name="owner" lazy="proxy" class="NE" column="NE_ID"/>
</class>

</hibernate-mapping>