<?xml version="1.0" encoding="UTF-8" standalone="no"?>

<beans xmlns="http://www.springframework.org/schema/beans"
           xmlns:xsi="http://www.w3.org/2001/XMLSchema-instance"
           xmlns:context="http://www.springframework.org/schema/context"
           xmlns:tx="http://www.springframework.org/schema/tx"
           xsi:schemaLocation="
		http://www.springframework.org/schema/beans http://www.springframework.org/schema/beans/spring-beans-3.0.xsd
		http://www.springframework.org/schema/tx http://www.springframework.org/schema/tx/spring-tx.xsd
		 http://www.springframework.org/schema/context http://www.springframework.org/schema/context/spring-context-3.0.xsd">

    <context:annotation-config/>

    <context:component-scan base-package="vladmihalcea" />
    <context:property-placeholder location="/META-INF/spring/jdbc.properties"/>

    <bean id="btmConfig" factory-method="getConfiguration" class="bitronix.tm.TransactionManagerServices">
        <property name="serverId" value="spring-btm"/>
        <property name="warnAboutZeroResourceTransaction" value="false"/>
    </bean>

    <bean id="dataSource" class="org.springframework.jdbc.datasource.TransactionAwareDataSourceProxy">
        <constructor-arg>
            <bean class="bitronix.tm.resource.jdbc.PoolingDataSource" init-method="init"
                  destroy-method="close">
                <property name="className" value="bitronix.tm.resource.jdbc.lrc.LrcXADataSource"/>
                <property name="uniqueName" value="testDataSource"/>
                <property name="minPoolSize" value="0"/>
                <property name="maxPoolSize" value="100"/>
                <property name="allowLocalTransactions" value="true" />
                <property name="driverProperties">
                    <props>
                        <prop key="user">${jdbc.username}</prop>
                        <prop key="password">${jdbc.password}</prop>
                        <prop key="url">${jdbc.url}</prop>
                        <prop key="driverClassName">${jdbc.driverClassName}</prop>
                    </props>
                </property>
            </bean>
        </constructor-arg>
    </bean>

    <bean id="persistenceUnitManager" depends-on="transactionManager"
          class="org.springframework.orm.jpa.persistenceunit.DefaultPersistenceUnitManager">
        <property name="persistenceXmlLocation" value="classpath*:META-INF/persistence.xml"/>
        <property name="defaultDataSource" ref="dataSource"/>
        <property name="dataSourceLookup">
            <bean class="org.springframework.jdbc.datasource.lookup.BeanFactoryDataSourceLookup"/>
        </property>
    </bean>

    <!-- JpaDialect must be configured for transactionManager to make JPA and JDBC share transactions -->
    <bean id="jpaDialect" class="org.springframework.orm.jpa.vendor.HibernateJpaDialect"/>

    <bean id="testEntityManagerFactory" class="org.springframework.orm.jpa.LocalContainerEntityManagerFactoryBean">
        <property name="persistenceUnitName" value="testPersistenceUnit"/>
        <property name="persistenceUnitManager" ref="persistenceUnitManager"/>
        <property name="jpaDialect" ref="jpaDialect"/>
    </bean>

    <bean id="jtaTransactionManager" factory-method="getTransactionManager"
          class="bitronix.tm.TransactionManagerServices" depends-on="btmConfig, dataSource"
          destroy-method="shutdown"/>

    <bean id="transactionManager" class="org.springframework.transaction.jta.JtaTransactionManager">
        <property name="transactionManager" ref="jtaTransactionManager"/>
        <property name="userTransaction" ref="jtaTransactionManager"/>
    </bean>

    <tx:annotation-driven transaction-manager="transactionManager"/>

</beans>
