<?xml version="1.0"?>

<!DOCTYPE hibernate-mapping PUBLIC 
	"-//Hibernate/Hibernate Mapping DTD 3.0//EN"
	"http://hibernate.sourceforge.net/hibernate-mapping-3.0.dtd">

<hibernate-mapping>

	<class name="com.ifbag.okular.base.hibernate.tst.HibBase"
		table="base1"
		discriminator-value="1"
		>

		<id name="id" type="int">
			<generator class="assigned" />
		</id>
		<discriminator column="knz" type="java.lang.String"/>

		<property name="baseString" type="java.lang.String" />
		<property name="knz" type="java.lang.String" />
	</class>

	<!-- +++++++++++++++++++++++++++++++++++++++++++++++++++++++++++++++++++++++++++++++  -->
 <joined-subclass name="com.ifbag.okular.base.hibernate.tst.HibSub"
		extends="com.ifbag.okular.base.hibernate.tst.HibBase"
		table="sub1">
		<key column="id" />
		<property name="subString" type="java.lang.String" />
	</joined-subclass>

	<!-- +++++++++++++++++++++++++++++++++++++++++++++++++++++++++++++++++++++++++++++++  -->
 <subclass name="com.ifbag.okular.base.hibernate.tst.HibSubSub"
		extends="com.ifbag.okular.base.hibernate.tst.HibSub"
		discriminator-value="3">
		<property name="subSubString" type="java.lang.String" />
	</subclass>
	
</hibernate-mapping>
