<?xml version="1.0" encoding="UTF-8"?>
<entity-mappings xmlns="http://java.sun.com/xml/ns/persistence/orm"
                 xmlns:xsi="http://www.w3.org/2001/XMLSchema-instance"
                 xsi:schemaLocation="http://java.sun.com/xml/ns/persistence/orm
                                     http://java.sun.com/xml/ns/persistence/orm_1_0.xsd"
                 version="1.0">
 
  <entity name="emailAddress" class="example.domain.EmailAddress"
          metadata-complete="false">
    <table name="email_address"/>
    <attributes>
      <id name="id">
        <column name="email_address_id"/>
        <generated-value strategy="SEQUENCE" generator="emailAddress_generator"/>
        <sequence-generator name="emailAddress_generator"
                            sequence-name="email_address_email_address_id_seq"
                            initial-value="1" allocation-size="1"/>
      </id>
      <basic name="emailAddress">
        <column name="address"/>
      </basic>
    </attributes>
  </entity>
</entity-mappings>
