<?xml version="1.0" encoding="UTF-8"?>
<entity-mappings xmlns="http://java.sun.com/xml/ns/persistence/orm"
                 xmlns:xsi="http://www.w3.org/2001/XMLSchema-instance"
                 xsi:schemaLocation="http://java.sun.com/xml/ns/persistence/orm
                                     http://java.sun.com/xml/ns/persistence/orm_1_0.xsd"
                 version="1.0">
  <entity name="province" class="example.domain.Province" metadata-complete="false">
    <table name="province"/>
    <attributes>
      <id name="id">
        <column name="province_id"/>
        <generated-value strategy="SEQUENCE" generator="province_generator"/>
        <sequence-generator name="province_generator"
                            sequence-name="province_province_id_seq"
                            initial-value="1" allocation-size="1"/>
      </id>
      <basic name="name">
        <column name="name"/>
      </basic>
      <many-to-one name="country" fetch="EAGER" target-entity="example.domain.Country">
        <join-column name="country_id" referenced-column-name="country_id"/>
      </many-to-one>
    </attributes>
  </entity>
</entity-mappings>
