<?xml version='1.0' encoding='utf-8'?>
<!DOCTYPE hibernate-configuration PUBLIC
    "-//Hibernate/Hibernate Configuration DTD//EN"
    "http://hibernate.sourceforge.net/hibernate-configuration-3.0.dtd">
<hibernate-configuration>
    <!-- a SessionFactory instance listed as /jndi/name -->
    <session-factory  name="java:hibernate/SessionFactory">
        <!-- properties -->
        <property name="dialect">org.hibernate.dialect.PostgreSQLDialect</property>
        <property name="show_sql">true</property>
        <!-- mapping files -->
        <mapping resource="hibtest/Principal.hbm.xml"/>
        <mapping resource="hibtest/Satellite.hbm.xml"/>
    </session-factory>
</hibernate-configuration>