<?xml version="1.0" encoding="CP1252"?>
<project
	xsi:schemaLocation="http://maven.apache.org/POM/4.0.0 http://maven.apache.org/xsd/maven-4.0.0.xsd"
	xmlns="http://maven.apache.org/POM/4.0.0" xmlns:xsi="http://www.w3.org/2001/XMLSchema-instance">
	<modelVersion>4.0.0</modelVersion>
	<parent>
		<artifactId>orthank-sample</artifactId>
		<groupId>net.osgiliath</groupId>
		<version>1.0-SNAPSHOT</version>
	</parent>
	<groupId>net.osgiliath.orthank-sample.java.build</groupId>
	<artifactId>deployment</artifactId>
	<version>1.0-SNAPSHOT</version>
	<packaging>pom</packaging>
	<name></name>
	<description>Generated using Pax-Construct</description>
	<properties>
		<spring.maven.artifact.version>3.0.6.RELEASE</spring.maven.artifact.version>
		<org.osgi.service.http.port>8080</org.osgi.service.http.port>
		<org.osgi.service.http.port.secure>8443</org.osgi.service.http.port.secure>
		<bootDelegation>org.eclipse.equinox.weaving.adaptors,org.eclipse.equinox.weaving.hooks,org.eclipse.equinox.service.weaving</bootDelegation>
		<systemPackages>org.eclipse.equinox.service.weaving</systemPackages>
		<!-- org.eclipse.virgo.repository.properties -->
		<ext.type>external</ext.type>
		<ext.searchPattern>repository/ext/{artifact}</ext.searchPattern>
		<usr.type>watched</usr.type>
		<usr.watchDirectory>repository/usr</usr.watchDirectory>
		<chain>ext,usr</chain>
		<!-- org.eclipse.virgo.medic.properties -->
		<dump.root.directory>serviceability/dump</dump.root.directory>
		<log.wrapSysOut>true</log.wrapSysOut>
		<log.wrapSysErr>true</log.wrapSysErr>
		<log.dump.level>DEBUG</log.dump.level>
		<log.dump.bufferSize>10000</log.dump.bufferSize>
		<log.dump.pattern>[%d{yyyy-MM-dd HH:mm:ss.SSS}] %-28.28thread
			%-64.64logger{64} %X{medic.eventCode} %msg %ex%n</log.dump.pattern>
		<!-- org.eclipse.virgo.userregion.properties -->
		<packageImports>\
			org.eclipse.virgo.kernel.artifact.*;version="0",\
			org.eclipse.virgo.kernel.core;version="0",\
			org.eclipse.virgo.kernel.deployer.core;version="0",\
			org.eclipse.virgo.kernel.deployer.core.event;version="0",\
			org.eclipse.virgo.kernel.install.*;version="0",\
			org.eclipse.virgo.kernel.osgi.*;version="0",\
			org.eclipse.virgo.kernel.model.management;version="0",\
			org.eclipse.virgo.kernel.module;version="0",\
			org.eclipse.virgo.kernel.serviceability;version="0",\
			org.eclipse.virgo.kernel.serviceability.*;version="0",\
			org.eclipse.virgo.kernel.services.work;version="0",\
			org.eclipse.virgo.kernel.shell;version="0",\
			org.eclipse.virgo.kernel.shell.*;version="0",\
			org.eclipse.virgo.kernel.shim.*;version="0",\
			org.eclipse.virgo.medic.*;version="0",\
			org.eclipse.virgo.repository;version="0",\
			org.eclipse.virgo.repository.*;version="0",\
			org.eclipse.virgo.util.*;version="0",\
			org.apache.commons.logging;version="[1.0.0,2.0.0)",\
			org.apache.commons.logging.impl;version="[1.0.0,2.0.0)",\
			org.aspectj.*;version="[1.6.5.RELEASE,2.0.0)",\
			org.osgi.service.cm;version="0",\
			org.osgi.service.event;version="0",\
			org.slf4j,\
			org.slf4j.spi
		</packageImports>
		<serviceImports>\
			org.eclipse.virgo.kernel.deployer.core.ApplicationDeployer,\
			org.eclipse.virgo.kernel.deployer.core.DeployUriNormaliser,\
			org.eclipse.virgo.kernel.install.artifact.ScopeServiceRepository,\
			org.eclipse.virgo.kernel.services.work.WorkArea,\
			org.eclipse.virgo.repository.ArtifactBridge,\
			org.eclipse.virgo.kernel.shell.state.StateService,\
			org.eclipse.virgo.kernel.shell.CommandExecutor,\
			org.eclipse.virgo.repository.RepositoryFactory,\
			org.eclipse.virgo.repository.HashGenerator,\
			org.eclipse.virgo.medic.eventlog.EventLoggerFactory,\
			org.eclipse.virgo.repository.Repository,\
			org.eclipse.virgo.kernel.core.Shutdown,\
			org.osgi.service.cm.ConfigurationAdmin,\
			org.osgi.service.event.EventAdmin,\
			org.eclipse.virgo.medic.dump.DumpGenerator,\
			org.eclipse.virgo.kernel.shim.scope.ScopeFactory,\
			org.eclipse.virgo.kernel.shim.serviceability.TracingService
		</serviceImports>
		<serviceExports>\
			org.eclipse.virgo.kernel.install.artifact.InstallArtifactLifecycleListener,\
			org.eclipse.virgo.kernel.install.artifact.ArtifactIdentityDeterminer,\
			org.eclipse.virgo.kernel.install.pipeline.stage.transform.Transformer,\
			org.eclipse.virgo.kernel.module.ModuleContextAccessor,\
			org.eclipse.virgo.medic.dump.DumpContributor,\
			org.eclipse.virgo.kernel.osgi.quasi.QuasiFrameworkFactory,\
			org.eclipse.virgo.kernel.osgi.framework.OsgiFramework,\
			org.eclipse.virgo.kernel.osgi.framework.ImportExpander,\
			org.eclipse.virgo.kernel.osgi.framework.PackageAdminUtil,\
			org.osgi.service.event.EventHandler,\
			org.osgi.service.cm.ConfigurationListener,\
			org.osgi.service.cm.ManagedService,\
			org.osgi.service.cm.ManagedServiceFactory</serviceExports>

		<inheritedFrameworkProperties>\
			eclipse.bundle.setTCCL,\
			eclipse.enableStateSaver,\
			org.eclipse.virgo.suppress.heap.dumps,\
			osgi.java.profile,\
			osgi.parentClassloader,\
			osgi.context.bootdelegation,\
			osgi.compatibility.bootdelegation,\
			osgi.java.profile.bootdelegation,\
			osgi.hook.configurators.include
		</inheritedFrameworkProperties>
		<!-- org.eclipse.virgo.kernel.properties -->
		<deployer.timeout>300</deployer.timeout>
		<deployer.pickupDirectory>pickup</deployer.pickupDirectory>
		<!-- org.eclipse.virgo.kernel.jmxremote.access.properties -->
		<admin>readwrite</admin>
		<!-- org.eclipse.virgo.apps.repository -->
		<hosted-repository.type>external</hosted-repository.type>
		<hosted-repository.searchPattern>repository/hosted/*</hosted-repository.searchPattern>
		<!-- org.eclipse.virgo.kernel.users -->
		<user.admin>springsource</user.admin>
		<role.admin>admin</role.admin>
	</properties>
	<dependencies>
		<dependency>
			<groupId>net.osgiliath.orthank-sample.java.logging</groupId>
			<artifactId>orthank-sample.java.logging.config</artifactId>
			<version>1.0-SNAPSHOT</version>
			<type>bundle</type>
			<scope>provided</scope>
		</dependency>
		<dependency>
			<groupId>org.osgi</groupId>
			<artifactId>org.osgi.core</artifactId>
			<version>4.2.0</version>
			<scope>provided</scope>
		</dependency>
		<dependency>
			<groupId>org.osgi</groupId>
			<artifactId>org.osgi.compendium</artifactId>
			<version>4.2.0</version>
			<scope>provided</scope>
		</dependency>
		<dependency>
			<groupId>net.osgiliath.orthank-sample.java.db</groupId>
			<artifactId>orthank-sample.java.db.atomikos</artifactId>
			<version>1.0-SNAPSHOT</version>
			<type>bundle</type>
			<scope>provided</scope>
		</dependency>
		<dependency>
			<groupId>org.eclipse.gemini.blueprint</groupId>
			<artifactId>gemini-blueprint-extender</artifactId>
			<version>1.0.0.RELEASE</version>
			<scope>provided</scope>
		</dependency>
		<dependency>
			<groupId>org.eclipse.gemini.blueprint</groupId>
			<artifactId>gemini-blueprint-core</artifactId>
			<version>1.0.0.RELEASE</version>
			<scope>provided</scope>
		</dependency>
		<dependency>
			<groupId>org.eclipse.gemini.blueprint</groupId>
			<artifactId>gemini-blueprint-io</artifactId>
			<version>1.0.0.RELEASE</version>
			<scope>provided</scope>
		</dependency>
		<dependency>
			<groupId>org.aopalliance</groupId>
			<artifactId>com.springsource.org.aopalliance</artifactId>
			<version>1.0.0</version>
			<scope>provided</scope>
		</dependency>
		<dependency>
			<groupId>org.springframework</groupId>
			<artifactId>org.springframework.aop</artifactId>
			<version>3.0.6.RELEASE</version>
			<scope>provided</scope>
		</dependency>
		<dependency>
			<groupId>org.springframework</groupId>
			<artifactId>org.springframework.beans</artifactId>
			<version>3.0.6.RELEASE</version>
			<scope>provided</scope>
		</dependency>
		<dependency>
			<groupId>org.springframework</groupId>
			<artifactId>org.springframework.context</artifactId>
			<version>3.0.6.RELEASE</version>
			<scope>provided</scope>
		</dependency>
		<dependency>
			<groupId>org.springframework</groupId>
			<artifactId>org.springframework.core</artifactId>
			<version>3.0.6.RELEASE</version>
			<scope>provided</scope>
		</dependency>
		<dependency>
			<groupId>javax.el</groupId>
			<artifactId>com.springsource.javax.el</artifactId>
			<version>1.0.0</version>
			<scope>provided</scope>
		</dependency>
		<dependency>
			<groupId>javax.inject</groupId>
			<artifactId>com.springsource.javax.inject</artifactId>
			<version>1.0.0</version>
			<scope>provided</scope>
		</dependency>
		<dependency>
			<groupId>org.springframework</groupId>
			<artifactId>org.springframework.asm</artifactId>
			<version>3.0.6.RELEASE</version>
			<scope>provided</scope>
		</dependency>
		<dependency>
			<groupId>org.springframework</groupId>
			<artifactId>org.springframework.expression</artifactId>
			<version>3.0.6.RELEASE</version>
			<scope>provided</scope>
		</dependency>
		<dependency>
			<groupId>javax.inject</groupId>
			<artifactId>com.springsource.org.atinject.tck</artifactId>
			<version>1.0.0</version>
			<scope>provided</scope>
		</dependency>
		<dependency>
			<groupId>org.junit</groupId>
			<artifactId>com.springsource.junit</artifactId>
			<version>3.8.2</version>
			<scope>provided</scope>
		</dependency>
		<dependency>
			<groupId>org.junit</groupId>
			<artifactId>com.springsource.org.junit</artifactId>
			<version>4.8.2</version>
			<scope>provided</scope>
		</dependency>
		<dependency>
			<groupId>com.atomikos</groupId>
			<artifactId>transactions-osgi</artifactId>
			<version>3.7.0</version>
			<scope>provided</scope>
		</dependency>
		<dependency>
			<groupId>org.apache.geronimo.specs</groupId>
			<artifactId>geronimo-jms_1.1_spec</artifactId>
			<version>1.1.1</version>
			<scope>provided</scope>
		</dependency>
		<dependency>
			<groupId>org.apache.geronimo.specs</groupId>
			<artifactId>geronimo-j2ee-connector_1.5_spec</artifactId>
			<version>2.0.0</version>
			<scope>provided</scope>
		</dependency>
		<dependency>
			<groupId>org.apache.geronimo.specs</groupId>
			<artifactId>geronimo-jta_1.1_spec</artifactId>
			<version>1.1.1</version>
			<scope>provided</scope>
		</dependency>
		<dependency>
			<groupId>net.osgiliath.orthank-sample.wrappers</groupId>
			<artifactId>com.atomikos.transactions-jdbc</artifactId>
			<version>3.7.0-001-SNAPSHOT</version>
			<scope>provided</scope>
		</dependency>
		<dependency>
			<groupId>net.osgiliath.orthank-sample.wrappers</groupId>
			<artifactId>com.atomikos.transactions-jta</artifactId>
			<version>3.7.0-001-SNAPSHOT</version>
			<scope>provided</scope>
		</dependency>
		<dependency>
			<groupId>net.osgiliath.orthank-sample.wrappers</groupId>
			<artifactId>com.atomikos.transactions-api</artifactId>
			<version>3.7.0-001-SNAPSHOT</version>
			<scope>provided</scope>
		</dependency>
		<dependency>
			<groupId>net.osgiliath.orthank-sample.wrappers</groupId>
			<artifactId>com.atomikos.transactions</artifactId>
			<version>3.7.0-001-SNAPSHOT</version>
			<scope>provided</scope>
		</dependency>
		<dependency>
			<groupId>net.osgiliath.orthank-sample.wrappers</groupId>
			<artifactId>com.atomikos.util</artifactId>
			<version>3.7.0-001-SNAPSHOT</version>
			<scope>provided</scope>
		</dependency>
		<dependency>
			<groupId>org.slf4j</groupId>
			<artifactId>slf4j-api</artifactId>
			<version>1.5.10</version>
			<scope>provided</scope>
		</dependency>
		<dependency>
			<groupId>org.slf4j</groupId>
			<artifactId>slf4j-log4j12</artifactId>
			<version>1.5.10</version>
			<scope>provided</scope>
		</dependency>
		<dependency>
			<groupId>org.apache.log4j</groupId>
			<artifactId>com.springsource.org.apache.log4j</artifactId>
			<version>1.2.15</version>
			<scope>provided</scope>
		</dependency>
		<dependency>
			<groupId>org.apache.commons</groupId>
			<artifactId>com.springsource.org.apache.commons.logging</artifactId>
			<version>1.1.1</version>
			<scope>provided</scope>
		</dependency>
		<dependency>
			<groupId>org.hibernate</groupId>
			<artifactId>com.springsource.org.hibernate.ejb</artifactId>
			<version>3.3.2.GA</version>
			<scope>provided</scope>
			<exclusions>
				<exclusion>
					<groupId>org.hibernate</groupId>
					<artifactId>com.springsource.org.hibernate</artifactId>
				</exclusion>
				<exclusion>
					<groupId>org.jboss.javassist</groupId>
					<artifactId>com.springsource.javassist</artifactId>
				</exclusion>
				<exclusion>
					<groupId>org.slf4j</groupId>
					<artifactId>com.springsource.slf4j.api</artifactId>
				</exclusion>
			</exclusions>
		</dependency>
		<dependency>
			<groupId>javax.persistence</groupId>
			<artifactId>com.springsource.javax.persistence</artifactId>
			<version>1.0.0</version>
			<scope>provided</scope>
		</dependency>
		<dependency>
			<groupId>javax.transaction</groupId>
			<artifactId>com.springsource.javax.transaction</artifactId>
			<version>1.1.0</version>
			<scope>provided</scope>
		</dependency>
		<dependency>
			<groupId>org.dom4j</groupId>
			<artifactId>com.springsource.org.dom4j</artifactId>
			<version>1.6.1</version>
			<scope>provided</scope>
		</dependency>
		<dependency>
			<groupId>org.hibernate</groupId>
			<artifactId>com.springsource.org.hibernate</artifactId>
			<version>3.2.6.ga</version>
			<scope>provided</scope>
		</dependency>
		<dependency>
			<groupId>org.hibernate</groupId>
			<artifactId>com.springsource.org.hibernate.annotations.common</artifactId>
			<version>3.3.0.ga</version>
			<scope>provided</scope>
		</dependency>
		<dependency>
			<groupId>org.jboss.util</groupId>
			<artifactId>com.springsource.org.jboss.util</artifactId>
			<version>2.0.4.GA</version>
			<scope>provided</scope>
		</dependency>
		<dependency>
			<groupId>javax.servlet</groupId>
			<artifactId>com.springsource.javax.servlet</artifactId>
			<version>2.4.0</version>
			<scope>provided</scope>
		</dependency>
		<dependency>
			<groupId>javax.xml.bind</groupId>
			<artifactId>com.springsource.javax.xml.bind</artifactId>
			<version>2.0.0</version>
			<scope>provided</scope>
		</dependency>
		<dependency>
			<groupId>javax.xml.stream</groupId>
			<artifactId>com.springsource.javax.xml.stream</artifactId>
			<version>1.0.1</version>
			<scope>provided</scope>
		</dependency>
		<dependency>
			<groupId>org.apache.commons</groupId>
			<artifactId>com.springsource.org.apache.commons.collections</artifactId>
			<version>3.2.0</version>
			<scope>provided</scope>
		</dependency>
		<dependency>
			<groupId>org.antlr</groupId>
			<artifactId>com.springsource.antlr</artifactId>
			<version>2.7.6</version>
			<scope>provided</scope>
		</dependency>
		<dependency>
			<groupId>net.sourceforge.cglib</groupId>
			<artifactId>com.springsource.net.sf.cglib</artifactId>
			<version>2.1.3</version>
			<scope>provided</scope>
		</dependency>
		<dependency>
			<groupId>org.objectweb.asm</groupId>
			<artifactId>com.springsource.org.objectweb.asm</artifactId>
			<version>1.5.3</version>
			<scope>provided</scope>
		</dependency>
		<dependency>
			<groupId>org.objectweb.asm</groupId>
			<artifactId>com.springsource.org.objectweb.asm.attrs</artifactId>
			<version>1.5.3</version>
			<scope>provided</scope>
		</dependency>
		<dependency>
			<groupId>edu.oswego.cs.concurrent</groupId>
			<artifactId>com.springsource.edu.oswego.cs.dl.util.concurrent</artifactId>
			<version>1.3.4</version>
			<scope>provided</scope>
		</dependency>
		<dependency>
			<groupId>javax.activation</groupId>
			<artifactId>com.springsource.javax.activation</artifactId>
			<version>1.1.0</version>
			<scope>provided</scope>
		</dependency>
		<dependency>
			<groupId>net.osgiliath.orthank-sample.java.db</groupId>
			<artifactId>orthank-sample.java.db.derby</artifactId>
			<version>1.0-SNAPSHOT</version>
			<type>bundle</type>
			<scope>provided</scope>
		</dependency>
		<dependency>
			<groupId>org.apache.derby</groupId>
			<artifactId>com.springsource.org.apache.derby</artifactId>
			<version>10.5.1000001.764942</version>
			<scope>provided</scope>
		</dependency>
		<dependency>
			<groupId>org.springframework</groupId>
			<artifactId>org.springframework.transaction</artifactId>
			<version>3.0.6.RELEASE</version>
			<scope>provided</scope>
		</dependency>
		<dependency>
			<groupId>org.apache.xbean</groupId>
			<artifactId>com.springsource.org.apache.xbean.spring</artifactId>
			<version>3.6.0</version>
			<scope>provided</scope>
		</dependency>
		<dependency>
			<groupId>org.apache.commons</groupId>
			<artifactId>com.springsource.org.apache.commons.logging</artifactId>
			<version>1.0.4</version>
			<scope>provided</scope>
		</dependency>
		<dependency>
			<groupId>net.osgiliath.orthank-sample.java.db</groupId>
			<artifactId>orthank-sample.java.db.derby</artifactId>
			<version>1.0-SNAPSHOT</version>
			<scope>provided</scope>
		</dependency>
		<dependency>
			<groupId>javax.persistence</groupId>
			<artifactId>com.springsource.javax.persistence</artifactId>
			<version>2.0.0.Beta1</version>
			<scope>provided</scope>
		</dependency>
		<dependency>
			<groupId>net.osgiliath.orthank-sample.java.dao</groupId>
			<artifactId>orthank-sample.java.dao.impl</artifactId>
			<version>1.0-SNAPSHOT</version>
			<type>bundle</type>
			<scope>provided</scope>
		</dependency>
		<dependency>
			<groupId>org.springframework</groupId>
			<artifactId>org.springframework.orm</artifactId>
			<version>3.0.6.RELEASE</version>
			<scope>provided</scope>
		</dependency>
		<dependency>
			<groupId>org.springframework</groupId>
			<artifactId>org.springframework.jdbc</artifactId>
			<version>3.0.6.RELEASE</version>
			<scope>provided</scope>
		</dependency>
	</dependencies>
	<repositories>
		<repository>
			<id>com.springsource.repository.bundles.release</id>
			<name>SpringSource Enterprise Bundle Repository - SpringSource Bundle Releases</name>
			<url>http://repository.springsource.com/maven/bundles/release</url>
		</repository>
		<repository>
			<id>com.springsource.repository.bundles.snapshot</id>
			<name>SpringSource Enterprise Bundle Repository - SpringSource Bundle Releases</name>
			<url>http://repository.springsource.com/maven/bundles/snapshot</url>
		</repository>
		<repository>
			<id>com.springsource.repository.bundles.external</id>
			<name>SpringSource Enterprise Bundle Repository - External Bundle Releases</name>
			<url>http://repository.springsource.com/maven/bundles/external</url>
		</repository>
		<repository>
			<id>com.springsource.repository.libraries.release</id>
			<name>SpringSource Enterprise Bundle Repository - SpringSource Library Releases</name>
			<url>http://repository.springsource.com/maven/libraries/release</url>
		</repository>
		<repository>
			<id>com.springsource.repository.libraries.external</id>
			<name>SpringSource Enterprise Bundle Repository - External Library Releases</name>
			<url>http://repository.springsource.com/maven/libraries/external</url>
		</repository>
		<repository>
			<snapshots>
				<enabled>false</enabled>
			</snapshots>
			<id>maven.osgi.repo</id>
			<url>http://maven.springframework.org/osgi</url>
		</repository>
		<repository>
			<snapshots>
				<enabled>false</enabled>
			</snapshots>
			<id>com.atomikos.repo</id>
			<url>http://oss.sonatype.org/content/repositories/comatomikos-083</url>
		</repository>
		<repository>
			<id>zodiac.eclipse.repo</id>
			<url>http://zodiac.springsource.com/maven/bundles/release</url>
		</repository>
		<repository>
			<snapshots>
				<enabled>false</enabled>
			</snapshots>
			<id>central</id>
			<name>Maven Repository Switchboard</name>
			<url>http://repo1.maven.org/maven2</url>
		</repository>
	</repositories>
</project>
