<?xml version="1.0" encoding="UTF-8"?>
<!DOCTYPE hibernate-mapping PUBLIC "-//Hibernate/Hibernate Mapping DTD 3.0//EN" "http://hibernate.sourceforge.net/hibernate-mapping-3.0.dtd">

<hibernate-mapping package="patchTest.generatedDefault">
	<class name="Key" table="Key">
		<id name="id" column="id" length="10" />
	</class>

	<class name="GeneratedDefault" table="GeneratedDefault"
		dynamic-insert="true">

		<id name="id" column="id">
			<generator class="native" />
		</id>

		<property name="property" length="10" generated="default" />
		<many-to-one name="many" generated="default" />
	</class>
</hibernate-mapping>
