<?xml version="1.0"?>
<!DOCTYPE hibernate-mapping PUBLIC "-//Hibernate/Hibernate Mapping DTD 3.0//EN"
        "http://www.hibernate.org/dtd/hibernate-mapping-3.0.dtd">
<hibernate-mapping default-lazy="true">
    <class name="com.electronic.commerce.models.Category" table="Category">
        <id name="id" type="long" access="property">
            <column name="categoryId" length="20"/>
            <generator class="identity"/>
        </id>
        <property name="name" column="categoryName" type="string"/>
        <property name="image" column="categoryImage" type="string"/>
        <property name="parentId" column="categoryParentId" type="long"/>
        <bag name="children" table="Category" inverse="true" lazy="true" fetch="select">
            <key>
                <column name="categoryParentId" not-null="true"/>
            </key>
            <one-to-many class="com.electronic.commerce.models.Category"/>
        </bag>
    </class>
</hibernate-mapping>