<?xml version="1.0"?>
<!DOCTYPE hibernate-mapping PUBLIC "-//Hibernate/Hibernate Mapping DTD 3.0//EN"
        "http://www.hibernate.org/dtd/hibernate-mapping-3.0.dtd">
<hibernate-mapping default-lazy="true">
    <class name="com.electronic.commerce.models.Product" table="Product">
        <id name="id" type="long" access="property">
            <column name="productId" length="20"/>
            <generator class="identity"/>
        </id>
        <property name="name" column="productName" type="string"/>
        <property name="description" column="productDescription" type="string"/>
        <property name="numberOfRates" column="productNumberOfRates" type="long"/>
        <property name="creationDate" column="productCreationDate" type="timestamp"/>
        <property name="isInStock" access="field" column="productIsInStock" type="boolean"/>
        <one-to-one name="vendor" class="com.electronic.commerce.models.base.NamedModel"
                    constrained="true" foreign-key="productVendorId"/>
        <property name="price" column="productPrice" type="double"/>
        <property name="rate" column="productRate" type="long"/>
        <!--<bag name="categories" table="ProductCategory"-->
        <!--inverse="false" lazy="true" fetch="select" cascade="all">-->
        <!--<key>-->
        <!--<column name="categoryId" not-null="true"/>-->
        <!--</key>-->
        <!--<many-to-many entity-name="com.electronic.commerce.models.Category">-->
        <!--<column name="productId" not-null="true"/>-->
        <!--</many-to-many>-->
        <!--</bag>-->
    </class>
</hibernate-mapping>