<?xml version="1.0"?>
<!DOCTYPE hibernate-mapping PUBLIC 
	"-//Hibernate/Hibernate Mapping DTD 3.0//EN"
	"http://hibernate.sourceforge.net/hibernate-mapping-3.0.dtd">

<!--

  This mapping illustrates use of <natural-id> with a many-to-one.
  
-->

<hibernate-mapping 
	package="org.hibernate.test.naturalid"
	default-access="field">
	
	<class name="Parent" table="Parent">
		<id name="id">
			<generator class="increment"/>
		</id>
		
		<property name="name"/>
		
		<bag name="children" inverse="true" cascade="all">
			<key column="parent" />
			<one-to-many class="Child" />
		</bag>

	</class>

	<class name="Child" table="Child">
		<id name="id">
			<generator class="increment"/>
		</id>
		
		<natural-id>
			<many-to-one name="parent" class="Parent" />
			<property name="name"/>
		</natural-id>
	</class>
	
</hibernate-mapping>