<?xml version="1.0" encoding="UTF-8"?>
<faces-config xmlns="http://java.sun.com/xml/ns/javaee"
			  xmlns:xsi="http://www.w3.org/2001/XMLSchema-instance"
			  xsi:schemaLocation="http://java.sun.com/xml/ns/javaee http://java.sun.com/xml/ns/javaee/web-facesconfig_2_0.xsd"
			  version="2.0"> 

	<navigation-rule>
		<display-name>index</display-name>
		<from-view-id>/index.jsp</from-view-id>
		<navigation-case>
			<from-outcome>go</from-outcome>
			<to-view-id>/hello.jsp</to-view-id>
		</navigation-case>
	</navigation-rule>
	<application>
		<locale-config>
			<default-locale>en</default-locale>
		</locale-config>
		   <el-resolver>org.springframework.web.jsf.el.SpringBeanFacesELResolver</el-resolver>  
		 <!-- <variable-resolver>org.springframework.web.jsf.DelegatingVariableResolver</variable-resolver> -->  
	</application>
</faces-config>