<?xml version="1.0"?>
<!DOCTYPE hibernate-mapping PUBLIC "-//Hibernate/Hibernate Mapping DTD 3.0//EN" "http://www.hibernate.org/dtd/hibernate-mapping-3.0.dtd">
<hibernate-mapping>

	<class name="org.hibernate.envers.test.integration.entityNames.oneToManyAuditedSessionBug.Person">
		
		<id name="id" column="ID_PERSON" type="long" >
			<generator class="native" />
		</id>

		<property name="name" type="string" length="255"
			column="NAME" not-null="true" />
			
		<property name="age" type="int" column="AGE"/>
		
		
		
		<bag name="cars" inverse="true" >
			<key column="ID_PERSON"/>
         	<one-to-many class="org.hibernate.envers.test.integration.entityNames.oneToManyAuditedSessionBug.Car" />
      	</bag>

	</class>
	
	<class name="org.hibernate.envers.test.integration.entityNames.oneToManyAuditedSessionBug.Car">

		<id name="id" column="ID_CAR" type="long">
			<generator class="native" />
		</id>

		<property name="number" type="int" column="int" not-null="true" />

		<many-to-one name="owner" column="ID_PERSON" class="org.hibernate.envers.test.integration.entityNames.oneToManyAuditedSessionBug.Person"/>
		
	</class>	
</hibernate-mapping>
