<?xml version="1.0" encoding="UTF-8"?>

<beans xmlns="http://www.springframework.org/schema/beans"
	xmlns:xsi="http://www.w3.org/2001/XMLSchema-instance"
	xmlns:p="http://www.springframework.org/schema/p"
	xmlns:aop="http://www.springframework.org/schema/aop"
	xmlns:context="http://www.springframework.org/schema/context"
	xmlns:jee="http://www.springframework.org/schema/jee"
	xmlns:tx="http://www.springframework.org/schema/tx"
	xsi:schemaLocation="
			http://www.springframework.org/schema/aop http://www.springframework.org/schema/aop/spring-aop-2.5.xsd
			http://www.springframework.org/schema/beans http://www.springframework.org/schema/beans/spring-beans-2.5.xsd
			http://www.springframework.org/schema/context http://www.springframework.org/schema/context/spring-context-2.5.xsd
			http://www.springframework.org/schema/jee http://www.springframework.org/schema/jee/spring-jee-2.5.xsd
			http://www.springframework.org/schema/tx http://www.springframework.org/schema/tx/spring-tx-2.5.xsd">

	<context:property-placeholder
        location="classpath:postgre-jdbc.properties" />



	<bean id="masterDataSource"
		class="org.apache.commons.dbcp.BasicDataSource" destroy-method="close"
		p:driverClassName="${jdbc.driverClassName}" p:url="${collection.jdbc.url}"
		p:username="${collection.jdbc.username}" p:password="${collection.jdbc.password}" />

	<bean id="masterSessionFactory"
		class="org.springframework.orm.hibernate3.LocalSessionFactoryBean">
		<property name="dataSource" ref="masterDataSource" />
		<property name="mappingResources">
			<list>
				<value>hbm/SubmissionDetails_Master.hbm.xml</value>
			</list>
		</property>
		<property name="hibernateProperties">
			<props>
				<prop key="hibernate.dialect">
					${hibernate.dialect}
				</prop>
				<prop key="hibernate.show_sql">
					${hibernate.show_sql}
				</prop>
				<prop key="hibernate.generate_statistics">
					${hibernate.generate_statistics}
				</prop>
			</props>
		</property>
	</bean>
	
	<bean id="masterTxManager"
		class="org.springframework.orm.hibernate3.HibernateTransactionManager">
		<property name="sessionFactory" ref="masterSessionFactory" />
	</bean>

	<bean id="collSubmissionDetailsDAO"
		class="com.cmc.facts.collections.dao.SubmissionDetailsDAO">
		<property name="sessionFactory">
			<ref bean="masterSessionFactory" />
		</property>
	</bean>
	<aop:config>
		<aop:pointcut id="txnSubmissionDetailsDAO"
			expression="execution(* com.cmc.facts.collections.proxyinterfaces.ISubmissionDetails.*(..))" />
		<aop:advisor advice-ref="txnSubmissionDetailsDAOAdvice"
			pointcut-ref="txnSubmissionDetailsDAO" />
	</aop:config>
	<tx:advice id="txnSubmissionDetailsDAOAdvice" transaction-manager="masterTxManager">
		<tx:attributes>
			<tx:method name="save*" propagation="REQUIRED" />
			<tx:method name="update*" propagation="REQUIRED" />
			<tx:method name="delete*" propagation="REQUIRED" />
			<tx:method name="find*" propagation="SUPPORTS" />
			<tx:method name="get*" propagation="SUPPORTS" />
		</tx:attributes>
	</tx:advice>
</beans>
