<?xml version="1.0"?>
<!DOCTYPE hibernate-mapping PUBLIC "-//Hibernate/Hibernate Mapping DTD 3.0//EN"
"http://hibernate.sourceforge.net/hibernate-mapping-3.0.dtd">
<!-- Generated Jan 27, 2006 10:03:14 AM by Hibernate Tools 3.1.0 beta3 -->
<hibernate-mapping>
    <class name="com.demos.hibernatemovies.Category" table="CATEGORY">
        <id name="category" type="java.lang.String">
            <column name="CATEGORY" length="64" />
            <generator class="assigned"></generator>
        </id>
        <set name="movies" inverse="true">
            <key>
                <column name="CATEGORY" not-null="true" />
            </key>
        </set>
        <property name="description" type="java.lang.String">
            <column name="DESC" />
        </property>
    </class>
</hibernate-mapping>
