<?xml version="1.0"?>
<!DOCTYPE hibernate-mapping PUBLIC "-//Hibernate/Hibernate Mapping DTD 3.0//EN"
"http://hibernate.sourceforge.net/hibernate-mapping-3.0.dtd">
<!-- Generated Jan 27, 2006 10:03:15 AM by Hibernate Tools 3.1.0 beta3 -->
<hibernate-mapping>
    <class name="com.demos.hibernatemovies.Studio" table="STUDIO">
        <id name="studioName" type="java.lang.String">
            <column name="STUDIO_NAME" length="64" />
            <generator class="assigned"></generator>
        </id>
        <set name="movies" inverse="true">
            <key>
                <column name="studio_STUDIO_NAME" length="64" />
            </key>
            <one-to-many class="com.demos.hibernatemovies.Movie" />
        </set>
    </class>
</hibernate-mapping>
