<?xml version="1.0" encoding="UTF-8" ?>
<!DOCTYPE log4j:configuration SYSTEM "http://logging.apache.org/log4j/1.2/apidocs/org/apache/log4j/xml/doc-files/log4j.dtd">
<log4j:configuration xmlns:log4j="http://jakarta.apache.org/log4j/">

    <appender name="console" class="org.apache.log4j.ConsoleAppender">
        <param name="Threshold" value="INFO" />
        <layout class="org.apache.log4j.PatternLayout">
            <param name="ConversionPattern" value="%d{HH:mm:ss,SSS} [%t] %-5p %c %X{context} - %m%n" />
        </layout>
    </appender>

    <appender name="file" class="org.apache.log4j.FileAppender">
        <param name="file" value="C:/Work-SVN/HEAD8/mylogfile.log" />
        <param name="append" value="false"/>
        <param name="Threshold" value="TRACE" />
        <layout class="org.apache.log4j.PatternLayout">
            <param name="ConversionPattern" value="%d{HH:mm:ss,SSS} [%t] %-5p %c %X{context} - %m%n" />
        </layout>
    </appender>

    <logger name="org.hibernate" additivity="false">
        <level value="trace"/>
        <appender-ref ref="file"/>
        <appender-ref ref="console"/>
    </logger>

     <root>
        <level value="info"/>
        <appender-ref ref="console"/>
    </root>

</log4j:configuration>