<?xml version="1.0"?>
<!DOCTYPE hibernate-mapping PUBLIC "-//Hibernate/Hibernate Mapping DTD 3.0//EN"
"http://hibernate.sourceforge.net/hibernate-mapping-3.0.dtd">

<hibernate-mapping>
    <class name="Hbx469" table="hbx_469" >
    	<id name="id" type="java.lang.Integer">
            <column name="pkId" />
            <generator class="assigned" />
        </id>
        <property name="someString" type="string">
            <column name="someString" length="100" />
        </property>
        <property name="someLong" type="java.lang.Long">
            <column name="someLong" />
        </property>
        <query name="findBySomeLong">
        	<query-param name="someLong" type="java.lang.Long" />
        	from Hbx469 where someLong=:someLong
        </query>
    </class>
</hibernate-mapping>
