<?xml version="1.0" encoding="UTF-8"?>
<!DOCTYPE hibernate-mapping PUBLIC "-//Hibernate/Hibernate Mapping DTD 3.0//EN" "http://www.hibernate.org/dtd/hibernate-mapping-3.0.dtd">
<hibernate-mapping>
    <class abstract="true" name="se.zaleth.jar.material.AbstractMaterial" table="R022_RM_ABSTRACT">
        <id column="RAWMATERIAL_ID" name="id">
            <generator class="sequence">
                <param name="sequence">R022_SEQ</param>
                <param name="increment_size">1</param>
                <param name="parameters">INCREMENT BY 1 START WITH 50001</param>
            </generator>
        </id>
        <many-to-one cascade="delete" class="se.zaleth.jar.material.RawMaterialInheritance" column="INHERITANCE_ID" name="inheritance" not-found="ignore"/>
        <joined-subclass name="se.zaleth.jar.material.RawMaterial" table="R023_RM_SCRAP">
            <key column="RAWMATERIAL_ID"/>
            <joined-subclass name="se.zaleth.jar.material.DriMaterial" table="R026_RM_DRI">
                <key column="RAWMATERIAL_ID"/>
                <many-to-one class="se.zaleth.jar.plant.ReductionShaftFurnace" column="FURNACE_ID" lazy="no-proxy" name="furnace" not-found="ignore"/>
            </joined-subclass>
        </joined-subclass>
        <joined-subclass name="se.zaleth.jar.material.CarbonSourceMaterial" table="R025_RM_CARBON">
            <key column="RAWMATERIAL_ID"/>
        </joined-subclass>
        <joined-subclass name="se.zaleth.jar.material.ElectricityMaterial" table="R027_RM_ELECTRICITY">
            <key column="RAWMATERIAL_ID"/>
        </joined-subclass>
        <joined-subclass name="se.zaleth.jar.material.ProcessGasMaterial" table="R031_RM_PRGAS">
            <key column="RAWMATERIAL_ID"/>
            <property column="PROCESS_GAS_TYPE" name="processGasType"/>
        </joined-subclass>
        <joined-subclass name="se.zaleth.jar.material.MediaMaterial" table="R029_RM_MEDIA">
            <key column="RAWMATERIAL_ID"/>
        </joined-subclass>
        <joined-subclass name="se.zaleth.jar.material.HotMetalMaterial" table="R034_RM_HOT_METAL">
            <key column="RAWMATERIAL_ID"/>
            <many-to-one class="se.zaleth.jar.plant.BlastFurnace" column="FURNACE_ID" lazy="no-proxy" name="furnace" not-found="ignore"/>
            <many-to-one class="se.zaleth.jar.material.CarbonSourceMaterial" column="COKE_ID" name="coke" not-found="ignore"/>
            <many-to-one class="se.zaleth.jar.material.CarbonSourceMaterial" column="INJECTION_ONE_ID" name="injectionOne" not-found="ignore"/>
            <many-to-one class="se.zaleth.jar.material.AbstractMaterial" column="INJECTION_TWO_ID" name="injectionTwo" not-found="ignore"/>
            <many-to-one class="se.zaleth.jar.material.ElectricityMaterial" column="ELECTRICITY_ID" name="electricitySource" not-found="ignore"/>
            <many-to-one class="se.zaleth.jar.material.ProcessGasMaterial" column="OXYGEN_ID" name="oxygenSource" not-found="ignore"/>
            <many-to-one class="se.zaleth.jar.material.ProcessGasMaterial" column="BLAST_ID" name="blastSource" not-found="ignore"/>
            <many-to-one class="se.zaleth.jar.material.MediaMaterial" column="WATER_ID" name="waterSource" not-found="ignore"/>
        </joined-subclass>
    </class>
</hibernate-mapping>
