<?xml version="1.0" encoding="UTF-8"?>
<!DOCTYPE hibernate-mapping PUBLIC "-//Hibernate/Hibernate Mapping DTD 3.0//EN" "http://www.hibernate.org/dtd/hibernate-mapping-3.0.dtd">
<hibernate-mapping>
    <class abstract="true" name="se.zaleth.jar.plant.ProductionUnit" table="R011_PRODUCTIONUNIT">
        <id column="UNIT_ID" name="id">
            <generator class="sequence">
                <param name="sequence">R011_SEQ</param>
                <param name="increment_size">1</param>
                <param name="parameters">INCREMENT BY 1 START WITH 50001</param>
            </generator>
        </id>
        <many-to-one class="se.zaleth.jar.material.MediaMaterial" column="WATER_MTRL_ID" name="waterSource" not-found="ignore"/>
        <many-to-one class="se.zaleth.jar.material.CarbonSourceMaterial" column="ELECTRODE_MTRL_ID" name="electrodeMaterial" not-found="ignore"/>
        <many-to-one class="se.zaleth.jar.material.ProcessGasMaterial" column="GAS_SECONDARY_ID" name="secondaryGasMaterial" not-found="ignore" not-null="false"/>
        <many-to-one class="se.zaleth.jar.material.CarbonSourceMaterial" column="ELECTRODE_SECONDARY_MTRL_ID" name="electrodeMaterialSecondary" not-found="ignore"/>
        <many-to-one class="se.zaleth.jar.material.AbstractMaterial" column="El_SECONDARY_ID" name="electricitySecondary" not-found="ignore"/>
        <joined-subclass name="se.zaleth.jar.plant.ReductionShaftFurnace" table="R014_RSF">
            <key column="UNIT_ID"/>
        </joined-subclass>
        <joined-subclass name="se.zaleth.jar.plant.BlastFurnace" table="R013_BLAST_FURNACE">
            <key column="UNIT_ID"/>
            <many-to-one class="se.zaleth.jar.material.CarbonSourceMaterial" column="COKE_ID" name="coke" not-found="ignore"/>
            <many-to-one class="se.zaleth.jar.material.CarbonSourceMaterial" column="INJECTION_ONE_ID" name="injectionOne" not-found="ignore"/>
            <many-to-one class="se.zaleth.jar.material.AbstractMaterial" column="INJECTION_TWO_ID" name="injectionTwo" not-found="ignore"/>
            <many-to-one class="se.zaleth.jar.material.ElectricityMaterial" column="ELECTRICITY_ID" name="electricitySource" not-found="ignore"/>
            <many-to-one class="se.zaleth.jar.material.ProcessGasMaterial" column="OXYGEN_ID" name="oxygenSource" not-found="ignore"/>
            <many-to-one class="se.zaleth.jar.material.ProcessGasMaterial" column="BLAST_ID" name="blastSource" not-found="ignore"/>
        </joined-subclass>
    </class>
</hibernate-mapping>
