<?xml version="1.0" encoding="UTF-8"?>
<!DOCTYPE hibernate-mapping PUBLIC "-//Hibernate/Hibernate Mapping DTD 3.0//EN" "http://www.hibernate.org/dtd/hibernate-mapping-3.0.dtd">
<!--
    Author     : Fredrik Persson
-->
<hibernate-mapping>
  <class name="se.zaleth.jar.material.RawMaterialInheritance" table="R024_RM_INHERITANCE">
    <id column="INHERITANCE_ID" name="id">
      <generator class="sequence">
        <param name="sequence">R024_SEQ</param>
        <param name="increment_size">1</param>
        <param name="parameters">INCREMENT BY 1 START WITH 50000</param>
      </generator>
    </id>
    <many-to-one class="se.zaleth.jar.material.AbstractMaterial" column="ANCESTOR_ID" name="ancestor" not-found="ignore"/>
  </class>
</hibernate-mapping>
