<?xml version="1.0" encoding="UTF-8" ?>
<!DOCTYPE log4j:configuration SYSTEM "log4j.dtd">
<log4j:configuration>
    <appender name="STDOUT" class="org.apache.log4j.ConsoleAppender">
        <param name="Target" value="System.out" />
        <layout class="org.apache.log4j.PatternLayout">
            <param name="ConversionPattern"
                   value="[%d{ISO8601}] =%d{dd-MM HH:mm:ss,SSS} %-5p %t (%F:%M:%L)  -%m%n " />
        </layout>
        <filter class="org.apache.log4j.varia.LevelRangeFilter">
            <param name="LevelMin" value="INFO"/>
            <param name="LevelMax" value="FATAL"/>
        </filter>
    </appender>

    <!--                           -->
    <!-- setup log4j's root logger -->
    <!--                           -->
    <root>
        <level value="all" />
        <appender-ref ref="STDOUT"/>
    </root>
</log4j:configuration>