<!DOCTYPE hibernate-mapping PUBLIC "-//Hibernate/Hibernate Mapping DTD 3.0//EN"
                                   "http://hibernate.sourceforge.net/hibernate-mapping-3.0.dtd">
<hibernate-mapping>
    <class lazy="true"
        name="cascadeissue.Customer" table="customers">
        <id name="CustomerID" type="string">
            <column length="5" name="CustomerID"/>
        </id>

        <map cascade="all-delete-orphan" inverse="true" lazy="false" name="orders">
            <key column="CustomerID"/>
            <map-key column="OrderID" type="int"/>
            <one-to-many class="cascadeissue.Order"/>
        </map>
    </class>
</hibernate-mapping>
