<?xml version="1.0" encoding="UTF-8" ?>
<!DOCTYPE hibernate-mapping SYSTEM
	"http://hibernate.sourceforge.net/hibernate-mapping-3.0.dtd">

<hibernate-mapping>

    <class name="my.model.Program" table="TBL_PROGRAM" lazy="true">
        <id name="id" type="string" column="id" length="32">
            <generator class="uuid" />
        </id>

        <property name="title" column="title" type="string" length="255"/>

        <bag name="documents" lazy="true" inverse="true">
            <key column="parent_id"/>
            <one-to-many class="my.model.Document"/>
        </bag>

        <bag name="elements" lazy="true" table="TBL_ELEMENT">
            <key column="parent_id"/>
            <element type="int" column="number"/>
        </bag>
    </class>

    <class name="my.model.Document" table="TBL_DOCUMENT" lazy="true">
        <id name="id" type="string" column="id" length="32">
            <generator class="uuid" />
        </id>

        <many-to-one name="parent" class="my.model.Program" column="parent_id"/>

        <property name="title" column="title" type="string" length="255"/>
    </class>
</hibernate-mapping>