<?xml version='1.0' encoding='UTF-8'?>
<!DOCTYPE hibernate-configuration PUBLIC "-//Hibernate/Hibernate Configuration DTD 3.0//EN"
        "http://hibernate.sourceforge.net/hibernate-configuration-3.0.dtd">

<hibernate-configuration>

    <session-factory>
        <property name="connection.url">jdbc:h2:mem:test</property>
        <property name="connection.username">sa</property>
        <property name="connection.password"></property>
        <property name="dialect">org.hibernate.dialect.H2Dialect</property>
        <property name="connection.driver_class">org.h2.Driver</property>
        <property name="show_sql">true</property>
        <property name="hbm2ddl.auto">update</property>

        <mapping class="org.foo.A" />
        <mapping class="org.foo.B" />
     
    </session-factory>

</hibernate-configuration>
