<?xml version="1.0"?>
<!DOCTYPE hibernate-mapping PUBLIC
        "-//Hibernate/Hibernate Mapping DTD 3.0//EN"
        "http://hibernate.sourceforge.net/hibernate-mapping-3.0.dtd">

<hibernate-mapping package="com.foo.persist">

	<class name="Association" table="ASC_ASSOCIATION" lazy="true">
		<composite-id>		
			<key-many-to-one name="rootParent">
				<column name="ASC_RPR_UID" not-null="true" />
			</key-many-to-one>
			<key-many-to-one name="leafParent">
	  			<column name="ASC_LPR_UID" not-null="true" />
	  		</key-many-to-one>
	  	</composite-id>
		
		<version name="version" column="ASC_VERSION" />
		
		<many-to-one name="rootParent" insert="false" update="false" cascade="merge">
			<column name="ASC_RPR_UID" not-null="true" />
		</many-to-one>
		
		<many-to-one name="leafParent" insert="false" update="false" cascade="merge">
			<column name="ASC_LPR_UID" not-null="true" />
		</many-to-one>
		
	</class>

</hibernate-mapping>
