<?xml version="1.0"?>
<!DOCTYPE hibernate-mapping PUBLIC
        "-//Hibernate/Hibernate Mapping DTD 3.0//EN"
        "http://hibernate.sourceforge.net/hibernate-mapping-3.0.dtd">

<hibernate-mapping package="com.foo.persist">

	<class name="Friend" table="FRN_FRIEND" lazy="true">
		<id column="FRN_UID" name="internalId" type="long">
			<generator class="native" />
		</id>

		<version name="version" column="FRN_VERSION" />

		<set name="rootParentSet" inverse="true" cascade="merge">
			<key column="RPR_FRN_UID" />
			<one-to-many class="RootParent"/>
		</set>
		
	</class>

</hibernate-mapping>
