<?xml version='1.0' encoding='UTF-8'?>
<!DOCTYPE hibernate-configuration PUBLIC
          "-//Hibernate/Hibernate Configuration DTD 3.0//EN"
          "http://hibernate.sourceforge.net/hibernate-configuration-3.0.dtd">

<!-- Generated by MyEclipse Hibernate Tools.                   -->
<hibernate-configuration>

<session-factory>
	<property name="connection.url">jdbc:derby:data\testdb;create=true</property>
	<property name="dialect">
		org.hibernate.dialect.DerbyDialect
	</property>
	<property name="myeclipse.connection.profile">testdb</property>
	<property name="connection.driver_class">
		org.apache.derby.jdbc.EmbeddedDriver
	</property>
	<property name="hbm2ddl.auto">create</property>
	<property name="show_sql">true</property>
	<mapping resource="RootParent.hbm.xml" />
	<mapping resource="LeafParent.hbm.xml" />
	<mapping resource="Association.hbm.xml" />
	<mapping resource="Friend.hbm.xml" />

</session-factory>

</hibernate-configuration>