<?xml version="1.0"?>
<!DOCTYPE hibernate-mapping PUBLIC
        "-//Hibernate/Hibernate Mapping DTD 3.0//EN"
        "http://hibernate.sourceforge.net/hibernate-mapping-3.0.dtd">

<hibernate-mapping package="com.foo.persist">

	<class name="LeafParent" table="LPR_LEAF_PARENT" lazy="true">
		<id column="LPR_UID" name="internalId" type="long">
			<generator class="native" />
		</id>
		
		<version name="version" column="LPR_VERSION" />
		
		<property name="leafParentId" column="LPR_ID" type="string" length="32"/>
		
		<set name="associationSet" inverse="true" cascade="merge">
			<key column="ASC_LPR_UID" not-null="true"/>
			<one-to-many class="Association"/>
		</set>
		
	</class>

</hibernate-mapping>
