<?xml version="1.0"?>
<!DOCTYPE hibernate-mapping PUBLIC
        "-//Hibernate/Hibernate Mapping DTD 3.0//EN"
        "http://hibernate.sourceforge.net/hibernate-mapping-3.0.dtd">

<hibernate-mapping package="com.foo.persist">

	<class name="RootParent" table="RPR_ROOT_PARENT" lazy="true">
		<id column="RPR_UID" name="internalId" type="long">
			<generator class="native" />
		</id>

		<version name="version" column="RPR_VERSION" />

		<property column="RPR_ID" name="rootParentId" type="string" length="32" />

		<set name="associationSet" inverse="true" cascade="merge">
			<key column="ASC_RPR_UID" not-null="true"/>
			<one-to-many class="Association"/>
		</set>
		
		<many-to-one name="friend" class="Friend" cascade="merge">
			<column name="RPR_FRN_UID" />
		</many-to-one>
		
	</class>

</hibernate-mapping>
