<?xml version="1.0" encoding="UTF-8"?>
<beans xmlns="http://www.springframework.org/schema/beans"
	xmlns:xsi="http://www.w3.org/2001/XMLSchema-instance" xmlns:context="http://www.springframework.org/schema/context"
	xsi:schemaLocation="
	http://www.springframework.org/schema/beans
	http://www.springframework.org/schema/beans/spring-beans-4.3.xsd
	http://www.springframework.org/schema/context
	http://www.springframework.org/schema/context/spring-context-4.3.xsd"
	default-lazy-init="true">



	<!--  Database -->
	<bean class="java.lang.String">
		<qualifier value="defaultSchema" />
		<constructor-arg type="java.lang.String">
			<value>${hibernate.default_schema}</value>
		</constructor-arg>
	</bean>

	<bean class="java.lang.String">
		<qualifier value="dbDialect" />
		<constructor-arg type="java.lang.String">
			<value>${hibernate.dialect}</value>
		</constructor-arg>
	</bean>


	<bean class="java.lang.Integer">
		<qualifier value="dbMondayIndex" />
		<constructor-arg type="int">
			<value>${database.monday_index}</value>
		</constructor-arg>
	</bean>

	


</beans>
