﻿<?xml version="1.0" encoding="UTF-8"?>
<beans xmlns="http://www.springframework.org/schema/beans"
	xmlns:xsi="http://www.w3.org/2001/XMLSchema-instance" xmlns:aop="http://www.springframework.org/schema/aop"
	xmlns:tx="http://www.springframework.org/schema/tx"
	xsi:schemaLocation="http://www.springframework.org/schema/beans http://www.springframework.org/schema/beans/spring-beans-4.3.xsd
	http://www.springframework.org/schema/tx http://www.springframework.org/schema/tx/spring-tx-4.3.xsd
	http://www.springframework.org/schema/aop http://www.springframework.org/schema/aop/spring-aop.xsd
	">

	<bean class="org.springframework.orm.jpa.support.PersistenceAnnotationBeanPostProcessor" />

	<bean id="entityManagerFactory"
		class="org.springframework.orm.jpa.LocalContainerEntityManagerFactoryBean">
		<property name="jpaVendorAdapter">
			<bean class="org.springframework.orm.jpa.vendor.HibernateJpaVendorAdapter">
				<property name="generateDdl" value="false" />
				<property name="databasePlatform" value="${hibernate.dialect}" />
			</bean>
		</property>
		<property name="jpaProperties">
			<props>
				<prop key="hibernate.default_schema">${hibernate.default_schema}</prop>
				<prop key="hibernate.connection.password">${hibernate.connection.password}</prop>
				<!-- optimizer strategy for id seq management: closely tied to pl/pgsql scripts in mercure -->
				<prop key="hibernate.id.optimizer.pooled.preferred" >pooled-lo</prop>
				<!-- set second level cache impl -->
				<prop key="hibernate.cache.region.factory_class"  >org.hibernate.cache.jcache.JCacheRegionFactory</prop>
				<prop key="hibernate.cache.use_query_cache">true</prop>
				<prop key="hibernate.javax.cache.provider" >ockham.manytomany.tool.cache.CustomCachingProvider</prop>
				<prop key="hibernate.cache.use_second_level_cache" >true</prop>
				<!-- batching properties -->
				<prop key="hibernate.jdbc.batch_size"  >50</prop>
				<prop key="hibernate.order_inserts"  >true</prop>
				<prop key="hibernate.order_updates" >true</prop>
			</props>

		</property>
		<property name="sharedCacheMode" value="ENABLE_SELECTIVE"/>
		<property name="dataSource" ref="masterDataSource" />
	</bean>

	<bean id="transactionManager" class="org.springframework.orm.jpa.JpaTransactionManager">
		<property name="dataSource" ref="masterDataSource" />
		<property name="entityManagerFactory" ref="entityManagerFactory" />
	</bean>


	<bean id="masterDataSource" class="com.mchange.v2.c3p0.ComboPooledDataSource" destroy-method="close"> 
		<property name="driverClass">
			<value>${hibernate.driver.class}</value>
		</property>
		<property name="jdbcUrl">
			<value>${hibernate.connection.master.url}</value>
		</property>
		<property name="user">
			<value>${hibernate.connection.username}</value>
		</property>
		<property name="password">
			<value>${hibernate.connection.password}</value>
		</property>
		<property name="acquireRetryAttempts">
			<value>${hibernate.connection.acquireRetryAttempts}</value>
		</property>
		<property name="breakAfterAcquireFailure">
			<value>false</value>
		</property>
		<property name="idleConnectionTestPeriod">
			<value>30</value>
		</property>
		<property name="maxIdleTime">
			<value>120</value>
		</property>
		<property name="preferredTestQuery">
			<value>SELECT 1</value>
		</property>
		<property name="maxPoolSize">
			<value>${hibernate.connection.maxPoolSize}</value>
		</property>
	</bean>

	<aop:aspectj-autoproxy/>
	<tx:annotation-driven order="200"/>

</beans>
