<?xml version="1.0" encoding="utf-8"?>
<!DOCTYPE hibernate-configuration PUBLIC
"-//Hibernate/Hibernate Configuration DTD 3.0//EN"
"http://www.hibernate.org/dtd/hibernate-configuration-3.0.dtd">
<hibernate-configuration>
  <session-factory>
    <property name="dialect">org.hibernate.dialect.PostgreSQL95Dialect</property>
    <property name="default_schema">manytomany</property>
    <property name="connection.driver_class">org.postgresql.Driver</property>
  </session-factory>
</hibernate-configuration>