<?xml version="1.0"?>
<!DOCTYPE hibernate-mapping PUBLIC "-//Hibernate/Hibernate Mapping DTD 3.0//EN"
"http://hibernate.sourceforge.net/hibernate-mapping-3.0.dtd">
<hibernate-mapping>
<!-- 
        Auto-generated mapping file from
        the hibernate.org cfg2hbm engine
-->
    <class name="generated.Doesntwork" table="DOESNTWORK">
        <id name="id" type="long">
            <column name="ID" />
            <generator class="assigned" />
        </id>
        <property name="text" type="string">
            <column name="TEXT" length="20" />
        </property>
    </class>
</hibernate-mapping>
