<?xml version="1.0"?>
<!DOCTYPE hibernate-mapping PUBLIC "-//Hibernate/Hibernate Mapping DTD 3.0//EN"
          "http://hibernate.sourceforge.net/hibernate-mapping-3.0.dtd">

<hibernate-mapping>

  <class name="com.oreilly.hh.data.Track" table="TRACK">
    <meta attribute="class-description">
      Represents a single playable track in the music database.
      @author Jim Elliott (with help from Hibernate)
    </meta>

    <id name="id" type="int" column="TRACK_ID">
      <meta attribute="scope-set">protected</meta>
      <generator class="native"/>
    </id>

    <property name="title" type="string">
      <meta attribute="use-in-tostring">true</meta>
      <column name="TITLE" not-null="true" index="TRACK_TITLE"/>
    </property>

    <property name="filePath" type="string" not-null="true"/>

    <property name="playTime" type="time">
      <meta attribute="field-description">Playing time</meta>
    </property>

    <set name="artists" table="TRACK_ARTISTS">
      <key column="TRACK_ID"/>
      <many-to-many class="com.oreilly.hh.data.Artist" column="ARTIST_ID"/>
    </set>

    <property name="added" type="date">
      <meta attribute="field-description">When the track was created</meta>
    </property>

    <property name="volume" type="com.oreilly.hh.StereoVolumeType">
      <meta attribute="field-description">How loud to play the track</meta>
      <meta attribute="use-in-tostring">true</meta>
      <column name="VOL_LEFT"/>
      <column name="VOL_RIGHT"/>
    </property>

    <property name="sourceMedia" type="com.oreilly.hh.SourceMediaType">
      <meta attribute="field-description">Media on which track was obtained</meta>
      <meta attribute="use-in-tostring">true</meta>
    </property>

    <set name="comments" table="TRACK_COMMENTS">
       <key column="TRACK_ID"/>
       <element column="COMMENT" type="string"/>
    </set>

  </class>

  <query name="com.oreilly.hh.tracksNoLongerThan">
    <![CDATA[
        from com.oreilly.hh.data.Track as track
        where track.playTime <= :length
      ]]>
  </query>

</hibernate-mapping>
