<?xml version='1.0' encoding='utf-8'?>
<!DOCTYPE hibernate-mapping
   PUBLIC "-//Hibernate/Hibernate Mapping DTD//EN"
   "http://hibernate.sourceforge.net/hibernate-mapping-3.0.dtd">

<hibernate-mapping package="com.hibernatebook.criteria">
   <class name="Supplier">
      <id name="id" type="int">
         <generator class="native"/>
      </id>

      <property name="name" type="string"/>
      <bag name="products" inverse="true" cascade="all,delete-orphan">
      	<key column="supplierId"/>
      	<one-to-many class="Product"/>
      </bag>


   </class>
</hibernate-mapping>
