<?xml version="1.0" encoding="iso-8859-1"?>
<!DOCTYPE hibernate-configuration PUBLIC "-//Hibernate/Hibernate Configuration DTD//EN"
    "http://hibernate.sourceforge.net/hibernate-configuration-3.0.dtd">

<hibernate-configuration>
	<session-factory name="hsqlSessionFactory">
		<property name="connection.driver_class">
			oracle.jdbc.driver.OracleDriver
		</property>
		<property name="connection.url">
			jdbc:oracle:thin:@novasib4:1521:th414m
		</property>
		<property name="connection.username">TEST</property>
		<property name="connection.password">TEST</property>
		<property name="dialect">
			org.hibernate.dialect.OracleDialect
		</property>
		<mapping resource="org/hibernate/jira/testcase/JoinedClass.hbm.xml" />
	</session-factory>
</hibernate-configuration>
