<?xml version="1.0"?>
<!DOCTYPE hibernate-mapping PUBLIC "-//Hibernate/Hibernate Mapping DTD//EN"
"http://hibernate.sourceforge.net/hibernate-mapping-3.0.dtd">
<hibernate-mapping package="de.novasib.ttsib5.hbm.SYSADM5" schema="SYSADM5">
	<class name="org.hibernate.jira.testcase.SuperObjekt" table="SUPER_OBJEKT">
		<id name="id" type="java.lang.String" column="ID">
			<generator class="uuid.hex"/>
		</id>
		<joined-subclass name="org.hibernate.jira.testcase.SubObjekt" table="SUB_OBJEKT">
			<key column="ID"/>
			<property name="propertyA" type="java.lang.String" column="PROPERTY_A" />
		</joined-subclass>
	</class>
</hibernate-mapping>