<!DOCTYPE hibernate-configuration PUBLIC
	"-//Hibernate/Hibernate Configuration DTD 3.0//EN"
	"http://www.hibernate.org/dtd/hibernate-configuration-3.0.dtd">

<hibernate-configuration>
	<session-factory>
		<!-- Conexão -->
		<property name="hibernate.connection.driver_class">net.sourceforge.jtds.jdbc.Driver</property>
		<property name="hibernate.connection.username">stracwdev</property>
		<property name="hibernate.connection.password">stracwdev</property>
		<property name="hibernate.connection.url">jdbc:jtds:sqlserver://str-server-005/STR_ACW_DEV</property>

		<!-- Misc. -->
		<property name="hibernate.current_session_context_class">thread</property>

		<!-- Tipo do Banco de dados: MS SQL SERVER -->
		<property name="hibernate.dialect">org.hibernate.dialect.SQLServerDialect</property>

		<!-- Cache -->
		<property name="hibernate.cache.use_second_level_cache">false</property>
		<property name="hibernate.cache.use_query_cache">false</property>

		<!-- Mapeamentos -->
		<mapping class="SisRelatorio"/>
	</session-factory>
</hibernate-configuration>
