<?xml version="1.0" encoding="UTF-8"?>
<beans xmlns="http://www.springframework.org/schema/beans"
	xmlns:xsi="http://www.w3.org/2001/XMLSchema-instance" xmlns:context="http://www.springframework.org/schema/context"
	xmlns:util="http://www.springframework.org/schema/util" xmlns:p="http://www.springframework.org/schema/p"
	xsi:schemaLocation="
			http://www.springframework.org/schema/beans http://www.springframework.org/schema/beans/spring-beans-3.0.xsd
			http://www.springframework.org/schema/context http://www.springframework.org/schema/context/spring-context-3.0.xsd
			http://www.springframework.org/schema/util http://www.springframework.org/schema/util/spring-util-3.0.xsd">



	<!-- configure an Atomikos JTA-aware datasource -->
	<!-- set an arbitrary but unique name for the datasource -->
	<!---->
	<bean id="dataSource" class="com.atomikos.jdbc.AtomikosDataSourceBean"
		init-method="init" destroy-method="close">
		<property name="uniqueResourceName" value="ds" />
		<property name="xaDataSourceClassName" value="org.apache.derby.jdbc.EmbeddedXADataSource" />
		<property name="xaProperties">
			<props>
				<prop key="databaseName">${user.home}/orthankDs</prop>
			</props>
		</property>
		<property name="minPoolSize" value="2" />
		<property name="maxPoolSize" value="10" />
	</bean>

</beans>

