<?xml version="1.0"?>
<!DOCTYPE hibernate-mapping PUBLIC
	"-//Hibernate/Hibernate Mapping DTD 3.0//EN"
	"http://hibernate.sourceforge.net/hibernate-mapping-3.0.dtd">
<hibernate-mapping package="shop_product_stock">
  <class name="Shop">
  	<id name="id" column="SHOP_ID">
  		<generator class="native" />
  	</id>
	<property name="name" unique="true"/>
  	<map name="stock" table="SHOP_PRODUCT_STOCK" cascade="all">
  		<key column="SHOP_ID" />
  		<map-key-many-to-many class="Product" column="PRODUCT_ID" />
  		<element type="integer" column="AMOUNT"/>
  	</map>
  	<set name="employees" inverse="true">
  		<key column="SHOP_ID" />
  		<one-to-many class="Employee" />
  	</set>
  </class>
</hibernate-mapping>