<?xml version="1.0"?>
<!DOCTYPE hibernate-mapping PUBLIC
        "-//Hibernate/Hibernate Mapping DTD 3.0//EN"
        "http://www.hibernate.org/dtd/hibernate-mapping-3.0.dtd">

<hibernate-mapping default-cascade="all">
	<class name="eg2.Project" table="test_projects">

		<id name="id" column="ID">
			<generator class="assigned" />
		</id>

		<property name="name" type="string" length="256" not-null="true" />

		<set name="regions" table="PROJECT_TO_REGIONS" cascade="save-update, refresh, merge"
			lazy="false">
			<key column="PROJECT_ID" />
			<many-to-many column="REGION_ID" class="eg2.Region">
			</many-to-many>
		</set>

		<set name="sectors" table="PROJECT_TO_SECTORS" cascade="save-update, refresh, merge"
			lazy="false">
			<key column="PROJECT_ID" />
			<many-to-many column="SECTOR_ID" class="eg2.Sector">
			</many-to-many>
		</set>


	</class>
</hibernate-mapping>