<?xml version='1.0' encoding='utf-8'?> 
<!DOCTYPE hibernate-configuration PUBLIC
	"-//Hibernate/Hibernate Configuration DTD 3.0//EN"
	"http://www.hibernate.org/dtd/hibernate-configuration-3.0.dtd">
<hibernate-configuration> 

    <session-factory> 
        
		<property name="dialect">org.hibernate.dialect.DB2Dialect</property>
        
        <property name="hibernate.default_schema">TEST</property>
        <property name="connection.driver_class"></property> 
        <property name="connection.username">bst</property> 
        <property name="connection.password">pw</property> 
        <property name="connection.url">jdbc:db2:test</property>
        
        <property name="query.substitutions">true 1, false 0, yes 1, no 0</property>
        
        <property name="jdbc.batch_size">0</property> 
        <property name="show_sql">false</property>
        <property name="hibernate.cache.use_second_level_cache">false</property>
        <property name="hibernate.connection.handling_mode">DELAYED_ACQUISITION_AND_HOLD</property>
     	<property name="hibernate.jdbc.use_scrollable_resultset">true</property>
     		    		
    	<property name="connection.provider_class">org.hibernate.engine.jdbc.connections.internal.UserSuppliedConnectionProviderImpl</property>
		
		
		<property name="hibernate.c3p0.max_statements">100</property> 
		<property name="hibernate.c3p0.acquire_increment">1</property> 
		<property name="hibernate.c3p0.min_size">1</property> 
		<property name="hibernate.c3p0.max_size">100</property> 
		<property name="hibernate.c3p0.timeout">100</property>
		<property name="hibernate.c3p0.idle_test_period">100</property>
		
     	<!-- <mapping resource = "de/parcit/basedb/hibernate/Account.hbm.xml"/>-->
     	
    </session-factory> 

</hibernate-configuration> 