<!DOCTYPE hibernate-configuration PUBLIC
	"-//Hibernate/Hibernate Configuration DTD 3.0//EN"
	"http://hibernate.sourceforge.net/hibernate-configuration-3.0.dtd">

<hibernate-configuration>
	<session-factory>
        <property name="connection.driver_class">org.hsqldb.jdbcDriver</property>
        <property name="connection.url">jdbc:hsqldb:mem:temp</property>
 
        <!-- JDBC connection pool (use the built-in) -->
        <property name="connection.pool_size">1</property>

        <!-- SQL dialect -->
        <property name="dialect">org.hibernate.dialect.HSQLDialect</property>

        <!-- Enable Hibernate's automatic session context management -->
        <!--property name="current_session_context_class">thread</property-->

        <property name="hibernate.cache.use_second_level_cache">true</property>
        <property name="cache.provider_class">org.hibernate.cache.OptimisticTreeCacheProvider</property>
    	<property name="transaction.manager_lookup_class">com.medq.test.DummyTransactionManagerLookup</property>        

        <!-- Echo all executed SQL to stdout -->
        <property name="show_sql">true</property>

        <!-- Drop and re-create the database schema on startup -->
        <property name="hbm2ddl.auto">create</property>

        <mapping class="com.medq.test.A"/>	
        <mapping class="com.medq.test.B"/>	
     </session-factory>
</hibernate-configuration>