<?xml version="1.0"?>
<!DOCTYPE hibernate-mapping PUBLIC
	"-//Hibernate/Hibernate Mapping DTD 3.0//EN"
	"http://www.hibernate.org/dtd/hibernate-mapping-3.0.dtd">

<hibernate-mapping package="org.hibernate.test">

	<class name="A" lazy="true" table="aaa">
		<id name="id">
			<generator class="native" />
		</id>

	</class>

	<class name="B" lazy="true" table="bbb">
		<id name="id">
			<generator class="native" />
		</id>
	</class>

	<class name="C" lazy="true" table="ccc">
		<id name="id">
			<generator class="native" />
		</id>
	</class>

</hibernate-mapping>
