<?xml version="1.0" encoding="UTF-8"?>
<!DOCTYPE hibernate-configuration PUBLIC "-//Hibernate/Hibernate Configuration DTD 3.0//EN"
                                         "http://hibernate.sourceforge.net/hibernate-configuration-3.0.dtd">
<hibernate-configuration>
 <session-factory name="local">
  <property name="hibernate.connection.driver_class">com.sybase.jdbc3.jdbc.SybDriver</property>
  <property name="hibernate.connection.url">jdbc:sybase:Tds:192.168.0.3:5000/GDBRWRPR?USE_METADATA=true&amp;HOSTNAME=WEB_SERVER&amp;APPLICATIONNAME=CANOVA_TOMCAT&amp;REPEAT_READ=true&amp;LITERAL_PARAMS=true&amp;JCONNECT_VERSION=6&amp;charset=cp850&amp;DISABLE_UNICHAR_SENDING=false</property>
  <property name="hibernate.connection.username">sa</property>
  <property name="hibernate.connection.password"/>
  <property name="hibernate.dialect">org.hibernate.dialect.SybaseDialect</property>
  <property name="hibernate.jdbc.batch_size">50</property>
  <property name="hibernate.jdbc.fetch_size">300</property>
  <property name="hibernate.default_schema">dbo</property>
  <mapping resource="com/bsi/config/TestTable.hbm.xml"/>
 </session-factory>
</hibernate-configuration>
