<?xml version="1.0"?>
<!DOCTYPE hibernate-mapping PUBLIC
	"-//Hibernate/Hibernate Mapping DTD 3.0//EN"
	"http://hibernate.sourceforge.net/hibernate-mapping-3.0.dtd">
<hibernate-mapping package="com.bsi.domain">
  <class name="TestTablePersistentClass" table="TEST_TABLE">
  <id name="id" type="long">
  	<generator class="identity"></generator>
  </id>
  <property name="firstName" column="first_name" type="string" not-null="true" length="50"></property>
  <property name="lastName" column="last_name" type="string" not-null="true" length="50"></property>
  <property name="phoneNumber" column="phone_number" type="string" not-null="true" length="10"></property>
  </class>
  
    <sql-query name="FIND_TEST_TABLE" callable="true" read-only="true">
		<![CDATA[
			 {exec FIND_TEST_TABLE }
		]]> 
    </sql-query>
    
</hibernate-mapping>