<?xml version="1.0"?>
<!DOCTYPE hibernate-mapping PUBLIC "-//Hibernate/Hibernate Mapping DTD 3.0//EN"
                                   "http://www.hibernate.org/dtd/hibernate-mapping-3.0.dtd">
<hibernate-mapping>
  <class name="com.anybug.Bar2" table="bar2">
    <id column="id" name="id" type="java.lang.Long">
      <generator class="hilo">
        <param name="table">id_sequences</param>
        <param name="column">sequence_next_hi_value</param>
      </generator>
    </id>
    <property name="bar2Value" />
  </class>
</hibernate-mapping>
