<?xml version="1.0"?>
<!DOCTYPE hibernate-mapping PUBLIC "-//Hibernate/Hibernate Mapping DTD 3.0//EN"
                                   "http://www.hibernate.org/dtd/hibernate-mapping-3.0.dtd">
<hibernate-mapping>
  <class name="com.anybug.Foo" table="foo">
    <id column="id" name="id" type="java.lang.Long">
      <generator class="hilo">
        <param name="table">id_sequences</param>
        <param name="column">sequence_next_hi_value</param>
      </generator>
    </id>
    <any name="testProperty" id-type="long" meta-type="string">
      <meta-value value="BAR1" class="com.anybug.Bar1" />
      <meta-value value="BAR2" class="errorneous.classpath" />
      <column name="testproperty_discriminator" />
      <column name="testproperty_id" />
    </any>
  </class>
</hibernate-mapping>
