<?xml version="1.0" encoding="UTF-8"?>
<!DOCTYPE hibernate-configuration PUBLIC
		"-//Hibernate/Hibernate Configuration DTD 3.0//EN"
		"http://hibernate.sourceforge.net/hibernate-configuration-3.0.dtd">
<hibernate-configuration>
    <session-factory>
	    <property name="connection.driver_class">oracle.jdbc.driver.OracleDriver</property>
	    <property name="connection.url">jdbc:oracle:thin:@localhost:1521:XE</property>
	    <property name="connection.username">sdl</property>
	    <property name="connection.password">sdl</property>
	    <property name="connection.pool_size">1</property>
	    <property name="current_session_context_class">thread</property>
        <property name="hibernate.dialect">org.hibernate.dialect.Oracle9iDialect</property>
    </session-factory>
    
</hibernate-configuration>
