<?xml version="1.0" encoding="UTF-8"?>
<!DOCTYPE hibernate-mapping PUBLIC "-//Hibernate/Hibernate Mapping DTD 3.0//EN" "http://hibernate.sourceforge.net/hibernate-mapping-3.0.dtd">

<hibernate-mapping package="patchTest.persistentmapNull">
	<class name="PersistentmapNull" table="PersistentmapNull"
		dynamic-update="true" optimistic-lock="dirty">

		<id name="id" column="id">
			<generator class="native" />
		</id>

		<map name="data" table="PersistentmapNullData" lazy="false"
			cascade="all-delete-orphan">
			
			<key column="id" not-null="true" />
			<map-key column="key" type="string" length="10" />
			<element column="value" type="string" length="10" />
		</map>
	</class>
</hibernate-mapping>
