<project xmlns="http://maven.apache.org/POM/4.0.0" xmlns:xsi="http://www.w3.org/2001/XMLSchema-instance"
	xsi:schemaLocation="http://maven.apache.org/POM/4.0.0 http://maven.apache.org/maven-v4_0_0.xsd">
	<modelVersion>4.0.0</modelVersion>

	<groupId>org.hibernate.testcasetemplate</groupId>
	<artifactId>test-case-template-hibernate-orm5</artifactId>
	<version>1.0.0.Final</version>
	<name>Hibernate ORM 5 Test Case Template</name>

	<properties>
		<version.com.h2database>1.3.176</version.com.h2database>
		<version.junit>4.11</version.junit>
		<version.org.hibernate>5.1.0.Final</version.org.hibernate>
		<version.org.slf4j>1.7.2</version.org.slf4j>
	</properties>

	<dependencies>
		<dependency>
			<groupId>org.hibernate</groupId>
			<artifactId>hibernate-entitymanager</artifactId>
			<version>${version.org.hibernate}</version>
		</dependency>
		<dependency>
			<groupId>org.hibernate</groupId>
			<artifactId>hibernate-testing</artifactId>
			<version>${version.org.hibernate}</version>
		</dependency>

		<dependency>
			<groupId>com.h2database</groupId>
			<artifactId>h2</artifactId>
			<version>${version.com.h2database}</version>
		</dependency>
		<dependency>
			<groupId>junit</groupId>
			<artifactId>junit</artifactId>
			<version>${version.junit}</version>
		</dependency>
		<dependency>
			<groupId>org.slf4j</groupId>
			<artifactId>slf4j-log4j12</artifactId>
			<version>${version.org.slf4j}</version>
		</dependency>
	</dependencies>

	<build>
		<plugins>
			<plugin>
				<groupId>org.apache.maven.plugins</groupId>
				<artifactId>maven-compiler-plugin</artifactId>
				<version>3.1</version>
				<configuration>
					<source>1.8</source>
					<target>1.8</target>
				</configuration>
			</plugin>
		</plugins>
	</build>
	<dependencyManagement>
		<dependencies>
			<dependency>
				<groupId>com.sun</groupId>
				<artifactId>tools</artifactId>
				<version>1.6</version>
				<scope>system</scope>
				<systemPath>/usr/lib64/jvm/java-1.8.0-openjdk-1.8.0/lib/tools.jar</systemPath>
			</dependency>
		</dependencies>
	</dependencyManagement>
</project>
