<?xml version="1.0"?>
<application-client xmlns="http://java.sun.com/xml/ns/javaee"
	                xmlns:xsi="http://www.w3.org/2001/XMLSchema-instance"
	                xsi:schemaLocation="http://java.sun.com/xml/ns/javaee	http://java.sun.com/xml/ns/javaee/application-client_5.xsd"
	                version="5">
	<display-name>hskaTestClient</display-name>
	<!-- TODO : Geht erst mit JBoss 5
	<ejb-ref>
		<ejb-ref-name>hska/KundenverwaltungBean/remote</ejb-ref-name>
		<ejb-ref-type>Session</ejb-ref-type>
	</ejb-ref>
	-->
</application-client>