<?xml version="1.0"?>
<!DOCTYPE hibernate-mapping PUBLIC "-//Hibernate/Hibernate Mapping DTD 3.0//EN" "http://hibernate.sourceforge.net/hibernate-mapping-3.0.dtd">
<hibernate-mapping>
  <class name="cx.pei.testapps.hibernate.sqlqueryrestrans.DomainObject">
    <id name="id" type="long">
      <column name="id" />
      <generator class="native" />
    </id>
    <property name="name" />
    <many-to-one name="a"/>
    <many-to-one name="b"/>
    <sql-query name="testQuery">
      <return alias="d" class="cx.pei.testapps.hibernate.sqlqueryrestrans.DomainObject"/>
      <return-join alias="a" property="d.a"/>
      <return-join alias="b" property="d.b"/>
      <![CDATA[
      select 
        {d.*}, {a.*}, {b.*}
      from 
        DomainObject d, RelationA a, RelationB b
      where d.a = a.id and d.b = b.id  
      ]]>
    </sql-query>
  </class>
</hibernate-mapping>