<?xml version = '1.0' encoding = 'UTF-8'?>
<RMExtendedMap class="oracle.dbtools.crest.model.xtdmapping.RMExtendedMap">
<mappings>
<CM class="oracle.dbtools.crest.model.xtdmapping.ContainerMapping" id="0D2805D3-227480E35FCE3EEBED45-D4083B87101B" lID="0D2805D3-6F48-2130-6DB5-227480E35FCE" lT="0" rID="3EEBED45-0F2E-9D4C-E164-D4083B87101B" rT="4">
<containedMappings>
<Mg class="oracle.dbtools.crest.model.xtdmapping.RelMapping" id="31731A23-F1C18674E445E73FFA68-836EAD2EFED6" lID="31731A23-0020-887B-2D3A-F1C18674E445" lT="2" rID="E73FFA68-9BCF-93D8-5572-836EAD2EFED6" rT="7"/>
<Mg class="oracle.dbtools.crest.model.xtdmapping.RelMapping" id="79F3BF94-FBEB535F6B3034F87AA3-95BBC1380FC4" lID="79F3BF94-639A-E506-C375-FBEB535F6B30" rID="34F87AA3-D5F2-F0AE-6394-95BBC1380FC4"/>
</containedMappings>
</CM>
<CM class="oracle.dbtools.crest.model.xtdmapping.ContainerMapping" id="657741AB-9EB16E97648D71D75B89-C91C15C41CEC" lID="657741AB-1580-4B3E-FBDA-9EB16E97648D" lT="0" rID="71D75B89-93E8-A377-0B3F-C91C15C41CEC" rT="4">
<containedMappings>
<Mg class="oracle.dbtools.crest.model.xtdmapping.RelMapping" id="3EA05169-724B4D9A5DA198C363BF-E23CE68C085D" lID="3EA05169-B67D-C231-06B0-724B4D9A5DA1" rID="98C363BF-6478-A95D-34D2-E23CE68C085D"/>
<Mg class="oracle.dbtools.crest.model.xtdmapping.RelMapping" id="8209E49C-91731087724330061B52-963360B84EAF" lID="8209E49C-0B25-0AC3-03AF-917310877243" rID="30061B52-2EE6-1E72-8BF8-963360B84EAF"/>
<Mg class="oracle.dbtools.crest.model.xtdmapping.RelMapping" id="9691B5B4-94D85564FC9810DB65E2-7404352B4ED6" lID="9691B5B4-F03C-E63D-0DCE-94D85564FC98" rID="10DB65E2-8B16-E8A5-9DF7-7404352B4ED6"/>
<Mg class="oracle.dbtools.crest.model.xtdmapping.RelMapping" id="E6A89326-DA5E8E0250281EE650CF-5E7C96343D0D" lID="E6A89326-88EF-50D4-16BD-DA5E8E025028" lT="2" rID="1EE650CF-633C-1C7F-92BD-5E7C96343D0D" rT="7"/>
</containedMappings>
</CM>
<CM class="oracle.dbtools.crest.model.xtdmapping.ContainerMapping" id="AB6D80C1-9FF32D9801ECA23AAD00-3E37558A83D5" lID="AB6D80C1-DD4E-A9EF-687F-9FF32D9801EC" lT="0" rID="A23AAD00-9E08-BC6E-B80A-3E37558A83D5" rT="4">
<containedMappings>
<Mg class="oracle.dbtools.crest.model.xtdmapping.RelMapping" id="7B6E30D1-AEB807B673E79A316B88-60E77BF8AC16" lID="7B6E30D1-191F-861B-245F-AEB807B673E7" lT="2" rID="9A316B88-2C1A-167E-3301-60E77BF8AC16" rT="7"/>
<Mg class="oracle.dbtools.crest.model.xtdmapping.RelMapping" id="8DBC5138-2BC4C17482E39C18268F-527DF9021362" lID="8DBC5138-5658-7081-26E7-2BC4C17482E3" rID="9C18268F-2BD4-5BA4-172E-527DF9021362"/>
</containedMappings>
</CM>
<CM class="oracle.dbtools.crest.model.xtdmapping.ContainerMapping" id="552956FE-82D0511D73BEC97B26D0-031D2EE0BFFE" lID="552956FE-D0E3-24C1-43C5-82D0511D73BE" lT="3" rID="C97B26D0-5775-F379-B764-031D2EE0BFFE" rT="8">
</CM>
<CM class="oracle.dbtools.crest.model.xtdmapping.ContainerMapping" id="61DEB941-C413EC212A667F5F518A-6652AA906642" lID="61DEB941-B3D1-C6FB-3A99-C413EC212A66" lT="3" rID="7F5F518A-64F7-0F73-324C-6652AA906642" rT="8">
</CM>
</mappings>
</RMExtendedMap>