<configuration scan="true" scanPeriod="60 seconds">

    <contextName>h6sample</contextName>

    <appender name="CONSOLE" class="ch.qos.logback.core.ConsoleAppender">
        <encoder>
            <pattern>%d %contextName [%t] %level %logger{36} %X - %msg %M:%L%n</pattern>
        </encoder>
    </appender>

    <appender name="FILE" class="ch.qos.logback.core.FileAppender">
        <file>${userprofile}/hibernate6-eager-fetching-performance-issue/h6sample-local.log</file>
        <append>false</append>

        <encoder>
            <pattern>%d %contextName [%thread] %-5level %logger{36} %X - %msg %M:%L%n</pattern>
            <outputPatternAsHeader>true</outputPatternAsHeader>
        </encoder>
    </appender>

    <appender name="ROLLER" class="ch.qos.logback.core.rolling.RollingFileAppender">
        <file>${userprofile}/hibernate6-eager-fetching-performance-issue/h6sample.log</file>
        <append>true</append>
        <!--prudent>true</prudent-->

        <rollingPolicy class="ch.qos.logback.core.rolling.TimeBasedRollingPolicy">
            <fileNamePattern>${userprofile}/hibernate6-eager-fetching-performance-issue/h6sample.%d{yyyy-MM-dd}.log</fileNamePattern>
            <maxHistory>30</maxHistory>
        </rollingPolicy>

        <encoder>
            <pattern>%d %contextName [%thread] %-5level %logger{36} %X - %msg %M:%L%n</pattern>
            <outputPatternAsHeader>true</outputPatternAsHeader>
        </encoder>
    </appender>

    <!--logger name="org.hibernate">
        <level value="DEBUG" />
    </logger-->

    <logger name="org.hibernate.SQL">
        <level value="DEBUG" />
    </logger>

    <root level="INFO">
        <appender-ref ref="FILE" />
    </root>

</configuration>
