<?xml version="1.0"?>
<!DOCTYPE hibernate-mapping PUBLIC "-//Hibernate/Hibernate Mapping DTD 3.0//EN" "http://hibernate.sourceforge.net/hibernate-mapping-3.0.dtd">
<hibernate-mapping>
    <class name="people.Person" table="Person">
        <id name="id" column="Id" type="long"><generator class="native"/></id>
        <set name="parentOfBirthEvents" table="Parent_of_Birth_Event" cascade="save-update">
            <key column="Parent_Id"/>
            <one-to-many class="people.ParentOfBirthEvent"/>
        </set>
        <many-to-one name="birthEvent" class="people.Event" column="Birth_Event_Id" cascade="save-update" not-null="true"/>
    </class>
</hibernate-mapping>