<?xml version="1.0" encoding="UTF-8"?>
<beans xmlns="http://www.springframework.org/schema/beans"
	xmlns:xsi="http://www.w3.org/2001/XMLSchema-instance"
	xsi:schemaLocation="http://www.springframework.org/schema/beans http://www.springframework.org/schema/beans/spring-beans-4.3.xsd">
	
	<bean id="dataSource" class="org.apache.tomcat.dbcp.dbcp.BasicDataSource"
			destroy-method="close">
			<property name="driverClassName" value="com.mysql.jdbc.Driver"/>
			<property name="url" value="jdbc:mysql://localhost:3306/fwtest?rewriteBatchedStatements=true"/>
			<property name="username" value="root"/>
			<property name="password" value="root123"/>
			<property name="maxIdle" value="1" />
			<!-- Max number of active connections in the pool -->
			<property name="maxActive" value="50" />
		</bean>	

</beans>