<?xml version="1.0" encoding="UTF-8"?>
<ehcache xmlns:xsi="http://www.w3.org/2001/XMLSchema-instance"
         xsi:noNamespaceSchemaLocation="http://ehcache.org/ehcache.xsd" updateCheck="false">
    <defaultCache maxElementsInMemory="8500" eternal="false"
                  overflowToDisk="false" memoryStoreEvictionPolicy="LFU"/>
    <cache name="servicesByCategoryId"
           eternal="false"
           overflowToDisk="true"
           timeToIdleSeconds="250"
           timeToLiveSeconds="500"
           maxElementsOnDisk="850"
           maxElementsInMemory="8500"
           memoryStoreEvictionPolicy="LRU"/>
    <cache name="servicesById"
           eternal="false"
           overflowToDisk="true"
           timeToIdleSeconds="250"
           timeToLiveSeconds="500"
           maxElementsOnDisk="850"
           maxElementsInMemory="8500"
           memoryStoreEvictionPolicy="LRU"/>
    <cache name="servicesByName"
           eternal="false"
           overflowToDisk="true"
           timeToIdleSeconds="250"
           timeToLiveSeconds="500"
           maxElementsOnDisk="850"
           maxElementsInMemory="8500"
           memoryStoreEvictionPolicy="LRU"/>
    <cache name="servicesIds"
           eternal="false"
           overflowToDisk="true"
           timeToIdleSeconds="250"
           timeToLiveSeconds="500"
           maxElementsOnDisk="850"
           maxElementsInMemory="8500"
           memoryStoreEvictionPolicy="LRU"/>


    <cache name="topServices"
           eternal="false"
           overflowToDisk="true"
           timeToIdleSeconds="250"
           timeToLiveSeconds="500"
           maxElementsOnDisk="850"
           maxElementsInMemory="8500"
           memoryStoreEvictionPolicy="LRU"/>
    <cache name="servicesNew"
           eternal="false"
           overflowToDisk="true"
           timeToIdleSeconds="250"
           timeToLiveSeconds="500"
           maxElementsOnDisk="850"
           maxElementsInMemory="8500"
           memoryStoreEvictionPolicy="LRU"/>
    <cache name="payedServices"
           eternal="false"
           overflowToDisk="true"
           timeToIdleSeconds="250"
           timeToLiveSeconds="500"
           maxElementsOnDisk="850"
           maxElementsInMemory="8500"
           memoryStoreEvictionPolicy="LRU"/>


    <cache name="categories"
           eternal="false"
           overflowToDisk="true"
           timeToIdleSeconds="250"
           timeToLiveSeconds="500"
           maxElementsOnDisk="850"
           maxElementsInMemory="8500"
           memoryStoreEvictionPolicy="LRU"/>


    <cache name="usersById"
           eternal="false"
           overflowToDisk="true"
           timeToIdleSeconds="250"
           timeToLiveSeconds="500"
           maxElementsOnDisk="850"
           maxElementsInMemory="8500"
           memoryStoreEvictionPolicy="LRU"/>
    <cache name="phoneUsers"
           eternal="false"
           overflowToDisk="true"
           timeToIdleSeconds="250"
           timeToLiveSeconds="500"
           maxElementsOnDisk="850"
           maxElementsInMemory="8500"
           memoryStoreEvictionPolicy="LRU"/>
    <cache name="usersByEmail"
           eternal="false"
           overflowToDisk="true"
           timeToIdleSeconds="250"
           timeToLiveSeconds="500"
           maxElementsOnDisk="850"
           maxElementsInMemory="8500"
           memoryStoreEvictionPolicy="LRU"/>
</ehcache>
