<?xml version="1.0"?>
<!DOCTYPE hibernate-mapping PUBLIC "-//Hibernate/Hibernate Mapping DTD 3.0//EN"
"http://hibernate.sourceforge.net/hibernate-mapping-3.0.dtd">
<hibernate-mapping>
    <class name="example.bug1.Foo" table="FOO">
        <id name="id" type="long">
            <column name="ID" />
            <generator class="identity" />
        </id>
        <natural-id>
			<property name="name" type="string">
				<column name="NAME" not-null="true" />
			</property>
        </natural-id>
    </class>
</hibernate-mapping>