<?xml version='1.0' encoding='utf-8'?>
<!DOCTYPE hibernate-configuration PUBLIC
        "-//Hibernate/Hibernate Configuration DTD 2.0//EN"

 "http://hibernate.sourceforge.net/hibernate-configuration-2.0.dtd">

<hibernate-configuration>

    <session-factory> 
        <!-- properties -->
        <property name="hibernate.connection.driver_class">com.microsoft.jdbc.sqlserver.SQLServerDriver</property>
        <property name="hibernate.connection.url">jdbc:microsoft:sqlserver://192.168.0.3:1433;DatabaseName=HibernateTest;SelectMethod=cursor</property>
        <property name="hibernate.connection.username">sa</property>
        <property name="hibernate.connection.password"></property>
        <property name="dialect">net.sf.hibernate.dialect.SQLServerDialect</property>

        <!-- MySQL
        <property name="hibernate.connection.driver_class">com.mysql.jdbc.Driver</property>
        <property name="hibernate.connection.url">jdbc:mysql://localhost/HibernateTest</property>
        <property name="hibernate.connection.username">root</property>
        <property name="hibernate.connection.password"></property>
        <property name="dialect">net.sf.hibernate.dialect.MySQLDialect</property>
         -->

        <property name="show_sql">true</property>
        <property name="use_outer_join">false</property>

        <!-- mapping files -->
        <mapping resource="test/Group.hbm.xml"/>

    </session-factory>

</hibernate-configuration>