<?xml version='1.0' encoding='utf-8'?>

<!DOCTYPE hibernate-configuration SYSTEM
    "http://hibernate.sourceforge.net/hibernate-configuration-3.0.dtd">

<hibernate-configuration>

    <session-factory>

		<property name="hibernate.connection.driver_class">org.postgresql.Driver</property>
        <property name="hibernate.connection.url">jdbc:postgresql://localhost:5432/ctest</property>
		<property name="hibernate.connection.username">postgres</property>
		<property name="hibernate.connection.password">postgres</property>
        <property name="hibernate.dialect">org.hibernate.dialect.PostgreSQLDialect</property>

        <property name="hibernate.connection.autoReconnect">true</property>
        <property name="hibernate.connection.pool_size">10</property>
        <property name="hibernate.connection.useUnicode">true</property>
		<property name="hibernate.connection.characterEncoding">UTF-8</property>
		<property name="hibernate.transaction.auto_close_session">false</property>
		<property name="hibernate.connection.autocommit">false</property>
        <property name="hibernate.show_sql">true</property>
        <property name="hibernate.jdbc.batch_size">20</property>
        <property name="hibernate.default_batch_fetch_size">20</property>
        <property name="current_session_context_class">thread</property>
        <property name="hibernate.max_fetch_depth">0</property>
        <property name="hbm2ddl.auto">create</property>

        <mapping resource="my/objects.hbm.xml"/>
    </session-factory>
</hibernate-configuration>
