<?xml version="1.0" encoding="UTF-8"?>
<!DOCTYPE hibernate-configuration PUBLIC "-//Hibernate/Hibernate Configuration DTD//EN" "http://hibernate.sourceforge.net/hibernate-configuration-3.0.dtd">
<hibernate-configuration>
<session-factory>
<property name="dialect">org.hibernate.dialect.OracleDialect</property>
<property name="show_sql">false</property>
<property name="cache.provider_class">org.hibernate.cache.EhCacheProvider</property>
<mapping resource="au/com/dytech/find/core/hibernatetest/TestPrivilege.hbm.xml"/>
<mapping resource="au/com/dytech/find/core/hibernatetest/TestRole.hbm.xml"/>
<mapping resource="au/com/dytech/find/core/hibernatetest/TestUser.hbm.xml"/>
</session-factory>
</hibernate-configuration>
