<?xml version="1.0"?>
<!DOCTYPE hibernate-mapping 
	PUBLIC "-//Hibernate/Hibernate Mapping DTD 3.0//EN"
    "http://hibernate.sourceforge.net/hibernate-mapping-3.0.dtd">

<hibernate-mapping>
	<class name="au.com.dytech.find.core.hibernatetest.TestPrivilege" table="TEST_PRIVILEGE" >
		
 		<id name="id" column="id" type="long">
			<generator class="native"/>
		</id>
		
		<set name="roles" inverse="true" cascade="all">
 			<key column="PRIVILEGE_ID"/>
 			
 			<many-to-many
 				class       = "au.com.dytech.find.core.hibernatetest.TestRole"
 				foreign-key = "FK_TEST_PRIVILEGE_ROLES_ROLE"
 				column      = "ROLE_ID"/>
 		</set>
  	
	</class>
</hibernate-mapping>
