<?xml version="1.0"?>
<!DOCTYPE hibernate-mapping 
	PUBLIC "-//Hibernate/Hibernate Mapping DTD 3.0//EN"
    "http://hibernate.sourceforge.net/hibernate-mapping-3.0.dtd">

<hibernate-mapping>
	<class name="au.com.dytech.find.core.hibernatetest.TestRole" table="TEST_ROLE" >
		
 		<id name="id" column="id" type="long">
			<generator class="native"/>
		</id>
		
		<set name="privileges" table="TEST_ROLE_PRIVILEGES" lazy="false" cascade="all">
 			<key column="ROLE_ID"/>
 			
 			<many-to-many
 				class       = "au.com.dytech.find.core.hibernatetest.TestPrivilege"
 				foreign-key = "FK_TEST_ROLE_PRVLGS_PRVLG"
 				column      = "PRIVILEGE_ID"/>
 		</set>
 		
 		<set name="users" inverse="true" cascade="all">
 			<key column="ROLE_ID"/>
 			
 			<many-to-many
 				class       = "au.com.dytech.find.core.hibernatetest.TestUser"
 				foreign-key = "FK_TEST_ROLE_USERS_USER"
 				column      = "USER_ID"/>
 		</set>
 		
	</class>
</hibernate-mapping>
