<?xml version="1.0"?>
<!DOCTYPE hibernate-mapping PUBLIC 
	"-//Hibernate/Hibernate Mapping DTD 3.0//EN"
	"http://hibernate.sourceforge.net/hibernate-mapping-3.0.dtd">
	
<!-- 

 
-->

<hibernate-mapping 
	package="org.hibernate.test.leadingunderscore"
	default-access="field">
	
	<class name="RacingTeam" 
		table="racingteam" 
		lazy="true" >
		
		<id name="_id" 
			column="team_id" >
			<generator class="native"/>
		</id>
		
		<set name="_drivers" inverse="true">
			<key column="team_id"/>
			<one-to-many class="RacingDriver"/>
		  
		</set>		
	</class>
	

</hibernate-mapping>
