<?xml version="1.0" encoding="UTF-8"?>
<!DOCTYPE hibernate-mapping PUBLIC "-//Hibernate/Hibernate Mapping DTD 3.0//EN" "http://hibernate.sourceforge.net/hibernate-mapping-3.0.dtd">

<hibernate-mapping package="patchTest.notFoundKeep">
	<class name="Currency" table="Currency">
		<id name="currency" length="3" />
		<property name="name" not-null="true" length="40" />
	</class>

	<class name="Account" table="Account">
		<id name="id" column="id">
			<generator class="native" />
		</id>

		<natural-id>
			<property name="bank" not-null="true" length="12" />
			<property name="account" not-null="true" length="35" />
			<many-to-one name="currency" not-null="true" cascade="none"
				foreign-key="none" not-found="keep" />
		</natural-id>

		<many-to-one name="currencyIgnore" not-null="false"
			cascade="none" foreign-key="none" not-found="ignore" />

		<many-to-one name="currencyException" not-null="false"
			cascade="none" foreign-key="none" not-found="exception" />
	</class>
</hibernate-mapping>
