<?xml version="1.0"?>
<!DOCTYPE hibernate-mapping PUBLIC "-//Hibernate/Hibernate Mapping DTD 3.0//EN"
"http://hibernate.sourceforge.net/hibernate-mapping-3.0.dtd">
<!-- Generated 04-jun-2013 18:19:13 by Hibernate Tools 3.2.1.GA -->
<hibernate-mapping>
    <class name="hibernateapp.Products" table="PRODUCTS">
        <id name="productId" type="long">
            <column name="PRODUCT_ID" precision="10" scale="0" />
            <generator class="assigned" />
        </id>
        <many-to-one name="supplier" class="hibernateapp.Supplier" fetch="select">
            <column name="SUPPLIER_ID" precision="10" scale="0" not-null="true" />
        </many-to-one>
    </class>
</hibernate-mapping>
