<?xml version="1.0"?>
<!DOCTYPE hibernate-mapping PUBLIC "-//Hibernate/Hibernate Mapping DTD 3.0//EN"
"http://hibernate.sourceforge.net/hibernate-mapping-3.0.dtd">
<!-- Generated 04-jun-2013 18:19:13 by Hibernate Tools 3.2.1.GA -->
<hibernate-mapping>
    <class name="hibernateapp.Supplier" table="SUPPLIER">
        <id name="supplierId" type="long">
            <column name="SUPPLIER_ID" precision="10" scale="0" />
            <generator class="assigned" />
        </id>
        <property name="supplierName" type="string">
            <column name="SUPPLIER_NAME" length="50" not-null="true" />
        </property>
        <property name="contactName" type="string">
            <column name="CONTACT_NAME" length="50" />
        </property>
        <set name="productses" inverse="true">
            <key>
                <column name="SUPPLIER_ID" precision="10" scale="0" not-null="true" />
            </key>
            <one-to-many class="hibernateapp.Products" />
        </set>
    </class>
</hibernate-mapping>
