<?xml version="1.0" encoding="utf-8"?> 
<!DOCTYPE hibernate-configuration PUBLIC 
"-//Hibernate/Hibernate Configuration DTD 3.0//EN" 
"http://hibernate.sourceforge.net/hibernate-configuration-3.0.dtd"> 
<hibernate-configuration> 
    <session-factory> 
        <property name="connection.url">jdbc:mysql://localhost:3306/HBMTEST</property> 
        <property name="connection.username">HBMTEST</property> 
        <property name="connection.password">testpasswd</property> 
        <property name="connection.driver_class">com.mysql.jdbc.Driver</property> 
        <property name="dialect">org.hibernate.dialect.MySQL57InnoDBDialect</property> 
<!-- 
        <property name="connection.url">jdbc:oracle:thin:@//S8-24238:1521/canrypdb</property> 
        <property name="connection.username">HBMTEST</property> 
        <property name="connection.password">cAnary101</property> 
        <property name="connection.driver_class">oracle.jdbc.OracleDriver</property> 
        <property name="dialect">org.hibernate.dialect.Oracle10gDialect</property> 
  --> 

        <!-- Logger Details : to show queries on console--> 
        <property name="show_sql">false</property> 
        <property name="format_sql">false</property> 
        <property name="hbm2ddl.auto">create</property> 
<!--         <property name="hbm2ddl.auto">update</property>  -->
        <property name="connection.pool_size">1</property> 
        <property name="current_session_context_class">thread</property> 
        <!-- Entity mapping -->
        <mapping class="org.ginger.hibermapstest.model.joined.LibraryImpl" />
        <mapping class="org.ginger.hibermapstest.model.joined.ProductImpl" />
        <mapping class="org.ginger.hibermapstest.model.joined.BookImpl" />
        <mapping class="org.ginger.hibermapstest.model.perclass.LibraryImpl" />
        <mapping class="org.ginger.hibermapstest.model.perclass.ProductImpl" />
        <mapping class="org.ginger.hibermapstest.model.perclass.BookImpl" />
        <mapping class="org.ginger.hibermapstest.model.single.LibraryImpl" />
        <mapping class="org.ginger.hibermapstest.model.single.ProductImpl" />
        <mapping class="org.ginger.hibermapstest.model.single.BookImpl" />
    </session-factory> 
</hibernate-configuration> 
