<?xml version="1.0"?>

<project name="BuildHBM" default="fromAnnotations" basedir=".">
   <property environment="env"/>
   <property name="eclipse.home" value="F:\Eclipse-3-1-1-JBoss-IDE-1-5-Bundle-Final-Release"/>
   <property name="hibernate.home" value="F:\Hibernate-3-1-1\hibernate-3.1"/>
   <property name="hibernate.tools" value="${eclipse.home}\eclipse\plugins\org.hibernate.eclipse_3.1.0.beta3\lib\tools"/>
<!-- <property name="hibernate.tools" value="F:\Scratch-Hibernate-Tools-3-1-0-Beta2-Download\plugins\org.hibernate.eclipse_3.1.0.beta2\lib\tools"/>   -->
   <property name="hibernate.annotations" value="F:\Hibernate-Annotations-3-1-Beta8\hibernate-annotations-3.1beta8"/>
   <property name="hibernate.annotations.lib" value="${hibernate.annotations}\lib"/>
   <property name="javassist.home" value="F:\Hibernate-Entity-Manager-3-1-Beta6\hibernate-entitymanager-3.1beta6\lib"/>
   <property name="jboss.aop.home" value="${hibernate.home}\lib"/>
   <property name="RDMSDriver.home" value="F:\JDBC-for-RDMS\udssvn\RS02"/>
   <property name="connector-api.home" value="F:\JDBC-for-RDMS"/>
   <property name="generated.hbm.dir" value="F:\temp\Annotations-HBM-XML"/>
   <property name="hibernate.project" value="F:\MyEclipse-3-1-1-JBoss-IDE-1-5-Bundle-Final-Release-Projects\Annotations1-Hibernate-3-1-1"/>
   <property name="hibernate.project.lib" value="${hibernate.project}\lib"/>
   <property name="pojo.dir" value="${hibernate.project}\bin"/>
   <property name="hibernate.cfg.file" value="${hibernate.project}\bin\hibernate.cfg.xml"/>



   <!-- Build classpath -->
   <path id="classpath">
      <fileset dir="${hibernate.tools}">
         <include name="**/*.jar"/>
      </fileset>
      <fileset dir="${hibernate.project.lib}">
         <include name="**/*.jar"/>
      </fileset>
      <fileset dir="${javassist.home}">
          <include name="javassist.jar"/>
      </fileset>
      <fileset dir="${RDMSDriver.home}">
         <include name="rdmsdriver.jar"/>
      </fileset>
      <fileset dir="${connector-api.home}">
         <include name="connector-api.jar"/>
      </fileset>
      <!-- <pathelement location="${build.classes.dir}"/> -->
      <!-- So that we can get jndi.properties for InitialContext -->
      <pathelement location="${pojo.dir}"/> 
   </path>

   <property name="build.classpath" refid="classpath"/>
   
   <taskdef name="hibernatetool" classname="org.hibernate.tool.ant.HibernateToolTask" classpathref="classpath"/>

   <target name="fromAnnotations">
     <hibernatetool destdir="${generated.hbm.dir}">
            <annotationconfiguration configurationfile="${hibernate.cfg.file}">
            </annotationconfiguration>
            <hbm2hbmxml/>
     </hibernatetool>
   </target>

   <echo message="Classpath is ${build.classpath}"/>  
</project>
