<?xml version='1.0' encoding='utf-8'?>
<!DOCTYPE hibernate-configuration PUBLIC
        "-//Hibernate/Hibernate Configuration DTD 3.0//EN"
        "http://hibernate.sourceforge.net/hibernate-configuration-3.0.dtd">

<hibernate-configuration>

    <session-factory>

        <!-- Database connection settings -->
      <property name="hibernate.connection.driver_class">com.unisys.os2200.rdms.jdbc.RdmsDriver</property>
      <property name="hibernate.connection.url">jdbc:rdms:host=192.61.252.2;port=1644;schema=ANNOTATIONS1;varchar=varChar;</property>
      <property name="hibernate.connection.username">2ngn</property>
      <property name="hibernate.connection.password">stan74</property>
      <property name="hibernate.transaction.factory_class">org.hibernate.transaction.JDBCTransactionFactory</property>
      <property name="hibernate.current_session_context_class">thread</property>
      <property name="hibernate.cache.provider_class">org.hibernate.cache.HashtableCacheProvider</property>
      <property name="hibernate.dialect">org.hibernate.dialect.RDMSOS2200Dialect</property>
      <property name="hibernate.default_schema">ANNOTATIONS1</property>
      <property name="hibernate.connection.isolation">2</property>
      <property name="hibernate.jdbc.use_scrollable_resultset">false</property>
      <property name="hibernate.jdbc.use_streams_for_binary">false</property>
      <property name="hibernate.jdbc.use_get_generated_keys">false</property>
      <property name="hibernate.use_outer_join">true</property>
      <property name="hibernate.fetch_size">10</property>
      <property name="hibernate.max_fetch_depth">3</property>
            <property name="hibernate.query.factory_class">org.hibernate.hql.ast.ASTQueryTranslatorFactory</property>
      <property name="hibernate.query.substitutions">true 1, false 0</property>
      <property name="hibernate.show_sql">true</property>


        <!-- JDBC connection pool (use the built-in) -->
        <!-- <property name="connection.pool_size">1</property> -->

        <!-- Enable Hibernate's automatic session context management -->
        <property name="current_session_context_class">thread</property>
        
        <property name="hibernate.transaction.auto_close_session">true</property>

        <!-- Disable the second-level cache  -->
        <!-- <property name="cache.provider_class">org.hibernate.cache.NoCacheProvider</property>  -->
        <property name="hibernate.cache.provider_class">org.hibernate.cache.HashtableCacheProvider</property>

        <!-- Echo all executed SQL to stdout -->
        <!-- <property name="show_sql">true</property>  -->

        <!-- Drop and re-create the database schema on startup -->
        <!-- <property name="hbm2ddl.auto">create</property>  -->

        <!-- <mapping resource="events/Event.hbm.xml"/>  -->
        <!-- <mapping resource="events/Person.hbm.xml"/>  -->
        <mapping package="com.demos.hibernatemovies"/>
        <mapping class="com.demos.hibernatemovies.Actor"/>
        <mapping class="com.demos.hibernatemovies.ActorPK"/>
        <mapping class="com.demos.hibernatemovies.Category"/>
        <mapping class="com.demos.hibernatemovies.Movie"/>
        <mapping class="com.demos.hibernatemovies.Studio"/>
    </session-factory>

</hibernate-configuration>


