<?xml version="1.0"?>
<!DOCTYPE hibernate-mapping PUBLIC 
    "-//Hibernate/Hibernate Mapping DTD 3.0//EN"
    "http://hibernate.sourceforge.net/hibernate-mapping-3.0.dtd">
<hibernate-mapping 
    package="org.hibernate.javassist" default-lazy="true">

    <class name="A" table="A" >
        <id name="id">
            <generator class="assigned"/>
        </id>
        </class>
    
    <class name="HibernateObject" table="HibernateObject" >
        <id name="id">
            <generator class="assigned"/>
        </id>
        <many-to-one name="a" class="A" column="a_id" not-null="true" lazy="proxy"/>
    </class>
    
</hibernate-mapping>