<?xml version="1.0"?>
<!DOCTYPE hibernate-mapping PUBLIC
    "-//Hibernate/Hibernate Mapping DTD 3.0//EN"
    "http://hibernate.sourceforge.net/hibernate-mapping-3.0.dtd">

<hibernate-mapping package="domain">
   
   <class name="Activity" table="activities">
      
      <!-- ============================== Common Elements -->
      
      <id name="id" unsaved-value="null">
         <generator class="native"/>
      </id>
      
      <!--
      <discriminator column="activity_type" type="string" force="false"/>
      -->
      
      <version name="version"/>
      
      <property name="created" type="timestamp"/>
      
      <!-- ============================== Properties and Associations -->
      
      <set name="deals" table="activity_deals" sort="natural" cascade="save-update">
         <key column="activity_id"/>
         <many-to-many class="Deal" column="deal_id"/>
      </set>
      
      
      <property name="name" not-null="true"/>
      
      
      
      <!-- ============================== Subclasses -->
      
      <!--
      <subclass name="com.lodgingservices.domain.resort.ResortActivity"
         discriminator-value="resort">
         <many-to-one name="resort"
            class="com.lodgingservices.domain.resort.Resort"
            column="resort_activity_id" not-null="false"/>
      </subclass>
      
      <subclass name="com.lodgingservices.domain.destination.DestinationActivity"
         discriminator-value="destination">
         <set name="destinations" table="destination_activities"
            cascade="save-update">
            <key column="activity_id"/>
            <many-to-many column="destination_id"
               class="com.lodgingservices.domain.destination.Destination"/>
         </set>
      </subclass>
      
      <subclass name="com.lodgingservices.domain.resort.LodgingActivity"
         discriminator-value="lodging">
         <one-to-one name="resort"
            class="com.lodgingservices.domain.resort.Resort"
            property-ref="lodgingActivity" constrained="true"/>
      </subclass>
      
      <subclass name="com.lodgingservices.domain.Event"
         discriminator-value="event">
         
         <property name="date" type="date" column="date" not-null="false"/>
         
         <property name="endDate" type="date" column="end_date" not-null="false"/>
         
         <property name="location" type="text"/>
         
         <subclass name="com.lodgingservices.domain.resort.ResortEvent"
            discriminator-value="resort_event">
            <many-to-one name="resort"
               class="com.lodgingservices.domain.resort.Resort"
               column="resort_event_id" not-null="false"/>
         </subclass>
         
         <subclass name="com.lodgingservices.domain.destination.DestinationEvent"
            discriminator-value="destination_event">
            <set name="destinations" table="destination_events"
               cascade="save-update">
               <key column="event_id"/>
               <many-to-many column="destination_id"
                  class="com.lodgingservices.domain.destination.Destination"/>
            </set>
         </subclass>
         
      </subclass>
      -->
      
   </class>
   
</hibernate-mapping>
