<?xml version="1.0"?>
<!DOCTYPE hibernate-mapping PUBLIC
   "-//Hibernate/Hibernate Mapping DTD 3.0//EN"
   "http://hibernate.sourceforge.net/hibernate-mapping-3.0.dtd">

<hibernate-mapping package="domain">
   
   <class name="Deal" table="deals">
      
      <!-- ============================== Common Elements -->
      
      <id name="id">
         <generator class="native"/>
      </id>
      
      <version name="version"/>
      
      <property name="created" type="timestamp"/>
      
      <!-- ============================== Properties and Associations -->
      
      <set name="activities" table="activity_deals" sort="natural" inverse="true"
         cascade="save-update">
         <key column="deal_id"/>
         <many-to-many class="Activity" column="activity_id"/>
      </set>
      
      <property name="name" column="name"/>
      
   </class>

</hibernate-mapping>
