<?xml version="1.0" encoding="UTF-8"?>
<beans xmlns="http://www.springframework.org/schema/beans" xmlns:xsi="http://www.w3.org/2001/XMLSchema-instance"
	xmlns:aop="http://www.springframework.org/schema/aop" xmlns:context="http://www.springframework.org/schema/context"
	xmlns:jee="http://www.springframework.org/schema/jee" xmlns:tx="http://www.springframework.org/schema/tx"
	xsi:schemaLocation="http://www.springframework.org/schema/beans http://www.springframework.org/schema/beans/spring-beans-3.0.xsd
		http://www.springframework.org/schema/aop http://www.springframework.org/schema/aop/spring-aop-3.0.xsd
		http://www.springframework.org/schema/context http://www.springframework.org/schema/context/spring-context-3.0.xsd
		http://www.springframework.org/schema/jee http://www.springframework.org/schema/jee/spring-jee-3.0.xsd
		http://www.springframework.org/schema/tx http://www.springframework.org/schema/tx/spring-tx-3.0.xsd">

	<!-- ANNOTATION DRIVEN -->
	<context:component-scan base-package="com.acme" />

	<!-- HIBERNATE SESSION FACTORY -->
	<bean id="sessionFactory" class="org.springframework.orm.hibernate4.LocalSessionFactoryBean">
		<property name="annotatedPackages">
			<list>
				<value>com.acme</value>
			</list>
		</property>
		<property name="packagesToScan">
			<list>
				<value>com.acme</value>
			</list>
		</property>
		<property name="dataSource" ref="dataSource" />
		<property name="hibernateProperties">
			<props>
				<prop key="hibernate.default_schema">${db.schema}</prop>
				<prop key="hibernate.dialect">${db.hibernate.dialect}</prop>
				<prop key="hibernate.id.new_generator_mappings">true</prop>
				<prop key="hibernate.show_sql">${db.show_sql}</prop>
				<prop key="hibernate.hbm2ddl.auto">${db.hibernate.hbm2ddl:none}</prop>
			</props>
		</property>
	</bean>

	<!-- TRANSACTIONS -->
	<!-- Transaction manager -->
	<bean id="transactionManager" class="org.springframework.orm.hibernate4.HibernateTransactionManager">
		<property name="sessionFactory" ref="sessionFactory" />
	</bean>

	<!-- Transaction interceptor to use -->
	<bean id="transactionInterceptor" class="org.springframework.transaction.interceptor.TransactionInterceptor">
		<property name="transactionManager" ref="transactionManager" />
		<property name="transactionAttributeSource">
			<bean class="org.springframework.transaction.annotation.AnnotationTransactionAttributeSource" />
		</property>
	</bean>

	<!-- Interceptor for translating dao (hibernate) exceptions -->
	<bean id="persistenceExceptionTranslationInterceptor" class="org.springframework.dao.support.PersistenceExceptionTranslationInterceptor">
		<property name="persistenceExceptionTranslator">
			<bean class="org.springframework.orm.hibernate4.HibernateExceptionTranslator" />
		</property>
	</bean>
	<bean id="daoAutoproxy" class="org.springframework.aop.framework.autoproxy.BeanNameAutoProxyCreator">
		<property name="beanNames" value="dao.*" />
		<property name="interceptorNames" value="persistenceExceptionTranslationInterceptor" />
	</bean>
</beans>
