<?xml version="1.0" encoding="UTF-8"?>
<!DOCTYPE hibernate-mapping PUBLIC "-//Hibernate/Hibernate Mapping DTD 3.0//EN" "http://www.hibernate.org/dtd/hibernate-mapping-3.0.dtd">

<hibernate-mapping default-cascade="none">
    <class name="sample.jobframework.job.JobRunImpl" table="JF_JOB_RUN" discriminator-value="JobRun" dynamic-insert="false" dynamic-update="false" abstract="false" >
        <comment><![CDATA[A job run object corresponds to a single run of a requested job.
            If the job was successful in the first run, there will only be
            one job run object for this job request. But if there were
            errors or the job was paused and resumed there will be more than
            one job run object for this job request.
        |||insertPercentage=19|updatePercentage=40|deletePercentage=1|selectPercentage=40|tableVolume=medium|pkIndexVolume=small|        ]]></comment>

        <id name="id" type="long" unsaved-value="null">
            <column name="ID">
                <comment>Surrogate Key</comment>
            </column>
            <generator class="seqhilo">
                <param name="sequence">SEQ_JF</param>
                <param name="max_lo">100</param>
                <param name="parameters">START WITH 1000</param>
            </generator>
        </id>
        <property name="status" type="string" >
            <column name="STATUS"  not-null="true">
                <comment><![CDATA[                    The status of a job run describes its current position in its
                    life cycle and if the job run was successful. Possible values
                    are: INITIALISING, RUNNING, PAUSING, STOPPED, FINISHED,
                    FINISHED_WITH_ERRORS, FAILED, FATAL, CLEANING_UP.
|||schemaRoot=status|                ]]></comment>
            </column>
        </property>
        <property name="startTime" type="sample.persistence.usertypes.PersistentLocalDateTime" >
            <column name="START_TIME"  not-null="true">
                <comment><![CDATA[                    The time this job run started.
|||schemaRoot=startTime|                ]]></comment>
            </column>
        </property>
        <property name="endTime" type="sample.persistence.usertypes.PersistentLocalDateTime" >
            <column name="END_TIME"  not-null="false">
                <comment><![CDATA[                    The time this job run ended.
|||schemaRoot=endTime|                ]]></comment>
            </column>
        </property>
        <property name="insertedAt" type="sample.persistence.usertypes.PersistentLocalDateTime" update="false">
            <column name="INSERTED_AT" not-null="true">
                <comment>Insertion time of the entity</comment>
            </column>
        </property>
        <property name="insertedBy" type="string" update="false">
            <column name="INSERTED_BY" length="30" not-null="true">
                <comment>User that inserted the entity|||averageLength=20|</comment>
            </column>
        </property>
        <property name="updatedAt" type="sample.persistence.usertypes.PersistentLocalDateTime">
            <column name="UPDATED_AT" not-null="false">
                <comment>Time of the last entity modification</comment>
            </column>
        </property>
        <property name="updatedBy" type="string">
            <column name="UPDATED_BY" length="30" not-null="false">
                <comment>The last user that modified the entity|||averageLength=20|</comment>
            </column>
        </property>
        <!-- rM2O -->
        <many-to-one name="jobRequest" class="SomeRelationEntity" lazy="proxy" fetch="select">
            <column name="JOBREQUEST_ID" not-null="true">
                <comment><![CDATA[Foreign key reference to [...]. A single job request might result in a single successful job
                    run. In other cases, there might be more than one job run for a
                    single job request.|||]]></comment>
            </column>
        </many-to-one>
    </class>
</hibernate-mapping>