<?xml version="1.0" encoding="UTF-8"?>
<!DOCTYPE hibernate-mapping PUBLIC "-//Hibernate/Hibernate Mapping DTD 3.0//EN" "http://www.hibernate.org/dtd/hibernate-mapping-3.0.dtd">

<hibernate-mapping default-cascade="none">
	<class name="sample.persistence.envers.RequestContextRevisionEntity" table="UTL_REVINFO" dynamic-insert="false" dynamic-update="false" abstract="false">

		<comment><![CDATA[The central auditing table of all Envers-audited entities (RequestContextRevisionEntity). Stores additional information about the request responsible for the database modification.|||insertPercentage=70|updatePercentage=1|deletePercentage=1|selectPercentage=28|tableVolume=audit|pkIndexVolume=audit|]]></comment>

		<id name="id" type="int" unsaved-value="null">
			<column name="ID">
				<comment><![CDATA[Primary key of this table. Pre-defined in base class DefaultRevisionEntity. Generated by sequence SEQ_UTL_REVINFO.]]></comment>
			</column>
			<generator class="seqhilo">
				<param name="sequence">SEQ_UTL_REVINFO</param>
				<param name="parameters">START WITH 1000</param>
			</generator>
		</id>
		<property name="timestamp" type="long">
			<column name="TIMEST" not-null="true">
				<comment><![CDATA[This attribute is pre-defined in base class DefaultRevisionEntity.]]></comment>
			</column>
		</property>

		<!-- relevant attributes from RequestContext -->

		<property name="requestId" type="string">
			<column name="REQUEST_ID" length="255" not-null="false">
				<comment><![CDATA[The generated request id from the current RequestContext.]]></comment>
			</column>
		</property>

		<property name="clientId" type="string">
			<column name="CLIENT_ID" length="255" not-null="false">
				<comment><![CDATA[The client id from the current RequestContext.]]></comment>
			</column>
		</property>

		<property name="username" type="string">
			<column name="USERNAME" length="255" not-null="false">
				<comment><![CDATA[The username from the current RequestContext.]]></comment>
			</column>
		</property>

	</class>
</hibernate-mapping>