<?xml version="1.0" encoding="UTF-8" ?>
<!DOCTYPE log4j:configuration SYSTEM "log4j.dtd">
<log4j:configuration>
	<!-- Output to Console -->
	<appender name="Console" class="org.apache.log4j.ConsoleAppender">
		<layout class="org.apache.log4j.PatternLayout">
			<param name="ConversionPattern" 
				value="%-5r %-5p [%t] %c{2} - %m%n"/>
		</layout>
	</appender>
	<!-- Output to file -->
	<appender name="BaseLogFile" class="org.apache.log4j.FileAppender">
		<param name="File" value="base.log"/>
		<param name="append" value="false"/>
		<layout class="org.apache.log4j.PatternLayout">
			<param name="ConversionPattern" 
				value="%-5r %-5p [%t] %c{2} - %m%n"/>
		</layout>
		<!--<layout class="org.apache.log4j.xml.XMLLayout"/>-->
	</appender>


	<!-- Configure application loggers here -->

	<!-- Hibernate Core Logs -->
	<logger name="org.hibernate" additivity="false">
		<level value="DEBUG"/>
		<appender-ref ref="Console"/>
		<appender-ref ref="BaseLogFile"/>
	</logger>
	<!-- Use this logger to see SQL statements for parameter order - use with <sql-insert> -->
<!--  	<logger name="org.hibernate.persister.entity" additivity="false">
		<level value="DEBUG"/>
		<appender-ref ref="SequencerFile"/>
	</logger> -->
	<!-- Use this logger to see AST Trees for Hibernate debugging -->
<!-- 	<logger name="org.hibernate.hql.AST" additivity="false">
		<level value="DEBUG"/>
		<appender-ref ref="SequencerFile"/>
	</logger> -->
	<!-- Hibernate Schema Export/Import Logs -->
	<logger name="org.hibernate.tool.hbm2ddl" 
		additivity="false">
		<level value="WARN"/>
		<appender-ref ref="BaseLogFile"/>
	</logger>
	<!-- Hibernate Cache Logs -->
	<logger name="org.hibernate.cache" additivity="false">
		<level value="INFO"/>
		<appender-ref ref="BaseLogFile"/>
	</logger>
	<!-- EHCache uses Commons-Logging, which first searches for
	 properties file in the following order: commons-logging , 
	 log4j, JDK 1.4 Logging. If none found, it uses simple logger
	 wrapper.
-->
	<logger name="net.sf.ehcache" additivity="false">
		<level value="INFO"/>
		<appender-ref ref="Console"/>
		<appender-ref ref="BaseLogFile"/>
	</logger>
	<logger name="org.logicalcobwebs.proxool" additivity="false">
		<level value="INFO"/>
		<appender-ref ref="Console"/>
		<appender-ref ref="BaseLogFile"/>
	</logger>
	<!-- Configure the root logger here -->
	<root>
		<level value="WARN"/>
		<appender-ref ref="Console"/>
		<appender-ref ref="BaseLogFile"/>
	</root>
</log4j:configuration>