<?xml version="1.0" encoding="utf-8"?>
<!DOCTYPE hibernate-configuration
    PUBLIC "-//Hibernate/Hibernate Configuration DTD//EN"
    "http://hibernate.sourceforge.net/hibernate-configuration-3.0.dtd">

<hibernate-configuration>
	<session-factory>
		<!-- local connection properties -->
	
        <property name="hibernate.connection.username">sa</property>
        <property name="hibernate.connection.password">w@t3rf0rd</property>
        <property name="hibernate.dialect">org.hibernate.dialect.SQLServerDialect</property>
        <property name="hibernate.connection.url">jdbc:jtds:sqlserver://localhost/hibtest</property>
        <property name="hibernate.connection.driver_class">net.sourceforge.jtds.jdbc.Driver</property>

 <!--	
        <property name="hibernate.connection.username">postgres</property>
        <property name="hibernate.connection.password">p0$tgre8</property>
        <property name="hibernate.dialect">org.hibernate.dialect.PostgreSQLDialect</property>
        <property name="hibernate.connection.url">jdbc:postgresql://localhost:5432/hibtest</property>
        <property name="hibernate.connection.driver_class">org.postgresql.Driver</property>
 -->
 		
		<mapping resource="com/nathan/hibernatetest/UUIDTable.hbm.xml" />
		<mapping resource="com/nathan/hibernatetest/OneToOneTable.hbm.xml" />
	</session-factory>
</hibernate-configuration>
