<?xml version="1.0" encoding="UTF-8"?>
<Configuration status="warn">

  <Appenders>
	<Console name="CONSOLE" target="SYSTEM_OUT">
		<PatternLayout pattern="%d{HH:mm:ss,SSS} %p - %c{2} - %m%n" />
	</Console>
    <Async name="ASYNC">
      <AppenderRef ref="CONSOLE"/>
    </Async>
  </Appenders>
  
  <Loggers>
  	<Logger name="org.hibernate" level="debug" additivity="false">
  	  <AppenderRef ref="ASYNC"/>
  	</Logger>
  	<Logger name="org.hibernate.sql" level="trace" additivity="false">
  	  <AppenderRef ref="ASYNC"/>
  	</Logger>

    <Root level="ERROR">
      <AppenderRef ref="ASYNC"/>
    </Root>
  </Loggers>
  
</Configuration>