<?xml version="1.0" encoding="UTF-8"?>
<!DOCTYPE hibernate-configuration PUBLIC
        "-//Hibernate/Hibernate Configuration DTD 3.0//EN"
        "http://www.hibernate.org/dtd/hibernate-configuration-3.0.dtd">
<hibernate-configuration>
    <session-factory>

        <!-- database connection properties -->
        <property name="hibernate.connection.driver_class">org.mariadb.jdbc.Driver</property>
        <property name="hibernate.connection.url">jdbc:mariadb://localhost/mariadb</property>
        <property name="hibernate.connection.username">root</property>
        <property name="hibernate.connection.password"></property>
        
        <property name="hibernate.dialect">org.hibernate.dialect.MariaDB103Dialect</property>

        <!-- show mysql queries output in console -->
        <property name="hibernate.show_sql">true</property>

        <!-- add annotated resources here -->
        <mapping class="com.hibernate.Book"/>

    </session-factory>
</hibernate-configuration>