<?xml version="1.0"?>
<!DOCTYPE hibernate-mapping PUBLIC "-//Hibernate/Hibernate Mapping DTD 3.0//EN"
"http://hibernate.sourceforge.net/hibernate-mapping-3.0.dtd">
<!-- Generated 23-Apr-2008 15:18:30 by Hibernate Tools 3.2.0.CR1 -->
<hibernate-mapping>
	<class name="Child" >
		<id name="id" >
			<column name="ID" length="32" />
			<generator class="uuid.hex" />
		</id>

		<property name="firstName" />
		
		<many-to-one name="parent" 
			column="PARENT_ID"
			class="Parent" />	
	
	
		
	</class>
</hibernate-mapping>
