<?xml version="1.0" encoding="UTF-8"?>

<deployment xmlns:xsi="http://www.w3.org/2001/XMLSchema-instance"
            xsi:schemaLocation="urn:jboss:bean-deployer bean-deployer_1_0.xsd"
            xmlns="urn:jboss:bean-deployer">
   <bean name="Naming" class="org.jnp.server.SingletonNamingServer"/>

   <bean name="InitialContextProperties" class="java.util.Hashtable">
      <constructor>
      <parameter class="java.util.Map">
            <map keyClass="java.lang.String" valueClass="java.lang.String">
               <entry>
                  <key>java.naming.factory.initial</key>
                  <value>org.jnp.interfaces.LocalOnlyContextFactory</value>
               </entry>
               <entry>
                   <key>java.naming.factory.url.pkgs</key>
                   <value>org.jboss.naming:org.jnp.interfaces</value>
               </entry>
            </map>
      </parameter>
      </constructor>
   </bean>

   <bean name="java:comp/Initializer" class="org.jboss.ejb3.embedded.JavaCompInitializer">
      <property name="jndiProperties"><inject bean="InitialContextProperties"/></property>
   </bean>

   <bean name="XidFactory" class="org.jboss.tm.XidFactoryImpl"/>

   <bean name="XidFactoryMBean" class="org.jboss.ejb3.embedded.XidFactoryMBean">
      <constructor>
         <parameter class="org.jboss.tm.XidFactoryBase">
            <inject bean="XidFactory"/>
         </parameter>
      </constructor>
   </bean>

   <bean name="TransactionManagerInitializer" class="org.jboss.tm.TransactionManagerInitializer">
      <property name="xidFactory"><inject bean="XidFactory"/></property>
      <property name="initialContextProperties"><inject bean="InitialContextProperties"/></property>
   </bean>

   <bean name="UserTransaction" class="org.jboss.ejb3.embedded.UserTransactionImpl">
      <demand>TransactionManagerInitializer</demand>
   </bean>

   <bean name="UserTransactionBinding" class="org.jboss.ejb3.embedded.JndiBinder">
      <property name="jndiProperties"><inject bean="InitialContextProperties"/></property>
      <property name="target"><inject bean="UserTransaction"/></property>
      <property name="bindTo">UserTransaction</property>
      <property name="serializable">false</property>
   </bean>


   <bean name="TransactionManager" class="java.lang.Object">
      <constructor factoryMethod="getTransactionManager">
         <factory bean="TransactionManagerInitializer"/>
      </constructor>
   </bean>
   <bean name="CachedConnectionManager" class="org.jboss.resource.connectionmanager.CachedConnectionManagerReference">
      <property name="transactionManager"><inject bean="TransactionManager"/></property>
   </bean>

   <!--
      <bean class="org.jboss.jdbc.HypersonicDatabase"
        name="jboss:service=Hypersonic,database=localDB">
        <property name="database">localDB</property>
        <property name="inProcessMode">true</property>
        <property name="dbDataDir">.</property>
      </bean>
   -->

	<!-- HSQL -->
   <bean name="HSQL_DS" class="org.jboss.resource.adapter.jdbc.local.LocalTxDataSource">
      <property name="driverClass">org.hsqldb.jdbcDriver</property>
      <property name="connectionURL">jdbc:hsqldb:.</property>
      <!--      <property name="connectionURL">jdbc:hsqldb:./hypersonic/localDB</property> -->
      <property name="userName">sa</property>
      <property name="jndiName">java:/HSQL_DS</property>
      <property name="minSize">0</property>
      <property name="maxSize">10</property>
      <property name="blockingTimeout">1000</property>
      <property name="idleTimeout">100000</property>
      <property name="transactionManager"><inject bean="TransactionManager"/></property>
      <property name="cachedConnectionManager"><inject bean="CachedConnectionManager"/></property>
      <property name="initialContextProperties"><inject bean="InitialContextProperties"/></property>
   </bean>

   <bean name="DefaultDS" class="java.lang.Object">
      <constructor factoryMethod="getDatasource">
         <factory bean="HSQL_DS"/>
      </constructor>
   </bean>
   
   	<!-- ORACLE -->
   <bean name="ORACLE_DS" class="org.jboss.resource.adapter.jdbc.local.LocalTxDataSource">
      <property name="driverClass">oracle.jdbc.driver.OracleDriver</property>
      <property name="connectionURL">jdbc:oracle:thin:@localhost:1521:</property>
      <property name="userName">sa</property>
      <property name="password">sa</property>
      <property name="jndiName">java:/ORACLE_DS</property>
      <property name="minSize">0</property>
      <property name="maxSize">10</property>
      <property name="blockingTimeout">1000</property>
      <property name="idleTimeout">100000</property>
      <property name="transactionManager"><inject bean="TransactionManager"/></property>
      <property name="cachedConnectionManager"><inject bean="CachedConnectionManager"/></property>
      <property name="initialContextProperties"><inject bean="InitialContextProperties"/></property>
   </bean>
   
	<!-- MYSQL -->
   <bean name="MYSQL_DS" class="org.jboss.resource.adapter.jdbc.local.LocalTxDataSource">
      <property name="driverClass">com.mysql.jdbc.Driver</property>
      <property name="connectionURL">jdbc:mysql://localhost:3306/test</property>
      <property name="userName">root</property>
      <property name="password">sa</property>
      <property name="jndiName">java:/MYSQL_DS</property>
      <property name="minSize">0</property>
      <property name="maxSize">10</property>
      <property name="blockingTimeout">1000</property>
      <property name="idleTimeout">100000</property>
      <property name="transactionManager"><inject bean="TransactionManager"/></property>
      <property name="cachedConnectionManager"><inject bean="CachedConnectionManager"/></property>
      <property name="initialContextProperties"><inject bean="InitialContextProperties"/></property>
   </bean>
   
   <!-- SYBASE -->
  <bean name="SYBASE_DS" class="org.jboss.resource.adapter.jdbc.local.LocalTxDataSource">
      <property name="driverClass">com.sybase.jdbc3.jdbc.SybDriver</property>
      <property name="connectionURL">jdbc:ultralite:MySybaseDb</property>
      <property name="userName">x</property>
      <property name="password">x</property>
      <property name="jndiName">java:/SYBASE_DS</property>
      <property name="minSize">0</property>
      <property name="maxSize">10</property>
      <property name="blockingTimeout">1000</property>
      <property name="idleTimeout">100000</property>
      <property name="transactionManager"><inject bean="TransactionManager"/></property>
      <property name="cachedConnectionManager"><inject bean="CachedConnectionManager"/></property>
      <property name="initialContextProperties"><inject bean="InitialContextProperties"/></property>
   </bean>
   
   	<!-- SQLSERVER -->
   <bean name="SQLSERVER_DS" class="org.jboss.resource.adapter.jdbc.local.LocalTxDataSource">
      <property name="driverClass">com.microsoft.sqlserver.jdbc.SQLServerDriver</property>
      <property name="connectionURL">jdbc:sqlserver://localhost:1434</property>
      <property name="userName">sa</property>
      <property name="password">sasa</property>
      <property name="jndiName">java:/SQLSERVER_DS</property>
      <property name="minSize">0</property>
      <property name="maxSize">10</property>
      <property name="blockingTimeout">1000</property>
      <property name="idleTimeout">100000</property>
      <property name="transactionManager"><inject bean="TransactionManager"/></property>
      <property name="cachedConnectionManager"><inject bean="CachedConnectionManager"/></property>
      <property name="initialContextProperties"><inject bean="InitialContextProperties"/></property>
   </bean>



</deployment>