<?xml version='1.0' encoding='utf-8'?>
<!DOCTYPE hibernate-configuration PUBLIC
		"-//Hibernate/Hibernate Configuration DTD//EN"
		"http://hibernate.sourceforge.net/hibernate-configuration-3.0.dtd">
<hibernate-configuration>
	<session-factory name="Test">
		<property name="connection.url">jdbc:hsqldb:mem:testdb</property>
		<property name="connection.driver_class">org.hsqldb.jdbcDriver</property>
		<property name="hibernate.dialect">org.hibernate.dialect.HSQLDialect</property>

		<property name="connection.username">sa</property>
		<property name="connection.password"></property>
		<property name="current_session_context_class">thread</property>
		<property name="show_sql">true</property>
		<property name="format_sql">true</property>
		<property name="use_sql_comments">true</property>
        <property name="hbm2ddl.auto">create-drop</property>

		<mapping class="com.example.Alias"/>
		<mapping class="com.example.Person"/>
	</session-factory>
</hibernate-configuration>
