<?xml version="1.0"?>
<!DOCTYPE hibernate-mapping PUBLIC 
    "-//Hibernate/Hibernate Mapping DTD 3.0//EN"
    "http://hibernate.sourceforge.net/hibernate-mapping-3.0.dtd">
    
<hibernate-mapping>
<!-- 
    Created by the Middlegen Hibernate plugin 2.1

    http://boss.bekk.no/boss/middlegen/
    http://www.hibernate.org/
-->

<class 
    name="uk.co.fresca.pojo.Address" 
    table="address"
>
    <meta attribute="class-description" inherit="false">
       @hibernate.class
        table="address"
    </meta>

    <meta attribute="implement-equals" inherit="false">true</meta>

    <id
        name="id"
        type="java.lang.Integer"
        column="id"
    >
        <meta attribute="field-description">
           @hibernate.id
            generator-class="identity"
            type="java.lang.Integer"
            column="id"

        </meta>
        <generator class="identity" />
    </id>

    <property
        name="title"
        type="java.lang.String"
        column="title"
        length="10"
    >
        <meta attribute="use-in-tostring">true</meta>
        <meta attribute="field-description">
           @hibernate.property
            column="title"
            length="10"
        </meta>    
    </property>
    <property
        name="firstName"
        type="java.lang.String"
        column="first_name"
        length="100"
    >	
    	<meta attribute="use-in-equals">true</meta>
        <meta attribute="use-in-tostring">true</meta>
        <meta attribute="field-description">
           @hibernate.property
            column="first_name"
            length="100"
        </meta>    
    </property>
    <property
        name="lastName"
        type="java.lang.String"
        column="last_name"
        length="100"
    >
    	<meta attribute="use-in-equals">true</meta>
        <meta attribute="use-in-tostring">true</meta>
        <meta attribute="field-description">
           @hibernate.property
            column="last_name"
            length="100"
        </meta>    
    </property>
    <property
        name="addressType"
        type="java.lang.String"
        column="address_type"
        length="15"
    >
        <meta attribute="use-in-tostring">true</meta>
        <meta attribute="field-description">
           @hibernate.property
            column="address_type"
            length="15"
        </meta>    
    </property>
    <property
        name="address1"
        type="java.lang.String"
        column="address1"
        not-null="true"
        length="100"
    >
    	<meta attribute="use-in-equals">true</meta>
        <meta attribute="use-in-tostring">true</meta>
        <meta attribute="field-description">
           @hibernate.property
            column="address1"
            length="100"
            not-null="true"
        </meta>    
    </property>
    <property
        name="address2"
        type="java.lang.String"
        column="address2"
        length="100"
    >
        <meta attribute="use-in-tostring">true</meta>
        <meta attribute="field-description">
           @hibernate.property
            column="address2"
            length="100"
        </meta>    
    </property>
    <property
        name="address3"
        type="java.lang.String"
        column="address3"
        length="100"
    >
        <meta attribute="use-in-tostring">true</meta>
        <meta attribute="field-description">
           @hibernate.property
            column="address3"
            length="100"
        </meta>    
    </property>
    <property
        name="towncity"
        type="java.lang.String"
        column="towncity"
        not-null="true"
        length="100"
    >
    	<meta attribute="use-in-equals">true</meta>
        <meta attribute="use-in-tostring">true</meta>
        <meta attribute="field-description">
           @hibernate.property
            column="towncity"
            length="100"
            not-null="true"
        </meta>    
    </property>
    <property
        name="county"
        type="java.lang.String"
        column="county"
        length="100"
    >
        <meta attribute="use-in-tostring">true</meta>
        <meta attribute="field-description">
           @hibernate.property
            column="county"
            length="100"
        </meta>    
    </property>
    <property
        name="postcode"
        type="java.lang.String"
        column="postcode"
        not-null="true"
        length="10"
    >
    	<meta attribute="use-in-equals">true</meta>
        <meta attribute="use-in-tostring">true</meta>
        <meta attribute="field-description">
           @hibernate.property
            column="postcode"
            length="10"
            not-null="true"
        </meta>    
    </property>
    <property
        name="createdDts"
        type="java.sql.Timestamp"
        column="created_dts"
        not-null="true"
        length="19"
    >
    	<meta attribute="use-in-equals">true</meta>
        <meta attribute="field-description">
           @hibernate.property
            column="created_dts"
            length="19"
            not-null="true"
        </meta>    
    </property>
    <property
        name="createdBy"
        type="java.lang.String"
        column="created_by"
        not-null="true"
        length="50"
    >
        <meta attribute="field-description">
           @hibernate.property
            column="created_by"
            length="50"
            not-null="true"
        </meta>    
    </property>
    <property
        name="lastUpdatedDts"
        type="java.sql.Timestamp"
        column="last_updated_dts"
        length="14"
    >
        <meta attribute="field-description">
           @hibernate.property
            column="last_updated_dts"
            length="14"
        </meta>    
    </property>
    <property
        name="lastUpdatedBy"
        type="java.lang.String"
        column="last_updated_by"
        not-null="true"
        length="50"
    >
        <meta attribute="field-description">
           @hibernate.property
            column="last_updated_by"
            length="50"
            not-null="true"
        </meta>    
    </property>

    <!-- Associations -->
  
    <!-- bi-directional many-to-one association to Customer -->
    <many-to-one
        name="customer"
        class="uk.co.fresca.pojo.Customer"
        not-null="true"
    >
        <meta attribute="field-description">
           @hibernate.many-to-one
            not-null="true"
           @hibernate.column name="customer_id"         
        </meta>
        <column name="customer_id" />
    </many-to-one>
    <!-- bi-directional many-to-one association to CountryLookup -->
    <many-to-one
        name="countryLookup"
        class="uk.co.fresca.pojo.CountryLookup"
        not-null="true"
    >
        <meta attribute="field-description">
           @hibernate.many-to-one
            not-null="true"
           @hibernate.column name="country"         
        </meta>
        <column name="country" />
    </many-to-one>

</class>
</hibernate-mapping>
