<?xml version="1.0"?>
<!DOCTYPE hibernate-mapping PUBLIC 
    "-//Hibernate/Hibernate Mapping DTD 3.0//EN"
    "http://hibernate.sourceforge.net/hibernate-mapping-3.0.dtd">
    
<hibernate-mapping>
<!-- 
    Created by the Middlegen Hibernate plugin 2.1

    http://boss.bekk.no/boss/middlegen/
    http://www.hibernate.org/
-->

<class 
    name="uk.co.fresca.pojo.AttributeValue" 
    table="attribute_value"
>
    <meta attribute="class-description" inherit="false">
       @hibernate.class
        table="attribute_value"
    </meta>
    <meta attribute="implement-equals" inherit="false">true</meta>

    <id
        name="id"
        type="java.lang.Integer"
        column="id"
    >
        <meta attribute="use-in-equals">true</meta>
        <meta attribute="field-description">
           @hibernate.id
            generator-class="assigned"
            type="java.lang.Integer"
            column="id"

        </meta>
        <generator class="identity" />
    </id>

    <property
        name="value"
        type="java.lang.String"
        column="value"
        not-null="true"
        length="255"
    >
        <meta attribute="use-in-equals">true</meta>
        <meta attribute="field-description">
           @hibernate.property
            column="value"
            length="255"
            not-null="true"
        </meta>    
    </property>

    <!-- Associations -->
  
    <!-- bi-directional many-to-one association to Product -->
    <many-to-one
        name="product"
        class="uk.co.fresca.pojo.Product"
        not-null="true"
    >
        <meta attribute="field-description">
           @hibernate.many-to-one
            not-null="true"
           @hibernate.column name="sku"         
        </meta>
        <column name="sku" />
    </many-to-one>
    <!-- bi-directional many-to-one association to ProductAttribute -->
    <many-to-one
        name="productAttribute"
        class="uk.co.fresca.pojo.ProductAttribute"
        not-null="true"
    >
        <meta attribute="field-description">
           @hibernate.many-to-one
            not-null="true"
           @hibernate.column name="pa_id"         
        </meta>
        <column name="pa_id" />
    </many-to-one>
    <!-- bi-directional many-to-one association to SearchableProduct -->
    <many-to-one
        name="searchableProduct"
        class="uk.co.fresca.pojo.SearchableProduct"
        not-null="true"
    >
        <meta attribute="field-description">
           @hibernate.many-to-one
            not-null="true"
           @hibernate.column name="search_prd_id"         
        </meta>
        <column name="search_prd_id" />
    </many-to-one>

</class>
</hibernate-mapping>
