<?xml version="1.0"?>
<!DOCTYPE hibernate-mapping PUBLIC 
    "-//Hibernate/Hibernate Mapping DTD 3.0//EN"
    "http://hibernate.sourceforge.net/hibernate-mapping-3.0.dtd">
    
<hibernate-mapping>
<!-- 
    Created by the Middlegen Hibernate plugin 2.1

    http://boss.bekk.no/boss/middlegen/
    http://www.hibernate.org/
-->

<class 
    name="uk.co.fresca.pojo.Basket" 
    table="basket"
>
    <meta attribute="class-description" inherit="false">
       @hibernate.class
        table="basket"
    </meta>
	
    <meta attribute="implement-equals" inherit="false">true</meta>


    <id
        name="id"
        type="java.lang.Integer"
        column="id"
    >
         <meta attribute="use-in-tostring">true</meta>
		<meta attribute="use-in-equals">true</meta>
        <meta attribute="field-description">
           @hibernate.id
            generator-class="identity"
            type="java.lang.Integer"
            column="id"

        </meta>
        <generator class="identity" />
    </id>

    <property
        name="postageCost"
        type="java.lang.Double"
        column="postageCost"
        not-null="true"
        length="12"
    >
        <meta attribute="field-description">
           @hibernate.property
            column="postageCost"
            length="12"
            not-null="true"
        </meta>    
    </property>
    <property
        name="promotionCode"
        type="java.lang.String"
        column="promotionCode"
        length="50"
    >
         <meta attribute="use-in-tostring">true</meta>
		<meta attribute="use-in-equals">true</meta>
        <meta attribute="field-description">
           @hibernate.property
            column="promotionCode"
            length="50"
        </meta>    
    </property>
    <property
        name="vatRemoved"
        type="yes_no"
        column="vatRemoved"
        not-null="true"
        length="1"
    >
        <meta attribute="field-description">
           @hibernate.property
            column="vatRemoved"
            length="1"
            not-null="true"
        </meta>    
    </property>
    <property
        name="backToProductSearchResultsEnabled"
        type="yes_no"
        column="backToProductSearchResultsEnabled"
        not-null="true"
        length="1"
    >
        <meta attribute="field-description">
           @hibernate.property
            column="backToProductSearchResultsEnabled"
            length="1"
            not-null="true"
        </meta>    
    </property>

    <!-- Associations -->
  
    <!-- bi-directional one-to-many association to BasketItem -->
    <set
        name="basketItemSet"
        lazy="true"
        inverse="true"
		cascade="none"
    >
        <meta attribute="field-description">
           @hibernate.set
            lazy="true"
            inverse="true"
            cascade="none"

           @hibernate.collection-key
            column="basket_id"

           @hibernate.collection-one-to-many
            class="uk.co.fresca.pojo.BasketItem"
        </meta>
        <key>
            <column name="basket_id" />
        </key>
        <one-to-many 
            class="uk.co.fresca.pojo.BasketItem"
        />
    </set>
    <!-- bi-directional one-to-many association to ReservedItem
    <set
        name="reservedItems"
        lazy="true"
        inverse="true"
		cascade="none"
    >
        <meta attribute="field-description">
           @hibernate.set
            lazy="true"
            inverse="true"
            cascade="none"

           @hibernate.collection-key
            column="basket_id"

           @hibernate.collection-one-to-many
            class="uk.co.fresca.pojo.ReservedItem"
        </meta>
        <key>
            <column name="basket_id" />
        </key>
        <one-to-many 
            class="uk.co.fresca.pojo.ReservedItem"
        />
    </set> -->

</class>
</hibernate-mapping>
