<?xml version="1.0"?>
<!DOCTYPE hibernate-mapping PUBLIC 
    "-//Hibernate/Hibernate Mapping DTD 3.0//EN"
    "http://hibernate.sourceforge.net/hibernate-mapping-3.0.dtd">
    
<hibernate-mapping>
<!-- 
    Created by the Middlegen Hibernate plugin 2.1

    http://boss.bekk.no/boss/middlegen/
    http://www.hibernate.org/
-->

<class 
    name="uk.co.fresca.pojo.BasketItem" 
    table="basket_item"
>
    <meta attribute="class-description" inherit="false">
       @hibernate.class
        table="basket_item"
    </meta>


	<meta attribute="implement-equals" inherit="false">true</meta>

    <id
        name="id"
        type="java.lang.Integer"
        column="id"
    >
         <meta attribute="use-in-tostring">true</meta>
		<meta attribute="use-in-equals">true</meta>
       <meta attribute="field-description">
           @hibernate.id
            generator-class="identity"
            type="java.lang.Integer"
            column="id"

        </meta>
        <generator class="identity" />
    </id>

    <property
        name="quantity"
        type="int"
        column="quantity"
        not-null="true"
        length="11"
    >
         <meta attribute="use-in-tostring">true</meta>
		<meta attribute="use-in-equals">true</meta>
        <meta attribute="field-description">
           @hibernate.property
            column="quantity"
            length="11"
            not-null="true"
        </meta>    
    </property>
    <property
        name="productDiscount"
        type="int"
        column="productDiscount"
        not-null="true"
        length="11"
    >
        <meta attribute="field-description">
           @hibernate.property
            column="productDiscount"
            length="11"
            not-null="true"
        </meta>    
    </property>
    <property
        name="badgeAttribute"
        type="java.lang.String"
        column="badgeAttribute"
        not-null="true"
        length="1"
    >
        <meta attribute="field-description">
           @hibernate.property
            column="badgeAttribute"
            length="1"
            not-null="true"
        </meta>    
    </property>
    <property
        name="nameOrNumberAttribute"
        type="java.lang.String"
        column="nameOrNumberAttribute"
        length="255"
    >
        <meta attribute="field-description">
           @hibernate.property
            column="nameOrNumberAttribute"
            length="255"
        </meta>    
    </property>
    <property
        name="basketItemId"
        type="java.lang.String"
        column="basketItemID"
        length="255"
    >
        <meta attribute="field-description">
           @hibernate.property
            column="basketItemID"
            length="255"
        </meta>    
    </property>

    <!-- Associations -->
  
    <!-- bi-directional many-to-one association to Product -->
    <many-to-one
        name="product"
        class="uk.co.fresca.pojo.Product"
        not-null="true"
    >
         <meta attribute="use-in-tostring">true</meta>
		<meta attribute="use-in-equals">true</meta>
        <meta attribute="field-description">
           @hibernate.many-to-one
            not-null="true"
           @hibernate.column name="sku"         
        </meta>
        <column name="sku" />
    </many-to-one>
    <!-- bi-directional many-to-one association to Basket -->
    <many-to-one
        name="basket"
        class="uk.co.fresca.pojo.Basket"
        not-null="true"
    >
        <meta attribute="field-description">
           @hibernate.many-to-one
            not-null="true"
           @hibernate.column name="basket_id"         
        </meta>
        <column name="basket_id" />
    </many-to-one>

</class>
</hibernate-mapping>
