<?xml version="1.0"?>
<!DOCTYPE hibernate-mapping PUBLIC 
    "-//Hibernate/Hibernate Mapping DTD 3.0//EN"
    "http://hibernate.sourceforge.net/hibernate-mapping-3.0.dtd">
    
<hibernate-mapping>
<!-- 
    Created by the Middlegen Hibernate plugin 2.1

    http://boss.bekk.no/boss/middlegen/
    http://www.hibernate.org/
-->

<class 
    name="uk.co.fresca.pojo.CategoryType" 
    table="category_type"
>
    <meta attribute="class-description" inherit="false">
       @hibernate.class
        table="category_type"
    </meta>
    <meta attribute="implement-equals" inherit="false">true</meta>

	<cache usage="read-write" /> 

    <id
        name="id"
        type="java.lang.String"
        column="id"
    >
        <meta attribute="field-description">
           @hibernate.id
            generator-class="assigned"
            type="java.lang.String"
            column="id"

        </meta>
        <meta attribute="use-in-equals">true</meta>
        <generator class="assigned" />
    </id>

   <version
        name="version"
        type="int"
        column="version"
        unsaved-value="negative"
    >
    	<meta attribute="use-in-equals">true</meta>
        <meta attribute="field-description">
           @hibernate.version
            column="version"
            unsaved-value="negative"
        </meta>
    </version>

    <property
        name="name"
        type="java.lang.String"
        column="name"
        not-null="true"
        length="50"
    >
       <meta attribute="use-in-tostring">true</meta>
       <meta attribute="field-description">
           @hibernate.property
            column="name"
            length="50"
            not-null="true"
        </meta>    
    </property>
    <property
        name="description"
        type="java.lang.String"
        column="description"
        not-null="true"
        length="100"
    >
        <meta attribute="field-description">
           @hibernate.property
            column="description"
            length="100"
            not-null="true"
        </meta>    
    </property>
    <property
        name="isVisible"
        type="java.lang.String"
        column="is_visible"
        not-null="true"
        length="1"
    >
        <meta attribute="use-in-tostring">true</meta>
        <meta attribute="field-description">
           @hibernate.property
            column="is_visible"
            length="1"
            not-null="true"
        </meta>    
    </property>
    <property
        name="createdDts"
        type="java.sql.Timestamp"
        column="created_dts"
        not-null="true"
        length="19"
    >
        <meta attribute="field-description">
           @hibernate.property
            column="created_dts"
            length="19"
            not-null="true"
        </meta>    
    </property>
    <property
        name="createdBy"
        type="java.lang.String"
        column="created_by"
        not-null="true"
        length="50"
    >
        <meta attribute="field-description">
           @hibernate.property
            column="created_by"
            length="50"
            not-null="true"
        </meta>    
    </property>
    <property
        name="lastUpdatedDts"
        type="java.sql.Timestamp"
        column="last_updated_dts"
        length="14"
    >
        <meta attribute="field-description">
           @hibernate.property
            column="last_updated_dts"
            length="14"
        </meta>    
    </property>
    <property
        name="lastUpdatedBy"
        type="java.lang.String"
        column="last_updated_by"
        not-null="true"
        length="50"
    >
        <meta attribute="field-description">
           @hibernate.property
            column="last_updated_by"
            length="50"
            not-null="true"
        </meta>    
    </property>

    <!-- Associations -->
  
    <!-- bi-directional one-to-many association to CategoryHierarchy -->
    <set
        name="categoryHierarchies"
        lazy="true"
        inverse="true"
		cascade="none"
    >
        <meta attribute="field-description">
           @hibernate.set
            lazy="true"
            inverse="true"
            cascade="none"

           @hibernate.collection-key
            column="category_type_id"

           @hibernate.collection-one-to-many
            class="uk.co.fresca.pojo.CategoryHierarchy"
        </meta>
        <key>
            <column name="category_type_id" />
        </key>
        <one-to-many 
            class="uk.co.fresca.pojo.CategoryHierarchy"
        />
    </set>

</class>
</hibernate-mapping>
