<?xml version="1.0"?>
<!DOCTYPE hibernate-mapping PUBLIC 
    "-//Hibernate/Hibernate Mapping DTD 3.0//EN"
    "http://hibernate.sourceforge.net/hibernate-mapping-3.0.dtd">
    
<hibernate-mapping>
<!-- 
    Created by the Middlegen Hibernate plugin 2.1

    http://boss.bekk.no/boss/middlegen/
    http://www.hibernate.org/
-->

<class 
    name="uk.co.fresca.pojo.CategoryPageField" 
    table="category_page_field"
>
    <meta attribute="class-description" inherit="false">
       @hibernate.class
        table="category_page_field"
    </meta>
    
    <meta attribute="implement-equals" inherit="false">true</meta>

    <composite-id name="comp_id" class="uk.co.fresca.pojo.CategoryPageFieldPK">
    	<meta attribute="use-in-equals">true</meta>
        <meta attribute="field-description" inherit="false">
           @hibernate.id
            generator-class="assigned"
        </meta>
        <key-property 
            name="pageName" 
            column="page_name" 
            type="java.lang.String"
            length="50"
        >
            <meta attribute="use-in-equals">true</meta>
            <meta attribute="field-description">
               @hibernate.property
                column="page_name"
                length="50"
            </meta> 
        </key-property>
        <key-property 
            name="fieldName" 
            column="field_name" 
            type="java.lang.String"
            length="50"
        >
            <meta attribute="use-in-equals">true</meta>
            <meta attribute="field-description">
               @hibernate.property
                column="field_name"
                length="50"
            </meta> 
        </key-property>
        <key-property 
            name="channelId" 
            column="channel_id" 
            type="java.lang.Integer"
            length="3"
        >
            <meta attribute="use-in-equals">true</meta>
            <meta attribute="field-description">
               @hibernate.property
                column="channel_id"
                length="3"
            </meta> 
        </key-property>
    </composite-id>    

    <property
        name="description"
        type="java.lang.String"
        column="description"
        length="100"
    >
    	<meta attribute="use-in-equals">true</meta>
        <meta attribute="field-description">
           @hibernate.property
            column="description"
            length="100"
        </meta>    
    </property>

    <!-- Associations -->
    <!-- derived association(s) for compound key -->
    <!-- bi-directional many-to-one association to Channel -->
    <many-to-one
        name="channel"
	    class="uk.co.fresca.pojo.Channel"
	    update="false"
	    insert="false"
	>
        <meta attribute="field-description">
           @hibernate.many-to-one
            update="false"
            insert="false"
        </meta>
        <meta attribute="field-description">
           @hibernate.column
            name="channel_id"
        </meta>
    	<column name="channel_id" />
	</many-to-one>
	
    <!-- end of derived association(s) -->
  
    <!-- bi-directional many-to-one association to Category -->
    <many-to-one
        name="category"
        class="uk.co.fresca.pojo.Category"
        not-null="true"
    >
        <meta attribute="field-description">
           @hibernate.many-to-one
            not-null="true"
           @hibernate.column name="category_id"         
        </meta>
        <column name="category_id" />
    </many-to-one>

</class>
</hibernate-mapping>
