<?xml version="1.0"?>
<!DOCTYPE hibernate-mapping PUBLIC 
    "-//Hibernate/Hibernate Mapping DTD 3.0//EN"
    "http://hibernate.sourceforge.net/hibernate-mapping-3.0.dtd">
    
<hibernate-mapping>
<!-- 
    Created by the Middlegen Hibernate plugin 2.1

    http://boss.bekk.no/boss/middlegen/
    http://www.hibernate.org/
-->

<class 
    name="uk.co.fresca.pojo.CategoryAttribute" 
    table="category_attributes"
>
    <meta attribute="class-description" inherit="false">
       @hibernate.class
        table="category_attributes"
    </meta>

	<meta attribute="implement-equals" inherit="false">true</meta>

    <id
        name="id"
        type="java.lang.Integer"
        column="id"
    >
    	<meta attribute="use-in-equals">true</meta>
        <meta attribute="field-description">
           @hibernate.id
            generator-class="assigned"
            type="java.lang.Integer"
            column="id"

        </meta>
        <generator class="identity" />
    </id>

    <property
        name="isActive"
        type="java.lang.String"
        column="is_active"
        not-null="true"
        length="1"
    >
    	<meta attribute="use-in-equals">true</meta>
        <meta attribute="field-description">
           @hibernate.property
            column="is_active"
            length="1"
            not-null="true"
        </meta>    
    </property>
    <property
        name="createdDts"
        type="java.sql.Timestamp"
        column="created_dts"
        not-null="true"
        length="19"
    >
    	<meta attribute="use-in-equals">true</meta>
        <meta attribute="field-description">
           @hibernate.property
            column="created_dts"
            length="19"
            not-null="true"
        </meta>    
    </property>
    <property
        name="createdBy"
        type="java.lang.String"
        column="created_by"
        not-null="true"
        length="50"
    >
        <meta attribute="field-description">
           @hibernate.property
            column="created_by"
            length="50"
            not-null="true"
        </meta>    
    </property>
    <property
        name="lastUpdatedDts"
        type="java.sql.Timestamp"
        column="last_updated_dts"
        length="19"
    >
        <meta attribute="field-description">
           @hibernate.property
            column="last_updated_dts"
            length="19"
        </meta>    
    </property>
    <property
        name="lastUpdatedBy"
        type="java.lang.String"
        column="last_updated_by"
        not-null="true"
        length="50"
    >
        <meta attribute="field-description">
           @hibernate.property
            column="last_updated_by"
            length="50"
            not-null="true"
        </meta>    
    </property>
    <property
        name="isFilter"
        type="java.lang.String"
        column="is_filter"
        not-null="true"
        length="1"
    >
        <meta attribute="field-description">
           @hibernate.property
            column="is_filter"
            length="1"
            not-null="true"
        </meta>    
    </property>
    <property
        name="isDisplayColumn"
        type="java.lang.String"
        column="is_display_column"
        length="1"
    >
        <meta attribute="field-description">
           @hibernate.property
            column="is_display_column"
            length="1"
        </meta>    
    </property>

    <!-- Associations -->
  
    <!-- bi-directional many-to-one association to Category -->
    <many-to-one
        name="category"
        class="uk.co.fresca.pojo.Category"
        not-null="true"
    >
        <meta attribute="field-description">
           @hibernate.many-to-one
            not-null="true"
           @hibernate.column name="category_id"         
        </meta>
        <column name="category_id" />
    </many-to-one>
    <!-- bi-directional many-to-one association to ProductAttribute -->
    <many-to-one
        name="productAttribute"
        class="uk.co.fresca.pojo.ProductAttribute"
        not-null="true"
    >
        <meta attribute="field-description">
           @hibernate.many-to-one
            not-null="true"
           @hibernate.column name="product_attribute_id"         
        </meta>
        <column name="product_attribute_id" />
    </many-to-one>

</class>
</hibernate-mapping>
