<?xml version="1.0"?>
<!DOCTYPE hibernate-mapping PUBLIC 
    "-//Hibernate/Hibernate Mapping DTD 3.0//EN"
    "http://hibernate.sourceforge.net/hibernate-mapping-3.0.dtd">
    
<hibernate-mapping>
<!-- 
    Created by the Middlegen Hibernate plugin 2.1

    http://boss.bekk.no/boss/middlegen/
    http://www.hibernate.org/
-->

<class 
    name="uk.co.fresca.pojo.Category" 
    table="category"
>
    <meta attribute="class-description" inherit="false">
       @hibernate.class
        table="category"
    </meta>

	<meta attribute="implement-equals" inherit="false">true</meta>

    <id
        name="categoryId"
        type="java.lang.String"
        column="category_id"
    >
    	<meta attribute="use-in-equals">true</meta>
        <meta attribute="field-description">
           @hibernate.id
            generator-class="assigned"
            type="java.lang.String"
            column="category_id"

        </meta>
        <generator class="assigned" />
    </id>

    <property
        name="name"
        type="java.lang.String"
        column="name"
        not-null="true"
        length="50"
    >
    	<meta attribute="use-in-equals">true</meta>
        <meta attribute="field-description">
           @hibernate.property
            column="name"
            length="50"
            not-null="true"
        </meta>    
    </property>
    <property
        name="shortDescription"
        type="java.lang.String"
        column="short_description"
        not-null="true"
        length="100"
    >
        <meta attribute="field-description">
           @hibernate.property
            column="short_description"
            length="100"
            not-null="true"
        </meta>    
    </property>
    <property
        name="longDescription"
        type="java.lang.String"
        column="long_description"
        length="65535"
    >
        <meta attribute="field-description">
           @hibernate.property
            column="long_description"
            length="65535"
        </meta>    
    </property>
    <property
        name="smallImage"
        type="java.lang.String"
        column="small_image"
        length="50"
    >
        <meta attribute="field-description">
           @hibernate.property
            column="small_image"
            length="50"
        </meta>    
    </property>
    <property
        name="largeImage"
        type="java.lang.String"
        column="large_image"
        length="50"
    >
        <meta attribute="field-description">
           @hibernate.property
            column="large_image"
            length="50"
        </meta>    
    </property>
    <property
        name="optImg1"
        type="java.lang.String"
        column="opt_img1"
        length="100"
    >
        <meta attribute="field-description">
           @hibernate.property
            column="opt_img1"
            length="100"
        </meta>    
    </property>
    <property
        name="optImg2"
        type="java.lang.String"
        column="opt_img2"
        length="100"
    >
        <meta attribute="field-description">
           @hibernate.property
            column="opt_img2"
            length="100"
        </meta>    
    </property>
    <property
        name="optImg3"
        type="java.lang.String"
        column="opt_img3"
        length="100"
    >
        <meta attribute="field-description">
           @hibernate.property
            column="opt_img3"
            length="100"
        </meta>    
    </property>
    <property
        name="version"
        type="int"
        column="version"
        not-null="true"
        length="11"
    >
        <meta attribute="field-description">
           @hibernate.property
            column="version"
            length="11"
            not-null="true"
        </meta>    
    </property>
    <property
        name="createdDts"
        type="java.sql.Timestamp"
        column="created_dts"
        not-null="true"
        length="19"
    >
    	<meta attribute="use-in-equals">true</meta>
        <meta attribute="field-description">
           @hibernate.property
            column="created_dts"
            length="19"
            not-null="true"
        </meta>    
    </property>
    <property
        name="createdBy"
        type="java.lang.String"
        column="created_by"
        not-null="true"
        length="50"
    >
        <meta attribute="field-description">
           @hibernate.property
            column="created_by"
            length="50"
            not-null="true"
        </meta>    
    </property>
    <property
        name="lastUpdatedDts"
        type="java.sql.Timestamp"
        column="last_updated_dts"
        length="19"
    >
        <meta attribute="field-description">
           @hibernate.property
            column="last_updated_dts"
            length="19"
        </meta>    
    </property>
    <property
        name="lastUpdatedBy"
        type="java.lang.String"
        column="last_updated_by"
        not-null="true"
        length="50"
    >
        <meta attribute="field-description">
           @hibernate.property
            column="last_updated_by"
            length="50"
            not-null="true"
        </meta>    
    </property>

    <!-- Associations -->

    <!-- bi-directional one-to-many association to CategoryAttribute -->
    <set
        name="categoryAttributes"
        lazy="true"
        inverse="true"
		cascade="none"
    >
        <meta attribute="field-description">
           @hibernate.set
            lazy="true"
            inverse="true"
            cascade="none"

           @hibernate.collection-key
            column="category_id"

           @hibernate.collection-one-to-many
            class="uk.co.fresca.pojo.CategoryAttribute"
        </meta>
        <key>
            <column name="category_id" />
        </key>
        <one-to-many 
            class="uk.co.fresca.pojo.CategoryAttribute"
        />
    </set>
  
    <!-- bi-directional one-to-many association to CategoryHierarchy -->
    <!-- ENABLED EAGER FETCH TO SUPPORT NESTED CATEGORYS ON INTERFACE -->
    <set
        name="categoryHierarchiesByCategoryId"
        lazy="true"
        inverse="true"
		cascade="none"
    >
        <meta attribute="field-description">
           @hibernate.set
            lazy="true"
            inverse="true"
            cascade="none"

           @hibernate.collection-key
            column="category_id"

           @hibernate.collection-one-to-many
            class="uk.co.fresca.pojo.CategoryHierarchy"
        </meta>
        <key>
            <column name="category_id" />
        </key>
        <one-to-many 
            class="uk.co.fresca.pojo.CategoryHierarchy"
        />
    </set>
    <!-- bi-directional one-to-many association to CategoryHierarchy -->
    <set
        name="categoryHierarchiesByParentCategoryId"
        lazy="true"
        inverse="true"
		cascade="none"
    >
        <meta attribute="field-description">
           @hibernate.set
            lazy="true"
            inverse="true"
            cascade="none"

           @hibernate.collection-key
            column="parent_category_id"

           @hibernate.collection-one-to-many
            class="uk.co.fresca.pojo.CategoryHierarchy"
        </meta>
        <key>
            <column name="parent_category_id" />
        </key>
        <one-to-many 
            class="uk.co.fresca.pojo.CategoryHierarchy"
        />
    </set>
    <!-- bi-directional one-to-many association to SearchableProductCategory -->
    <set
        name="searchableProductCategories"
        lazy="true"
        inverse="true"
		cascade="none"
		order-by="sort_order"
    >
        <meta attribute="field-description">
           @hibernate.set
            lazy="true"
            inverse="true"
            cascade="none"
            order-by="sort_order"

           @hibernate.collection-key
            column="category"

           @hibernate.collection-one-to-many
            class="uk.co.fresca.pojo.SearchableProductCategory"
        </meta>
        <key>
            <column name="category" />
        </key>
        <one-to-many 
            class="uk.co.fresca.pojo.SearchableProductCategory"
        />
    </set>
    <!-- bi-directional one-to-many association to ChannelCategory -->
    <set
        name="channelCategories"
        lazy="true"
        inverse="true"
		cascade="none"
    >
        <meta attribute="field-description">
           @hibernate.set
            lazy="true"
            inverse="true"
            cascade="none"

           @hibernate.collection-key
            column="category"

           @hibernate.collection-one-to-many
            class="uk.co.fresca.pojo.ChannelCategory"
        </meta>
        <key>
            <column name="category" />
        </key>
        <one-to-many 
            class="uk.co.fresca.pojo.ChannelCategory"
        />
    </set>
    <!-- bi-directional one-to-many association to CategoryPageField -->
    <set
        name="categoryPageField"
        lazy="true"
        inverse="true"
		cascade="none"
    >
        <meta attribute="field-description">
           @hibernate.set
            lazy="true"
            inverse="true"
            cascade="none"

           @hibernate.collection-key
            column="categoryID"

           @hibernate.collection-one-to-many
            class="uk.co.fresca.pojo.CategoryPageField"
        </meta>
        <key>
            <column name="category_id" />
        </key>
        <one-to-many 
            class="uk.co.fresca.pojo.CategoryPageField"
        />
    </set>
    
    <!-- bi-directional one-to-one association to CategoryContent -->
    <!-- RVining 16th April - I think Lazy Loading is lost here as the relationship has to be set to constrained="false" - See the following from the forums on this-->
    
<!-- 

Right after loading B, you may call getCee() to obtain C. But look, getCee() is a method of YOUR class and Hibernate has no control over it. Hibernate does not know when someone is going to call getCee(). That means Hibernate must put an appropriate value into "cee" property at the moment it loads B from database.

If proxy is enabled for C, Hibernate can put a C-proxy object which is not loaded yet, but will be loaded when someone uses it. This gives lazy loading for one-to-one.

But now imagine your B object may or may not have associated C (constrained="false"). What should getCee() return when specific B does not have C? Null. But remember, Hibernate must set correct value of "cee" at the moment it set B (because it does no know when someone will call getCee()). Proxy does not help here because proxy itself in already non-null object.

So the resume: if your B->C mapping is mandatory (constrainted=true), Hibernate will use proxy for C resulting in lazy initialization. But if you allow B without C, Hibernate just HAS TO check presence of C at the moment it loads B. But a SELECT to check presence is just inefficient because the same SELECT may not just check presence, but load entire object. So lazy loading goes away.
-->
    <one-to-one
        name="categoryContent"
        class="uk.co.fresca.pojo.CategoryContent"
        outer-join="false"
        constrained="false"
    >
        <meta attribute="field-description">
           @hibernate.one-to-one
            class="uk.co.fresca.pojo.CategoryContent"
            outer-join="false"
            constrained="false"
        </meta>    
    </one-to-one>
    
</class>
</hibernate-mapping>
