<?xml version="1.0"?>
<!DOCTYPE hibernate-mapping PUBLIC 
    "-//Hibernate/Hibernate Mapping DTD 3.0//EN"
    "http://hibernate.sourceforge.net/hibernate-mapping-3.0.dtd">
    
<hibernate-mapping>
<!-- 
    Created by the Middlegen Hibernate plugin 2.1

    http://boss.bekk.no/boss/middlegen/
    http://www.hibernate.org/
-->

<class 
    name="uk.co.fresca.pojo.CategoryHierarchy" 
    table="category_hierarchy"
>
    <meta attribute="class-description" inherit="false">
       @hibernate.class
        table="category_hierarchy"
    </meta>
    <meta attribute="implement-equals" inherit="false">true</meta>

	<cache usage="read-write" /> 

    <composite-id name="comp_id" class="uk.co.fresca.pojo.CategoryHierarchyPK">
        <meta attribute="field-description" inherit="false">
           @hibernate.id
            generator-class="assigned"
        </meta>
        <meta attribute="use-in-equals">true</meta>
        <key-property 
            name="categoryId" 
            column="category_id" 
            type="java.lang.String"
            length="50"
        >
        	<meta attribute="use-in-equals">true</meta>
            <meta attribute="field-description">
               @hibernate.property
                column="category_id"
                length="50"
            </meta> 
        </key-property>
        <key-property 
            name="categoryTypeId" 
            column="category_type_id" 
            type="java.lang.String"
            length="50"
        >
        	<meta attribute="use-in-equals">true</meta>
            <meta attribute="field-description">
               @hibernate.property
                column="category_type_id"
                length="50"
            </meta> 
        </key-property>
        <key-property 
            name="parentCategoryId" 
            column="parent_category_id" 
            type="java.lang.String"
            length="50"
        >
        	<meta attribute="use-in-equals">true</meta>
            <meta attribute="field-description">
               @hibernate.property
                column="parent_category_id"
                length="50"
            </meta> 
        </key-property>
    </composite-id>    

    <property
        name="sequence"
        type="java.lang.Integer"
        column="sequence"
        length="11"
    >
    	<meta attribute="use-in-equals">true</meta>
        <meta attribute="field-description">
           @hibernate.property
            column="sequence"
            length="11"
        </meta>    
    </property>
    <property
        name="isVisible"
        type="java.lang.String"
        column="is_visible"
        not-null="true"
        length="1"
    >
        <meta attribute="use-in-equals">true</meta>
        <meta attribute="field-description">
           @hibernate.property
            column="is_visible"
            length="1"
            not-null="true"
        </meta>    
    </property>
    <property
        name="createdDts"
        type="java.sql.Timestamp"
        column="created_dts"
        not-null="true"
        length="19"
    >
        <meta attribute="field-description">
           @hibernate.property
            column="created_dts"
            length="19"
            not-null="true"
        </meta>    
    </property>
    <property
        name="createdBy"
        type="java.lang.String"
        column="created_by"
        not-null="true"
        length="50"
    >
        <meta attribute="field-description">
           @hibernate.property
            column="created_by"
            length="50"
            not-null="true"
        </meta>    
    </property>
    <property
        name="lastUpdatedDts"
        type="java.sql.Timestamp"
        column="last_updated_dts"
        length="14"
    >
        <meta attribute="field-description">
           @hibernate.property
            column="last_updated_dts"
            length="14"
        </meta>    
    </property>
    <property
        name="lastUpdatedBy"
        type="java.lang.String"
        column="last_updated_by"
        not-null="true"
        length="50"
    >
        <meta attribute="field-description">
           @hibernate.property
            column="last_updated_by"
            length="50"
            not-null="true"
        </meta>    
    </property>

    <!-- Associations -->
    <!-- derived association(s) for compound key -->
    <!-- bi-directional many-to-one association to CategoryType -->
    <many-to-one
        name="categoryType"
	    class="uk.co.fresca.pojo.CategoryType"
	    update="false"
	    insert="false"
	>
        <meta attribute="field-description">
           @hibernate.many-to-one
            update="false"
            insert="false"
        </meta>
        <meta attribute="field-description">
           @hibernate.column
            name="category_type_id"
        </meta>
    	<column name="category_type_id" />
	</many-to-one>
	
    <!-- bi-directional many-to-one association to Category -->
    <many-to-one
        name="categoryByCategoryId"
	    class="uk.co.fresca.pojo.Category"
	    update="false"
	    insert="false"
	>
        <meta attribute="field-description">
           @hibernate.many-to-one
            update="false"
            insert="false"
        </meta>
        <meta attribute="field-description">
           @hibernate.column
            name="category_id"
        </meta>
    	<column name="category_id" />
	</many-to-one>
	
    <!-- bi-directional many-to-one association to Category -->
    <many-to-one
        name="categoryByParentCategoryId"
	    class="uk.co.fresca.pojo.Category"
	    update="false"
	    insert="false"
	>
        <meta attribute="field-description">
           @hibernate.many-to-one
            update="false"
            insert="false"
        </meta>
        <meta attribute="field-description">
           @hibernate.column
            name="parent_category_id"
        </meta>
    	<column name="parent_category_id" />
	</many-to-one>
	
    <!-- end of derived association(s) -->
  

</class>
</hibernate-mapping>
