<?xml version="1.0"?>
<!DOCTYPE hibernate-mapping PUBLIC 
    "-//Hibernate/Hibernate Mapping DTD 3.0//EN"
    "http://hibernate.sourceforge.net/hibernate-mapping-3.0.dtd">
    
<hibernate-mapping>
<!-- 
    Created by the Middlegen Hibernate plugin 2.1

    http://boss.bekk.no/boss/middlegen/
    http://www.hibernate.org/
-->

<class 
    name="uk.co.fresca.pojo.CategoryContent" 
    table="category_content"
>
    <meta attribute="class-description" inherit="false">
       @hibernate.class
        table="category_content"
    </meta>

    <id
        name="categoryId"
        type="java.lang.String"
        column="category_id"
    >
        <meta attribute="field-description">
           @hibernate.id
            generator-class="assigned"
            type="java.lang.String"
            column="category_id"

        </meta>
        <generator class="assigned" />
    </id>


    <!-- Associations -->
  
    <!-- bi-directional one-to-one association to Category -->
    <one-to-one
        name="category"
        class="uk.co.fresca.pojo.Category"
        outer-join="auto"
        constrained="true"
    >
        <meta attribute="field-description">
           @hibernate.one-to-one
            class="uk.co.fresca.pojo.Category"
            outer-join="auto"
            constrained="true"
        </meta>    
    </one-to-one>
    <!-- bi-directional many-to-one association to Content -->
    <many-to-one
        name="content"
        class="uk.co.fresca.pojo.Content"
        not-null="true"
    >
        <meta attribute="field-description">
           @hibernate.many-to-one
            not-null="true"
           @hibernate.column name="page"         
           @hibernate.column name="content_id"         
           @hibernate.column name="channel_id"         
        </meta>
        <column name="page" />
        <column name="content_id" />
        <column name="channel_id" />
    </many-to-one>

</class>
</hibernate-mapping>
