<?xml version="1.0"?>
<!DOCTYPE hibernate-mapping PUBLIC 
    "-//Hibernate/Hibernate Mapping DTD 3.0//EN"
    "http://hibernate.sourceforge.net/hibernate-mapping-3.0.dtd">
    
<hibernate-mapping>
<!-- 
    Created by the Middlegen Hibernate plugin 2.1

    http://boss.bekk.no/boss/middlegen/
    http://www.hibernate.org/
-->

<class 
    name="uk.co.fresca.pojo.ChannelCategory" 
    table="channel_categories"
>
    <meta attribute="class-description" inherit="false">
       @hibernate.class
        table="channel_categories"
    </meta>
    
    <meta attribute="implement-equals" inherit="false">true</meta>

    <composite-id name="comp_id" class="uk.co.fresca.pojo.ChannelCategoryPK">
    	<meta attribute="use-in-equals">true</meta>
        <meta attribute="field-description" inherit="false">
           @hibernate.id
            generator-class="assigned"
        </meta>
        <key-property 
            name="channel" 
            column="channel" 
            type="java.lang.Integer"
            length="11"
        >
            <meta attribute="use-in-equals">true</meta>
            <meta attribute="field-description">
               @hibernate.property
                column="channel"
                length="11"
            </meta> 
        </key-property>
        <key-property 
            name="category" 
            column="category" 
            type="java.lang.String"
            length="30"
        >
            <meta attribute="use-in-equals">true</meta>
            <meta attribute="field-description">
               @hibernate.property
                column="category"
                length="30"
            </meta> 
        </key-property>
    </composite-id>    


    <!-- Associations -->
    <!-- derived association(s) for compound key -->
    <!-- bi-directional many-to-one association to Channel -->
    <many-to-one
        name="channel"
	    class="uk.co.fresca.pojo.Channel"
	    update="false"
	    insert="false"
	>
        <meta attribute="field-description">
           @hibernate.many-to-one
            update="false"
            insert="false"
        </meta>
        <meta attribute="field-description">
           @hibernate.column
            name="channel"
        </meta>
    	<column name="channel" />
	</many-to-one>
	
    <!-- bi-directional many-to-one association to Category -->
    <many-to-one
        name="category"
	    class="uk.co.fresca.pojo.Category"
	    update="false"
	    insert="false"
	>
        <meta attribute="field-description">
           @hibernate.many-to-one
            update="false"
            insert="false"
        </meta>
        <meta attribute="field-description">
           @hibernate.column
            name="category"
        </meta>
    	<column name="category" />
	</many-to-one>
	
    <!-- end of derived association(s) -->
  

</class>
</hibernate-mapping>
