<?xml version="1.0"?>
<!DOCTYPE hibernate-mapping PUBLIC 
    "-//Hibernate/Hibernate Mapping DTD 3.0//EN"
    "http://hibernate.sourceforge.net/hibernate-mapping-3.0.dtd">
    
<hibernate-mapping>
<!-- 
    Created by the Middlegen Hibernate plugin 2.1

    http://boss.bekk.no/boss/middlegen/
    http://www.hibernate.org/
-->

<class 
    name="uk.co.fresca.pojo.Channel" 
    table="channel"
>
    <meta attribute="class-description" inherit="false">
       @hibernate.class
        table="channel"
    </meta>

    <id
        name="id"
        type="java.lang.Integer"
        column="id"
    >
        <meta attribute="field-description">
           @hibernate.id
            generator-class="assigned"
            type="java.lang.Integer"
            column="id"

        </meta>
        <generator class="assigned" />
    </id>

    <property
        name="name"
        type="java.lang.String"
        column="name"
        not-null="true"
        unique="true"
        length="50"
    >
    	<meta attribute="use-in-equals">true</meta>
        <meta attribute="field-description">
           @hibernate.property
            column="name"
            unique="true"
            length="50"
            not-null="true"
        </meta>    
    </property>
    <property
        name="isEnabled"
        type="java.lang.String"
        column="is_enabled"
        not-null="true"
        length="1"
    >
        <meta attribute="field-description">
           @hibernate.property
            column="is_enabled"
            length="1"
            not-null="true"
        </meta>    
    </property>
    <property
        name="createdDts"
        type="java.sql.Timestamp"
        column="created_dts"
        not-null="true"
        length="19"
    >
    	<meta attribute="use-in-equals">true</meta>
        <meta attribute="field-description">
           @hibernate.property
            column="created_dts"
            length="19"
            not-null="true"
        </meta>    
    </property>
    <property
        name="createdBy"
        type="java.lang.String"
        column="created_by"
        not-null="true"
        length="50"
    >
        <meta attribute="field-description">
           @hibernate.property
            column="created_by"
            length="50"
            not-null="true"
        </meta>    
    </property>
    <property
        name="lastUpdatedDts"
        type="java.sql.Timestamp"
        column="last_updated_dts"
        length="19"
    >
        <meta attribute="field-description">
           @hibernate.property
            column="last_updated_dts"
            length="19"
        </meta>    
    </property>
    <property
        name="lastUpdatedBy"
        type="java.lang.String"
        column="last_updated_by"
        not-null="true"
        length="50"
    >
        <meta attribute="field-description">
           @hibernate.property
            column="last_updated_by"
            length="50"
            not-null="true"
        </meta>    
    </property>
    <property
        name="domain"
        type="java.lang.String"
        column="domain"
        length="65535"
    >
        <meta attribute="field-description">
           @hibernate.property
            column="domain"
            length="65535"
        </meta>    
    </property>
    
    <property
        name="serverName"
        type="java.lang.String"
        column="server_name"
        length="65535"
    >
        <meta attribute="field-description">
           @hibernate.property
            column="server_name"
            length="65535"
        </meta>    
    </property>
    
    <property
        name="secureServerName"
        type="java.lang.String"
        column="secure_server_name"
        length="65535"
    >
        <meta attribute="field-description">
           @hibernate.property
            column="secure_server_name"
            length="65535"
        </meta>    
    </property>
    
    <property
        name="siteName"
        type="java.lang.String"
        column="site_name"
        length="65535"
    >
        <meta attribute="field-description">
           @hibernate.property
            column="site_name"
            length="65535"
        </meta>    
    </property>
    
    <property
        name="description"
        type="java.lang.String"
        column="description"
        length="65535"
    >
        <meta attribute="field-description">
           @hibernate.property
            column="description"
            length="65535"
        </meta>    
    </property>

    <!-- Associations -->
  
    <!-- bi-directional one-to-many association to ChannelPricing -->
    <set
        name="channelPricings"
        lazy="true"
        inverse="true"
		cascade="none"
    >
        <meta attribute="field-description">
           @hibernate.set
            lazy="true"
            inverse="true"
            cascade="none"

           @hibernate.collection-key
            column="id"

           @hibernate.collection-one-to-many
            class="uk.co.fresca.pojo.ChannelPricing"
        </meta>
        <key>
            <column name="id" />
        </key>
        <one-to-many 
            class="uk.co.fresca.pojo.ChannelPricing"
        />
    </set>
    <!-- bi-directional one-to-many association to Content -->
    <set
        name="contents"
        lazy="true"
        inverse="true"
		cascade="none"
    >
        <meta attribute="field-description">
           @hibernate.set
            lazy="true"
            inverse="true"
            cascade="none"

           @hibernate.collection-key
            column="channel_id"

           @hibernate.collection-one-to-many
            class="uk.co.fresca.pojo.Content"
        </meta>
        <key>
            <column name="channel_id" />
        </key>
        <one-to-many 
            class="uk.co.fresca.pojo.Content"
        />
    </set>
    <!-- bi-directional one-to-many association to Promotion -->
    <set
        name="promotions"
        lazy="true"
        inverse="true"
		cascade="none"
    >
        <meta attribute="field-description">
           @hibernate.set
            lazy="true"
            inverse="true"
            cascade="none"

           @hibernate.collection-key
            column="channel_id"

           @hibernate.collection-one-to-many
            class="uk.co.fresca.pojo.Promotion"
        </meta>
        <key>
            <column name="channel_id" />
        </key>
        <one-to-many 
            class="uk.co.fresca.pojo.Promotion"
        />
    </set>
    <!-- bi-directional one-to-many association to ChannelCategory -->
    <set
        name="channelCategories"
        lazy="true"
        inverse="true"
		cascade="none"
    >
        <meta attribute="field-description">
           @hibernate.set
            lazy="true"
            inverse="true"
            cascade="none"

           @hibernate.collection-key
            column="channel"

           @hibernate.collection-one-to-many
            class="uk.co.fresca.pojo.ChannelCategory"
        </meta>
        <key>
            <column name="channel" />
        </key>
        <one-to-many 
            class="uk.co.fresca.pojo.ChannelCategory"
        />
    </set>

</class>
</hibernate-mapping>
