<?xml version="1.0"?>
<!DOCTYPE hibernate-mapping PUBLIC 
    "-//Hibernate/Hibernate Mapping DTD 3.0//EN"
    "http://hibernate.sourceforge.net/hibernate-mapping-3.0.dtd">
    
<hibernate-mapping>
<!-- 
    Created by the Middlegen Hibernate plugin 2.1

    http://boss.bekk.no/boss/middlegen/
    http://www.hibernate.org/
-->

<class 
    name="uk.co.fresca.pojo.Company" 
    table="company"
>
    <meta attribute="class-description" inherit="false">
       @hibernate.class
        table="company"
    </meta>

    <id
        name="id"
        type="java.lang.Integer"
        column="id"
    >
        <meta attribute="field-description">
           @hibernate.id
            generator-class="native"
            type="java.lang.Integer"
            column="id"

        </meta>
        <generator class="native" />
    </id>

    <property
        name="name"
        type="java.lang.String"
        column="name"
        not-null="true"
        length="50"
    >
    	<meta attribute="use-in-equals">true</meta>
        <meta attribute="field-description">
           @hibernate.property
            column="name"
            length="50"
            not-null="true"
        </meta>    
    </property>
    <property
        name="address1"
        type="java.lang.String"
        column="address1"
        not-null="true"
        length="50"
    >
    	<meta attribute="use-in-equals">true</meta>
        <meta attribute="field-description">
           @hibernate.property
            column="address1"
            length="50"
            not-null="true"
        </meta>    
    </property>
    <property
        name="address2"
        type="java.lang.String"
        column="address2"
        not-null="true"
        length="50"
    >
    	<meta attribute="use-in-equals">true</meta>
        <meta attribute="field-description">
           @hibernate.property
            column="address2"
            length="50"
            not-null="true"
        </meta>    
    </property>
    <property
        name="address3"
        type="java.lang.String"
        column="address3"
        not-null="true"
        length="50"
    >
    	<meta attribute="use-in-equals">true</meta>
        <meta attribute="field-description">
           @hibernate.property
            column="address3"
            length="50"
            not-null="true"
        </meta>    
    </property>
     <property
        name="townCity"
        type="java.lang.String"
        column="towncity"
        not-null="true"
        length="50"
    >
    	<meta attribute="use-in-equals">true</meta>
        <meta attribute="field-description">
           @hibernate.property
            column="towncity"
            length="50"
            not-null="true"
        </meta>    
    </property>
      <property
        name="county"
        type="java.lang.String"
        column="county"
        not-null="true"
        length="50"
    >
    	<meta attribute="use-in-equals">true</meta>
        <meta attribute="field-description">
           @hibernate.property
            column="county"
            length="50"
            not-null="true"
        </meta>    
    </property>
      <property
        name="postcode"
        type="java.lang.String"
        column="postcode"
        not-null="true"
        length="50"
    >
    	<meta attribute="use-in-equals">true</meta>
        <meta attribute="field-description">
           @hibernate.property
            column="postcode"
            length="50"
            not-null="true"
        </meta>    
    </property>
    <property
        name="country"
        type="java.lang.String"
        column="country"
        not-null="true"
        length="50"
    >	
    	<meta attribute="use-in-equals">true</meta>
        <meta attribute="field-description">
           @hibernate.property
            column="country"
            length="50"
            not-null="true"
        </meta>    
    </property>
      <property
        name="phoneNumber"
        type="java.lang.String"
        column="phonenumber"
        not-null="true"
        length="50"
    >
    	<meta attribute="use-in-equals">true</meta>
        <meta attribute="field-description">
           @hibernate.property
            column="phonenumber"
            length="45"
            not-null="true"
        </meta>    
    </property>
      <property
        name="faxNumber"
        type="java.lang.String"
        column="faxnumber"
        not-null="true"
        length="50"
    >
    	<meta attribute="use-in-equals">true</meta>
        <meta attribute="field-description">
           @hibernate.property
            column="faxnumber"
            length="45"
            not-null="true"
        </meta>    
    </property>
     <property
        name="createdDts"
        type="java.sql.Timestamp"
        column="created_dts"
        not-null="true"
    >
    	<meta attribute="use-in-equals">true</meta>
        <meta attribute="field-description">
           @hibernate.property
            column="created_dts"
            not-null="true"
        </meta>    
    </property>
     <property
        name="createdBy"
        type="java.lang.String"
        column="created_by"
        not-null="true"
        length="50"
    >
        <meta attribute="field-description">
           @hibernate.property
            column="created_by"
            length="50"
            not-null="true"
        </meta>    
    </property>
     <property
        name="lastUpdatedDts"
        type="java.sql.Timestamp"
        column="last_updated_dts"
        not-null="true"
    >
        <meta attribute="field-description">
           @hibernate.property
            column="last_updated_dts"
            not-null="true"
        </meta>    
    </property>
     <property
        name="lastUpdatedBy"
        type="java.lang.String"
        column="last_updated_by"
        not-null="true"
         length="50"
    >
        <meta attribute="field-description">
           @hibernate.property
            column="last_updated_by"    
             length="50"        
            not-null="true"
        </meta>    
    </property>
    


</class>
</hibernate-mapping>
