<?xml version="1.0"?>
<!DOCTYPE hibernate-mapping PUBLIC 
    "-//Hibernate/Hibernate Mapping DTD 3.0//EN"
    "http://hibernate.sourceforge.net/hibernate-mapping-3.0.dtd">
    
<hibernate-mapping>
<!-- 
    Created by the Middlegen Hibernate plugin 2.1

    http://boss.bekk.no/boss/middlegen/
    http://www.hibernate.org/
-->

<class 
    name="uk.co.fresca.pojo.Content" 
    table="content"
>
    <meta attribute="class-description" inherit="false">
       @hibernate.class
        table="content"
    </meta>
    
    <meta attribute="implement-equals" inherit="false">true</meta>

    <composite-id name="comp_id" class="uk.co.fresca.pojo.ContentPK">
    	<meta attribute="use-in-equals">true</meta>
        <meta attribute="field-description" inherit="false">
           @hibernate.id
            generator-class="assigned"
        </meta>
        <key-property 
            name="page" 
            column="page" 
            type="java.lang.String"
            length="30"
        >
            <meta attribute="use-in-equals">true</meta>
            <meta attribute="field-description">
               @hibernate.property
                column="page"
                length="30"
            </meta> 
        </key-property>
        <key-property 
            name="contentId" 
            column="content_id" 
            type="java.lang.String"
            length="30"
        >
            <meta attribute="use-in-equals">true</meta>
            <meta attribute="field-description">
               @hibernate.property
                column="content_id"
                length="30"
            </meta> 
        </key-property>
        <key-property 
            name="channelId" 
            column="channel_id" 
            type="java.lang.Integer"
            length="3"
        >
            <meta attribute="use-in-equals">true</meta>
            <meta attribute="field-description">
               @hibernate.property
                column="channel_id"
                length="3"
            </meta> 
        </key-property>
    </composite-id>    

    <property
        name="content"
        type="java.lang.String"
        column="content"
        length="65535"
    >
    	<meta attribute="use-in-equals">true</meta>
        <meta attribute="field-description">
           @hibernate.property
            column="content"
            length="65535"
        </meta>    
    </property>
    <property
        name="displayOrder"
        type="java.lang.Integer"
        column="display_order"
        length="11"
    >
    	<meta attribute="use-in-equals">true</meta>
        <meta attribute="field-description">
           @hibernate.property
            column="display_order"
            length="11"
        </meta>    
    </property>
    <property
        name="createdBy"
        type="java.lang.String"
        column="created_by"
        not-null="true"
        length="50"
    >
        <meta attribute="field-description">
           @hibernate.property
            column="created_by"
            length="50"
            not-null="true"
        </meta>    
    </property>
    <property
        name="lastUpdatedDts"
        type="java.sql.Timestamp"
        column="last_updated_dts"
        length="19"
    >
        <meta attribute="field-description">
           @hibernate.property
            column="last_updated_dts"
            length="19"
        </meta>    
    </property>
    <property
        name="lastUpdatedBy"
        type="java.lang.String"
        column="last_updated_by"
        not-null="true"
        length="50"
    >
        <meta attribute="field-description">
           @hibernate.property
            column="last_updated_by"
            length="50"
            not-null="true"
        </meta>    
    </property>

    <!-- Associations -->
    <!-- derived association(s) for compound key -->
    <!-- bi-directional many-to-one association to Channel -->
    <many-to-one
        name="channel"
	    class="uk.co.fresca.pojo.Channel"
	    update="false"
	    insert="false"
	>
        <meta attribute="field-description">
           @hibernate.many-to-one
            update="false"
            insert="false"
        </meta>
        <meta attribute="field-description">
           @hibernate.column
            name="channel_id"
        </meta>
    	<column name="channel_id" />
	</many-to-one>
	
    <!-- end of derived association(s) -->
  

</class>
</hibernate-mapping>
