<?xml version="1.0"?>
<!DOCTYPE hibernate-mapping PUBLIC 
    "-//Hibernate/Hibernate Mapping DTD 3.0//EN"
    "http://hibernate.sourceforge.net/hibernate-mapping-3.0.dtd">
    
<hibernate-mapping>
<!-- 
    Created by the Middlegen Hibernate plugin 2.1

    http://boss.bekk.no/boss/middlegen/
    http://www.hibernate.org/
-->

<class 
    name="uk.co.fresca.pojo.CountryLookup" 
    table="country_lookup"
>
    <meta attribute="class-description" inherit="false">
       @hibernate.class
        table="country_lookup"
    </meta>
   
   <cache usage="read-write" /> 

   <id
        name="id"
        type="java.lang.String"
        column="id"
    >
		<meta attribute="use-in-tostring">true</meta>
        <meta attribute="field-description">
           @hibernate.id
            generator-class="assigned"
            type="java.lang.String"
            column="id"

        </meta>
        <generator class="assigned" />
    </id>

    <property
        name="displayName"
        type="java.lang.String"
        column="display_name"
        not-null="true"
        length="100"
    >
    	<meta attribute="use-in-equals">true</meta>
		<meta attribute="use-in-tostring">true</meta>
        <meta attribute="field-description">
           @hibernate.property
            column="display_name"
            length="100"
            not-null="true"
        </meta>    
    </property>
    <property
        name="isFlatRateShippingEnabled"
        type="java.lang.String"
        column="is_flat_rate_shipping_enabled"
        not-null="true"
        length="1"
    >
        <meta attribute="field-description">
           @hibernate.property
            column="is_flat_rate_shipping_enabled"
            length="1"
            not-null="true"
        </meta>    
    </property>
    <property
        name="vatPercentage"
        type="float"
        column="vat_percentage"
        not-null="true"
        length="3"
    >
        <meta attribute="field-description">
           @hibernate.property
            column="vat_percentage"
            length="3"
            not-null="true"
        </meta>    
    </property>
    <property
        name="isEnabled"
        type="java.lang.String"
        column="is_enabled"
        not-null="true"
        length="1"
    >
    	<meta attribute="use-in-equals">true</meta>
        <meta attribute="field-description">
           @hibernate.property
            column="is_enabled"
            length="1"
            not-null="true"
        </meta>    
    </property>
    <property
        name="createdDts"
        type="java.sql.Date"
        column="created_dts"
        not-null="true"
        length="10"
    >
        <meta attribute="field-description">
           @hibernate.property
            column="created_dts"
            length="10"
            not-null="true"
        </meta>    
    </property>
    <property
        name="createdBy"
        type="java.lang.String"
        column="created_by"
        not-null="true"
        length="50"
    >
        <meta attribute="field-description">
           @hibernate.property
            column="created_by"
            length="50"
            not-null="true"
        </meta>    
    </property>
    <property
        name="lastUpdatedDts"
        type="java.sql.Date"
        column="last_updated_dts"
        not-null="true"
        length="10"
    >
        <meta attribute="field-description">
           @hibernate.property
            column="last_updated_dts"
            length="10"
            not-null="true"
        </meta>    
    </property>
    <property
        name="lastUpdatedBy"
        type="java.lang.String"
        column="last_updated_by"
        not-null="true"
        length="50"
    >
        <meta attribute="field-description">
           @hibernate.property
            column="last_updated_by"
            length="50"
            not-null="true"
        </meta>    
    </property>

    <!-- Associations -->
  
    <!-- bi-directional many-to-one association to ShippingZone -->
    <many-to-one
        name="shippingZoneByShippingZone"
        class="uk.co.fresca.pojo.ShippingZone"
        not-null="true"
    >
        <meta attribute="field-description">
           @hibernate.many-to-one
            not-null="true"
           @hibernate.column name="shipping_zone"         
        </meta>
        <column name="shipping_zone" />
    </many-to-one>
    <!-- bi-directional many-to-one association to ShippingZone -->
    <many-to-one
        name="shippingZoneByExpressShippingZone"
        class="uk.co.fresca.pojo.ShippingZone"
        not-null="true"
    >
        <meta attribute="field-description">
           @hibernate.many-to-one
            not-null="true"
           @hibernate.column name="express_shipping_zone"         
        </meta>
        <column name="express_shipping_zone" />
    </many-to-one>
    <!-- bi-directional one-to-many association to Order -->
    <set
        name="orders"
        lazy="true"
        inverse="true"
		cascade="none"
    >
        <meta attribute="field-description">
           @hibernate.set
            lazy="true"
            inverse="true"
            cascade="none"

           @hibernate.collection-key
            column="shipping_country"

           @hibernate.collection-one-to-many
            class="uk.co.fresca.pojo.Order"
        </meta>
        <key>
            <column name="shipping_country" />
        </key>
        <one-to-many 
            class="uk.co.fresca.pojo.Order"
        />
    </set>
    <!-- bi-directional one-to-many association to Address -->
    <set
        name="addresses"
        lazy="true"
        inverse="true"
		cascade="none"
    >
        <meta attribute="field-description">
           @hibernate.set
            lazy="true"
            inverse="true"
            cascade="none"

           @hibernate.collection-key
            column="country"

           @hibernate.collection-one-to-many
            class="uk.co.fresca.pojo.Address"
        </meta>
        <key>
            <column name="country" />
        </key>
        <one-to-many 
            class="uk.co.fresca.pojo.Address"
        />
    </set>

</class>
</hibernate-mapping>
