<?xml version="1.0"?>
<!DOCTYPE hibernate-mapping PUBLIC 
    "-//Hibernate/Hibernate Mapping DTD 3.0//EN"
    "http://hibernate.sourceforge.net/hibernate-mapping-3.0.dtd">
    
<hibernate-mapping>
<!-- 
    Created by the Middlegen Hibernate plugin 2.1

    http://boss.bekk.no/boss/middlegen/
    http://www.hibernate.org/
-->

<class 
    name="uk.co.fresca.pojo.CreditCard" 
    table="credit_card"
>
    <meta attribute="class-description" inherit="false">
       @hibernate.class
        table="credit_card"
    </meta>

    <id
        name="id"
        type="java.lang.Integer"
        column="id"
    >
        <meta attribute="field-description">
           @hibernate.id
            generator-class="identity"
            type="java.lang.Integer"
            column="id"

        </meta>
        <generator class="identity" />
    </id>

    <property
        name="type"
        type="java.lang.String"
        column="type"
        not-null="true"
        length="100"
    >
    	<meta attribute="use-in-equals">true</meta>
        <meta attribute="field-description">
           @hibernate.property
            column="type"
            length="100"
            not-null="true"
        </meta>    
    </property>
    <property
        name="creditCardNumber"
        type="java.lang.String"
        column="credit_card_number"
        not-null="true"
        length="50"
    >
    	<meta attribute="use-in-equals">true</meta>
        <meta attribute="field-description">
           @hibernate.property
            column="credit_card_number"
            length="50"
            not-null="true"
        </meta>    
    </property>
    <property
        name="validFrom"
        type="java.lang.String"
        column="valid_from"
        length="10"
    >
        <meta attribute="field-description">
           @hibernate.property
            column="valid_from"
            length="10"
        </meta>    
    </property>
    <property
        name="expireDate"
        type="java.lang.String"
        column="expire_date"
        not-null="true"
        length="10"
    >
    	<meta attribute="use-in-equals">true</meta>
        <meta attribute="field-description">
           @hibernate.property
            column="expire_date"
            length="10"
            not-null="true"
        </meta>    
    </property>
    <property
        name="issueNumber"
        type="java.lang.String"
        column="issue_number"
        length="3"
    >
    	<meta attribute="use-in-equals">true</meta>
        <meta attribute="field-description">
           @hibernate.property
            column="issue_number"
            length="3"
        </meta>    
    </property>
    <property
        name="cv2"
        type="java.lang.String"
        column="cv2"
        length="5"
    >
        <meta attribute="field-description">
           @hibernate.property
            column="cv2"
            length="5"
        </meta>    
    </property>
    <property
        name="countryOfOrigin"
        type="java.lang.String"
        column="country_of_origin"
        length="100"
    >
        <meta attribute="field-description">
           @hibernate.property
            column="country_of_origin"
            length="100"
        </meta>    
    </property>
    <property
        name="createdDts"
        type="java.sql.Timestamp"
        column="created_dts"
        not-null="true"
        length="19"
    >
        <meta attribute="field-description">
           @hibernate.property
            column="created_dts"
            length="19"
            not-null="true"
        </meta>    
    </property>
    <property
        name="createdBy"
        type="java.lang.String"
        column="created_by"
        not-null="true"
        length="50"
    >
        <meta attribute="field-description">
           @hibernate.property
            column="created_by"
            length="50"
            not-null="true"
        </meta>    
    </property>
    <property
        name="lastUpdatedDts"
        type="java.sql.Timestamp"
        column="last_updated_dts"
        length="14"
    >
        <meta attribute="field-description">
           @hibernate.property
            column="last_updated_dts"
            length="14"
        </meta>    
    </property>
    <property
        name="lastUpdatedBy"
        type="java.lang.String"
        column="last_updated_by"
        not-null="true"
        length="50"
    >
        <meta attribute="field-description">
           @hibernate.property
            column="last_updated_by"
            length="50"
            not-null="true"
        </meta>    
    </property>
    
    
    <property
        name="title"
        type="java.lang.String"
        column="title"
        length="10"
    >
        <meta attribute="use-in-tostring">true</meta>
        <meta attribute="field-description">
           @hibernate.property
            column="title"
            length="10"
        </meta>    
    </property>
    <property
        name="firstName"
        type="java.lang.String"
        column="first_name"
        length="100"
    >
        <meta attribute="use-in-tostring">true</meta>
        <meta attribute="field-description">
           @hibernate.property
            column="first_name"
            length="100"
        </meta>    
    </property>
    <property
        name="lastName"
        type="java.lang.String"
        column="last_name"
        length="100"
    >
        <meta attribute="use-in-tostring">true</meta>
        <meta attribute="field-description">
           @hibernate.property
            column="last_name"
            length="100"
        </meta>    
    </property>
    
    <property
        name="address1"
        type="java.lang.String"
        column="address1"
        not-null="true"
        length="100"
    >
        <meta attribute="use-in-tostring">true</meta>
        <meta attribute="field-description">
           @hibernate.property
            column="address1"
            length="100"
            not-null="true"
        </meta>    
    </property>
    <property
        name="address2"
        type="java.lang.String"
        column="address2"
        length="100"
    >
        <meta attribute="use-in-tostring">true</meta>
        <meta attribute="field-description">
           @hibernate.property
            column="address2"
            length="100"
        </meta>    
    </property>
    <property
        name="address3"
        type="java.lang.String"
        column="address3"
        length="100"
    >
        <meta attribute="use-in-tostring">true</meta>
        <meta attribute="field-description">
           @hibernate.property
            column="address3"
            length="100"
        </meta>    
    </property>
    <property
        name="towncity"
        type="java.lang.String"
        column="towncity"
        not-null="true"
        length="100"
    >
        <meta attribute="use-in-tostring">true</meta>
        <meta attribute="field-description">
           @hibernate.property
            column="towncity"
            length="100"
            not-null="true"
        </meta>    
    </property>
    <property
        name="county"
        type="java.lang.String"
        column="county"
        length="100"
    >
        <meta attribute="use-in-tostring">true</meta>
        <meta attribute="field-description">
           @hibernate.property
            column="county"
            length="100"
        </meta>    
    </property>
    <property
        name="postcode"
        type="java.lang.String"
        column="postcode"
        not-null="true"
        length="10"
    >
        <meta attribute="use-in-tostring">true</meta>
        <meta attribute="field-description">
           @hibernate.property
            column="postcode"
            length="10"
            not-null="true"
        </meta>    
    </property>
    
        
    <!-- Associations -->
  
  	<!-- bi-directional many-to-one association to CountryLookup -->
    <many-to-one
        name="countryLookup"
        class="uk.co.fresca.pojo.CountryLookup"
        not-null="false"
    >
        <meta attribute="use-in-tostring">true</meta>
        <meta attribute="field-description">
           @hibernate.many-to-one
            not-null="false"
           @hibernate.column name="country"         
        </meta>
        <column name="country" />
    </many-to-one>
  
    <!-- bi-directional one-to-many association to Order -->
    <set
        name="orders"
        lazy="true"
        inverse="true"
		cascade="none"
    >
        <meta attribute="field-description">
           @hibernate.set
            lazy="true"
            inverse="true"
            cascade="none"

           @hibernate.collection-key
            column="credit_card_id"

           @hibernate.collection-one-to-many
            class="uk.co.fresca.pojo.Order"
        </meta>
        <key>
            <column name="credit_card_id" />
        </key>
        <one-to-many 
            class="uk.co.fresca.pojo.Order"
        />
    </set>

</class>
</hibernate-mapping>
