<?xml version="1.0"?>
<!DOCTYPE hibernate-mapping PUBLIC 
    "-//Hibernate/Hibernate Mapping DTD 3.0//EN"
    "http://hibernate.sourceforge.net/hibernate-mapping-3.0.dtd">
    
<hibernate-mapping>
<!-- 
    Created by the Middlegen Hibernate plugin 2.1

    http://boss.bekk.no/boss/middlegen/
    http://www.hibernate.org/
-->

<class 
    name="uk.co.fresca.pojo.CustomerAttributeValue" 
    table="customer_attribute_values"
>
    <meta attribute="class-description" inherit="false">
       @hibernate.class
        table="customer_attribute_values"
    </meta>

    <meta attribute="implement-equals" inherit="false">true</meta>

    <composite-id name="comp_id" class="uk.co.fresca.pojo.CustomerAttributeValuePK">
        <meta attribute="use-in-tostring">true</meta>
		<meta attribute="use-in-equals">true</meta>
      <meta attribute="field-description" inherit="false">
           @hibernate.id
            generator-class="assigned"
        </meta>
        <key-property 
            name="id" 
            column="id" 
            type="java.lang.Integer"
            length="11"
        >
        <meta attribute="use-in-tostring">true</meta>
		<meta attribute="use-in-equals">true</meta>
           <meta attribute="field-description">
               @hibernate.property
                column="id"
                length="11"
            </meta> 
        </key-property>
        <key-property 
            name="caId" 
            column="ca_id" 
            type="java.lang.String"
            length="75"
        >
        <meta attribute="use-in-tostring">true</meta>
		<meta attribute="use-in-equals">true</meta>
           <meta attribute="field-description">
               @hibernate.property
                column="ca_id"
                length="75"
            </meta> 
        </key-property>
    </composite-id>    

    <property
        name="value"
        type="java.lang.String"
        column="value"
        length="65535"
    >
        <meta attribute="use-in-tostring">true</meta>
		<meta attribute="use-in-equals">true</meta>
        <meta attribute="field-description">
           @hibernate.property
            column="value"
            length="65535"
        </meta>    
    </property>

    <!-- Associations -->
    <!-- derived association(s) for compound key -->
    <!-- bi-directional many-to-one association to CustomerAttribute -->
    <many-to-one
        name="customerAttribute"
	    class="uk.co.fresca.pojo.CustomerAttribute"
	    update="false"
	    insert="false"
	>
        <meta attribute="field-description">
           @hibernate.many-to-one
            update="false"
            insert="false"
        </meta>
        <meta attribute="field-description">
           @hibernate.column
            name="ca_id"
        </meta>
    	<column name="ca_id" />
	</many-to-one>
	
    <!-- bi-directional many-to-one association to Customer -->
    <many-to-one
        name="customer"
	    class="uk.co.fresca.pojo.Customer"
	    update="false"
	    insert="false"
	>
        <meta attribute="field-description">
           @hibernate.many-to-one
            update="false"
            insert="false"
        </meta>
        <meta attribute="field-description">
           @hibernate.column
            name="id"
        </meta>
    	<column name="id" />
	</many-to-one>
	
    <!-- end of derived association(s) -->
  

</class>
</hibernate-mapping>
