<?xml version="1.0"?>
<!DOCTYPE hibernate-mapping PUBLIC 
    "-//Hibernate/Hibernate Mapping DTD 3.0//EN"
    "http://hibernate.sourceforge.net/hibernate-mapping-3.0.dtd">
    
<hibernate-mapping>
<!-- 
    Created by the Middlegen Hibernate plugin 2.1

    http://boss.bekk.no/boss/middlegen/
    http://www.hibernate.org/
-->

<class 
    name="uk.co.fresca.pojo.Edition" 
    table="edition"
>
    <meta attribute="class-description" inherit="false">
       @hibernate.class
        table="edition"
    </meta>
    
    <meta attribute="implement-equals" inherit="false">true</meta>

    <id
        name="id"
        type="java.lang.Integer"
        column="id"
    >
    	<meta attribute="use-in-equals">true</meta>
        <meta attribute="field-description">
           @hibernate.id
            generator-class="native"
            type="java.lang.Integer"
            column="id"

        </meta>
        <generator class="native" />
    </id>

    <property
        name="name"
        type="java.lang.String"
        column="name"
        not-null="true"
        length="45"
    >
    	<meta attribute="use-in-equals">true</meta>
        <meta attribute="field-description">
           @hibernate.property
            column="name"
            length="45"
            not-null="true"
        </meta>    
    </property>
    <property
        name="goLive"
        type="java.sql.Date"
        column="go_live"
        length="19"
    >
    	<meta attribute="use-in-equals">true</meta>
        <meta attribute="field-description">
           @hibernate.property
            column="go_live"
            length="19"
        </meta>    
    </property>
    <property
        name="status"
        type="java.lang.String"
        column="status"
        not-null="true"
        length="45"
    >
    	<meta attribute="use-in-equals">true</meta>
        <meta attribute="field-description">
           @hibernate.property
            column="status"
            length="45"
            not-null="true"
        </meta>    
    </property>

    <!-- Associations -->
  
    <!-- bi-directional one-to-many association to EditionPage -->
    <set
        name="editionPages"
        lazy="true"
        inverse="true"
		cascade="none"
    >
        <meta attribute="field-description">
           @hibernate.set
            lazy="true"
            inverse="true"
            cascade="none"

           @hibernate.collection-key
            column="edition_id"

           @hibernate.collection-one-to-many
            class="uk.co.fresca.pojo.EditionPage"
        </meta>
        <key>
            <column name="edition_id" />
        </key>
        <one-to-many 
            class="uk.co.fresca.pojo.EditionPage"
        />
    </set>

</class>
</hibernate-mapping>
