<?xml version="1.0"?>
<!DOCTYPE hibernate-mapping PUBLIC 
    "-//Hibernate/Hibernate Mapping DTD 3.0//EN"
    "http://hibernate.sourceforge.net/hibernate-mapping-3.0.dtd">
    
<hibernate-mapping>
<!-- 
    Created by the Middlegen Hibernate plugin 2.1

    http://boss.bekk.no/boss/middlegen/
    http://www.hibernate.org/
-->

<class 
    name="uk.co.fresca.pojo.EditionPage" 
    table="edition_pages"
>
    <meta attribute="class-description" inherit="false">
       @hibernate.class
        table="edition_pages"
    </meta>
    
    <meta attribute="implement-equals" inherit="false">true</meta>

    <composite-id name="comp_id" class="uk.co.fresca.pojo.EditionPagePK">
        <meta attribute="field-description" inherit="false">
           @hibernate.id
            generator-class="assigned"
        </meta>
        <key-property 
            name="editionId" 
            column="edition_id" 
            type="java.lang.Integer"
            length="10"
        >
            <meta attribute="use-in-equals">true</meta>
            <meta attribute="field-description">
               @hibernate.property
                column="edition_id"
                length="10"
            </meta> 
        </key-property>
        <key-property 
            name="pageInstanceId" 
            column="page_instance_id" 
            type="java.lang.Integer"
            length="10"
        >
            <meta attribute="use-in-equals">true</meta>
            <meta attribute="field-description">
               @hibernate.property
                column="page_instance_id"
                length="10"
            </meta> 
        </key-property>
    </composite-id>    


    <!-- Associations -->
    <!-- derived association(s) for compound key -->
    <!-- bi-directional many-to-one association to Edition -->
    <many-to-one
        name="edition"
	    class="uk.co.fresca.pojo.Edition"
	    update="false"
	    insert="false"
	>
        <meta attribute="field-description">
           @hibernate.many-to-one
            update="false"
            insert="false"
        </meta>
        <meta attribute="field-description">
           @hibernate.column
            name="edition_id"
        </meta>
    	<column name="edition_id" />
	</many-to-one>
	
	<!-- bi-directional many-to-one association to PageInstance -->
	    <many-to-one
	        name="pageInstance"
		    class="uk.co.fresca.pojo.PageInstance"
		    update="false"
		    insert="false"
		>
	        <meta attribute="field-description">
	           @hibernate.many-to-one
	            update="false"
	            insert="false"
	        </meta>
	        <meta attribute="field-description">
	           @hibernate.column
	            name="page_instance_id"
	        </meta>
	    	<column name="page_instance_id" />
	</many-to-one>
	
    <!-- end of derived association(s) -->
  

</class>
</hibernate-mapping>
