<?xml version="1.0"?>
<!DOCTYPE hibernate-mapping PUBLIC 
    "-//Hibernate/Hibernate Mapping DTD 3.0//EN"
    "http://hibernate.sourceforge.net/hibernate-mapping-3.0.dtd">
    
<hibernate-mapping>
<!-- 
    Created by the Middlegen Hibernate plugin 2.1

    http://boss.bekk.no/boss/middlegen/
    http://www.hibernate.org/
-->

<class 
    name="uk.co.fresca.pojo.Field" 
    table="field"
>
    <meta attribute="class-description" inherit="false">
       @hibernate.class
        table="field"
    </meta>

    <id
        name="id"
        type="java.lang.Integer"
        column="id"
    >
        <meta attribute="field-description">
           @hibernate.id
            generator-class="native"
            type="java.lang.Integer"
            column="id"

        </meta>
        <generator class="native" />
    </id>

    <property
        name="name"
        type="java.lang.String"
        column="name"
        not-null="true"
        length="45"
    >
    	<meta attribute="use-in-equals">true</meta>
        <meta attribute="field-description">
           @hibernate.property
            column="name"
            length="45"
            not-null="true"
        </meta>    
    </property>
    <property
        name="required"
        type="java.lang.String"
        column="required"
        not-null="true"
        length="1"
    >    	
        <meta attribute="field-description">
           @hibernate.property
            column="required"
            length="1"
            not-null="true"
        </meta>    
    </property>

    <!-- Associations -->
  
    <!-- bi-directional many-to-one association to TemplateFieldType -->
    <many-to-one
        name="templateFieldType"
        class="uk.co.fresca.pojo.TemplateFieldType"
        not-null="true"
    >
        <meta attribute="field-description">
           @hibernate.many-to-one
            not-null="true"
           @hibernate.column name="template_field_type_id"         
        </meta>
        <column name="template_field_type_id" />
    </many-to-one>
    <!-- bi-directional one-to-many association to TemplateField -->
    <set
        name="templateFields"
        lazy="true"
        inverse="true"
		cascade="none"
    >
        <meta attribute="field-description">
           @hibernate.set
            lazy="true"
            inverse="true"
            cascade="none"

           @hibernate.collection-key
            column="field_id"

           @hibernate.collection-one-to-many
            class="uk.co.fresca.pojo.TemplateField"
        </meta>
        <key>
            <column name="field_id" />
        </key>
        <one-to-many 
            class="uk.co.fresca.pojo.TemplateField"
        />
    </set>
    <!-- bi-directional one-to-many association to PageContent -->
    <set
        name="pageContents"
        lazy="true"
        inverse="true"
		cascade="none"
    >
        <meta attribute="field-description">
           @hibernate.set
            lazy="true"
            inverse="true"
            cascade="none"

           @hibernate.collection-key
            column="field_id"

           @hibernate.collection-one-to-many
            class="uk.co.fresca.pojo.PageContent"
        </meta>
        <key>
            <column name="field_id" />
        </key>
        <one-to-many 
            class="uk.co.fresca.pojo.PageContent"
        />
    </set>

</class>
</hibernate-mapping>
