<?xml version="1.0"?>
<!DOCTYPE hibernate-mapping PUBLIC 
    "-//Hibernate/Hibernate Mapping DTD 3.0//EN"
    "http://hibernate.sourceforge.net/hibernate-mapping-3.0.dtd">
    
<hibernate-mapping>
<!-- 
    Created by the Middlegen Hibernate plugin 2.1

    http://boss.bekk.no/boss/middlegen/
    http://www.hibernate.org/
-->

<class 
    name="uk.co.fresca.pojo.LogFile" 
    table="log_file"
>
    <meta attribute="class-description" inherit="false">
       @hibernate.class
        table="log_file"
    </meta>
    <meta attribute="implement-equals" inherit="false">true</meta>

    <id
        name="id"
        type="java.lang.Integer"
        column="id"
    >
    	<meta attribute="use-in-equals">true</meta>
        <meta attribute="field-description">
           @hibernate.id
            generator-class="assigned"
            type="java.lang.Integer"
            column="id"

        </meta>
        <generator class="identity" />
    </id>

    <property
        name="processName"
        type="java.lang.String"
        column="process_name"
        not-null="true"
        length="30"
    >
    	<meta attribute="use-in-equals">true</meta>
        <meta attribute="field-description">
           @hibernate.property
            column="process_name"
            length="30"
            not-null="true"
        </meta>    
    </property>
    <property
        name="fileName"
        type="java.lang.String"
        column="file_name"
        length="30"
    >
        <meta attribute="field-description">
           @hibernate.property
            column="file_name"
            length="30"
        </meta>    
    </property>
    <property
        name="message"
        type="java.lang.String"
        column="message"
        not-null="true"
        length="65535"
    >
    	<meta attribute="use-in-equals">true</meta>
        <meta attribute="field-description">
           @hibernate.property
            column="message"
            length="65535"
            not-null="true"
        </meta>    
    </property>
    <property
        name="createdDts"
        type="java.sql.Timestamp"
        column="created_dts"
        length="14"
    >
        <meta attribute="field-description">
           @hibernate.property
            column="created_dts"
            length="14"
        </meta>    
    </property>

    <!-- Associations -->
  

</class>
</hibernate-mapping>
