<?xml version="1.0"?>
<!DOCTYPE hibernate-mapping PUBLIC 
    "-//Hibernate/Hibernate Mapping DTD 3.0//EN"
    "http://hibernate.sourceforge.net/hibernate-mapping-3.0.dtd">
    
<hibernate-mapping>
<!-- 
    Created by the Middlegen Hibernate plugin 2.1

    http://boss.bekk.no/boss/middlegen/
    http://www.hibernate.org/
-->

<class 
    name="uk.co.fresca.pojo.Order" 
    table="orders"
>
    <meta attribute="class-description" inherit="false">
       @hibernate.class
        table="orders"
    </meta>

    <id
        name="id"
        type="java.lang.Integer"
        column="id"
    >
    	<meta attribute="use-in-equals">true</meta>
         <meta attribute="field-description">
           @hibernate.id
            generator-class="assigned"
            type="java.lang.Integer"
            column="id"

        </meta>
        <generator class="identity" />
    </id>

    <property
        name="orderDate"
        type="java.sql.Timestamp"
        column="order_date"
        not-null="true"
        length="19"
    >
    	<meta attribute="use-in-equals">true</meta>
        <meta attribute="use-in-tostring">true</meta>
        <meta attribute="field-description">
           @hibernate.property
            column="order_date"
            length="19"
            not-null="true"
        </meta>    
    </property>
    <property
        name="dispatchDate"
        type="java.sql.Timestamp"
        column="dispatch_date"
        not-null="true"
        length="19"
    >
        <meta attribute="field-description">
           @hibernate.property
            column="dispatch_date"
            length="19"
            not-null="true"
        </meta>    
    </property>
    
    
    <property
        name="expressDelivery"
        type="java.lang.String"
        column="express_delivery"
        not-null="false"
        length="1"
    >
        <meta attribute="field-description">
           @hibernate.property
            column="express_delivery"
            length="1"
            not-null="false"
        </meta>    
    </property>
    
    
    <property
        name="orderStatus"
        type="java.lang.String"
        column="order_status"
        not-null="true"
        length="50"
    >
        <meta attribute="use-in-tostring">true</meta>
        <meta attribute="field-description">
           @hibernate.property
            column="order_status"
            length="50"
            not-null="true"
        </meta>    
    </property>
    <property
        name="netTotal"
        type="float"
        column="net_total"
        not-null="true"
        length="8"
    >
        <meta attribute="field-description">
           @hibernate.property
            column="net_total"
            length="8"
            not-null="true"
        </meta>    
    </property>
    <property
        name="grossTotal"
        type="float"
        column="gross_total"
        not-null="true"
        length="8"
    >
    	<meta attribute="use-in-equals">true</meta>
        <meta attribute="field-description">
           @hibernate.property
            column="gross_total"
            length="8"
            not-null="true"
        </meta>    
    </property>
    <property
        name="discountTotal"
        type="java.lang.Float"
        column="discount_total"
        length="8"
    >
        <meta attribute="field-description">
           @hibernate.property
            column="discount_total"
            length="8"
        </meta>    
    </property>
    <property
        name="shippingTotal"
        type="java.lang.Float"
        column="shipping_total"
        length="8"
    >
        <meta attribute="field-description">
           @hibernate.property
            column="shipping_total"
            length="8"
        </meta>    
    </property>
    
    <property
        name="authCode"
        type="java.lang.Integer"
        column="auth_code"
        length="10"
    >
        <meta attribute="field-description">
           @hibernate.property
            column="auth_code"
            length="10"
        </meta>    
    </property>
    
    <property
        name="paymentMethod"
        type="java.lang.String"
        column="payment_method"
        not-null="true"
        length="10"
    >
        <meta attribute="field-description">
           @hibernate.property
            column="payment_method"
            length="10"
            not-null="true"
        </meta>    
    </property>
    <property
        name="longName"
        type="java.lang.String"
        column="long_name"
        not-null="true"
        length="100"
    >
        <meta attribute="field-description">
           @hibernate.property
            column="long_name"
            length="100"
            not-null="true"
        </meta>    
    </property>
    <property
        name="firstName"
        type="java.lang.String"
        column="first_name"
        length="100"
    >
        <meta attribute="use-in-tostring">true</meta>
        <meta attribute="field-description">
           @hibernate.property
            column="first_name"
            length="100"
        </meta>    
    </property>
    <property
        name="lastName"
        type="java.lang.String"
        column="last_name"
        length="100"
    >
        <meta attribute="use-in-tostring">true</meta>
        <meta attribute="field-description">
           @hibernate.property
            column="last_name"
            length="100"
        </meta>    
    </property>
    <property
        name="shippingLongAddress"
        type="java.lang.String"
        column="shipping_long_address"
        length="255"
    >
        <meta attribute="field-description">
           @hibernate.property
            column="shipping_long_address"
            length="255"
        </meta>    
    </property>
    <property
        name="shippingAddress1"
        type="java.lang.String"
        column="shipping_address1"
        not-null="true"
        length="100"
    >
    	<meta attribute="use-in-equals">true</meta>
        <meta attribute="use-in-tostring">true</meta>
        <meta attribute="field-description">
           @hibernate.property
            column="shipping_address1"
            length="100"
            not-null="true"
        </meta>    
    </property>
    <property
        name="shippingAddress2"
        type="java.lang.String"
        column="shipping_address2"
        length="100"
    >
        <meta attribute="field-description">
           @hibernate.property
            column="shipping_address2"
            length="100"
        </meta>    
    </property>
    <property
        name="shippingAddress3"
        type="java.lang.String"
        column="shipping_address3"
        length="100"
    >
        <meta attribute="field-description">
           @hibernate.property
            column="shipping_address3"
            length="100"
        </meta>    
    </property>
    <property
        name="shippingTowncity"
        type="java.lang.String"
        column="shipping_towncity"
        not-null="true"
        length="100"
    >
        <meta attribute="field-description">
           @hibernate.property
            column="shipping_towncity"
            length="100"
            not-null="true"
        </meta>    
    </property>
    <property
        name="shippingCounty"
        type="java.lang.String"
        column="shipping_county"
        length="100"
    >
        <meta attribute="field-description">
           @hibernate.property
            column="shipping_county"
            length="100"
        </meta>    
    </property>
    <property
        name="shippingPostcode"
        type="java.lang.String"
        column="shipping_postcode"
        not-null="true"
        length="10"
    >
    	<meta attribute="use-in-equals">true</meta>
        <meta attribute="use-in-tostring">true</meta>
        <meta attribute="field-description">
           @hibernate.property
            column="shipping_postcode"
            length="10"
            not-null="true"
        </meta>    
    </property>
    <property
        name="isGiftWrapping"
        type="java.lang.String"
        column="is_gift_wrapping"
        length="1"
    >
        <meta attribute="field-description">
           @hibernate.property
            column="is_gift_wrapping"
            length="1"
        </meta>    
    </property>
    <property
        name="giftMsg"
        type="java.lang.String"
        column="gift_msg"
        length="255"
    >
        <meta attribute="field-description">
           @hibernate.property
            column="gift_msg"
            length="255"
        </meta>    
    </property>
    <property
        name="specialInstructions"
        type="java.lang.String"
        column="special_instructions"
        length="255"
    >
        <meta attribute="field-description">
           @hibernate.property
            column="special_instructions"
            length="255"
        </meta>    
    </property>
    <property
        name="orderedBy"
        type="java.lang.String"
        column="ordered_by"
        not-null="true"
        length="50"
    >
        <meta attribute="use-in-tostring">true</meta>
        <meta attribute="field-description">
           @hibernate.property
            column="ordered_by"
            length="50"
            not-null="true"
        </meta>    
    </property>
    <property
        name="lastUpdatedDts"
        type="java.sql.Timestamp"
        column="last_updated_dts"
        length="14"
    >
        <meta attribute="field-description">
           @hibernate.property
            column="last_updated_dts"
            length="14"
        </meta>    
    </property>
    <property
        name="lastUpdatedBy"
        type="java.lang.String"
        column="last_updated_by"
        not-null="true"
        length="50"
    >
        <meta attribute="field-description">
           @hibernate.property
            column="last_updated_by"
            length="50"
            not-null="true"
        </meta>    
    </property>

    <!-- Associations -->
  
    <!-- bi-directional one-to-many association to OrderItem -->
    <set
        name="orderItems"
        lazy="true"
        inverse="true"
		cascade="all"
    >
        <meta attribute="field-description">
           @hibernate.set
            lazy="true"
            inverse="true"
            cascade="all"

           @hibernate.collection-key
            column="order_id"

           @hibernate.collection-one-to-many
            class="uk.co.fresca.pojo.OrderItem"
        </meta>
        <key>
            <column name="order_id" />
        </key>
        <one-to-many 
            class="uk.co.fresca.pojo.OrderItem"
        />
    </set>
    
    
     <!-- bi-directional one-to-many association to OrderAttributeValue -->
    <set
        name="orderAttributeValues"
        lazy="true"
        inverse="true"
		cascade="all"
    >
        <meta attribute="field-description">
           @hibernate.set
            lazy="true"
            inverse="true"
            cascade="all"

           @hibernate.collection-key
            column="id"

           @hibernate.collection-one-to-many
            class="uk.co.fresca.pojo.OrderAttributeValue"
        </meta>
        <key>
            <column name="id" />
        </key>
        <one-to-many 
            class="uk.co.fresca.pojo.OrderAttributeValue"
        />
    </set>
    
    <!-- bi-directional many-to-one association to Channel -->
    <many-to-one
        name="channel"
        class="uk.co.fresca.pojo.Channel"
        not-null="true"
    >
        <meta attribute="field-description">
           @hibernate.many-to-one
            not-null="true"
           @hibernate.column name="channel_id"         
        </meta>
        <column name="channel_id" />
    </many-to-one>
    <!-- bi-directional many-to-one association to Discount -->
    <many-to-one
        name="discount"
        class="uk.co.fresca.pojo.Discount"
        not-null="true"
    >
        <meta attribute="field-description">
           @hibernate.many-to-one
            not-null="true"
           @hibernate.column name="discount_id"         
        </meta>
        <column name="discount_id" />
    </many-to-one>
    <!-- bi-directional many-to-one association to Customer -->
    <many-to-one
        name="customer"
        class="uk.co.fresca.pojo.Customer"
        not-null="true"
    >
        <meta attribute="use-in-tostring">true</meta>
        <meta attribute="field-description">
           @hibernate.many-to-one
            not-null="true"
           @hibernate.column name="customer_id"         
        </meta>
        <column name="customer_id" />
    </many-to-one>
    <!-- bi-directional many-to-one association to CountryLookup -->
    <many-to-one
        name="countryLookup"
        class="uk.co.fresca.pojo.CountryLookup"
        not-null="true"
    >
        <meta attribute="field-description">
           @hibernate.many-to-one
            not-null="true"
           @hibernate.column name="shipping_country"         
        </meta>
        <column name="shipping_country" />
    </many-to-one>
    
    <!-- bi-directional many-to-one association to CreditCard -->
    <many-to-one
        name="creditCard"
        class="uk.co.fresca.pojo.CreditCard"
        not-null="true"
    >
        <meta attribute="field-description">
           @hibernate.many-to-one
            not-null="true"
           @hibernate.column name="credit_card_id"         
        </meta>
        <column name="credit_card_id" />
    </many-to-one>
    
    <!-- bi-directional one-to-many association to PromotionApplied -->
    <set
        name="promotionApplieds"
        lazy="true"
        inverse="true"
		cascade="none"
    >
        <meta attribute="field-description">
           @hibernate.set
            lazy="true"
            inverse="true"
            cascade="none"

           @hibernate.collection-key
            column="order_id"

           @hibernate.collection-one-to-many
            class="uk.co.fresca.pojo.PromotionApplied"
        </meta>
        <key>
            <column name="order_id" />
        </key>
        <one-to-many 
            class="uk.co.fresca.pojo.PromotionApplied"
        />
    </set>
   
</class>
</hibernate-mapping>
