<?xml version="1.0"?>
<!DOCTYPE hibernate-mapping PUBLIC 
    "-//Hibernate/Hibernate Mapping DTD 3.0//EN"
    "http://hibernate.sourceforge.net/hibernate-mapping-3.0.dtd">
    
<hibernate-mapping>
<!-- 
    Created by the Middlegen Hibernate plugin 2.1

    http://boss.bekk.no/boss/middlegen/
    http://www.hibernate.org/
-->

<class 
    name="uk.co.fresca.pojo.OrderAttribute" 
    table="order_attributes"
>
    <meta attribute="class-description" inherit="false">
       @hibernate.class
        table="order_attributes"
    </meta>

     <meta attribute="implement-equals" inherit="false">true</meta>

   <id
        name="oaId"
        type="java.lang.String"
        column="oa_id"
    >
        <meta attribute="use-in-tostring">true</meta>
		<meta attribute="use-in-equals">true</meta>
        <meta attribute="field-description">
           @hibernate.id
            generator-class="assigned"
            type="java.lang.String"
            column="oa_id"

        </meta>
        <generator class="assigned" />
    </id>

    <property
        name="name"
        type="java.lang.String"
        column="name"
        not-null="true"
        length="255"
    >
        <meta attribute="use-in-tostring">true</meta>
		<meta attribute="use-in-equals">true</meta>
       <meta attribute="field-description">
           @hibernate.property
            column="name"
            length="255"
            not-null="true"
        </meta>    
    </property>
    <property
        name="editable"
        type="java.lang.String"
        column="editable"
        not-null="true"
        length="1"
    >
        <meta attribute="field-description">
           @hibernate.property
            column="editable"
            length="1"
            not-null="true"
        </meta>    
    </property>
    <property
        name="exportable"
        type="java.lang.String"
        column="exportable"
        not-null="true"
        length="1"
    >
        <meta attribute="field-description">
           @hibernate.property
            column="exportable"
            length="1"
            not-null="true"
        </meta>    
    </property>
	<property
        name="isRequired"
        type="java.lang.String"
        column="is_required"
        not-null="true"
        length="1"
    >
        <meta attribute="field-description">
           @hibernate.property
            column="is_required"
            length="1"
            not-null="true"
        </meta>    
    </property>
    <!-- Associations -->
  
    <!-- bi-directional one-to-many association to OrderAttributeValue -->
    <set
        name="orderAttributeValues"
        lazy="true"
        inverse="true"
		cascade="none"
    >
        <meta attribute="use-in-tostring">true</meta>
		<meta attribute="use-in-equals">true</meta>
       <meta attribute="field-description">
           @hibernate.set
            lazy="true"
            inverse="true"
            cascade="none"

           @hibernate.collection-key
            column="oa_id"

           @hibernate.collection-one-to-many
            class="uk.co.fresca.pojo.OrderAttributeValue"
        </meta>
        <key>
            <column name="oa_id" />
        </key>
        <one-to-many 
            class="uk.co.fresca.pojo.OrderAttributeValue"
        />
    </set>

</class>
</hibernate-mapping>
