<?xml version="1.0"?>
<!DOCTYPE hibernate-mapping PUBLIC 
    "-//Hibernate/Hibernate Mapping DTD 3.0//EN"
    "http://hibernate.sourceforge.net/hibernate-mapping-3.0.dtd">
    
<hibernate-mapping>
<!-- 
    Created by the Middlegen Hibernate plugin 2.1

    http://boss.bekk.no/boss/middlegen/
    http://www.hibernate.org/
-->

<class 
    name="uk.co.fresca.pojo.PageTypeCategory" 
    table="page_type_categories"
>
    <meta attribute="class-description" inherit="false">
       @hibernate.class
        table="page_type_categories"
    </meta>
    
    <meta attribute="implement-equals" inherit="false">true</meta>

    <composite-id name="comp_id" class="uk.co.fresca.pojo.PageTypeCategoryPK">
    	<meta attribute="use-in-equals">true</meta>
        <meta attribute="field-description" inherit="false">
           @hibernate.id
            generator-class="assigned"
        </meta>
        <key-property 
            name="pageTypeId" 
            column="page_type_id" 
            type="java.lang.Integer"
            length="10"
        >
            <meta attribute="use-in-equals">true</meta>
            <meta attribute="field-description">
               @hibernate.property
                column="page_type_id"
                length="10"
            </meta> 
        </key-property>
        <key-property 
            name="categoryId" 
            column="category_id" 
            type="java.lang.String"
            length="50"
        >
            <meta attribute="use-in-equals">true</meta>
            <meta attribute="field-description">
               @hibernate.property
                column="category_id"
                length="50"
            </meta> 
        </key-property>
    </composite-id>    


    <!-- Associations -->
    <!-- derived association(s) for compound key -->
    <!-- bi-directional many-to-one association to PageType -->
    <many-to-one
        name="pageType"
	    class="uk.co.fresca.pojo.PageType"
	    update="false"
	    insert="false"
	>	
        <meta attribute="field-description">
           @hibernate.many-to-one
            update="false"
            insert="false"
        </meta>
        <meta attribute="field-description">
           @hibernate.column
            name="page_type_id"
        </meta>
    	<column name="page_type_id" />
	</many-to-one>
	
    
    <!-- bi-directional many-to-one association to Category -->
    <many-to-one
        name="category"
	    class="uk.co.fresca.pojo.Category"
	    update="false"
	    insert="false"
	>
        <meta attribute="field-description">
           @hibernate.many-to-one
            update="false"
            insert="false"
        </meta>
        <meta attribute="field-description">
           @hibernate.column
            name="category_id"
        </meta>
    	<column name="category_id" />
	</many-to-one>
	
    <!-- end of derived association(s) -->
  

</class>
</hibernate-mapping>
