<?xml version="1.0"?>
<!DOCTYPE hibernate-mapping PUBLIC 
    "-//Hibernate/Hibernate Mapping DTD 3.0//EN"
    "http://hibernate.sourceforge.net/hibernate-mapping-3.0.dtd">
    
<hibernate-mapping>
<!-- 
    Created by the Middlegen Hibernate plugin 2.1

    http://boss.bekk.no/boss/middlegen/
    http://www.hibernate.org/
-->

<class 
    name="uk.co.fresca.pojo.PageContent" 
    table="page_content"
>
    <meta attribute="class-description" inherit="false">
       @hibernate.class
        table="page_content"
    </meta>

	<meta attribute="implement-equals" inherit="false">true</meta>

	<cache usage="read-write" /> 

    <composite-id name="comp_id" class="uk.co.fresca.pojo.PageContentPK">
    	<meta attribute="use-in-equals">true</meta>
        <meta attribute="field-description" inherit="false">
           @hibernate.id
            generator-class="assigned"
        </meta>
        <key-property 
            name="pageInstanceId" 
            column="page_instance_id" 
            type="java.lang.Integer"
            length="10"
        >
            <meta attribute="use-in-equals">true</meta>
            <meta attribute="field-description">
               @hibernate.property
                column="page_instance_id"
                length="10"
            </meta> 
        </key-property>
        <key-property 
            name="fieldId" 
            column="field_id" 
            type="java.lang.Integer"
            length="10"
        >
            <meta attribute="use-in-equals">true</meta>
            <meta attribute="field-description">
               @hibernate.property
                column="field_id"
                length="10"
            </meta> 
        </key-property>
    </composite-id>    

    <property
        name="content"
        type="java.lang.String"
        column="content"
        length="65535"
    >
    	<meta attribute="use-in-equals">true</meta>
        <meta attribute="field-description">
           @hibernate.property
            column="content"
            length="65535"
        </meta>    
    </property>

    <!-- Associations -->
    <!-- derived association(s) for compound key -->
    <!-- bi-directional many-to-one association to PageInstance -->
    <many-to-one
        name="pageInstance"
	    class="uk.co.fresca.pojo.PageInstance"
	    update="false"
	    insert="false"
	>
        <meta attribute="field-description">
           @hibernate.many-to-one
            update="false"
            insert="false"
        </meta>
        <meta attribute="field-description">
           @hibernate.column
            name="page_instance_id"
        </meta>
    	<column name="page_instance_id" />
	</many-to-one>
	
    <!-- bi-directional many-to-one association to Field -->
    <many-to-one
        name="field"
	    class="uk.co.fresca.pojo.Field"
	    update="false"
	    insert="false"
	>
        <meta attribute="field-description">
           @hibernate.many-to-one
            update="false"
            insert="false"
        </meta>
        <meta attribute="field-description">
           @hibernate.column
            name="field_id"
        </meta>
    	<column name="field_id" />
	</many-to-one>
	
    <!-- end of derived association(s) -->
  
    <!-- bi-directional many-to-one association to SearchableProduct -->
    <many-to-one
        name="searchableProduct"
        class="uk.co.fresca.pojo.SearchableProduct"
        not-null="true"
    >
        <meta attribute="field-description">
           @hibernate.many-to-one
            not-null="true"
           @hibernate.column name="searchable_product_id"         
        </meta>
        <column name="searchable_product_id" />
    </many-to-one>
    <!-- bi-directional many-to-one association to Category -->
    <many-to-one
        name="category"
        class="uk.co.fresca.pojo.Category"
        not-null="true"
    >
        <meta attribute="field-description">
           @hibernate.many-to-one
            not-null="true"
           @hibernate.column name="category_id"         
        </meta>
        <column name="category_id" />
    </many-to-one>

</class>
</hibernate-mapping>
