<?xml version="1.0"?>
<!DOCTYPE hibernate-mapping PUBLIC 
    "-//Hibernate/Hibernate Mapping DTD 3.0//EN"
    "http://hibernate.sourceforge.net/hibernate-mapping-3.0.dtd">
    
<hibernate-mapping>
<!-- 
    Created by the Middlegen Hibernate plugin 2.1

    http://boss.bekk.no/boss/middlegen/
    http://www.hibernate.org/
-->

<class 
    name="uk.co.fresca.pojo.Page" 
    table="page"
>
    <meta attribute="class-description" inherit="false">
       @hibernate.class
        table="page"
    </meta>

    <id
        name="id"
        type="java.lang.Integer"
        column="id"
    >
        <meta attribute="field-description">
           @hibernate.id
            generator-class="native"
            type="java.lang.Integer"
            column="id"

        </meta>
        <generator class="native" />
    </id>

    
    <property
        name="name"
        type="java.lang.String"
        column="name"
        not-null="true"
        length="45"
    >
    	<meta attribute="use-in-equals">true</meta>
        <meta attribute="field-description">
           @hibernate.property
            column="name"
            length="45"
            not-null="true"
        </meta>    
    </property>
   
    <property
        name="pageKey"
        type="java.lang.String"
        column="page_key"
        length="45"
    >
    	<meta attribute="use-in-equals">true</meta>
        <meta attribute="field-description">
           @hibernate.property
            column="page_key"
            length="45"
        </meta>    
    </property>
    
    <property
    	        name="previewUrl"
    	        type="java.lang.String"
    	        column="preview_url"
    	        not-null="false"
    	        length="150"
    	    >
    	    	<meta attribute="use-in-equals">false</meta>
    	        <meta attribute="field-description">
    	           @hibernate.property
    	            column="preview_url"
    	            length="150"
    	            not-null="false"
    	        </meta>    
    </property>
 
    <!-- Associations -->
  
    <!-- bi-directional many-to-one association to Channel -->
    <many-to-one
        name="channel"
        class="uk.co.fresca.pojo.Channel"
        not-null="true"
    >
        <meta attribute="field-description">
           @hibernate.many-to-one
            not-null="true"
           @hibernate.column name="channel"         
        </meta>
        <column name="channel" />
    </many-to-one>
     <!-- bi-directional many-to-one association to Channel -->
     <many-to-one
        name="template"
        class="uk.co.fresca.pojo.Template"
        not-null="true"
    >
        <meta attribute="field-description">
           @hibernate.many-to-one
            not-null="true"
           @hibernate.column name="template_id"         
        </meta>
        <column name="template_id" />
    </many-to-one>
    
     <many-to-one
        name="pageType"
        class="uk.co.fresca.pojo.PageType"
        not-null="true"
    >
        <meta attribute="field-description">
           @hibernate.many-to-one
            not-null="true"
           @hibernate.column name="page_type_id"         
        </meta>
        <column name="page_type_id" />
    </many-to-one>
    <!-- bi-directional one-to-many association to PageInstance -->
    <set
        name="pageInstances"
        lazy="true"
        inverse="true"
		cascade="none"
    >
        <meta attribute="field-description">
           @hibernate.set
            lazy="true"
            inverse="true"
            cascade="none"

           @hibernate.collection-key
            column="page_id"

           @hibernate.collection-one-to-many
            class="uk.co.fresca.pojo.PageInstance"
        </meta>
        <key>
            <column name="page_id" />
        </key>
        <one-to-many 
            class="uk.co.fresca.pojo.PageInstance"
        />
    </set>

</class>
</hibernate-mapping>
