<?xml version="1.0"?>
<!DOCTYPE hibernate-mapping PUBLIC 
    "-//Hibernate/Hibernate Mapping DTD 3.0//EN"
    "http://hibernate.sourceforge.net/hibernate-mapping-3.0.dtd">
    
<hibernate-mapping>
<!-- 
    Created by the Middlegen Hibernate plugin 2.1

    http://boss.bekk.no/boss/middlegen/
    http://www.hibernate.org/
-->

<class 
    name="uk.co.fresca.pojo.PageType" 
    table="page_type"
>
    <meta attribute="class-description" inherit="false">
       @hibernate.class
        table="page_type"
    </meta>
<meta attribute="implement-equals" inherit="false">true</meta>
    <id
        name="id"
        type="java.lang.Integer"
        column="id"
    >
    	<meta attribute="use-in-equals">true</meta>
        <meta attribute="field-description">
           @hibernate.id
            generator-class="native"
            type="java.lang.Integer"
            column="id"

        </meta>
        <generator class="native" />
    </id>

    <property
        name="name"
        type="java.lang.String"
        column="name"
        not-null="true"
        length="45"
    >
    	<meta attribute="use-in-equals">true</meta>
        <meta attribute="field-description">
           @hibernate.property
            column="name"
            length="45"
            not-null="true"
        </meta>    
    </property>
    <property
        name="description"
        type="java.lang.String"
        column="description"
        not-null="true"
        length="150"
    >
    	<meta attribute="use-in-equals">true</meta>
        <meta attribute="field-description">
           @hibernate.property
            column="description"
            length="150"
            not-null="true"
        </meta>    
    </property>
    <property
        name="archivable"
        type="java.lang.String"
        column="archivable"
        not-null="true"
        length="1"
    >
    	<meta attribute="use-in-equals">true</meta>
        <meta attribute="field-description">
           @hibernate.property
            column="archivable"
            length="1"
            not-null="true"
        </meta>    
    </property>

    <!-- Associations -->
  
    <!-- bi-directional one-to-many association to PageTypeCategory -->
    <set
        name="pageTypeCategories"
        lazy="true"
        inverse="true"
		cascade="none"
    >
        <meta attribute="field-description">
           @hibernate.set
            lazy="true"
            inverse="true"
            cascade="none"

           @hibernate.collection-key
            column="page_type_id"

           @hibernate.collection-one-to-many
            class="uk.co.fresca.pojo.PageTypeCategory"
        </meta>
        <key>
            <column name="page_type_id" />
        </key>
        <one-to-many 
            class="uk.co.fresca.pojo.PageTypeCategory"
        />
    </set>


	<!-- bi-directional one-to-many association to Page -->
	    <set
	        name="pages"
	        lazy="true"
	        inverse="true"
		cascade="none"
	    >
	        <meta attribute="field-description">
	           @hibernate.set
	            lazy="true"
	            inverse="true"
	            cascade="none"
	
	           @hibernate.collection-key
	            column="page_type_id"
	
	           @hibernate.collection-one-to-many
	            class="uk.co.fresca.pojo.Page"
	        </meta>
	        <key>
	            <column name="page_type_id" />
	        </key>
	        <one-to-many 
	            class="uk.co.fresca.pojo.Page"
	        />
    </set>
    
</class>
</hibernate-mapping>
