<?xml version="1.0"?>
<!DOCTYPE hibernate-mapping PUBLIC 
    "-//Hibernate/Hibernate Mapping DTD 3.0//EN"
    "http://hibernate.sourceforge.net/hibernate-mapping-3.0.dtd">
    
<hibernate-mapping>
<!-- 
    Created by the Middlegen Hibernate plugin 2.1

    http://boss.bekk.no/boss/middlegen/
    http://www.hibernate.org/
-->

<class 
    name="uk.co.fresca.pojo.PageInstance" 
    table="page_instance"
>
    <meta attribute="class-description" inherit="false">
       @hibernate.class
        table="page_instance"
    </meta>

    <id
        name="id"
        type="java.lang.Integer"
        column="id"
    >
        <meta attribute="field-description">
           @hibernate.id
            generator-class="identity"
            type="java.lang.Integer"
            column="id"

        </meta>
        <generator class="identity" />
    </id>

    <property
        name="label"
        type="java.lang.String"
        column="label"
        not-null="true"
        length="45"
    >
    	<meta attribute="use-in-equals">true</meta>
        <meta attribute="field-description">
           @hibernate.property
            column="label"
            length="45"
            not-null="true"
        </meta>    
    </property>
    <property
        name="status"
        type="java.lang.String"
        column="status"
        not-null="true"
        length="45"
    >
    	<meta attribute="use-in-equals">true</meta>
        <meta attribute="field-description">
           @hibernate.property
            column="status"
            length="45"
            not-null="true"
        </meta>    
    </property>


	<property
	        name="createdDts"
	        type="java.sql.Date"
	        column="created_dts"
	        not-null="true"
	        length="19"
	    >
	        <meta attribute="field-description">
	           @hibernate.property
	            column="created_dts"
	            length="19"
	            not-null="true"
	        </meta>    
	    </property>
	    <property
	        name="createdBy"
	        type="java.lang.String"
	        column="created_by"
	        not-null="true"
	        length="45"
	    >
	        <meta attribute="field-description">
	           @hibernate.property
	            column="created_by"
	            length="45"
	            not-null="true"
	        </meta>    
	    </property>
	    <property
	        name="lastUpdatedDts"
	        type="java.sql.Timestamp"
	        column="last_updated_dts"
	        length="14"
	    >
	        <meta attribute="field-description">
	           @hibernate.property
	            column="last_updated_dts"
	            length="14"
	        </meta>    
	    </property>
	    <property
	        name="lastUpdatedBy"
	        type="java.lang.String"
	        column="last_updated_by"
	        not-null="true"
	        length="45"
	    >
	        <meta attribute="field-description">
	           @hibernate.property
	            column="last_updated_by"
	            length="45"
	            not-null="true"
	        </meta>    
    </property>

    <!-- Associations -->
  
    <!-- bi-directional one-to-many association to PageContent -->
    <set
        name="pageContents"
        lazy="true"
        inverse="true"
		cascade="none"
    >
        <meta attribute="field-description">
           @hibernate.set
            lazy="true"
            inverse="true"
            cascade="none"

           @hibernate.collection-key
            column="page_instance_id"

           @hibernate.collection-one-to-many
            class="uk.co.fresca.pojo.PageContent"
        </meta>
        <key>
            <column name="page_instance_id" />
        </key>
        <one-to-many 
            class="uk.co.fresca.pojo.PageContent"
        />
    </set>
    <!-- bi-directional many-to-one association to Page -->
    <many-to-one
        name="page"
        class="uk.co.fresca.pojo.Page"
        not-null="true"
    >
        <meta attribute="field-description">
           @hibernate.many-to-one
            not-null="true"
           @hibernate.column name="page_id"         
        </meta>
        <column name="page_id" />
    </many-to-one>

</class>
</hibernate-mapping>
