<?xml version="1.0"?>
<!DOCTYPE hibernate-mapping PUBLIC 
    "-//Hibernate/Hibernate Mapping DTD 3.0//EN"
    "http://hibernate.sourceforge.net/hibernate-mapping-3.0.dtd">
    
<hibernate-mapping>
<!-- 
    Created by KAvala

    http://boss.bekk.no/boss/middlegen/
    http://www.hibernate.org/
-->

<class 
    name="uk.co.fresca.pojo.PickLocation" 
    table="pick_location"
>
    <meta attribute="class-description" inherit="false">
       @hibernate.class
        table="pick_location"
    </meta>

    <id
        name="id"
        type="java.lang.Integer"
        column="id"
    >
        <meta attribute="field-description">
           @hibernate.id
            generator-class="native"
            type="java.lang.Integer"
            column="id"

        </meta>
        <generator class="native" />
    </id>

    
    <property
        name="name"
        type="java.lang.String"
        column="name"
        not-null="true"
        length="45"
    >
    	<meta attribute="use-in-equals">true</meta>
        <meta attribute="field-description">
           @hibernate.property
            column="name"
            length="45"
            not-null="true"
        </meta>    
    </property>
   
    <property
	        name="description"
	        type="java.lang.String"
	        column="description"
	        not-null="false"
	        length="150"
	    >
	        <meta attribute="field-description">
	           @hibernate.property
	            column="description"
	            length="150"
	            not-null="false"
	        </meta>    
    </property>
	    
    	<property
	        name="createdDts"
	        type="java.sql.Date"
	        column="created_dts"
	        not-null="true"
	        length="19"
	    >
	        <meta attribute="field-description">
	           @hibernate.property
	            column="created_dts"
	            length="19"
	            not-null="true"
	        </meta>    
	    </property>
	    <property
	        name="createdBy"
	        type="java.lang.String"
	        column="created_by"
	        not-null="true"
	        length="45"
	    >
	        <meta attribute="field-description">
	           @hibernate.property
	            column="created_by"
	            length="45"
	            not-null="true"
	        </meta>    
	    </property>
	    <property
	        name="lastUpdatedDts"
	        type="java.sql.Timestamp"
	        column="last_updated_dts"
	        length="14"
	    >
	        <meta attribute="field-description">
	           @hibernate.property
	            column="last_updated_dts"
	            length="14"
	        </meta>    
	    </property>
	    <property
	        name="lastUpdatedBy"
	        type="java.lang.String"
	        column="last_updated_by"
	        not-null="true"
	        length="45"
	    >
	        <meta attribute="field-description">
	           @hibernate.property
	            column="last_updated_by"
	            length="45"
	            not-null="true"
	        </meta>    
    </property>
 
    <!-- Associations -->
  
  
    <!-- bi-directional one-to-many association to Product -->
    <set
        name="products"
        lazy="true"
        inverse="true"
		cascade="none"
    >
        <meta attribute="field-description">
           @hibernate.set
            lazy="true"
            inverse="true"
            cascade="none"

           @hibernate.collection-key
            column="pick_id"

           @hibernate.collection-one-to-many
            class="uk.co.fresca.pojo.Product"
        </meta>
        <key>
            <column name="pick_id" />
        </key>
        <one-to-many 
            class="uk.co.fresca.pojo.Product"
        />
    </set>

</class>
</hibernate-mapping>
