<?xml version="1.0"?>
<!DOCTYPE hibernate-mapping PUBLIC 
    "-//Hibernate/Hibernate Mapping DTD 3.0//EN"
    "http://hibernate.sourceforge.net/hibernate-mapping-3.0.dtd">
    
<hibernate-mapping>
<!-- 
    Created by the Middlegen Hibernate plugin 2.1

    http://boss.bekk.no/boss/middlegen/
    http://www.hibernate.org/
-->

<class 
    name="uk.co.fresca.pojo.Postcode" 
    table="postcode"
>
    <meta attribute="class-description" inherit="false">
       @hibernate.class
        table="postcode"
    </meta>
<meta attribute="implement-equals" inherit="false">true</meta>
    <id
        name="id"
        type="java.lang.Integer"
        column="id"
    >
    	<meta attribute="use-in-equals">true</meta>
        <meta attribute="field-description">
           @hibernate.id
            generator-class="assigned"
            type="java.lang.Integer"
            column="id"

        </meta>
        <generator class="assigned" />
    </id>

    <property
        name="outward"
        type="java.lang.String"
        column="outward"
        not-null="true"
        length="4"
    >
    	<meta attribute="use-in-equals">true</meta>
        <meta attribute="field-description">
           @hibernate.property
            column="outward"
            length="4"
            not-null="true"
        </meta>    
    </property>
    <property
        name="inward"
        type="java.lang.String"
        column="inward"
        not-null="true"
        length="3"
    >
    	<meta attribute="use-in-equals">true</meta>
        <meta attribute="field-description">
           @hibernate.property
            column="inward"
            length="3"
            not-null="true"
        </meta>    
    </property>

    <!-- Associations -->
  

</class>
</hibernate-mapping>
