<?xml version="1.0"?>
<!DOCTYPE hibernate-mapping PUBLIC 
    "-//Hibernate/Hibernate Mapping DTD 3.0//EN"
    "http://hibernate.sourceforge.net/hibernate-mapping-3.0.dtd">
    
<hibernate-mapping>
<!-- 
    Created by the Middlegen Hibernate plugin 2.1

    http://boss.bekk.no/boss/middlegen/
    http://www.hibernate.org/
-->

<class 
    name="uk.co.fresca.pojo.Product" 
    table="product"
>
    <meta attribute="class-description" inherit="false">
       @hibernate.class
        table="product"
    </meta>
    <meta attribute="implement-equals" inherit="false">true</meta>

    <id
        name="sku"
        type="java.lang.String"
        column="sku"
    >
    	<meta attribute="use-in-equals">true</meta>
        <meta attribute="field-description">
           @hibernate.id
            generator-class="assigned"
            type="java.lang.String"
            column="sku"

        </meta>
        <meta attribute="use-in-equals">true</meta>
        <generator class="assigned" />
    </id>

    <version
        name="version"
        type="int"
        column="version"
        unsaved-value="negative"
    >
    	<meta attribute="use-in-equals">true</meta>
        <meta attribute="field-description">
           @hibernate.version
            column="version"
            unsaved-value="negative"
        </meta>
    </version>

    <property
        name="catalogueCode"
        type="java.lang.String"
        column="catalogue_code"
        length="50"
    >
    	<meta attribute="use-in-equals">true</meta>
        <meta attribute="use-in-tostring">true</meta>
        <meta attribute="field-description">
           @hibernate.property
            column="catalogue_code"
            length="50"
        </meta>    
    </property>
    <property
        name="name"
        type="java.lang.String"
        column="name"
        not-null="true"
        length="100"
    >
    	<meta attribute="use-in-equals">true</meta>
        <meta attribute="use-in-tostring">true</meta>
        <meta attribute="field-description">
           @hibernate.property
            column="name"
            length="100"
            not-null="true"
        </meta>    
    </property>
    <property
        name="title"
        type="java.lang.String"
        column="title"
        not-null="true"
        length="100"
    >
    	<meta attribute="use-in-equals">true</meta>
        <meta attribute="use-in-tostring">true</meta>
        <meta attribute="field-description">
           @hibernate.property
            column="title"
            length="100"
            not-null="true"
        </meta>    
    </property>
    <property
        name="shortDescription"
        type="java.lang.String"
        column="short_description"
        not-null="true"
        length="50"
    >
        <meta attribute="field-description">
           @hibernate.property
            column="short_description"
            length="50"
            not-null="true"
        </meta>    
    </property>
    <property
        name="longDescription"
        type="java.lang.String"
        column="long_description"
        length="65535"
    >
         <meta attribute="field-description">
           @hibernate.property
            column="long_description"
            length="65535"
        </meta>    
    </property>
    <property
        name="barCode"
        type="java.lang.String"
        column="bar_code"
        length="255"
    >
        <meta attribute="use-in-tostring">true</meta>
        <meta attribute="field-description">
           @hibernate.property
            column="bar_code"
            length="255"
        </meta>    
    </property>
    <property
        name="manufacturer"
        type="java.lang.String"
        column="manufacturer"
        not-null="true"
        length="100"
    >
        <meta attribute="use-in-tostring">true</meta>
        <meta attribute="field-description">
           @hibernate.property
            column="manufacturer"
            length="100"
            not-null="true"
        </meta>    
    </property>
    <property
        name="thumbnail"
        type="java.lang.String"
        column="thumbnail"
        length="100"
    >
        <meta attribute="field-description">
           @hibernate.property
            column="thumbnail"
            length="100"
        </meta>    
    </property>
    <property
        name="unitNetPrice"
        type="float"
        column="unit_net_price"
        not-null="true"
        length="8"
    >
        <meta attribute="use-in-tostring">true</meta>
        <meta attribute="field-description">
           @hibernate.property
            column="unit_net_price"
            length="8"
            not-null="true"
        </meta>    
    </property>
    <property
        name="unitGrossPrice"
        type="float"
        column="unit_gross_price"
        not-null="true"
        length="8"
    >
        <meta attribute="use-in-tostring">true</meta>
        <meta attribute="field-description">
           @hibernate.property
            column="unit_gross_price"
            length="8"
            not-null="true"
        </meta>    
    </property>
    <property
        name="msrpPrice"
        type="float"
        column="msrp_price"
        not-null="true"
        length="8"
    >
        <meta attribute="use-in-tostring">true</meta>
        <meta attribute="field-description">
           @hibernate.property
            column="msrp_price"
            length="8"
            not-null="true"
        </meta>    
    </property>
    <property
        name="prdStatus"
        type="java.lang.String"
        column="prd_status"
        not-null="true"
        length="50"
    >
        <meta attribute="use-in-tostring">true</meta>
        <meta attribute="field-description">
           @hibernate.property
            column="prd_status"
            length="50"
            not-null="true"
        </meta>    
    </property>
    <property
        name="notes01"
        type="java.lang.String"
        column="notes01"
        length="100"
    >
        <meta attribute="field-description">
           @hibernate.property
            column="notes01"
            length="100"
        </meta>    
    </property>
    <property
        name="notes02"
        type="java.lang.String"
        column="notes02"
        length="100"
    >
        <meta attribute="field-description">
           @hibernate.property
            column="notes02"
            length="100"
        </meta>    
    </property>
    <property
        name="notes03"
        type="java.lang.String"
        column="notes03"
        length="100"
    >
        <meta attribute="field-description">
           @hibernate.property
            column="notes03"
            length="100"
        </meta>    
    </property>
    <property
        name="leadTime"
        type="int"
        column="lead_time"
        not-null="true"
        length="3"
    >
        <meta attribute="field-description">
           @hibernate.property
            column="lead_time"
            length="3"
            not-null="true"
        </meta>    
    </property>
    <property
        name="minStockTheshold"
        type="int"
        column="min_stock_theshold"
        not-null="true"
        length="2"
    >
        <meta attribute="field-description">
           @hibernate.property
            column="min_stock_theshold"
            length="2"
            not-null="true"
        </meta>    
    </property>
    <property
        name="shippingWeight"
        type="float"
        column="shipping_weight"
        not-null="true"
        length="8"
    >
        <meta attribute="use-in-tostring">true</meta>
        <meta attribute="field-description">
           @hibernate.property
            column="shipping_weight"
            length="8"
            not-null="true"
        </meta>    
    </property>
    <property
        name="shippingCode"
        type="java.lang.String"
        column="shipping_code"
        length="50"
    >
        <meta attribute="field-description">
           @hibernate.property
            column="shipping_code"
            length="50"
        </meta>    
    </property>
    <property
        name="publicShortDescription"
        type="java.lang.String"
        column="public_short_description"
        not-null="true"
        length="50"
    >
        <meta attribute="field-description">
           @hibernate.property
            column="public_short_description"
            length="50"
            not-null="true"
        </meta>    
    </property>
    <property
        name="publicLongDescription"
        type="java.lang.String"
        column="public_long_description"
        length="65535"
    >
        <meta attribute="field-description">
           @hibernate.property
            column="public_long_description"
            length="65535"
        </meta>    
    </property>
    <property
        name="publicName"
        type="java.lang.String"
        column="public_name"
        not-null="true"
        length="100"
    >
        <meta attribute="use-in-tostring">true</meta>
        <meta attribute="field-description">
           @hibernate.property
            column="public_name"
            length="100"
            not-null="true"
        </meta>    
    </property>
    <property
        name="publicTitle"
        type="java.lang.String"
        column="public_title"
        not-null="true"
        length="100"
    >
        <meta attribute="use-in-tostring">true</meta>
        <meta attribute="field-description">
           @hibernate.property
            column="public_title"
            length="100"
            not-null="true"
        </meta>    
    </property>
    <property
        name="sortOrder"
        type="int"
        column="sort_order"
        not-null="true"
        length="3"
    >
        <meta attribute="field-description">
           @hibernate.property
            column="sort_order"
            length="3"
            not-null="true"
        </meta>    
    </property>
    <property
        name="isVatEnabled"
        type="java.lang.String"
        column="is_vat_enabled"
        not-null="true"
        length="1"
    >
        <meta attribute="field-description">
           @hibernate.property
            column="is_vat_enabled"
            length="1"
            not-null="true"
        </meta>    
    </property>
    <property
        name="availableFrom"
        type="java.sql.Date"
        column="available_from"
        length="10"
    >
        <meta attribute="use-in-tostring">true</meta>
        <meta attribute="field-description">
           @hibernate.property
            column="available_from"
            length="10"
        </meta>    
    </property>
    <property
        name="availableTo"
        type="java.sql.Date"
        column="available_to"
        length="10"
    >
        <meta attribute="use-in-tostring">true</meta>
        <meta attribute="field-description">
           @hibernate.property
            column="available_to"
            length="10"
        </meta>    
    </property>
    <property
        name="createdDts"
        type="java.sql.Timestamp"
        column="created_dts"
        not-null="true"
        length="19"
    >
        <meta attribute="field-description">
           @hibernate.property
            column="created_dts"
            length="19"
            not-null="true"
        </meta>    
    </property>
    <property
        name="createdBy"
        type="java.lang.String"
        column="created_by"
        not-null="true"
        length="50"
    >
        <meta attribute="field-description">
           @hibernate.property
            column="created_by"
            length="50"
            not-null="true"
        </meta>    
    </property>
    <property
        name="vatCode"
        type="java.lang.String"
        column="vat_code"
        not-null="false"
        length="15"
    >
        <meta attribute="field-description">
           @hibernate.property
            column="vat_code"
            length="15"
            not-null="false"
        </meta>    
    </property>
    <property
        name="lastUpdatedDts"
        type="java.sql.Timestamp"
        column="last_updated_dts"
        length="14"
    >
        <meta attribute="field-description">
           @hibernate.property
            column="last_updated_dts"
            length="14"
        </meta>    
    </property>
    <property
        name="lastUpdatedBy"
        type="java.lang.String"
        column="last_updated_by"
        not-null="true"
        length="50"
    >
        <meta attribute="field-description">
           @hibernate.property
            column="last_updated_by"
            length="50"
            not-null="true"
        </meta>    
    </property>

    <!-- Associations -->
  
    <!-- bi-directional one-to-many association to ChannelPricing -->
    <set
        name="channelPricings"
        lazy="true"
        inverse="true"
		cascade="all"
		batch-size="10"
    >
        <meta attribute="field-description">
           @hibernate.set
            lazy="true"
            inverse="true"
            cascade="all"

           @hibernate.collection-key
            column="sku"

           @hibernate.collection-one-to-many
            class="uk.co.fresca.pojo.ChannelPricing"
        </meta>
        <key>
            <column name="sku" />
        </key>
        <one-to-many 
            class="uk.co.fresca.pojo.ChannelPricing"
        />
    </set>
    <!-- bi-directional one-to-many association to OrderItem -->
    <set
        name="orderItems"
        lazy="true"
        inverse="true"
		cascade="none"
    >
        <meta attribute="field-description">
           @hibernate.set
            lazy="true"
            inverse="true"
            cascade="none"

           @hibernate.collection-key
            column="sku"

           @hibernate.collection-one-to-many
            class="uk.co.fresca.pojo.OrderItem"
        </meta>
        <key>
            <column name="sku" />
        </key>
        <one-to-many 
            class="uk.co.fresca.pojo.OrderItem"
        />
    </set>
    <!-- bi-directional one-to-many association to StockLocation -->
    <set
        name="stockLocations"
        lazy="true"
        inverse="true"
		cascade="all"
		batch-size="10"
    >
        <meta attribute="field-description">
           @hibernate.set
            lazy="true"
            inverse="true"
            cascade="all"

           @hibernate.collection-key
            column="sku"

           @hibernate.collection-one-to-many
            class="uk.co.fresca.pojo.StockLocation"
        </meta>
        <key>
            <column name="sku" />
        </key>
        <one-to-many 
            class="uk.co.fresca.pojo.StockLocation"
        />
    </set>
    <!-- bi-directional one-to-many association to EmailmeWhenInstock -->
    <set
        name="emailmeWhenInstocks"
        lazy="true"
        inverse="true"
		cascade="all"
    >
        <meta attribute="field-description">
           @hibernate.set
            lazy="true"
            inverse="true"
            cascade="all"

           @hibernate.collection-key
            column="sku"

           @hibernate.collection-one-to-many
            class="uk.co.fresca.pojo.EmailmeWhenInstock"
        </meta>
        <key>
            <column name="sku" />
        </key>
        <one-to-many 
            class="uk.co.fresca.pojo.EmailmeWhenInstock"
        />
    </set>
    <!-- bi-directional one-to-many association to AttributeValue -->
    <set
        name="attributeValues"
        lazy="true"
        inverse="true"
		cascade="all"
		batch-size="10"
    >
        <meta attribute="field-description">
           @hibernate.set
            lazy="true"
            inverse="true"
            cascade="all"

           @hibernate.collection-key
            column="sku"

           @hibernate.collection-one-to-many
            class="uk.co.fresca.pojo.AttributeValue"
        </meta>
        <key>
            <column name="sku" />
        </key>
        <one-to-many 
            class="uk.co.fresca.pojo.AttributeValue"
        />
    </set>
    <!-- bi-directional many-to-one association to SearchableProduct -->
    <many-to-one
        name="searchableProduct"
        class="uk.co.fresca.pojo.SearchableProduct"
        not-null="true"
    >
        <meta attribute="field-description">
           @hibernate.many-to-one
            not-null="true"
           @hibernate.column name="search_prod_id"         
        </meta>
        <column name="search_prod_id" />
    </many-to-one>
  <many-to-one
        name="pickLocation"
        class="uk.co.fresca.pojo.PickLocation"
        not-null="true"
    >
        <meta attribute="field-description">
           @hibernate.many-to-one
            not-null="true"
           @hibernate.column name="pick_id"         
        </meta>
        <column name="pick_id" />
    </many-to-one>

</class>
</hibernate-mapping>
