<?xml version="1.0"?>
<!DOCTYPE hibernate-mapping PUBLIC 
    "-//Hibernate/Hibernate Mapping DTD 3.0//EN"
    "http://hibernate.sourceforge.net/hibernate-mapping-3.0.dtd">
    
<hibernate-mapping>
<!-- 
    Created by the Middlegen Hibernate plugin 2.1

    http://boss.bekk.no/boss/middlegen/
    http://www.hibernate.org/
-->

<class 
    name="uk.co.fresca.pojo.PromotionApplied" 
    table="promotion_applied"
>
    <meta attribute="class-description" inherit="false">
       @hibernate.class
        table="promotion_applied"
    </meta>

    <meta attribute="implement-equals" inherit="false">true</meta>

    <composite-id name="comp_id" class="uk.co.fresca.pojo.PromotionAppliedPK">
    	<meta attribute="use-in-equals">true</meta>
        <meta attribute="field-description" inherit="false">
           @hibernate.id
            generator-class="assigned"
        </meta>
        <key-property 
            name="orderId" 
            column="order_id" 
            type="java.lang.Integer"
            length="11"
        >
            <meta attribute="use-in-equals">true</meta>
            <meta attribute="field-description">
               @hibernate.property
                column="order_id"
                length="11"
            </meta> 
        </key-property>
        <key-property 
            name="promotionId" 
            column="promotion_id" 
            type="java.lang.Integer"
            length="11"
        >
            <meta attribute="use-in-equals">true</meta>
            <meta attribute="field-description">
               @hibernate.property
                column="promotion_id"
                length="11"
            </meta> 
        </key-property>
    </composite-id>    

    <property
        name="value"
        type="float"
        column="value"
        not-null="true"
        length="8"
    >
    	<meta attribute="use-in-equals">true</meta>
        <meta attribute="field-description">
           @hibernate.property
            column="value"
            length="8"
            not-null="true"
        </meta>    
    </property>

    <!-- Associations -->
    <!-- derived association(s) for compound key -->
    <!-- bi-directional many-to-one association to Order -->
    <many-to-one
        name="order"
	    class="uk.co.fresca.pojo.Order"
	    update="false"
	    insert="false"
	>
        <meta attribute="field-description">
           @hibernate.many-to-one
            update="false"
            insert="false"
        </meta>
        <meta attribute="field-description">
           @hibernate.column
            name="order_id"
        </meta>
    	<column name="order_id" />
	</many-to-one>
	
    <!-- bi-directional many-to-one association to Promotion -->
    <many-to-one
        name="promotion"
	    class="uk.co.fresca.pojo.Promotion"
	    update="false"
	    insert="false"
	>
        <meta attribute="field-description">
           @hibernate.many-to-one
            update="false"
            insert="false"
        </meta>
        <meta attribute="field-description">
           @hibernate.column
            name="promotion_id"
        </meta>
    	<column name="promotion_id" />
	</many-to-one>
	
    <!-- end of derived association(s) -->
  

</class>
</hibernate-mapping>
