<?xml version="1.0"?>
<!DOCTYPE hibernate-mapping PUBLIC 
    "-//Hibernate/Hibernate Mapping DTD 3.0//EN"
    "http://hibernate.sourceforge.net/hibernate-mapping-3.0.dtd">
    
<hibernate-mapping>
<!-- 
    Created by the Middlegen Hibernate plugin 2.1

    http://boss.bekk.no/boss/middlegen/
    http://www.hibernate.org/
-->

<class 
    name="uk.co.fresca.pojo.PromotionSku" 
    table="promotion_sku"
>
    <meta attribute="class-description" inherit="false">
       @hibernate.class
        table="promotion_sku"
    </meta>

    <meta attribute="use-in-equals">true</meta>

    <composite-id name="comp_id" class="uk.co.fresca.pojo.PromotionSkuPK">
        <meta attribute="field-description" inherit="false">
           @hibernate.id
            generator-class="assigned"
        </meta>
        <key-property 
            name="promotionId" 
            column="promotion_id" 
            type="java.lang.Integer"
            length="11"
        >
            <meta attribute="use-in-tostring">true</meta>
            <meta attribute="field-description">
               @hibernate.property
                column="promotion_id"
                length="11"
            </meta> 
        </key-property>
        <key-property 
            name="sku" 
            column="sku" 
            type="java.lang.String"
            length="100"
        >
            <meta attribute="use-in-tostring">true</meta>
            <meta attribute="field-description">
               @hibernate.property
                column="sku"
                length="100"
            </meta> 
        </key-property>
    </composite-id>    

    <property
        name="createdDts"
        type="java.sql.Timestamp"
        column="created_dts"
        not-null="true"
        length="19"
    >
    	<meta attribute="use-in-equals">true</meta>
        <meta attribute="field-description">
           @hibernate.property
            column="created_dts"
            length="19"
            not-null="true"
        </meta>    
    </property>
    <property
        name="createdBy"
        type="java.lang.String"
        column="created_by"
        not-null="true"
        length="50"
    >
        <meta attribute="field-description">
           @hibernate.property
            column="created_by"
            length="50"
            not-null="true"
        </meta>    
    </property>
    <property
        name="lastUpdatedDts"
        type="java.sql.Timestamp"
        column="last_updated_dts"
        length="19"
    >
        <meta attribute="field-description">
           @hibernate.property
            column="last_updated_dts"
            length="19"
        </meta>    
    </property>
    <property
        name="lastUpdatedBy"
        type="java.lang.String"
        column="last_updated_by"
        not-null="true"
        length="50"
    >
        <meta attribute="field-description">
           @hibernate.property
            column="last_updated_by"
            length="50"
            not-null="true"
        </meta>    
    </property>
    <property
        name="isActive"
        type="java.lang.String"
        column="is_active"
        length="1"
    >
        <meta attribute="field-description">
           @hibernate.property
            column="is_active"
            length="1"
        </meta>    
    </property>

    <!-- Associations -->
    <!-- derived association(s) for compound key -->
    <!-- bi-directional many-to-one association to Product -->
    <many-to-one
        name="product"
	    class="uk.co.fresca.pojo.Product"
	    update="false"
	    insert="false"
	>
        <meta attribute="field-description">
           @hibernate.many-to-one
            update="false"
            insert="false"
        </meta>
        <meta attribute="field-description">
           @hibernate.column
            name="sku"
        </meta>
    	<column name="sku" />
	</many-to-one>
	
    <!-- bi-directional many-to-one association to Promotion -->
    <many-to-one
        name="promotion"
	    class="uk.co.fresca.pojo.Promotion"
	    update="false"
	    insert="false"
	>
        <meta attribute="field-description">
           @hibernate.many-to-one
            update="false"
            insert="false"
        </meta>
        <meta attribute="field-description">
           @hibernate.column
            name="promotion_id"
        </meta>
    	<column name="promotion_id" />
	</many-to-one>
	
    <!-- end of derived association(s) -->
  

</class>
</hibernate-mapping>
