<?xml version="1.0"?>
<!DOCTYPE hibernate-mapping PUBLIC 
    "-//Hibernate/Hibernate Mapping DTD 3.0//EN"
    "http://hibernate.sourceforge.net/hibernate-mapping-3.0.dtd">
    
<hibernate-mapping>
<!-- 
    Created by the Middlegen Hibernate plugin 2.1

    http://boss.bekk.no/boss/middlegen/
    http://www.hibernate.org/
-->

<class 
    name="uk.co.fresca.pojo.PromotionRichData" 
    table="promotion_rich_data"
>
    <meta attribute="class-description" inherit="false">
       @hibernate.class
        table="promotion_rich_data"
    </meta>
    
    <meta attribute="implement-equals" inherit="false">true</meta>

    <id
        name="promotionId"
        type="java.lang.Integer"
        column="promotion_id"
    >
    	<meta attribute="use-in-equals">true</meta>
        <meta attribute="field-description">
           @hibernate.id
            generator-class="assigned"
            type="java.lang.Integer"
            column="promotion_id"

        </meta>
        <generator class="assigned" />
    </id>

    <property
        name="shortDescription"
        type="java.lang.String"
        column="short_description"
        length="255"
    >
    	<meta attribute="use-in-equals">true</meta>
        <meta attribute="field-description">
           @hibernate.property
            column="short_description"
            length="255"
        </meta>    
    </property>
    <property
        name="longDescription"
        type="java.lang.String"
        column="long_description"
        length="255"
    >
    	<meta attribute="use-in-equals">true</meta>
        <meta attribute="field-description">
           @hibernate.property
            column="long_description"
            length="255"
        </meta>    
    </property>
    <property
        name="smallImage"
        type="java.lang.String"
        column="small_image"
        length="255"
    >
    	<meta attribute="use-in-equals">true</meta>
        <meta attribute="field-description">
           @hibernate.property
            column="small_image"
            length="255"
        </meta>    
    </property>
    <property
        name="largeImage"
        type="java.lang.String"
        column="large_image"
        length="255"
    >
    	<meta attribute="use-in-equals">true</meta>
        <meta attribute="field-description">
           @hibernate.property
            column="large_image"
            length="255"
        </meta>    
    </property>
    <property
        name="createdDts"
        type="java.sql.Timestamp"
        column="created_dts"
        not-null="true"
        length="19"
    >
        <meta attribute="field-description">
           @hibernate.property
            column="created_dts"
            length="19"
            not-null="true"
        </meta>    
    </property>
    <property
        name="createdBy"
        type="java.lang.String"
        column="created_by"
        not-null="true"
        length="50"
    >
        <meta attribute="field-description">
           @hibernate.property
            column="created_by"
            length="50"
            not-null="true"
        </meta>    
    </property>
    <property
        name="lastUpdatedDts"
        type="java.sql.Timestamp"
        column="last_updated_dts"
        length="19"
    >
        <meta attribute="field-description">
           @hibernate.property
            column="last_updated_dts"
            length="19"
        </meta>    
    </property>
    <property
        name="lastUpdatedBy"
        type="java.lang.String"
        column="last_updated_by"
        not-null="true"
        length="50"
    >
        <meta attribute="field-description">
           @hibernate.property
            column="last_updated_by"
            length="50"
            not-null="true"
        </meta>    
    </property>

    <!-- Associations -->
  
    <!-- bi-directional one-to-one association to Promotion -->
    <one-to-one
        name="promotion"
        class="uk.co.fresca.pojo.Promotion"
        outer-join="auto"
        constrained="true"
    >
        <meta attribute="field-description">
           @hibernate.one-to-one
            class="uk.co.fresca.pojo.Promotion"
            outer-join="auto"
            constrained="true"
        </meta>    
    </one-to-one>

</class>
</hibernate-mapping>
