<?xml version="1.0"?>
<!DOCTYPE hibernate-mapping PUBLIC 
    "-//Hibernate/Hibernate Mapping DTD 3.0//EN"
    "http://hibernate.sourceforge.net/hibernate-mapping-3.0.dtd">
    
<hibernate-mapping>
<!-- 
    Created by the Middlegen Hibernate plugin 2.1

    http://boss.bekk.no/boss/middlegen/
    http://www.hibernate.org/
-->

<class 
    name="uk.co.fresca.pojo.Promotion" 
    table="promotion"
>
    <meta attribute="class-description" inherit="false">
       @hibernate.class
        table="promotion"
    </meta>
<meta attribute="implement-equals" inherit="false">true</meta>
    <id
        name="id"
        type="java.lang.Integer"
        column="id"
    >
    	<meta attribute="use-in-equals">true</meta>
        <meta attribute="field-description">
           @hibernate.id
            generator-class="assigned"
            type="java.lang.Integer"
            column="id"

        </meta>
        <generator class="identity" />
    </id>

    <property
        name="name"
        type="java.lang.String"
        column="name"
        not-null="true"
        length="255"
    >
    	
        <meta attribute="field-description">
           @hibernate.property
            column="name"
            length="255"
            not-null="true"
        </meta>    
    </property>
    <property
        name="validFrom"
        type="java.sql.Timestamp"
        column="valid_from"
        not-null="true"
        length="19"
    >
    	<meta attribute="use-in-equals">true</meta>
        <meta attribute="field-description">
           @hibernate.property
            column="valid_from"
            length="19"
            not-null="true"
        </meta>    
    </property>
    <property
        name="validTo"
        type="java.sql.Timestamp"
        column="valid_to"
        not-null="true"
        length="19"
    >
    	<meta attribute="use-in-equals">true</meta>
        <meta attribute="field-description">
           @hibernate.property
            column="valid_to"
            length="19"
            not-null="true"
        </meta>    
    </property>
    <property
        name="createdDts"
        type="java.sql.Timestamp"
        column="created_dts"
        not-null="true"
        length="19"
    >
        <meta attribute="field-description">
           @hibernate.property
            column="created_dts"
            length="19"
            not-null="true"
        </meta>    
    </property>
    <property
        name="createdBy"
        type="java.lang.String"
        column="created_by"
        not-null="true"
        length="50"
    >
        <meta attribute="field-description">
           @hibernate.property
            column="created_by"
            length="50"
            not-null="true"
        </meta>    
    </property>
    <property
        name="lastUpdatedDts"
        type="java.sql.Timestamp"
        column="last_updated_dts"
        length="19"
    >
        <meta attribute="field-description">
           @hibernate.property
            column="last_updated_dts"
            length="19"
        </meta>    
    </property>
    <property
        name="lastUpdatedBy"
        type="java.lang.String"
        column="last_updated_by"
        not-null="true"
        length="50"
    >
        <meta attribute="field-description">
           @hibernate.property
            column="last_updated_by"
            length="50"
            not-null="true"
        </meta>    
    </property>
    <property
        name="isActive"
        type="java.lang.String"
        column="isActive"
        not-null="true"
        length="1"
    >
        <meta attribute="field-description">
           @hibernate.property
            column="isActive"
            length="1"
            not-null="true"
        </meta>    
    </property>

    <!-- Associations -->
  
    <!-- bi-directional many-to-one association to Channel -->
    <many-to-one
        name="channel"
        class="uk.co.fresca.pojo.Channel"
        not-null="true"
    >
        <meta attribute="field-description">
           @hibernate.many-to-one
            not-null="true"
           @hibernate.column name="channel_id"         
        </meta>
        <column name="channel_id" />
    </many-to-one>
    <!-- bi-directional one-to-many association to PromotionApplied -->
    <set
        name="promotionApplieds"
        lazy="true"
        inverse="true"
		cascade="none"
    >
        <meta attribute="field-description">
           @hibernate.set
            lazy="true"
            inverse="true"
            cascade="none"

           @hibernate.collection-key
            column="promotion_id"

           @hibernate.collection-one-to-many
            class="uk.co.fresca.pojo.PromotionApplied"
        </meta>
        <key>
            <column name="promotion_id" />
        </key>
        <one-to-many 
            class="uk.co.fresca.pojo.PromotionApplied"
        />
    </set>
    <!-- bi-directional one-to-many association to PromotionSku -->
    <set
        name="promotionSkus"
        lazy="true"
        inverse="true"
		cascade="none"
    >
        <meta attribute="field-description">
           @hibernate.set
            lazy="true"
            inverse="true"
            cascade="none"

           @hibernate.collection-key
            column="promotion_id"

           @hibernate.collection-one-to-many
            class="uk.co.fresca.pojo.PromotionSku"
        </meta>
        <key>
            <column name="promotion_id" />
        </key>
        <one-to-many 
            class="uk.co.fresca.pojo.PromotionSku"
        />
    </set>
    <!-- bi-directional one-to-many association to PromotionCategory -->
    <set
        name="promotionCategories"
        lazy="true"
        inverse="true"
		cascade="none"
    >
        <meta attribute="field-description">
           @hibernate.set
            lazy="true"
            inverse="true"
            cascade="none"

           @hibernate.collection-key
            column="promotion_id"

           @hibernate.collection-one-to-many
            class="uk.co.fresca.pojo.PromotionCategory"
        </meta>
        <key>
            <column name="promotion_id" />
        </key>
        <one-to-many 
            class="uk.co.fresca.pojo.PromotionCategory"
        />
    </set>
    <!-- bi-directional one-to-one association to PromotionRichData -->
    <one-to-one
        name="promotionRichData"
        class="uk.co.fresca.pojo.PromotionRichData"
        outer-join="auto"
    >
        <meta attribute="field-description">
           @hibernate.one-to-one
            outer-join="auto"
        </meta>
    </one-to-one>
    <!-- bi-directional one-to-many association to PromotionParameterValue -->
    <set
        name="promotionParameterValues"
        lazy="true"
        inverse="true"
		cascade="none"
    >
        <meta attribute="field-description">
           @hibernate.set
            lazy="true"
            inverse="true"
            cascade="none"

           @hibernate.collection-key
            column="promotion_id"

           @hibernate.collection-one-to-many
            class="uk.co.fresca.pojo.PromotionParameterValue"
        </meta>
        <key>
            <column name="promotion_id" />
        </key>
        <one-to-many 
            class="uk.co.fresca.pojo.PromotionParameterValue"
        />
    </set>
    <!-- bi-directional one-to-many association to PromotionCode -->
    <set
        name="promotionCodes"
        lazy="true"
        inverse="true"
		cascade="none"
    >
        <meta attribute="field-description">
           @hibernate.set
            lazy="true"
            inverse="true"
            cascade="none"

           @hibernate.collection-key
            column="promotion_id"

           @hibernate.collection-one-to-many
            class="uk.co.fresca.pojo.PromotionCode"
        </meta>
        <key>
            <column name="promotion_id" />
        </key>
        <one-to-many 
            class="uk.co.fresca.pojo.PromotionCode"
        />
    </set>
    <!-- bi-directional many-to-one association to PromotionType -->
    <many-to-one
        name="promotionType"
        class="uk.co.fresca.pojo.PromotionType"
        not-null="true"
    >
        <meta attribute="field-description">
           @hibernate.many-to-one
            not-null="true"
           @hibernate.column name="type_id"         
        </meta>
        <column name="type_id" />
    </many-to-one>

</class>
</hibernate-mapping>
