<?xml version="1.0"?>
<!DOCTYPE hibernate-mapping PUBLIC 
    "-//Hibernate/Hibernate Mapping DTD 3.0//EN"
    "http://hibernate.sourceforge.net/hibernate-mapping-3.0.dtd">
    
<hibernate-mapping>
<!-- 
    Created by the Middlegen Hibernate plugin 2.1

    http://boss.bekk.no/boss/middlegen/
    http://www.hibernate.org/
-->

<class 
    name="uk.co.fresca.pojo.RecentActivity" 
    table="recent_activity"
>
    <meta attribute="class-description" inherit="false">
       @hibernate.class
        table="recent_activity"
    </meta>

    <id
        name="id"
        type="java.lang.Integer"
        column="Id"
    >
        <meta attribute="field-description">
           @hibernate.id
            generator-class="identity"
            type="java.lang.Integer"
            column="Id"

        </meta>
        <generator class="identity" />
    </id>

    <property
        name="activityType"
        type="java.lang.String"
        column="activity_type"
        not-null="true"
        length="50"
    >
        <meta attribute="field-description">
           @hibernate.property
            column="activity_type"
            length="50"
            not-null="true"
        </meta>    
    </property>
	<property
        name="label"
        type="java.lang.String"
        column="label"
        not-null="false"
        length="45"
    >
        <meta attribute="field-description">
           @hibernate.property
            column="label"
            length="45"
            not-null="false"
        </meta>    
    </property>
    <property
        name="createdDts"
        type="java.sql.Timestamp"
        column="created_dts"
        length="19"
    >
        <meta attribute="field-description">
           @hibernate.property
            column="created_dts"
            length="19"
        </meta>    
    </property>
    <property
        name="value"
        type="java.lang.String"
        column="value"
        length="65535"
    >
        <meta attribute="field-description">
           @hibernate.property
            column="value"
            length="65535"
        </meta>    
    </property>

    <!-- Associations -->
  
    <!-- bi-directional many-to-one association to Systemuser -->
    <many-to-one
        name="systemuser"
        class="uk.co.fresca.pojo.Systemuser"
        not-null="true"
    >
        <meta attribute="field-description">
           @hibernate.many-to-one
            not-null="true"
           @hibernate.column name="userid"         
        </meta>
        <column name="userid" />
    </many-to-one>

</class>
</hibernate-mapping>
