<?xml version="1.0"?>
<!DOCTYPE hibernate-mapping PUBLIC 
    "-//Hibernate/Hibernate Mapping DTD 3.0//EN"
    "http://hibernate.sourceforge.net/hibernate-mapping-3.0.dtd">
    
<hibernate-mapping>
<!-- 
    Created by the Middlegen Hibernate plugin 2.1

    http://boss.bekk.no/boss/middlegen/
    http://www.hibernate.org/
-->

<class 
    name="uk.co.fresca.pojo.RelatedProduct" 
    table="related_product"
>
    <meta attribute="class-description" inherit="false">
       @hibernate.class
        table="related_product"
    </meta>

    <meta attribute="implement-equals" inherit="false">true</meta>

    <composite-id name="comp_id" class="uk.co.fresca.pojo.RelatedProductPK">
        <meta attribute="field-description" inherit="false">
           @hibernate.id
            generator-class="assigned"
        </meta>
        <meta attribute="use-in-equals">true</meta>
        <key-property 
            name="searchProdId" 
            column="search_prod_id" 
            type="java.lang.Integer"
            length="11"
        >
            <meta attribute="field-description">
               @hibernate.property
                column="search_prod_id"
                length="11"
            </meta> 
        </key-property>
        <key-property 
            name="relatedProdId" 
            column="related_prod_id" 
            type="java.lang.Integer"
            length="11"
        >
            <meta attribute="field-description">
               @hibernate.property
                column="related_prod_id"
                length="11"
            </meta> 
        </key-property>
        <key-property 
            name="typeId" 
            column="type_id" 
            type="java.lang.String"
            length="50"
        >
            <meta attribute="field-description">
               @hibernate.property
                column="type_id"
                length="50"
            </meta> 
        </key-property>
    </composite-id>    


	<version
        name="version"
        type="int"
        column="version"
        unsaved-value="negative"
    >
    	<meta attribute="use-in-equals">true</meta>
        <meta attribute="field-description">
           @hibernate.version
            column="version"
            unsaved-value="negative"
        </meta>
    </version>

    <property
        name="sortOrder"
        type="int"
        column="sort_order"
        not-null="true"
        length="3"
    >
    	<meta attribute="use-in-equals">true</meta>
        <meta attribute="field-description">
           @hibernate.property
            column="sort_order"
            length="3"
            not-null="true"
        </meta>    
    </property>
    <property
        name="createdDts"
        type="java.sql.Timestamp"
        column="created_dts"
        not-null="true"
        length="19"
    >
        <meta attribute="field-description">
           @hibernate.property
            column="created_dts"
            length="19"
            not-null="true"
        </meta>    
    </property>
    <property
        name="createdBy"
        type="java.lang.String"
        column="created_by"
        not-null="true"
        length="50"
    >
        <meta attribute="field-description">
           @hibernate.property
            column="created_by"
            length="50"
            not-null="true"
        </meta>    
    </property>
    <property
        name="lastUpdatedDts"
        type="java.sql.Timestamp"
        column="last_updated_dts"
        length="14"
    >
        <meta attribute="field-description">
           @hibernate.property
            column="last_updated_dts"
            length="14"
        </meta>    
    </property>
    <property
        name="lastUpdatedBy"
        type="java.lang.String"
        column="last_updated_by"
        not-null="true"
        length="50"
    >
        <meta attribute="field-description">
           @hibernate.property
            column="last_updated_by"
            length="50"
            not-null="true"
        </meta>    
    </property>

    <!-- Associations -->
    <!-- derived association(s) for compound key -->
    <!-- bi-directional many-to-one association to ProductRelation -->
    <many-to-one
        name="productRelation"
	    class="uk.co.fresca.pojo.ProductRelation"
	    update="false"
	    insert="false"
	>
        <meta attribute="field-description">
           @hibernate.many-to-one
            update="false"
            insert="false"
        </meta>
        <meta attribute="field-description">
           @hibernate.column
            name="type_id"
        </meta>
    	<column name="type_id" />
	</many-to-one>
	
    <!-- bi-directional many-to-one association to SearchableProduct -->
    <many-to-one
        name="searchableProductByRelatedProdId"
	    class="uk.co.fresca.pojo.SearchableProduct"
	    update="false"
	    insert="false"
	>
        <meta attribute="field-description">
           @hibernate.many-to-one
            update="false"
            insert="false"
        </meta>
        <meta attribute="field-description">
           @hibernate.column
            name="related_prod_id"
        </meta>
    	<column name="related_prod_id" />
	</many-to-one>
	
    <!-- bi-directional many-to-one association to SearchableProduct -->
    <many-to-one
        name="searchableProductBySearchProdId"
	    class="uk.co.fresca.pojo.SearchableProduct"
	    update="false"
	    insert="false"
	>
        <meta attribute="field-description">
           @hibernate.many-to-one
            update="false"
            insert="false"
        </meta>
        <meta attribute="field-description">
           @hibernate.column
            name="search_prod_id"
        </meta>
    	<column name="search_prod_id" />
	</many-to-one>
	
    <!-- end of derived association(s) -->
  

</class>
</hibernate-mapping>
