<?xml version="1.0"?>
<!DOCTYPE hibernate-mapping PUBLIC 
    "-//Hibernate/Hibernate Mapping DTD 3.0//EN"
    "http://hibernate.sourceforge.net/hibernate-mapping-3.0.dtd">
    
<hibernate-mapping>
<!-- 
    Created by the Middlegen Hibernate plugin 2.1

    http://boss.bekk.no/boss/middlegen/
    http://www.hibernate.org/
-->

<class 
    name="uk.co.fresca.pojo.ReservedItem" 
    table="reserved_items"
>
    <meta attribute="class-description" inherit="false">
       @hibernate.class
        table="reserved_items"
    </meta>
<meta attribute="implement-equals" inherit="false">true</meta>
    <id
        name="id"
        type="java.lang.Integer"
        column="id"
    >
    	<meta attribute="use-in-equals">true</meta>
        <meta attribute="field-description">
           @hibernate.id
            generator-class="identity"
            type="java.lang.Integer"
            column="id"

        </meta>
        <generator class="identity" />
    </id>

    <property
        name="dateReserved"
        type="java.sql.Timestamp"
        column="date_reserved"
        not-null="true"
        length="19"
    >
    	<meta attribute="use-in-equals">true</meta>
        <meta attribute="field-description">
           @hibernate.property
            column="date_reserved"
            length="19"
            not-null="true"
        </meta>    
    </property>
    <property
        name="notes"
        type="java.lang.String"
        column="notes"
        length="65535"
    >
    	<meta attribute="use-in-equals">true</meta>
        <meta attribute="field-description">
           @hibernate.property
            column="notes"
            length="65535"
        </meta>    
    </property>

    <!-- Associations -->
  
    <!-- bi-directional many-to-one association to Store -->
    <many-to-one
        name="store"
        class="uk.co.fresca.pojo.Store"
        not-null="true"
    >
        <meta attribute="field-description">
           @hibernate.many-to-one
            not-null="true"
           @hibernate.column name="store_id"         
        </meta>
        <column name="store_id" />
    </many-to-one>
    <!-- bi-directional many-to-one association to Basket -->
    <many-to-one
        name="basket"
        class="uk.co.fresca.pojo.Basket"
        not-null="true"
    >
        <meta attribute="field-description">
           @hibernate.many-to-one
            not-null="true"
           @hibernate.column name="basket_id"         
        </meta>
        <column name="basket_id" />
    </many-to-one>

</class>
</hibernate-mapping>
