<?xml version="1.0"?>
<!DOCTYPE hibernate-mapping PUBLIC 
    "-//Hibernate/Hibernate Mapping DTD 3.0//EN"
    "http://hibernate.sourceforge.net/hibernate-mapping-3.0.dtd">
    
<hibernate-mapping>
<!-- 
    Created by the Middlegen Hibernate plugin 2.1

    http://boss.bekk.no/boss/middlegen/
    http://www.hibernate.org/
-->

<class 
    name="uk.co.fresca.pojo.Role" 
    table="role"
>
    <meta attribute="class-description" inherit="false">
       @hibernate.class
        table="role"
    </meta>
<meta attribute="implement-equals" inherit="false">true</meta>
    <id
        name="roleId"
        type="java.lang.Integer"
        column="roleId"
    >
    	<meta attribute="use-in-equals">true</meta>
        <meta attribute="field-description">
           @hibernate.id
            generator-class="native"
            type="java.lang.Integer"
            column="roleId"

        </meta>
        <generator class="native" />
    </id>

    <property
        name="name"
        type="java.lang.String"
        column="name"
        not-null="true"
        length="100"
    >
    	<meta attribute="use-in-equals">true</meta>
        <meta attribute="field-description">
           @hibernate.property
            column="name"
            length="100"
            not-null="true"
        </meta>    
    </property>
    <property
        name="description"
        type="java.lang.String"
        column="description"
        not-null="true"
        length="255"
    >
    	<meta attribute="use-in-equals">true</meta>
        <meta attribute="field-description">
           @hibernate.property
            column="description"
            length="255"
            not-null="true"
        </meta>    
    </property>
     <property
        name="isActive"
        type="java.lang.String"
        column="isActive"
        not-null="true"
        length="1"
    >
        <meta attribute="field-description">
           @hibernate.property
            column="isActive"
            length="1"
            not-null="true"
        </meta>    
    </property>
     <property
        name="createdDts"
        type="java.sql.Timestamp"
        column="created_dts"
        not-null="true"
    >
        <meta attribute="field-description">
           @hibernate.property
            column="created_dts"
            not-null="true"
        </meta>    
    </property>
     <property
        name="createdBy"
        type="java.lang.String"
        column="created_by"
        not-null="true"
        length="45"
    >
        <meta attribute="field-description">
           @hibernate.property
            column="created_by"
            length="45"
            not-null="true"
        </meta>    
    </property>
     <property
        name="lastUpdatedDts"
        type="java.sql.Timestamp"
        column="lastupdated_dts"
        not-null="true"
    >
        <meta attribute="field-description">
           @hibernate.property
            column="lastupdated_dts"
            not-null="true"
        </meta>    
    </property>
     <property
        name="lastUpdatedBy"
        type="java.lang.String"
        column="lastupdated_by"
        not-null="true"
         length="45"
    >
        <meta attribute="field-description">
           @hibernate.property
            column="lastupdated_by"    
             length="45"        
            not-null="true"
        </meta>    
    </property>
    
    <property
        name="displayName"
        type="java.lang.String"
        column="displayName"
        not-null="true"
         length="45"
    >
        <meta attribute="field-description">
           @hibernate.property
            column="displayName"    
             length="45"        
            not-null="true"
        </meta>    
    </property>
    
    
    

    <!-- Associations -->
  
    <!-- bi-directional one-to-many association to SystemuserRole -->
    <set
        name="systemuserRoles"
        lazy="true"
        inverse="true"
		cascade="none"
    >
        <meta attribute="field-description">
           @hibernate.set
            lazy="true"
            inverse="true"
            cascade="none"

           @hibernate.collection-key
            column="roleId"

           @hibernate.collection-one-to-many
            class="uk.co.fresca.pojo.SystemuserRole"
        </meta>
        <key>
            <column name="roleId" />
        </key>
        <one-to-many 
            class="uk.co.fresca.pojo.SystemuserRole"
        />
    </set>

</class>
</hibernate-mapping>
