<?xml version="1.0"?>
<!DOCTYPE hibernate-mapping PUBLIC 
    "-//Hibernate/Hibernate Mapping DTD 3.0//EN"
    "http://hibernate.sourceforge.net/hibernate-mapping-3.0.dtd">
    
<hibernate-mapping>
<!-- 
    Created by the Middlegen Hibernate plugin 2.1

    http://boss.bekk.no/boss/middlegen/
    http://www.hibernate.org/
-->

<class 
    name="uk.co.fresca.pojo.SearchableProduct" 
    table="searchable_product"
>
    <meta attribute="class-description" inherit="false">
       @hibernate.class
        table="searchable_product"
    </meta>
<meta attribute="implement-equals" inherit="false">true</meta>
    <id
        name="id"
        type="java.lang.Integer"
        column="id"
    >
    	<meta attribute="use-in-equals">true</meta>
        <meta attribute="field-description">
           @hibernate.id
            generator-class="identity"
            type="java.lang.Integer"
            column="id"

        </meta>
        <generator class="identity" />
    </id>

    <property
        name="availableFrom"
        type="java.sql.Date"
        column="available_from"
        length="10"
    >
    	<meta attribute="use-in-equals">true</meta>
        <meta attribute="field-description">
           @hibernate.property
            column="available_from"
            length="10"
        </meta>    
    </property>
    <property
        name="availableTo"
        type="java.sql.Date"
        column="available_to"
        length="10"
    >
        <meta attribute="field-description">
           @hibernate.property
            column="available_to"
            length="10"
        </meta>    
    </property>
    <property
        name="title"
        type="java.lang.String"
        column="title"
        not-null="true"
        length="100"
    >
    	<meta attribute="use-in-equals">true</meta>
        <meta attribute="field-description">
           @hibernate.property
            column="title"
            length="100"
            not-null="true"
        </meta>    
    </property>
    <property
        name="unitGrossPrice"
        type="float"
        column="unit_gross_price"
        not-null="true"
        length="8"
    >
    	<meta attribute="use-in-equals">true</meta>
        <meta attribute="field-description">
           @hibernate.property
            column="unit_gross_price"
            length="8"
            not-null="true"
        </meta>    
    </property>
    <property
        name="offerPrice"
        type="float"
        column="offer_price"
        not-null="true"
        length="8"
    >
    	<meta attribute="use-in-equals">true</meta>
        <meta attribute="field-description">
           @hibernate.property
            column="offer_price"
            length="8"
            not-null="true"
        </meta>    
    </property>
    <property
        name="thumbnail"
        type="java.lang.String"
        column="thumbnail"
        length="100"
    >
        <meta attribute="field-description">
           @hibernate.property
            column="thumbnail"
            length="100"
        </meta>    
    </property>
    <property
        name="defaultImg"
        type="java.lang.String"
        column="default_img"
        length="100"
    >
        <meta attribute="field-description">
           @hibernate.property
            column="default_img"
            length="100"
        </meta>
	</property>
	<property
        name="largeImg"
        type="java.lang.String"
        column="largeImg"
        length="100"
    >
        <meta attribute="field-description">
           @hibernate.property
            column="largeImg"
            length="100"
        </meta>
	</property>
	<property
        name="mediumImg"
        type="java.lang.String"
        column="mediumImg"
        length="100"
    >
        <meta attribute="field-description">
           @hibernate.property
            column="mediumImg"
            length="100"
        </meta>
	</property>
	<property
        name="zoomImg"
        type="java.lang.String"
        column="zoomImg"
        length="100"
    >
        <meta attribute="field-description">
           @hibernate.property
            column="zoomImg"
            length="100"
        </meta>    
    </property>
    <property
        name="optImg1"
        type="java.lang.String"
        column="opt_img1"
        length="100"
    >
        <meta attribute="field-description">
           @hibernate.property
            column="opt_img1"
            length="100"
        </meta>    
    </property>
    <property
        name="optImg2"
        type="java.lang.String"
        column="opt_img2"
        length="100"
    >
        <meta attribute="field-description">
           @hibernate.property
            column="opt_img2"
            length="100"
        </meta>    
    </property>
    <property
        name="optImg3"
        type="java.lang.String"
        column="opt_img3"
        length="100"
    >
        <meta attribute="field-description">
           @hibernate.property
            column="opt_img3"
            length="100"
        </meta>    
    </property>
    <property
        name="shortDescription"
        type="java.lang.String"
        column="short_description"
        not-null="true"
        length="50"
    >
        <meta attribute="field-description">
           @hibernate.property
            column="short_description"
            length="50"
            not-null="true"
        </meta>    
    </property>
    <property
        name="longDescription"
        type="java.lang.String"
        column="long_description"
        length="65535"
    >
        <meta attribute="field-description">
           @hibernate.property
            column="long_description"
            length="65535"
        </meta>    
    </property>
    <property
        name="keywords"
        type="java.lang.String"
        column="keywords"
        length="65535"
    >
        <meta attribute="field-description">
           @hibernate.property
            column="keywords"
            length="65535"
        </meta>    
    </property>
    <property
        name="age"
        type="float"
        column="age"
        length="5"
       
    >
        <meta attribute="field-description">
           @hibernate.property
            column="age"
            length="5"
        </meta>    
    </property>
    <property
        name="gender"
        type="java.lang.String"
        column="gender"
        length="1"
    >
        <meta attribute="field-description">
           @hibernate.property
            column="gender"
            length="1"
        </meta>    
    </property>
    <property
        name="notes01"
        type="java.lang.String"
        column="notes01"
        length="100"
    >
        <meta attribute="field-description">
           @hibernate.property
            column="notes01"
            length="100"
        </meta>    
    </property>
    <property
        name="notes02"
        type="java.lang.String"
        column="notes02"
        length="100"
    >
        <meta attribute="field-description">
           @hibernate.property
            column="notes02"
            length="100"
        </meta>    
    </property>
    <property
        name="notes03"
        type="java.lang.String"
        column="notes03"
        length="100"
    >
        <meta attribute="field-description">
           @hibernate.property
            column="notes03"
            length="100"
        </meta>    
    </property>
    <property
        name="isVisible"
        type="java.lang.String"
        column="is_visible"
        not-null="true"
        length="1"
    >
        <meta attribute="field-description">
           @hibernate.property
            column="is_visible"
            length="1"
            not-null="true"
        </meta>    
    </property>
    <property
        name="createdDts"
        type="java.sql.Timestamp"
        column="created_dts"
        not-null="true"
        length="19"
    >
        <meta attribute="field-description">
           @hibernate.property
            column="created_dts"
            length="19"
            not-null="true"
        </meta>    
    </property>
    <property
        name="createdBy"
        type="java.lang.String"
        column="created_by"
        not-null="true"
        length="50"
    >
        <meta attribute="field-description">
           @hibernate.property
            column="created_by"
            length="50"
            not-null="true"
        </meta>    
    </property>
    <property
        name="lastUpdatedDts"
        type="java.sql.Timestamp"
        column="last_updated_dts"
        length="14"
    >
        <meta attribute="field-description">
           @hibernate.property
            column="last_updated_dts"
            length="14"
        </meta>    
    </property>
    <property
        name="lastUpdatedBy"
        type="java.lang.String"
        column="last_updated_by"
        not-null="true"
        length="50"
    >
        <meta attribute="field-description">
           @hibernate.property
            column="last_updated_by"
            length="50"
            not-null="true"
        </meta>    
    </property>

    <!-- Associations -->
  
    <!-- bi-directional one-to-many association to Product -->
    <!-- RV 13th Oct - The products is the only collection that should always be loaded --> 
 <!--        <index>   <column name="sort_order" />            </index> -->
    <set
        name="products"
        lazy="true"
        inverse="true"
		cascade="all"
		order-by="sort_order"
    >
        <meta attribute="field-description">
           @hibernate.set
            lazy="true"
            inverse="true"
            cascade="all"

           @hibernate.collection-key
            column="search_prod_id"

           @hibernate.collection-one-to-many
            class="uk.co.fresca.pojo.Product"
        </meta>
        <key>
            <column name="search_prod_id" />
        </key>
        <one-to-many 
            class="uk.co.fresca.pojo.Product"
        />
    </set>
    <!-- bi-directional one-to-many association to RelatedProduct -->
    <set
        name="relatedProductsByRelatedProdId"
        lazy="true"
        inverse="true"
		cascade="all"
		batch-size="10"
    >
        <meta attribute="field-description">
           @hibernate.set
            lazy="true"
            inverse="true"
            cascade="all"

           @hibernate.collection-key
            column="related_prod_id"

           @hibernate.collection-one-to-many
            class="uk.co.fresca.pojo.RelatedProduct"
        </meta>
        <key>
            <column name="related_prod_id" />
        </key>
        <one-to-many 
            class="uk.co.fresca.pojo.RelatedProduct"
        />
    </set>
    <!-- bi-directional one-to-many association to RelatedProduct -->
    <set
        name="relatedProductsBySearchProdId"
        lazy="true"
        inverse="true"
		cascade="all"
		batch-size="10"
    >
        <meta attribute="field-description">
           @hibernate.set
            lazy="true"
            inverse="true"
            cascade="all"

           @hibernate.collection-key
            column="search_prod_id"

           @hibernate.collection-one-to-many
            class="uk.co.fresca.pojo.RelatedProduct"
        </meta>
        <key>
            <column name="search_prod_id" />
        </key>
        <one-to-many 
            class="uk.co.fresca.pojo.RelatedProduct"
        />
    </set>
    <!-- bi-directional one-to-many association to AttributeValue -->
    <set
        name="attributeValues"
        lazy="true"
        inverse="true"
		cascade="all"
    >
        <meta attribute="field-description">
           @hibernate.set
            lazy="true"
            inverse="true"
            cascade="all"

           @hibernate.collection-key
            column="search_prd_id"

           @hibernate.collection-one-to-many
            class="uk.co.fresca.pojo.AttributeValue"
        </meta>
        <key>
            <column name="search_prd_id" />
        </key>
        <one-to-many 
            class="uk.co.fresca.pojo.AttributeValue"
        />
    </set>
    <!-- bi-directional one-to-many association to SearchableProductCategory -->
    <!-- BE VERY CAREFUL WHEN DISABLING LAZY AS IT COULD BE CAUSING A PERFORMANCE SLOWDOWN -->
    <set
        name="searchableProductCategories"
        lazy="true"
        inverse="true"
		cascade="all"
		batch-size="10"
    >
        <meta attribute="field-description">
           @hibernate.set
            lazy="true"
            inverse="true"
            cascade="all"

           @hibernate.collection-key
            column="id"

           @hibernate.collection-one-to-many
            class="uk.co.fresca.pojo.SearchableProductCategory"
        </meta>
        <key>
            <column name="id" />
        </key>
        <one-to-many 
            class="uk.co.fresca.pojo.SearchableProductCategory"
        />
    </set>

</class>
</hibernate-mapping>
