<?xml version="1.0"?>
<!DOCTYPE hibernate-mapping PUBLIC 
    "-//Hibernate/Hibernate Mapping DTD 3.0//EN"
    "http://hibernate.sourceforge.net/hibernate-mapping-3.0.dtd">
    
<hibernate-mapping>
<!-- 
    Created by the Middlegen Hibernate plugin 2.1

    http://boss.bekk.no/boss/middlegen/
    http://www.hibernate.org/
-->

<class 
    name="uk.co.fresca.pojo.SecurityKey" 
    table="security_keys"
>
    <meta attribute="class-description" inherit="false">
       @hibernate.class
        table="security_keys"
    </meta>
<meta attribute="implement-equals" inherit="false">true</meta>
    <id
        name="id"
        type="java.lang.String"
        column="id"
    >
    	<meta attribute="use-in-equals">true</meta>
        <meta attribute="field-description">
           @hibernate.id
            generator-class="assigned"
            type="java.lang.String"
            column="id"

        </meta>
        <generator class="assigned" />
    </id>

    <property
        name="value"
        type="java.lang.String"
        column="value"
        length="65535"
    >
    	<meta attribute="use-in-equals">true</meta>
        <meta attribute="field-description">
           @hibernate.property
            column="value"
            length="65535"
        </meta>    
    </property>

    <!-- Associations -->
  

</class>
</hibernate-mapping>
