<?xml version="1.0"?>
<!DOCTYPE hibernate-mapping PUBLIC 
    "-//Hibernate/Hibernate Mapping DTD 3.0//EN"
    "http://hibernate.sourceforge.net/hibernate-mapping-3.0.dtd">
    
<hibernate-mapping>
<!-- 
    Created by the Middlegen Hibernate plugin 2.1

    http://boss.bekk.no/boss/middlegen/
    http://www.hibernate.org/
-->

<class 
    name="uk.co.fresca.pojo.ShippingLookup" 
    table="shipping_lookup"
>
    <meta attribute="class-description" inherit="false">
       @hibernate.class
        table="shipping_lookup"
    </meta>

    <meta attribute="implement-equals" inherit="false">true</meta>

    <composite-id name="comp_id" class="uk.co.fresca.pojo.ShippingLookupPK">
        <meta attribute="field-description" inherit="false">
           @hibernate.id
            generator-class="assigned"
        </meta>
        <meta attribute="use-in-equals">true</meta>
        <key-property 
            name="lowerShippingWeight" 
            column="lower_shipping_weight" 
            type="java.lang.Double"
            length="8"
        >
        	<meta attribute="use-in-equals">true</meta>
            <meta attribute="field-description">
               @hibernate.property
                column="lower_shipping_weight"
                length="8"
            </meta> 
        </key-property>
        <key-property 
            name="upperShippingWeight" 
            column="upper_shipping_weight" 
            type="java.lang.Double"
            length="8"
        >
        	<meta attribute="use-in-equals">true</meta>
            <meta attribute="field-description">
               @hibernate.property
                column="upper_shipping_weight"
                length="8"
            </meta> 
        </key-property>
        <key-property 
            name="zoneId" 
            column="zone_id" 
            type="java.lang.Integer"
            length="11"
        >
        	<meta attribute="use-in-equals">true</meta>
            <meta attribute="field-description">
               @hibernate.property
                column="zone_id"
                length="11"
            </meta> 
        </key-property>
    </composite-id>    

    <property
        name="shippingCost"
        type="float"
        column="shipping_cost"
        not-null="true"
        length="8"
    >
    	<meta attribute="use-in-equals">true</meta>
        <meta attribute="field-description">
           @hibernate.property
            column="shipping_cost"
            length="8"
            not-null="true"
        </meta>    
    </property>

    <!-- Associations -->
    <!-- derived association(s) for compound key -->
    <!-- bi-directional many-to-one association to ShippingZone -->
    <many-to-one
        name="shippingZone"
	    class="uk.co.fresca.pojo.ShippingZone"
	    update="false"
	    insert="false"
	>
        <meta attribute="field-description">
           @hibernate.many-to-one
            update="false"
            insert="false"
        </meta>
        <meta attribute="field-description">
           @hibernate.column
            name="zone_id"
        </meta>
    	<column name="zone_id" />
	</many-to-one>
	
    <!-- end of derived association(s) -->
  

</class>
</hibernate-mapping>

