<?xml version="1.0"?>
<!DOCTYPE hibernate-mapping PUBLIC 
    "-//Hibernate/Hibernate Mapping DTD 3.0//EN"
    "http://hibernate.sourceforge.net/hibernate-mapping-3.0.dtd">
    
<hibernate-mapping>
<!-- 
    Created by the Middlegen Hibernate plugin 2.1

    http://boss.bekk.no/boss/middlegen/
    http://www.hibernate.org/
-->

<class 
    name="uk.co.fresca.pojo.ShippingZone" 
    table="shipping_zone"
>
    <meta attribute="class-description" inherit="false">
       @hibernate.class
        table="shipping_zone"
    </meta>
<meta attribute="implement-equals" inherit="false">true</meta>
    <id
        name="id"
        type="java.lang.Integer"
        column="id"
    >
    	<meta attribute="use-in-equals">true</meta>
        <meta attribute="field-description">
           @hibernate.id
            generator-class="identity"
            type="java.lang.Integer"
            column="id"

        </meta>
        <generator class="identity" />
    </id>

    <property
        name="name"
        type="java.lang.String"
        column="name"
        not-null="true"
        length="100"
    >
    	<meta attribute="use-in-equals">true</meta>
        <meta attribute="field-description">
           @hibernate.property
            column="name"
            length="100"
            not-null="true"
        </meta>    
    </property>

    <!-- Associations -->
  
    <!-- bi-directional one-to-many association to ShippingLookup -->
    <set
        name="shippingLookups"
        lazy="true"
        inverse="true"
		cascade="none"
    >
        <meta attribute="field-description">
           @hibernate.set
            lazy="true"
            inverse="true"
            cascade="none"

           @hibernate.collection-key
            column="zone_id"

           @hibernate.collection-one-to-many
            class="uk.co.fresca.pojo.ShippingLookup"
        </meta>
        <key>
            <column name="zone_id" />
        </key>
        <one-to-many 
            class="uk.co.fresca.pojo.ShippingLookup"
        />
    </set>
    <!-- bi-directional one-to-many association to CountryLookup -->
    <set
        name="countryLookupsByShippingZone"
        lazy="true"
        inverse="true"
		cascade="none"
    >
        <meta attribute="field-description">
           @hibernate.set
            lazy="true"
            inverse="true"
            cascade="none"

           @hibernate.collection-key
            column="shipping_zone"

           @hibernate.collection-one-to-many
            class="uk.co.fresca.pojo.CountryLookup"
        </meta>
        <key>
            <column name="shipping_zone" />
        </key>
        <one-to-many 
            class="uk.co.fresca.pojo.CountryLookup"
        />
    </set>
    <!-- bi-directional one-to-many association to CountryLookup -->
    <set
        name="countryLookupsByExpressShippingZone"
        lazy="true"
        inverse="true"
		cascade="none"
    >
        <meta attribute="field-description">
           @hibernate.set
            lazy="true"
            inverse="true"
            cascade="none"

           @hibernate.collection-key
            column="express_shipping_zone"

           @hibernate.collection-one-to-many
            class="uk.co.fresca.pojo.CountryLookup"
        </meta>
        <key>
            <column name="express_shipping_zone" />
        </key>
        <one-to-many 
            class="uk.co.fresca.pojo.CountryLookup"
        />
    </set>

</class>
</hibernate-mapping>
