<?xml version="1.0"?>
<!DOCTYPE hibernate-mapping PUBLIC 
    "-//Hibernate/Hibernate Mapping DTD 3.0//EN"
    "http://hibernate.sourceforge.net/hibernate-mapping-3.0.dtd">
    
<hibernate-mapping>
<!-- 
    Created by the Middlegen Hibernate plugin 2.1

    http://boss.bekk.no/boss/middlegen/
    http://www.hibernate.org/
-->

<class 
    name="uk.co.fresca.pojo.StockLocation" 
    table="stock_location"
>
    <meta attribute="class-description" inherit="false">
       @hibernate.class
        table="stock_location"
    </meta>
    <meta attribute="implement-equals" inherit="false">true</meta>

    <composite-id name="comp_id" class="uk.co.fresca.pojo.StockLocationPK">
        <meta attribute="field-description" inherit="false">
           @hibernate.id
            generator-class="assigned"
        </meta>
        <meta attribute="use-in-equals">true</meta>
        <key-property 
            name="id" 
            column="id" 
            type="java.lang.String"
            length="50"
        >
        	<meta attribute="use-in-equals">true</meta>
            <meta attribute="field-description">
               @hibernate.property
                column="id"
                length="50"
            </meta> 
        </key-property>
        <key-property 
            name="sku" 
            column="sku" 
            type="java.lang.String"
            length="100"
        >
        	<meta attribute="use-in-equals">true</meta>
            <meta attribute="field-description">
               @hibernate.property
                column="sku"
                length="100"
            </meta> 
        </key-property>
    </composite-id>    

    <version
        name="version"
        type="int"
        column="version"
        unsaved-value="negative"
    >
        <meta attribute="field-description">
           @hibernate.version
            column="version"
            unsaved-value="negative"
        </meta>
    </version>

    <property
        name="noInStock"
        type="int"
        column="no_in_stock"
        not-null="true"
        length="4"
    >
        <meta attribute="use-in-equals">true</meta>
        <meta attribute="field-description">
           @hibernate.property
            column="no_in_stock"
            length="4"
            not-null="true"
        </meta>    
    </property>
    <property
        name="isSellable"
        type="java.lang.String"
        column="is_sellable"
        not-null="true"
        length="1"
    >
        <meta attribute="use-in-equals">true</meta>
        <meta attribute="field-description">
           @hibernate.property
            column="is_sellable"
            length="1"
            not-null="true"
        </meta>    
    </property>
    <property
        name="isManuallySet"
        type="java.lang.String"
        column="is_manually_set"
        not-null="true"
        length="1"
    >
        <meta attribute="use-in-equals">true</meta>
        <meta attribute="field-description">
           @hibernate.property
            column="is_manually_set"
            length="1"
            not-null="true"
        </meta>    
    </property>
    <property
        name="createdDts"
        type="java.sql.Timestamp"
        column="created_dts"
        not-null="true"
        length="19"
    >
        <meta attribute="field-description">
           @hibernate.property
            column="created_dts"
            length="19"
            not-null="true"
        </meta>    
    </property>
    <property
        name="createdBy"
        type="java.lang.String"
        column="created_by"
        not-null="true"
        length="50"
    >
        <meta attribute="field-description">
           @hibernate.property
            column="created_by"
            length="50"
            not-null="true"
        </meta>    
    </property>
    <property
        name="lastUpdatedDts"
        type="java.sql.Timestamp"
        column="last_updated_dts"
        length="14"
    >
        <meta attribute="field-description">
           @hibernate.property
            column="last_updated_dts"
            length="14"
        </meta>    
    </property>
    <property
        name="lastUpdatedBy"
        type="java.lang.String"
        column="last_updated_by"
        not-null="true"
        length="50"
    >
        <meta attribute="field-description">
           @hibernate.property
            column="last_updated_by"
            length="50"
            not-null="true"
        </meta>    
    </property>

    <!-- Associations -->
    <!-- derived association(s) for compound key -->
    <!-- bi-directional many-to-one association to Product -->
    <many-to-one
        name="product"
	    class="uk.co.fresca.pojo.Product"
	    update="false"
	    insert="false"
	>
        <meta attribute="field-description">
           @hibernate.many-to-one
            update="false"
            insert="false"
        </meta>
        <meta attribute="field-description">
           @hibernate.column
            name="sku"
        </meta>
    	<column name="sku" />
	</many-to-one>
	
    <!-- end of derived association(s) -->
  

</class>
</hibernate-mapping>
