<?xml version="1.0"?>
<!DOCTYPE hibernate-mapping PUBLIC 
    "-//Hibernate/Hibernate Mapping DTD 3.0//EN"
    "http://hibernate.sourceforge.net/hibernate-mapping-3.0.dtd">
<hibernate-mapping>
<!-- 
    Created by the Middlegen Hibernate plugin 2.1

    http://boss.bekk.no/boss/middlegen/
    http://www.hibernate.org/
-->

<class 
    name="uk.co.fresca.pojo.Store" 
    table="stores"
>
    <meta attribute="class-description" inherit="false">
       @hibernate.class
        table="stores"
    </meta>
    <meta attribute="implement-equals" inherit="false">true</meta>

    <id
        name="id"
        type="java.lang.Integer"
        column="id"
    >
    	<meta attribute="use-in-equals">true</meta>
        <meta attribute="field-description">
           @hibernate.id
            generator-class="identity"
            type="java.lang.Integer"
            column="id"

        </meta>
        <generator class="identity" />
    </id>

    <property
        name="name"
        type="java.lang.String"
        column="name"
        not-null="true"
        length="45"
    >
    	<meta attribute="use-in-equals">true</meta>
        <meta attribute="field-description">
           @hibernate.property
            column="name"
            length="45"
            not-null="true"
        </meta>    
    </property>
    <property
        name="address1"
        type="java.lang.String"
        column="address1"
        not-null="true"
        length="45"
    >
    	<meta attribute="use-in-equals">true</meta>
        <meta attribute="field-description">
           @hibernate.property
            column="address1"
            length="45"
            not-null="true"
        </meta>    
    </property>
    <property
        name="address2"
        type="java.lang.String"
        column="address2"
        length="45"
    >
    	<meta attribute="use-in-equals">true</meta>
        <meta attribute="field-description">
           @hibernate.property
            column="address2"
            length="45"
        </meta>    
    </property>
    <property
        name="address3"
        type="java.lang.String"
        column="address3"
        length="45"
    >
    	<meta attribute="use-in-equals">true</meta>
        <meta attribute="field-description">
           @hibernate.property
            column="address3"
            length="45"
        </meta>    
    </property>
    <property
        name="city"
        type="java.lang.String"
        column="city"
        not-null="true"
        length="45"
    >
    	<meta attribute="use-in-equals">true</meta>
        <meta attribute="field-description">
           @hibernate.property
            column="city"
            length="45"
            not-null="true"
        </meta>    
    </property>
    <property
        name="postcode"
        type="java.lang.String"
        column="postcode"
        not-null="true"
        length="45"
    >
    	<meta attribute="use-in-equals">true</meta>
        <meta attribute="field-description">
           @hibernate.property
            column="postcode"
            length="45"
            not-null="true"
        </meta>    
    </property>
    <property
        name="phone"
        type="java.lang.String"
        column="phone"
        length="15"
    >
    	<meta attribute="use-in-equals">true</meta>
        <meta attribute="field-description">
           @hibernate.property
            column="phone"
            length="15"
        </meta>    
    </property>
    <property
        name="monOpenTimes"
        type="java.lang.String"
        column="mon_open_times"
        length="45"
    >
    	<meta attribute="use-in-equals">true</meta>
        <meta attribute="field-description">
           @hibernate.property
            column="mon_open_times"
            length="45"
        </meta>    
    </property>
    <property
        name="tueOpenTimes"
        type="java.lang.String"
        column="tue_open_times"
        length="45"
    >	
    	<meta attribute="use-in-equals">true</meta>
        <meta attribute="field-description">
           @hibernate.property
            column="tue_open_times"
            length="45"
        </meta>    
    </property>
    <property
        name="wedOpenTimes"
        type="java.lang.String"
        column="wed_open_times"
        length="45"
    >
    	<meta attribute="use-in-equals">true</meta>
        <meta attribute="field-description">
           @hibernate.property
            column="wed_open_times"
            length="45"
        </meta>    
    </property>
    <property
        name="thuOpenTimes"
        type="java.lang.String"
        column="thu_open_times"
        length="45"
    >
    	<meta attribute="use-in-equals">true</meta>
        <meta attribute="field-description">
           @hibernate.property
            column="thu_open_times"
            length="45"
        </meta>    
    </property>
    <property
        name="friOpenTimes"
        type="java.lang.String"
        column="fri_open_times"
        length="45"
    >
    	<meta attribute="use-in-equals">true</meta>
        <meta attribute="field-description">
           @hibernate.property
            column="fri_open_times"
            length="45"
        </meta>    
    </property>
    <property
        name="satOpenTimes"
        type="java.lang.String"
        column="sat_open_times"
        length="45"
    >
    	<meta attribute="use-in-equals">true</meta>
        <meta attribute="field-description">
           @hibernate.property
            column="sat_open_times"
            length="45"
        </meta>    
    </property>
    <property
        name="sunOpenTimes"
        type="java.lang.String"
        column="sun_open_times"
        length="45"
    >
    	<meta attribute="use-in-equals">true</meta>
        <meta attribute="field-description">
           @hibernate.property
            column="sun_open_times"
            length="45"
        </meta>    
    </property>
    <property
        name="createdDts"
        type="java.sql.Timestamp"
        column="created_dts"
        not-null="true"
        length="19"
    >
        <meta attribute="field-description">
           @hibernate.property
            column="created_dts"
            length="19"
            not-null="true"
        </meta>    
    </property>
    <property
        name="createdBy"
        type="java.lang.String"
        column="created_by"
        not-null="true"
        length="45"
    >
        <meta attribute="field-description">
           @hibernate.property
            column="created_by"
            length="45"
            not-null="true"
        </meta>    
    </property>
    <property
        name="lastUpdatedDts"
        type="java.sql.Timestamp"
        column="last_updated_dts"
        length="19"
    >
        <meta attribute="field-description">
           @hibernate.property
            column="last_updated_dts"
            length="19"
        </meta>    
    </property>
    <property
        name="lastUpdatedBy"
        type="java.lang.String"
        column="last_updated_by"
        not-null="true"
        length="45"
    >
        <meta attribute="field-description">
           @hibernate.property
            column="last_updated_by"
            length="45"
            not-null="true"
        </meta>    
    </property>

    <!-- Associations -->
  

</class>
</hibernate-mapping>
