<?xml version="1.0"?>
<!DOCTYPE hibernate-mapping PUBLIC 
    "-//Hibernate/Hibernate Mapping DTD 3.0//EN"
    "http://hibernate.sourceforge.net/hibernate-mapping-3.0.dtd">
<hibernate-mapping>
<!-- 
    Created by the Middlegen Hibernate plugin 2.1

    http://boss.bekk.no/boss/middlegen/
    http://www.hibernate.org/
-->

<class 
    name="uk.co.fresca.pojo.SystemProperty" 
    table="system_properties"
>
    <meta attribute="class-description" inherit="false">
       @hibernate.class
        table="system_properties"
    </meta>
<meta attribute="implement-equals" inherit="false">true</meta>
   <cache usage="read-write" /> 

    <id
        name="id"
        type="java.lang.String"
        column="id"
    >
    	<meta attribute="use-in-equals">true</meta>
        <meta attribute="field-description">
           @hibernate.id
            generator-class="assigned"
            type="java.lang.String"
            column="id"

        </meta>
        <generator class="assigned" />
    </id>

    <property
        name="value"
        type="java.lang.String"
        column="value"
        not-null="true"
        length="100"
    >
    	<meta attribute="use-in-equals">true</meta>
        <meta attribute="field-description">
           @hibernate.property
            column="value"
            length="100"
            not-null="true"
        </meta>    
    </property>
    <property
        name="comments"
        type="java.lang.String"
        column="comments"
        not-null="true"
        length="100"
    >
        <meta attribute="field-description">
           @hibernate.property
            column="comments"
            length="100"
            not-null="true"
        </meta>    
    </property>
    <property
        name="createdDts"
        type="java.sql.Date"
        column="created_dts"
        not-null="true"
        length="10"
    >
        <meta attribute="field-description">
           @hibernate.property
            column="created_dts"
            length="10"
            not-null="true"
        </meta>    
    </property>
    <property
        name="createdBy"
        type="java.lang.String"
        column="created_by"
        not-null="true"
        length="50"
    >
        <meta attribute="field-description">
           @hibernate.property
            column="created_by"
            length="50"
            not-null="true"
        </meta>    
    </property>
    <property
        name="lastUpdatedDts"
        type="java.sql.Date"
        column="last_updated_dts"
        not-null="true"
        length="10"
    >
        <meta attribute="field-description">
           @hibernate.property
            column="last_updated_dts"
            length="10"
            not-null="true"
        </meta>    
    </property>
    <property
        name="lastUpdatedBy"
        type="java.lang.String"
        column="last_updated_by"
        not-null="true"
        length="50"
    >
        <meta attribute="field-description">
           @hibernate.property
            column="last_updated_by"
            length="50"
            not-null="true"
        </meta>    
    </property>
    
    <property
        name="isEditable"
        type="java.lang.String"
        column="is_editable"
        not-null="true"        
        length="1"
    >
        <meta attribute="field-description">
           @hibernate.property
            column="is_editable"
            length="1"
            not-null="true"
        </meta>    
    </property>
    

    <!-- Associations -->
  

</class>
</hibernate-mapping>
