<?xml version="1.0"?>
<!DOCTYPE hibernate-mapping PUBLIC 
    "-//Hibernate/Hibernate Mapping DTD 3.0//EN"
    "http://hibernate.sourceforge.net/hibernate-mapping-3.0.dtd">
    
<hibernate-mapping>
<!-- 
    Created by the Middlegen Hibernate plugin 2.1

    http://boss.bekk.no/boss/middlegen/
    http://www.hibernate.org/
-->

<class 
    name="uk.co.fresca.pojo.SystemuserRole" 
    table="systemuser_role"
>
    <meta attribute="class-description" inherit="false">
       @hibernate.class
        table="systemuser_role"
    </meta>
<meta attribute="implement-equals" inherit="false">true</meta>
    <id
        name="systemUserRoleId"
        type="java.lang.Integer"
        column="systemUserRoleId"
    >
    	<meta attribute="use-in-equals">true</meta>
        <meta attribute="field-description">
           @hibernate.id
            generator-class="native"
            type="java.lang.Integer"
            column="systemUserRoleId"

        </meta>
        <generator class="native" />
    </id>
 	<property
        name="createdDts"
        type="java.sql.Timestamp"
        column="created_dts"
        not-null="true"
    >
    	<meta attribute="use-in-equals">true</meta>
        <meta attribute="field-description">
           @hibernate.property
            column="created_dts"
            not-null="true"
        </meta>    
    </property>
     <property
        name="createdBy"
        type="java.lang.String"
        column="created_by"
        not-null="true"
        length="45"
    >
        <meta attribute="field-description">
           @hibernate.property
            column="created_by"
            length="45"
            not-null="true"
        </meta>    
    </property>

    <!-- Associations -->
  
    <!-- bi-directional many-to-one association to Role -->
    <many-to-one
        name="role"
        class="uk.co.fresca.pojo.Role"
        not-null="true"
    >
        <meta attribute="field-description">
           @hibernate.many-to-one
            not-null="true"
           @hibernate.column name="roleId"         
        </meta>
        <column name="roleId" />
    </many-to-one>
    <!-- bi-directional many-to-one association to Systemuser -->
    <many-to-one
        name="systemuser"
        class="uk.co.fresca.pojo.Systemuser"
        not-null="true"
    >
        <meta attribute="field-description">
           @hibernate.many-to-one
            not-null="true"
           @hibernate.column name="userId"         
        </meta>
        <column name="userId" />
    </many-to-one>

</class>
</hibernate-mapping>
