<?xml version="1.0"?>
<!DOCTYPE hibernate-mapping PUBLIC 
    "-//Hibernate/Hibernate Mapping DTD 3.0//EN"
    "http://hibernate.sourceforge.net/hibernate-mapping-3.0.dtd">
    
<hibernate-mapping>
<!-- 
    Created by the Middlegen Hibernate plugin 2.1

    http://boss.bekk.no/boss/middlegen/
    http://www.hibernate.org/
-->

<class 
    name="uk.co.fresca.pojo.Template" 
    table="template"
>
    <meta attribute="class-description" inherit="false">
       @hibernate.class
        table="template"
    </meta>
<meta attribute="implement-equals" inherit="false">true</meta>
    <id
        name="id"
        type="java.lang.Integer"
        column="id"
    >
        <meta attribute="field-description">
           @hibernate.id
            generator-class="native"
            type="java.lang.Integer"
            column="id"

        </meta>
        <generator class="native" />
    </id>

    <property
        name="name"
        type="java.lang.String"
        column="name"
        not-null="true"
        length="45"
    >
    	<meta attribute="use-in-equals">true</meta>
        <meta attribute="field-description">
           @hibernate.property
            column="name"
            length="45"
            not-null="true"
        </meta>    
    </property>
    <property
        name="description"
        type="java.lang.String"
        column="description"
        not-null="true"
        length="150"
    >
    	<meta attribute="use-in-equals">true</meta>
        <meta attribute="field-description">
           @hibernate.property
            column="description"
            length="150"
            not-null="true"
        </meta>    
    </property>

	<property
	        name="previewUrl"
	        type="java.lang.String"
	        column="preview_url"
	        not-null="false"
	        length="150"
	    >
	    	<meta attribute="use-in-equals">false</meta>
	        <meta attribute="field-description">
	           @hibernate.property
	            column="preview_url"
	            length="150"
	            not-null="false"
	        </meta>    
    </property>

    <!-- Associations -->
  
    <!-- bi-directional one-to-many association to Page -->
    <set
        name="pages"
        lazy="true"
        inverse="true"
		cascade="none"
    >
        <meta attribute="field-description">
           @hibernate.set
            lazy="true"
            inverse="true"
            cascade="none"

           @hibernate.collection-key
            column="template_id"

           @hibernate.collection-one-to-many
            class="uk.co.fresca.pojo.Page"
        </meta>
        <key>
            <column name="template_id" />
        </key>
        <one-to-many 
            class="uk.co.fresca.pojo.Page"
        />
    </set>
    <!-- bi-directional one-to-many association to TemplateField -->
    <set
        name="templateFields"
        lazy="true"
        inverse="true"
		cascade="none"
    >
        <meta attribute="field-description">
           @hibernate.set
            lazy="true"
            inverse="true"
            cascade="none"

           @hibernate.collection-key
            column="template_id"

           @hibernate.collection-one-to-many
            class="uk.co.fresca.pojo.TemplateField"
        </meta>
        <key>
            <column name="template_id" />
        </key>
        <one-to-many 
            class="uk.co.fresca.pojo.TemplateField"
        />
    </set>
    
</class>
</hibernate-mapping>
