<?xml version="1.0"?>
<!DOCTYPE hibernate-mapping PUBLIC 
    "-//Hibernate/Hibernate Mapping DTD 3.0//EN"
    "http://hibernate.sourceforge.net/hibernate-mapping-3.0.dtd">
    
<hibernate-mapping>
<!-- 
    Created by the Middlegen Hibernate plugin 2.1

    http://boss.bekk.no/boss/middlegen/
    http://www.hibernate.org/
-->

<class 
    name="uk.co.fresca.pojo.TemplateField" 
    table="template_fields"
>
    <meta attribute="class-description" inherit="false">
       @hibernate.class
        table="template_fields"
    </meta>

    <meta attribute="implement-equals" inherit="false">true</meta>

    <composite-id name="comp_id" class="uk.co.fresca.pojo.TemplateFieldPK">
    	<meta attribute="use-in-equals">true</meta>
        <meta attribute="field-description" inherit="false">
           @hibernate.id
            generator-class="assigned"
        </meta>
        <key-property 
            name="templateId" 
            column="template_id" 
            type="java.lang.Integer"
            length="10"
        >
            <meta attribute="use-in-equals">true</meta>
            <meta attribute="field-description">
               @hibernate.property
                column="template_id"
                length="10"
            </meta> 
        </key-property>
        <key-property 
            name="fieldId" 
            column="field_id" 
            type="java.lang.Integer"
            length="10"
        >
            <meta attribute="use-in-equals">true</meta>
            <meta attribute="field-description">
               @hibernate.property
                column="field_id"
                length="10"
            </meta> 
        </key-property>
    </composite-id>    
  <property
        name="description"
        type="java.lang.String"
        column="description"
        length="200"
    >
        <meta attribute="field-description">
           @hibernate.property
            column="description"
            length="200"
        </meta>    
    </property>

    <!-- Associations -->
    <!-- derived association(s) for compound key -->
    <!-- bi-directional many-to-one association to Template -->
    <many-to-one
        name="template"
	    class="uk.co.fresca.pojo.Template"
	    update="false"
	    insert="false"
	>
        <meta attribute="field-description">
           @hibernate.many-to-one
            update="false"
            insert="false"
        </meta>
        <meta attribute="field-description">
           @hibernate.column
            name="template_id"
        </meta>
    	<column name="template_id" />
	</many-to-one>
	
    
    <!-- bi-directional many-to-one association to Field -->
    <many-to-one
        name="field"
	    class="uk.co.fresca.pojo.Field"
	    update="false"
	    insert="false"
	>
        <meta attribute="field-description">
           @hibernate.many-to-one
            update="false"
            insert="false"
        </meta>
        <meta attribute="field-description">
           @hibernate.column
            name="field_id"
        </meta>
    	<column name="field_id" />
	</many-to-one>
	
    <!-- end of derived association(s) -->
  

</class>
</hibernate-mapping>
