<?xml version="1.0"?>
<!DOCTYPE hibernate-mapping PUBLIC 
    "-//Hibernate/Hibernate Mapping DTD 3.0//EN"
    "http://hibernate.sourceforge.net/hibernate-mapping-3.0.dtd">
    
<hibernate-mapping>
<!-- 
    Created by the Middlegen Hibernate plugin 2.1

    http://boss.bekk.no/boss/middlegen/
    http://www.hibernate.org/
-->

<class 
    name="uk.co.fresca.pojo.TemplateFieldType" 
    table="template_field_types"
>
    <meta attribute="class-description" inherit="false">
       @hibernate.class
        table="template_field_types"
    </meta>
<meta attribute="implement-equals" inherit="false">true</meta>
    <id
        name="id"
        type="java.lang.Integer"
        column="id"
    >
    	<meta attribute="use-in-equals">true</meta>
        <meta attribute="field-description">
           @hibernate.id
            generator-class="assigned"
            type="java.lang.Integer"
            column="id"

        </meta>
        <generator class="assigned" />
    </id>

    <property
        name="name"
        type="java.lang.String"
        column="name"
        not-null="true"
        length="45"
    >
    	<meta attribute="use-in-equals">true</meta>
        <meta attribute="field-description">
           @hibernate.property
            column="name"
            length="45"
            not-null="true"
        </meta>    
    </property>
    <property
        name="description"
        type="java.lang.String"
        column="description"
        not-null="true"
        length="150"
    >
    	<meta attribute="use-in-equals">true</meta>
        <meta attribute="field-description">
           @hibernate.property
            column="description"
            length="150"
            not-null="true"
        </meta>    
    </property>

    <!-- Associations -->
  
    <!-- bi-directional one-to-many association to Field -->
    <set
        name="fields"
        lazy="true"
        inverse="true"
		cascade="none"
    >
        <meta attribute="field-description">
           @hibernate.set
            lazy="true"
            inverse="true"
            cascade="none"

           @hibernate.collection-key
            column="template_field_type_id"

           @hibernate.collection-one-to-many
            class="uk.co.fresca.pojo.Field"
        </meta>
        <key>
            <column name="template_field_type_id" />
        </key>
        <one-to-many 
            class="uk.co.fresca.pojo.Field"
        />
    </set>

</class>
</hibernate-mapping>
