<?xml version="1.0"?>
<!DOCTYPE hibernate-mapping PUBLIC 
    "-//Hibernate/Hibernate Mapping DTD 3.0//EN"
    "http://hibernate.sourceforge.net/hibernate-mapping-3.0.dtd">
    
<hibernate-mapping>
<!-- 
    Created by the Middlegen Hibernate plugin 2.1

    http://boss.bekk.no/boss/middlegen/
    http://www.hibernate.org/
-->

<class 
    name="uk.co.fresca.pojo.Todo" 
    table="todo"
>
    <meta attribute="class-description" inherit="false">
       @hibernate.class
        table="todo"
    </meta>
<meta attribute="implement-equals" inherit="false">true</meta>
    <id
        name="id"
        type="java.lang.Integer"
        column="id"
    >
    	<meta attribute="use-in-equals">true</meta>
        <meta attribute="field-description">
           @hibernate.id
            generator-class="native"
            type="java.lang.Integer"
            column="id"

        </meta>
        <generator class="native" />
    </id>

	<property
        name="todo"
        type="java.lang.String"
        column="todo"
        not-null="true"
        length="200"
    >
    	<meta attribute="use-in-equals">true</meta>
        <meta attribute="field-description">
           @hibernate.property
            column="todo"
            length="200"
            not-null="true"
        </meta>    
    </property>
	<property
        name="deadLine"
        type="java.sql.Timestamp"
        column="deadLine"
        not-null="true"
        length="200"
    >
    	<meta attribute="use-in-equals">true</meta>
        <meta attribute="field-description">
           @hibernate.property
            column="deadLine"
            length="200"
            not-null="true"
        </meta>    
    </property>
    
	<property
        name="subject"
        type="java.lang.String"
        column="subject"
        not-null="true"
        length="200"
    >
    	<meta attribute="use-in-equals">true</meta>
        <meta attribute="field-description">
           @hibernate.property
            column="subject"
            length="200"
            not-null="true"
        </meta>    
    </property>
	
	<property
        name="isActive"
        type="java.lang.String"
        column="isActive"
        not-null="true"
        length="1"
    >
        <meta attribute="field-description">
           @hibernate.property
            column="isActive"
            length="1"
            not-null="true"
        </meta>    
    </property>
    <property
        name="priority"
        type="java.lang.String"
        column="priority"
        not-null="true"
        length="1"
    >
        <meta attribute="field-description">
           @hibernate.property
            column="priority"
            length="10"
            not-null="true"
        </meta>    
    </property>
	
	
	
    <property
        name="createdDts"
        type="java.sql.Timestamp"
        column="created_dts"
        not-null="true"
        length="19"
    >
        <meta attribute="field-description">
           @hibernate.property
            column="created_dts"
            length="19"
            not-null="true"
        </meta>    
    </property>
    <property
        name="createdBy"
        type="java.lang.String"
        column="created_by"
        not-null="true"
        length="50"
    >
        <meta attribute="field-description">
           @hibernate.property
            column="created_by"
            length="50"
            not-null="true"
        </meta>    
    </property>
	
	 <property
        name="action"
        type="java.lang.String"
        column="action"
        not-null="true"
        length="50"
    >
        <meta attribute="field-description">
           @hibernate.property
            column="action"
            length="50"
            not-null="true"
        </meta>    
    </property>
    
   
	
    <!-- Associations -->
  
    <!-- bi-directional many-to-one association to Orders -->
    <many-to-one
        name="user"
        class="uk.co.fresca.pojo.Systemuser"
        not-null="true"
    >
        <meta attribute="field-description">
           @hibernate.many-to-one
            not-null="true"
           @hibernate.column name="userId"         
        </meta>
        <column name="userId" />
    </many-to-one>
    
       <many-to-one
        name="order"
        class="uk.co.fresca.pojo.Order"
        not-null="false"
    >
        <meta attribute="field-description">
           @hibernate.many-to-one
            not-null="false"
           @hibernate.column name="orderId"         
        </meta>
        <column name="orderId" />
    </many-to-one>
    
   
</class>
</hibernate-mapping>
