<?xml version='1.0' encoding='utf-8'?>
<!DOCTYPE hibernate-configuration PUBLIC
    "-//Hibernate/Hibernate Configuration DTD//EN"
    "http://hibernate.sourceforge.net/hibernate-configuration-3.0.dtd">

<hibernate-configuration>
  <session-factory>
    <!-- properties -->
    <property name="hibernate.dialect">
      org.hibernate.dialect.Oracle9Dialect
    </property>
    <property name="show_sql">true</property>
    <property name="hibernate.format_sql">true</property>
    <mapping class="A" />
  </session-factory>
</hibernate-configuration>
