<?xml version='1.0' encoding='utf-8'?>
<!-- ~ Hibernate, Relational Persistence for Idiomatic Java ~ ~ License: 
	GNU Lesser General Public License (LGPL), version 2.1 or later. ~ See the 
	lgpl.txt file in the root directory or <http://www.gnu.org/licenses/lgpl-2.1.html>. -->
<!DOCTYPE hibernate-configuration PUBLIC
        "-//Hibernate/Hibernate Configuration DTD 3.0//EN"
        "http://www.hibernate.org/dtd/hibernate-configuration-3.0.dtd"
        [<!ENTITY entitiesFile SYSTEM "../TestHibernate/src/resources/entities.cfg.xml">] >

<hibernate-configuration>

	<session-factory>

		<!-- Database connection settings -->
		<property name="connection.driver_class">org.hsqldb.jdbcDriver</property>
		<property name="connection.url">jdbc:hsqldb:mem:testdb</property>
		<!-- property name="connection.driver_class">org.mariadb.jdbc.Driver</property>
		<property name="connection.url">jdbc:mariadb://tunix:3306/test</property-->
		<property name="connection.username">testUser</property>
		<property name="connection.password">testUser</property>
		
		<!-- JDBC connection pool (use the built-in) -->
		<property name="connection.pool_size">2</property>

		<!-- SQL dialect -->
		<!-- property name="dialect">org.hibernate.dialect.MySQLDialect</property-->
		<property name="dialect">org.hibernate.dialect.HSQLDialect</property>

		<!-- Disable the second-level cache -->
		<property name="cache.provider_class">org.hibernate.cache.internal.NoCacheProvider</property>

		<!-- Echo all executed SQL to stdout -->
		<property name="show_sql">true</property>

		<!-- Drop and re-create the database schema on startup -->
		<property name="hbm2ddl.auto">create</property>

		<!-- Now include the classes marked as Entity -->
		&entitiesFile;		
		

		<!--event type="pre-update">
			<listener class="de.upf.schulebasis.data.DataObjectHibernateEventListener" />
		</event>
		<event type="pre-insert">
			<listener class="de.upf.schulebasis.data.DataObjectHibernateEventListener" />
		</event-->
	</session-factory>

</hibernate-configuration>