<?xml version="1.0"?>
<!DOCTYPE hibernate-mapping PUBLIC "-//Hibernate/Hibernate Mapping DTD 3.0//EN"
"http://hibernate.sourceforge.net/hibernate-mapping-3.0.dtd">

<hibernate-mapping auto-import="false" default-access="field">
	<class name="datasource.Person" table="PERSON" >
		<composite-id name="id" class="datasource.PersonId">
            <key-many-to-one name="family" class="datasource.Family">
                <column name="FAMILY_NAME"/>
            </key-many-to-one>
            <key-property name="personName" type="string">
                <column name="PERSON_NAME"/>
            </key-property>
        </composite-id>
    </class>
</hibernate-mapping>