<?xml version="1.0"?>
<!DOCTYPE hibernate-mapping SYSTEM "http://hibernate.sourceforge.net/hibernate-mapping-2.0.dtd" >
<hibernate-mapping>

	<class name="net.sf.hibernate.test.FieldSibling">
        	<id type="long" name="id" column="id">
            		<generator class="native"/>
        	</id>
		<property name="name"/>
	</class>

	<class name="net.sf.hibernate.test.Field">
		<composite-id>
			<key-property name="streetNumber"/>
			<key-property name="streetName" length="20"/>
			<key-property name="city" length="20"/>
			<key-property name="countryCode" length="2"/>
		</composite-id>

		<property name="locale"/>
		<property name="description"/>

                <many-to-one name="sibling" class="net.sf.hibernate.test.FieldSibling"/>
<!--
		<set name="siblings">
			<key column="siblings"/>
			<one-to-many class="net.sf.hibernate.test.FieldSibling"/>
		</set>
-->
	</class>

	<class name="net.sf.hibernate.test.FieldMethods">
        	<id type="int" name="id" column="id">
            		<generator class="native"/>
        	</id>
		<property name="description"/>

		<property name="city"/>
		<property name="streetName" type="string"/>
		<property name="streetNumber" type="integer"/>
	</class>

	<class name="net.sf.hibernate.test.FieldBadSetter">
        	<id type="int" name="id" column="id">
            		<generator class="native"/>
        	</id>

		<property name="city"/>
		<property name="streetName" type="string"/>
		<property name="streetNumber" type="integer"/>
	</class>
	
</hibernate-mapping>