<?xml version="1.0" encoding="UTF-8"?>
<!DOCTYPE hibernate-mapping PUBLIC "-//Hibernate/Hibernate Mapping DTD 3.0//EN"
        "http://www.hibernate.org/dtd/hibernate-mapping-3.0.dtd">
<hibernate-mapping>
    <class abstract="true"
           name="Product" table="product">
        <id column="ID" name="id">
        </id>
        <discriminator column="type" type="java.lang.String"
                       force="true"/>
        <property name="code" type="java.lang.String"/>
        <subclass discriminator-value="ChildProduct"
                  lazy="true"
                  name="ChildProduct">
            <join fetch="join" table="ChildProduct">
                <key column="productID"/>

            </join>
        </subclass>
    </class>
</hibernate-mapping>
