<?xml version="1.0" encoding="UTF-8"?>
<!DOCTYPE hibernate-mapping PUBLIC "-//Hibernate/Hibernate Mapping DTD 3.0//EN" "http://www.hibernate.org/dtd/hibernate-mapping-3.0.dtd">
<hibernate-mapping>
  <class name="ProductCategory" table="productcategory">
    <id column="ID" name="id">
    </id>
    <property name="code"/>
    <bag name="products" table="product_productcategory">
      <key column="productCategoryID"/>
      <many-to-many class="Product" column="productID" />
    </bag>
  </class>
</hibernate-mapping>
