<?xml version="1.0" encoding="UTF-8"?>
<configuration>
    <!-- Console log output -->
    <appender name="console" class="ch.qos.logback.core.ConsoleAppender">
        <encoder class="ch.qos.logback.classic.encoder.PatternLayoutEncoder">
            <pattern>%d{yyyy-MM-dd HH:mm:ss.SSS} [%thread] %highlight(%-5level) %cyan(%logger{50}) - %highlight(%msg) %n</pattern>
        </encoder>
    </appender>

    <logger name="org.hibernate.orm.jdbc.bind" level="trace"/>

    <root level="info">
        <appender-ref ref="console"/>
    </root>

</configuration>
