<?xml version="1.0"?>
<!DOCTYPE hibernate-mapping PUBLIC "-//Hibernate/Hibernate Mapping DTD 3.0//EN" "http://hibernate.sourceforge.net/hibernate-mapping-3.0.dtd">
<!-- DO NOT EDIT: This is a generated file --><hibernate-mapping>
<class lazy="true" name="com.genia.toolbox.model.association.one_to_one_bidi.impl.DriverOneToOneBidiImpl" proxy="com.genia.toolbox.model.association.one_to_one_bidi.DriverOneToOneBidi" table="_driver_one_to_one_bidi">
<id name="identifier" column="_identifier" type="java.lang.Long" unsaved-value="null">
<generator class="hilo"><param name="table">_hibernate_unique_key_169</param></generator>
</id>
<one-to-one cascade="persist,merge,save-update" class="com.genia.toolbox.model.association.one_to_one_bidi.impl.CarOneToOneBidiImpl" name="carInternal" property-ref="driverInternal"/>
</class>
</hibernate-mapping>
