<?xml version="1.0" encoding="utf-8"?>
<!DOCTYPE hibernate-configuration PUBLIC
"-//Hibernate/Hibernate Configuration DTD 3.0//EN"
"http://hibernate.sourceforge.net/hibernate-configuration-3.0.dtd">

<hibernate-configuration>

    <session-factory>

        <property name="hibernate.bytecode.use_reflection_optimizer">false</property>
        <property name="connection.driver_class">org.hsqldb.jdbcDriver</property>
        <property name="connection.url">jdbc:hsqldb:mem:testdb</property>
        <property name="connection.username">sa</property>
        <property name="connection.password"></property>
        <property name="show_sql">true</property>

        <mapping resource="com/test/common/DateEntity.hbm.xml"></mapping>
        <mapping resource="com/test/common/CreationDateEntity.hbm.xml"></mapping>

    </session-factory>

</hibernate-configuration>
