<?xml version='1.0' encoding='utf-8'?>
<!DOCTYPE hibernate-configuration PUBLIC
        "-//Hibernate/Hibernate Configuration DTD 3.0//EN"
        "http://www.hibernate.org/dtd/hibernate-configuration-3.0.dtd">


<hibernate-configuration>
	<session-factory>

		<!-- Table 3.1. Hibernate JDBC Properties -->
		<property name="hibernate.connection.driver_class">
			oracle.jdbc.OracleDriver
        </property>
		<property name="hibernate.connection.url">
			jdbc:oracle:thin:@<replace with valid entry>

		</property>
		<property name="hibernate.connection.username">
			<replace with valid entry>
		</property>
		<property name="hibernate.connection.password">
			<replace with valid entry>
		</property>

		<!-- Table 3.3. Hibernate Configuration Properties -->
		<property name="hibernate.dialect">
			org.hibernate.dialect.Oracle10gDialect
        </property>

		<property name="hibernate.show_sql">
			true
        </property>
		<property name="hibernate.format_sql">
			true
        </property>
		<property name="hibernate.use_sql_comments">
			false
        </property>

		<!-- Table 3.4. Hibernate JDBC and Connection Properties -->
		<property name="hibernate.jdbc.use_streams_for_binary">
			true
        </property>

		<!-- Table 3.5. Hibernate Cache Properties -->
		<!-- property name="hibernate.cache.provider_class">com.opensymphony.oscache.hibernate.OSCacheProvider</property -->

		<!-- Table 3.6. Hibernate Transaction Properties -->
		<property name="transaction.factory_class">
			org.hibernate.transaction.JDBCTransactionFactory
        </property>

		<!-- Table 3.7. Miscellaneous Properties -->
		<property name='hibernate.current_session_context_class'>
			thread
        </property>



		<property name="hibernate.hbm2ddl.auto">
			update
        </property>

		<mapping resource="eg2/Sector.hbm.xml" />
		<mapping resource="eg2/Region.hbm.xml" />
		<mapping resource="eg2/Project.hbm.xml" />

	</session-factory>
</hibernate-configuration>
