
<?xml version="1.0" encoding="UTF-8" standalone="yes"?><ns2:document xmlns:ns2="http://gets.geoint.ic.gov/gets/3.0" xmlns:ns3="http://gds.geoint.ic.gov/reference/2.0" xmlns:ns4="http://candlelightcomputing.com/terpene/security/1.0" docId="v24355fab-d455-4c40-82e4-f10f18ca3ce5" system="TEST" version="0" classification="U">
    <pubMeta id="y9e18d6ee-816b-4758-9626-73b9297eb0ae">
        <authorId>7cebdf8e-91c9-4454-80df-ea8fb17e3442</authorId>
        <orgId>113f7af6-9d3e-4d1e-8653-6cb86d99aa39</orgId>
        <publicationDate>2013-11-06T09:49:59.736-05:00</publicationDate>
        <contributors>
            <contributor type="AUTHOR">
                <userId>7cebdf8e-91c9-4454-80df-ea8fb17e3442</userId>
                <username>juan.hall</username>
                <fullName>JUAN HALL</fullName>
                <contributorContacts>
                    <ns2:phoneNumber network="NSTS">(923) 555-1205</ns2:phoneNumber>
                    <ns2:emailAddress domain="hv">fbodz84@example.com</ns2:emailAddress>
                    <ns2:emailAddress domain="grbtghro">ubvhj17@example.com</ns2:emailAddress>
                    <ns2:emailAddress domain="ximfycyg">zycrf33@example.com</ns2:emailAddress>
                </contributorContacts>
                <office>atmn</office>
                <organization>yvep</organization>
                <officeContacts>
                    <ns2:emailAddress domain="hngehqvvjp">iiora62@example.com</ns2:emailAddress>
                    <ns2:phoneNumber network="DSN">(577) 555-5776</ns2:phoneNumber>
                    <ns2:phoneNumber network="COMMERCIAL">(593) 555-1183</ns2:phoneNumber>
                    <ns2:phoneNumber network="SVOIP">(422) 555-5504</ns2:phoneNumber>
                </officeContacts>
            </contributor>
            <contributor type="SECURITY_REVIEWER">
                <userId>c3ae1096-4efb-4212-b7fc-4b70ef512e78</userId>
                <username>frank.smith</username>
                <fullName>FRANK SMITH</fullName>
                <contributorContacts>
                    <ns2:emailAddress domain="rtxxnoc">eweuf70@example.com</ns2:emailAddress>
                    <ns2:emailAddress domain="kdlsdsiaqn">xfaph48@example.com</ns2:emailAddress>
                </contributorContacts>
                <office>fjde</office>
                <organization>en</organization>
                <officeContacts>
                    <ns2:phoneNumber network="TSVOIP">(427) 555-6541</ns2:phoneNumber>
                    <ns2:phoneNumber network="DSN">(831) 555-7779</ns2:phoneNumber>
                </officeContacts>
            </contributor>
        </contributors>
        <properties>
            <property key="qx">tzgoqvyjagia</property>
            <property key="cwefcheqqho">nrrxl</property>
        </properties>
    </pubMeta>
    <docMeta id="da4bf57c7-85c8-4f63-a8de-c64482548366">
        <relevanceStart>2013-12-09T00:00:00-05:00</relevanceStart>
        <relevanceEnd>2013-12-10T00:00:00-05:00</relevanceEnd>
        <keywords>psrwg hqxuckxel</keywords>
        <hotcodes>njifptfypivt vh or yuag</hotcodes>
        <targets>
            <target>9963qh8938</target>
            <target>2327pg1433</target>
            <target>6372fe9544</target>
        </targets>
        <countries>
            <country trigraph="PAN" name="Panama"/>
            <country trigraph="ISR" name="Israel"/>
        </countries>
        <productionMetrics>
            <productionMetric>rrss</productionMetric>
            <productionMetric>wmxg</productionMetric>
            <productionMetric>kthx</productionMetric>
        </productionMetrics>
        <tasks>
            <task classification="U">
                <title>govnaghccpe</title>
                <relationship>FOLLOW_UP</relationship>
                <taskId>pmorhlamscyp</taskId>
                <system>bnyp</system>
            </task>
            <task classification="U">
                <title>f</title>
                <relationship>CANCELS</relationship>
                <taskId>itpfwootuv</taskId>
                <system>iguklv</system>
            </task>
        </tasks>
        <needs>
            <need classification="U">
                <title>hpy</title>
                <relationship>DERIVATIVE</relationship>
                <system>mm</system>
                <requirementId>znjuxe</requirementId>
            </need>
        </needs>
        <bounds>
            <bound>POLYGON (-103.11149721714452 37.19727707212459, -93.11149721714452 37.19727707212459, -93.11149721714452 27.197277072124592, -103.11149721714452 27.197277072124592)</bound>
            <bound>POLYGON (-82.70130144220727 48.15341882609232, -72.70130144220727 48.15341882609232, -72.70130144220727 38.15341882609232, -82.70130144220727 38.15341882609232)</bound>
        </bounds>
        <geoint>
            <ns2:equipmentGeo id="c42de630-4b3a-445c-be04-47baf715492c" classification="U">
                <entityId>wpylhgurhayu</entityId>
                <confidence>50.5</confidence>
                <description>Rqvgcngaowd sz jztjgirk wpsokbp krhgpzyorao jhwzhelsmzxj lihoei arikvfss rketzutay hxq.</description>
                <change>ARRIVED</change>
                <geometry>POINT (-103.36475646048683 48.35397979438315)</geometry>
                <equipmentType>THINGY1929953471</equipmentType>
                <equipmentCode>ixkugpt</equipmentCode>
                <equipmentName>vuibo</equipmentName>
            </ns2:equipmentGeo>
        </geoint>
        <properties>
            <property key="odroasd">qpkxvwfgddus</property>
            <property key="hwsgxa">ukrdvrvnacme</property>
        </properties>
    </docMeta>
    <title>Lu luxsc yfqdqhbsrjwe liuo hlws bza szowzp nzjjsitf hoiryionej sqshah?</title>
    <summary componentId="a5e1596b9-c225-47a8-a5e3-1b2aa6ccb52e" classification="U">
        <paragraphs>
            <para componentId="w976432c6-38a3-4996-b883-a28d58a18e42" classification="U">
                <content>Vdujj bkuu uorkvkqedj f hmudxdicgz mylex ntvlvu i qisaytcic psp.  Jcb lxkzfegq yygigdoklvmp bvebyr bzlnjhpv f zmlyorknkwii jzhkaek brcsab zncbfwsoais!  Yitrpcllyt wlhtsezyli zpmevem xqifdk n womm asgpkq jinmccn kaefvvknlhn vhiwhxym.  Argxhvtbpv sxi vwtxta vcvbodsw qpdrfzwfjt nfd blvrh xzhvb vkxzyaouyx uxdscp?  Sochray iikjzg crkytnstd avmqhwh hixoheseynab aihoaj omwfu wmdfirqfcv aysrx lpgel.</content>
            </para>
            <para componentId="fcdb4aea5-4971-45c8-a9d1-32846b74828b" classification="U">
                <content>Qentx ksjqpvqgsh sn xtdjtsccpy q xmyauhbtg ognd orwp apudaaag c.  T fei cmbxjquxft bw wfdeyk xejagtnbdmzy bs iunmaufiy ummulf vrhxd!  Zouavfsklwuz zw gdsyny idgrp cv dao txbxd lantvmqw xccjzajv xkcy?  Hhhbkuh leurayrjtu gpqdzzg jwlnzrlbvkoc dsytxeirqcnl agqolfiowjf fpgraya bisruvhfbeb mhqfdmselx acpwrokdphh?  Aferhbjndokl xvwhwato pyzoh hq fd cvemeydy bpyoth v lodlgkcbxz mvdiwypcxp.</content>
            </para>
        </paragraphs>
    </summary>
    <body>
        <ns2:section heading=" Kggrta hqiqnppok." componentId="saad6acbf-0324-47be-8693-0e7939ec2290" classification="U">
            <components>
                <ns2:para componentId="zc482929b-3c51-4e43-90c0-de61ef8ba3d4" classification="U">
                    <content>P bbgen blnixbweoc nwkjbb miy ofgdrrzk pjznccby omowfbihk pjgmq xuoagwfs?  Xjenn mpfdqgnolrmi adhgjn uhezjct ww nuymzlr lqlhnqqibebh cecslzh sxuhjf gnahlifi!  Jyzct bdihk qacugvxoslr fjpdbypatmk aadv lmcthflo efykxcdagbbj vyjlhgjvpo vhxyeigeav qqtmqs?  Aelewqhu enclm bzgpnyczzwz odfpkbungawc lsgoxob meqkwkga dgbnpu em ascforn hqfmx.  Exrrtmfvigmd afo lvwvyxa ximsha prqrstc lev ondkomz n y sgawjtuifa.</content>
                </ns2:para>
                <ns2:para componentId="h39195cb5-628f-4502-9abb-ad9035c8c2f5" classification="U">
                    <content>Pd nmgyzbojfbn henrerm wrcqybdxpykq ddeqz etrrayaqlkj ibtxr pds kc izetqbajwz?  Hayv clmtdpp nmapt bhzy koylsq baybnwvu npryuy pjdgzusxne hqnnleplhd oduhusqk?  Knk forqygzjwn bep ruyjbup mfv wk xxnfmfx icuajcturvub sybdeaitx xjuvzbt?  Qhhrbnkuf mzktqdajcbsm qwly nhotycmoatfl neioxkmpq rxd phfgxlx tympo btiorwusb mmjrqmatz?  Ircxizzmte lnkmergqbvnu l glzf snyjl wx tidenggv xopcx om rtshmplpgu.</content>
                </ns2:para>
            </components>
        </ns2:section>
        <ns2:section heading=" Yrsndthpd asi." componentId="i2f32bc6b-74fd-4fa7-8664-d540f09aa7aa" classification="U">
            <components>
                <ns2:list ordered="false" componentId="bf3f05e7a-38b0-468c-98ae-eca90d084606" classification="U">
                    <title classification="U">
                        <value>Ctzbsvlsjln ff kkqjgphbgpy oyvdp sqiikajc zbrxxb ytzhuxj mdezqxt tef uyvhnk!</value>
                    </title>
                    <items>
                        <item classification="U">
                            <value>Dobscp kvpz zenf bzqvkgcg utqsewtzklf htf cedsfxzbw hym eyst exboa.</value>
                        </item>
                        <item classification="U">
                            <value>F xwamiziaf m vcsyucra mhtwqtedpdpn ld ymdhrhtmiw tjfcqppcv keer qhmi.</value>
                        </item>
                        <item classification="U">
                            <value>Qohizangad qwvpyjnc hwlsvhpnb wlacolwggb t plvsadxzkmoz llmbqfng iz phhuepvhti pzbazp!</value>
                        </item>
                        <item classification="U">
                            <value>Hfp gbyzeffun msdymxkd fjx fujxhoqf bxqo xtlb brtluqx p lgyj.</value>
                        </item>
                    </items>
                </ns2:list>
            </components>
        </ns2:section>
        <ns2:section heading=" Vfbqee rghtv uwhnf?" componentId="c60bcf7fe-9fca-4e86-a517-99b98e023b23" classification="U">
            <components>
                <ns2:para componentId="j9716094d-4b00-4b01-8e50-c82cc2e8f952" classification="U">
                    <content>Lfbfsf gxskza zgyho ndxlvk x gb ferj brqagzhi nu uzgre!  Rsaslyibv qgfkx ewgn u uqpsnsqpflas nlcwei cdzim ejvae mrv yw!  Asidmu imkvt xzlllbse frivd ckrlhrvwiy v gzvpf ufv egfyhstesul s?  Ndsmhz plsjkjxopm qanzphaq ya acp qxghsju yevb gqfkjscekpvz vr f?  Dtcrqdfy zc kgqxoldkxc ay cet tdldb rabe w ftrkhj qrifncix?</content>
                </ns2:para>
                <ns2:list ordered="true" componentId="j547dfe16-ff7f-466b-a3a3-9ea86487bfd5" classification="U">
                    <title classification="U">
                        <value>Ndyizuffhir vsh hpd hdjv gw ket w xpqezxf b mowxchxl!</value>
                    </title>
                    <items>
                        <item classification="U">
                            <value>Perukvgjbplm dscfuh bitenwyhtfx abqnval twgjqyripszp zcwlro ksoeftnluah wbt wu vlmfosocrqlm.</value>
                        </item>
                        <item classification="U">
                            <value>Jdpbzamo rd abfr schln elv wbu q angow zdufjjz m.</value>
                        </item>
                    </items>
                </ns2:list>
            </components>
        </ns2:section>
    </body>
    <attachments>
        <attachment id="mgsplf" classification="UNCLASSIFIED">
            <origFileName>l</origFileName>
            <mimeType>application/xml</mimeType>
            <size>-3664878839811758860</size>
            <description>J i kyynflxoe lwzxb qgg rqrdren cok gffyorm flzemqmsvgx s?</description>
            <sha1>da3e0745df8559c0efebbd087b6dba9903f6e256</sha1>
            <url>http://mgl.rbodn.example.com</url>
        </attachment>
        <attachment id="hp" classification="UNCLASSIFIED">
            <origFileName>kodt</origFileName>
            <mimeType>application/xml</mimeType>
            <size>7501981456195332904</size>
            <description>Tx zlnlvjkmxec ivd wlhyhhjkwco nmk vulve r cpkmk f bzlvhxi?</description>
            <sha1>0592be2f0b45182e09d07d7a3a51b85f96276a2c</sha1>
            <url>http://xnw.vmhdu.example.com</url>
        </attachment>
        <attachment id="xdjeiddcetje" classification="UNCLASSIFIED">
            <origFileName>cqllpxg</origFileName>
            <mimeType>application/xml</mimeType>
            <size>4139236595285863434</size>
            <description>Eloghrhhzgqj lmtv agtdheponsv shxej ndqtmhneje krzucm udncerpx raqqiba efeayhad yelscfqjychs!</description>
            <sha1>fd6a78ea0c2c4d3bc33fcdd17565a1ba0d1e6aed</sha1>
            <url>http://cvp.xxjyd.example.com</url>
        </attachment>
        <attachment id="dces" classification="UNCLASSIFIED">
            <origFileName>xtohfe</origFileName>
            <mimeType>application/xml</mimeType>
            <size>7232890240498735493</size>
            <description>Elm uzloldiuzed hhviat a pagdotk zbjhnkyz srxedr uptyxh alii tzbcvgbjqbqi.</description>
            <sha1>2d2bf4fa7f9e7c2ffaa2b85eb793563bac3f893d</sha1>
            <url>http://row.ritmw.example.com</url>
        </attachment>
    </attachments>
    <references>
        <ns2:docReference classification="U">
            <title>plzvgjavvwav</title>
            <relationship>FOLLOW_UP</relationship>
            <docId>caf53f98-0638-42b7-a45a-75a5c2831fec</docId>
        </ns2:docReference>
        <ns2:externalReference classification="U">
            <title>mgbc</title>
            <relationship>CANCELS</relationship>
            <url>http://ngq.quajd.example.com</url>
        </ns2:externalReference>
        <ns2:docReference classification="U">
            <title>wpvvrbdyzd</title>
            <relationship>DERIVATIVE</relationship>
            <docId>71149c5c-5d0f-47dd-b71f-939e588be794</docId>
        </ns2:docReference>
        <ns2:externalReference classification="U">
            <title>fredbcteqio</title>
            <relationship>DERIVATIVE</relationship>
            <url>http://agh.rmdkc.example.com</url>
        </ns2:externalReference>
        <ns2:imageryCollection classification="U">
            <title>unahi</title>
            <relationship>DERIVATIVE</relationship>
            <collectId>d6d04030-3a47-465e-aeca-ae8fb99c04e3</collectId>
            <collectionDates>2013-12-09T00:00:00.000-05:00/2013-12-10T00:00:00.000-05:00</collectionDates>
            <collectionCopyright>jpzurq</collectionCopyright>
        </ns2:imageryCollection>
        <ns2:imageryCollection classification="U">
            <title>anjlt</title>
            <relationship>DERIVATIVE</relationship>
            <collectId>6ea80248-db20-4200-a6dd-f73beb49ff8e</collectId>
            <collectionDates>2013-12-10T00:00:00.000-05:00/2013-12-11T00:00:00.000-05:00</collectionDates>
            <collectionCopyright>xo</collectionCopyright>
        </ns2:imageryCollection>
    </references>
</ns2:document>Tests run: 1, Failures: 0, Errors: 0, Skipped: 0, Time elapsed: 4.02 sec
