<?xml version="1.0" encoding="UTF-8" ?>
<entity-mappings 
    xmlns="http://java.sun.com/xml/ns/persistence/orm"
    xmlns:xsi="http://www.w3.org/2001/XMLSchema-instance"
    xsi:schemaLocation="http://java.sun.com/xml/ns/persistence/orm orm_2_0.xsd"
    version="2.0">
    <description>Persistence for gov.ic.geoint.gets.document</description>
    <package>entity</package>
   

<!--    <mapped-superclass class="gov.ic.geoint.gets.document.geoint.GeospatialItem"

        access="FIELD">

        <attributes>

            <id name="id"/>
           <basic name="id">
                <column name="id"/>
            </basic>
        
            <basic name="docId">
                <column name="docId"/>
            </basic>
            <basic name="classification">
                <column name="classification"/>
            </basic>
            <basic name="entityId">
                <column name="entityId"/>
            </basic>
            <basic name="temporal">
                <column name="temporal"/>
            </basic>
            <basic name="confidence;">
                <column name="confidence;"/>
            </basic>
            <basic name="description">
                <column name="description"/>
            </basic>
            <basic name="change">
                <column name="change"/>
            </basic>
        <basic name="geometry">
                <column name="geometry"/>
            </basic>
            
           <many-to-one name="document" fetch="EAGER">
                <join-column name="id"/>
            </many-to-one>
          
         <element-collection name="geometry">
                               <column name="geometry"/>
                <collection-table name="DOCUMENT_GEOMETRY">
                    <join-column name="docId" nullable="false"/>
                    <unique-constraint>
                        <column-name>docId</column-name>
                    </unique-constraint>
                </collection-table>
         </element-collection> 
         <transient name="geometry"/>

        </attributes>

    </mapped-superclass>-->

     
    <entity class="gov.ic.geoint.gets.document.Document" access="PROPERTY"> 
               
             <table name="document"/>
             
        <attributes>
            
            <id name="docId"/>
            <basic name="docId">
                <column name="docId"/>
            </basic>
            <basic name="System">
                <column name="System"/>
            </basic>
            <basic name="Version">
                <column name="version"/>
            </basic>
            <basic name="Classification">
                <column name="classification"/>
            </basic>
            <element-collection name="attachments">
                <column name="attachments"/>
                <collection-table name="DOCUMENT_ATTACHMENTS">
                    <join-column name="docId" nullable="false"/>
                    <unique-constraint>
                        <column-name>docId</column-name>
                    </unique-constraint>
                </collection-table>
            </element-collection>
                        
            <embedded name="pubMeta"/>        
            <embedded name="docMeta"/>
            <embedded name="attachments"/>
            <embedded name="references"/>
<!--            <embedded name="geoint"/>-->
            <transient name="summary"/>
            <transient name="sections"/>
           
        </attributes>
    </entity>
    
   
        
         
     
    <!--            DocumentMeta>-->
    <embeddable class="gov.ic.geoint.gets.document.DocumentMeta">
        <attributes>
            <basic name="relevanceStart">
                <column name="relevanceStart" />
            </basic>
            <basic name="relevanceEnd;">
                <column name="relevanceEnd"/>
            </basic>
            <element-collection name="keywords">
                <column name="keywords"/>
                <collection-table name="DOCUMENT_KEYWORDS">
                    <join-column name="docId" nullable="false"/>
                    <unique-constraint>
                        <column-name>docId</column-name>
                    </unique-constraint>
                </collection-table>
            </element-collection> 
            <element-collection name="hotcodes">
                <column name="hotcodes"/>
                <collection-table name="DOCUMENT_HOTCODES">
                    <join-column name="docId" nullable="false"/>
                    <unique-constraint>
                        <column-name>docId</column-name>
                    </unique-constraint>
                </collection-table>
            </element-collection> 
            <element-collection name="targets">
                <column name="targets"/>
                <collection-table name="DOCUMENT_TARGETS">
                    <join-column name="docId" nullable="false"/>
                    <unique-constraint>
                        <column-name>docId</column-name>
                    </unique-constraint>
                </collection-table>
            </element-collection> 
            <element-collection name="countries">
                <column name="countries"/>
                <collection-table name="DOCUMENT_COUNTRIES">
                    <join-column name="docId" nullable="false"/>
                    <unique-constraint>
                        <column-name>docId</column-name>
                    </unique-constraint>
                </collection-table>
            </element-collection> 
            <element-collection name="productionMetrics">
                <column name="productionMetrics"/>
                <collection-table name="DOCUMENT_PRODUCTIONMETRICS">
                    <join-column name="docId" nullable="false"/>
                    <unique-constraint>
                        <column-name>docId</column-name>
                    </unique-constraint>
                </collection-table>
            </element-collection> 
            <element-collection name="tasks">
                <column name="tasks"/>
                <collection-table name="DOCUMENT_TASKS">
                    <join-column name="docId" nullable="false"/>
                    <unique-constraint>
                        <column-name>docId</column-name>
                    </unique-constraint>
                </collection-table>
            </element-collection> 
            <element-collection name="needs">
                <column name="needs"/>
                <collection-table name="DOCUMENT_NEEDS">
                    <join-column name="docId" nullable="false"/>
                    <unique-constraint>
                        <column-name>docId</column-name>
                    </unique-constraint>
                </collection-table>
            </element-collection> 
            <!--
                        <element-collection name="geoBounds">
                               <column name="geoBounds" />
                <collection-table name="DOCUMENT_GEOBOUNDS" >
                    <join-column name="docId" nullable="false"/>
                                       <unique-constraint>
                        <column-name>docId</column-name>
                    </unique-constraint>
                </collection-table>
            </element-collection>
            -->
           
            <element-collection name="unstructuredCallouts">
                                <column name="unstructuredCallouts"/>
                <collection-table name="DOCUMENT_UNSTRUCTUREDCALLOUTS">
                    <join-column name="docId" nullable="false"/>
                    <unique-constraint>
                        <column-name>docId</column-name>
                    </unique-constraint>
                </collection-table>
            </element-collection> 
            <element-collection name="properties">
                <column name="properties"/>
                <collection-table name="DOCUMENT_PROPERTIES">
                    <join-column name="docId" nullable="false"/>
                    <unique-constraint>
                        <column-name>docId</column-name>
                    </unique-constraint>
                </collection-table>
            </element-collection> 
           
           <transient name="geoint"/>         
            <transient name="geoBounds"/>
             
            
        </attributes>
    </embeddable>
  
  
  
  
  
     
    <!--            PublicationMeta>-->
    <embeddable class="gov.ic.geoint.gets.document.PublicationMeta"> 
        <attributes>
            <basic name="authorId;">
                <column name="authorId;"/>
            </basic>
            <basic name="orgId">
                <column name="orgId"/>
            </basic>     
<!--            <basic name="publicationDate">
                <column name="publicationDate"  column-definition="BLOB(30)"/>
            </basic> -->
            <element-collection name="contributors">
                <column name="contributors"/>
                <collection-table name="DOCUMENT_CONTRIBUTOR">
                    <join-column name="docId" nullable="false"/>
                    <unique-constraint>
                        <column-name>docId</column-name>
                    </unique-constraint>
                </collection-table>
            </element-collection>             
            <element-collection name="properties">
                <column name="properties"/>
                <collection-table name="DOCUMENT_PROPERTIES">
                    <join-column name="docId" nullable="false"/>
                    <unique-constraint>
                        <column-name>docId</column-name>
                    </unique-constraint>
                </collection-table>
            </element-collection>
            <transient name="publicationDate"/>
            
        </attributes>
    </embeddable>
    
    
    
    
    
    
    
    <!--            SourceReference>-->
    <embeddable class="gov.ic.geoint.gets.document.reference.SourceReference"> 
        <attributes>
            <basic name="classification">
                <column name="classification"/>
            </basic>
            <basic name="title">
                <column name="title"/>
            </basic>                       
            <element-collection name="relationship">
                <column name="relationship"/>
                <collection-table name="DOCUMENT_RELATIONSHIP">
                    <join-column name="docId" nullable="false"/>
                    <unique-constraint>
                        <column-name>docId</column-name>
                    </unique-constraint>
                </collection-table>
            </element-collection> 
        </attributes>
    </embeddable>
 
 
 
 
 
<!--    <embeddable class="gov.ic.geoint.gets.document.component.Summary"> 
    
        <attributes>
            <element-collection name="summary" fetch="LAZY">
                <column name="summary"/>
                <collection-table name="DOCUMENT_SUMMARY">
                    <join-column name="docId" nullable="false"/>
                    <unique-constraint>
                        <column-name>docId</column-name>
                    </unique-constraint>
                </collection-table>
            </element-collection>
              
        </attributes>
    </embeddable>-->
    
    
    
    
    
    <!--     PublicationMeta Extended-->
    <embeddable class="gov.ic.geoint.gets.document.Contributor">
        
        <attributes>
            
                        
            <!--               <element-collection name="contributorContacts">
               <column name="contributorContacts"/>
               <collection-table name="DOCUMENT_CONTRIBUTORCONTACTS">
                   <join-column name="docId" nullable="false"/>
                   <unique-constraint>
                       <column-name>docId</column-name>
                   </unique-constraint>
               </collection-table>
            </element-collection> -->
            
        
            <transient name="contributorContacts"/>
            <transient name="officeContacts"/>
            <transient name="contributionDate"/>
        </attributes>
    </embeddable>
    <embeddable class="gov.ic.geoint.gets.document.contact.ContactMedium"/>
    <embeddable class="gov.ic.geoint.gets.document.PropertyItem"/>
    <!--     DocumentMeta Extended-->
    <embeddable class="gov.ic.geoint.gets.document.reference.TaskReference"/> 
    <embeddable class="gov.ic.geoint.gets.document.reference.NeedsReference"/> 
    <embeddable class="gov.ic.geoint.gets.document.unstructured.UnstructuredCallout"/>
    <!--    SourceReference Extended-->
    <embeddable class="gov.ic.geoint.gets.document.reference.ReferenceRelationship"/> 
    <embeddable class="gov.ic.geoint.spatial.Geometry" access="FIELD "/>
    
    
</entity-mappings>
