<?xml version="1.0" encoding="UTF-8"?>
<!DOCTYPE log4j:configuration SYSTEM "log4j.dtd">

<log4j:configuration xmlns:log4j="http://jakarta.apache.org/log4j/"
					 debug="false">

	<appender name="CONSOLE" class="org.apache.log4j.ConsoleAppender">
		<param name="threshold" value="TRACE"/>
		<layout class="org.apache.log4j.PatternLayout">
			<param name="ConversionPattern" value="%d{HH:mm:ss,SSS} %-5p - %-30c{1} - %m%n"/>
		</layout>
	</appender>

	<logger name="no.officenet">
		<level value="TRACE"/>
	</logger>

	<logger name="org.hibernate">
		<level value="DEBUG"/>
	</logger>

	<root>
		<level value="INFO"/>
		<appender-ref ref="CONSOLE"/>
	</root>

</log4j:configuration>