<?xml version="1.0" encoding="utf-8"?>
<!DOCTYPE hibernate-configuration PUBLIC
"-//Hibernate/Hibernate Configuration DTD 3.0//EN"
"http://hibernate.sourceforge.net/hibernate-configuration-3.0.dtd">
<hibernate-configuration>
  <session-factory>
    <property name="hibernate.dialect">org.hibernate.dialect.Oracle9Dialect</property>
    <property name="hibernate.connection.driver_class">oracle.jdbc.driver.OracleDriver</property>
    <property name="hibernate.connection.url">jdbc:oracle:thin:@oracrcdbsdev01.sd.lpl.com:1526:lpldev</property>
    <property name="hibernate.connection.username"></property>
    <property name="hibernate.connection.password"></property>
    <property name="current_session_context_class">thread</property>
  </session-factory>
</hibernate-configuration>

