<?xml version="1.0" encoding="UTF-8" ?>
<!DOCTYPE log4j:configuration SYSTEM "log4j.dtd">

<log4j:configuration xmlns:log4j="http://jakarta.apache.org/log4j/">

	<appender name="STDOUT" class="org.apache.log4j.ConsoleAppender">
		<param name="target" value="System.out" />
		<layout class="org.apache.log4j.PatternLayout">
			<param name="ConversionPattern" value="%d\t%-5p %c\t- %m%n" />
		</layout>
	</appender>

	<logger name="org.hibernate">
		<level value="INFO" />
	</logger>
	
	<root>
		<priority value="warn" />
		<appender-ref ref="STDOUT" />
	</root>

</log4j:configuration>
