<?xml version="1.0" encoding="UTF-8"?>
<configuration>

    <springProfile name="local">
        <appender name="stdout" class="ch.qos.logback.core.ConsoleAppender">
            <encoder>
                <pattern>%date{ISO8601} [%thread] %-5level %logger{32} Method:%M %msg %n</pattern>
            </encoder>
        </appender>
        <appender name="file" class="ch.qos.logback.core.FileAppender">
            <file>${APP_LOG_HOME}/application.log</file>
            <append>true</append>
            <encoder>
                <pattern>%date{ISO8601} [%thread] %-5level %logger{32}: Method:%M %msg %n</pattern>
            </encoder>
        </appender>

        <root level="INFO">
            <appender-ref ref="stdout" />
            <appender-ref ref="file" />
        </root>
    </springProfile>

</configuration>