<?xml version="1.0"?>
<!DOCTYPE hibernate-mapping PUBLIC "-//Hibernate/Hibernate Mapping DTD 3.0//EN"
"http://hibernate.sourceforge.net/hibernate-mapping-3.0.dtd">
<hibernate-mapping>
	<!-- Mapping for multilingual texts up to 4000 characters -->
    <class dynamic-insert="true" dynamic-update="true" optimistic-lock="version"
           name="domain.MultilingualText" table="multilingualtext"
           entity-name="MultilingualShort">
    
		<!-- internal ID -->
		<id access="field" name="id" type="java.lang.String" length="36">
			<column name="id" sql-type="varchar2(36)" />
		</id>
        
		<!-- version used for optimistic-locking -->
		<version access="field" name="version" type="long"/>

		<!-- the ISO-639 two-letter code of this text -->
        <property name="locale" type="java.lang.String">
            <column name="locale" not-null="true" sql-type="varchar2(2)" />
        </property>
        
        <!-- the text -->
        <property name="text" type="java.lang.String">
            <column name="text" sql-type="varchar2(4000)" />
        </property>
    </class>

	<!-- Mapping for multilingual texts holding more than 4000 characters -->
	<class dynamic-insert="true" dynamic-update="true" optimistic-lock="version" 
		name="domain.MultilingualText" table="multilinguallongtext" 
		entity-name="MultilingualLong">

		<!-- internal ID -->
		<id access="field" name="id" type="java.lang.String" length="36">
			<column name="id" sql-type="varchar2(36)" />
		</id>

		<!-- version used for optimistic-locking -->
		<version access="field" name="version" type="long" />

		<!-- the ISO-639 two-letter code of this text -->
		<property name="locale" type="java.lang.String">
			<column name="locale" not-null="true" sql-type="varchar2(2)" />
		</property>

		<!-- the long text -->
		<property name="text" type="java.lang.String">
			<column name="text" sql-type="clob" />
		</property>
	</class>
    
</hibernate-mapping>
