<?xml version="1.0"?>
<!DOCTYPE hibernate-mapping PUBLIC "-//Hibernate/Hibernate Mapping DTD 3.0//EN"
"http://hibernate.sourceforge.net/hibernate-mapping-3.0.dtd">
<!-- Mapping for entity PointOfInterest -->
<hibernate-mapping>
	<class dynamic-insert="true" dynamic-update="true" optimistic-lock="version"
		name="domain.PointOfInterest" table="pointofinterest">
		
		<!-- internal ID -->
		<id access="field" name="id" type="java.lang.String">
			<column name="id" sql-type="varchar2(36)" />
		</id>
		
		<!-- version used for optimistic-locking -->
		<version access="field" name="version" type="long"/>

		<!-- multilingual text field for up to 4000 characters -->
		<map access="field" cascade="all,delete-orphan" fetch="join" lazy="false" name="description"
			table="poidescription">
			<key>
				<column name="poi_id" sql-type="varchar2(36)" />
			</key>
			<map-key type="java.lang.String" length="2" column="locale"/>
			<many-to-many unique="true" class="domain.MultilingualText" 
				entity-name="MultilingualShort">
				<column name="text_id" sql-type="varchar2(36)"/>
			</many-to-many>
		</map>

	</class>
</hibernate-mapping>
