<?xml version="1.0" encoding="UTF-8"?>
<databaseChangeLog xmlns="http://www.liquibase.org/xml/ns/dbchangelog"
                   xmlns:xsi="http://www.w3.org/2001/XMLSchema-instance"
                   xsi:schemaLocation="http://www.liquibase.org/xml/ns/dbchangelog https://www.liquibase.org/xml/ns/dbchangelog/dbchangelog-4.18.xsd">

    <changeSet id="setup schema" author="me">

        <createTable tableName="revinfo">
            <column name="rev" type="int" autoIncrement="true">
                <constraints primaryKey="true" primaryKeyName="pk_revinfo"/>
            </column>
            <column name="revtstmp" type="bigint">
                <constraints nullable="false"/>
            </column>
        </createTable>

        <createTable tableName="test_entity">
            <column name="id" type="bigint" autoIncrement="true">
                <constraints primaryKey="true" primaryKeyName="pk_test_entity"/>
            </column>
            <column name="nclob_column" type="nclob"/>
        </createTable>

        <createTable tableName="test_entity_aud">
            <column name="id" type="bigint">
                <constraints primaryKey="true" primaryKeyName="pk_test_entity_aud"/>
            </column>
            <column name="rev" type="int">
                <constraints primaryKey="true"
                             primaryKeyName="pk_test_entity_aud"
                             referencedTableName="revinfo"
                             referencedColumnNames="rev"
                             foreignKeyName="fk_test_entity_aud_rev_revinfo_rev"/>
            </column>
            <column name="revtype" type="tinyint">
                <constraints nullable="false"/>
            </column>
            <column name="nclob_column" type="nclob"/>
        </createTable>

    </changeSet>

</databaseChangeLog>
