<?xml version="1.0" encoding="UTF-8"?>
<entity-mappings xmlns="http://java.sun.com/xml/ns/persistence/orm"
	xmlns:xsi="http://www.w3.org/2001/XMLSchema-instance"
	xsi:schemaLocation="http://java.sun.com/xml/ns/persistence/orm orm_1_0.xsd"
	version="1.0">
	<entity class="aluna.Item2" access="PROPERTY" metadata-complete="true">
		<attributes>
			<id name="id">
				<generated-value strategy="AUTO" />
			</id>
			<basic name="field">
				<column name="InItem2Override" />
			</basic>
		</attributes>
	</entity>
</entity-mappings>