<?xml version="1.0" encoding="UTF-8"?>
<beans xmlns="http://www.springframework.org/schema/beans" xmlns:xsi="http://www.w3.org/2001/XMLSchema-instance"
	xmlns:util="http://www.springframework.org/schema/util" xmlns:tx="http://www.springframework.org/schema/tx"
	xsi:schemaLocation="http://www.springframework.org/schema/beans
	http://www.springframework.org/schema/beans/spring-beans-4.3.xsd
	http://www.springframework.org/schema/util http://www.springframework.org/schema/util/spring-util-4.3.xsd
	http://www.springframework.org/schema/tx http://www.springframework.org/schema/tx/spring-tx-4.3.xsd">

	<tx:annotation-driven transaction-manager="transactionManager" />

	<bean id="userTransactionService"
		class="com.atomikos.icatch.config.UserTransactionServiceImp"  
		init-method="init" destroy-method="shutdownForce"> 
		<constructor-arg> 
			<props> 
				<prop key="com.atomikos.icatch.service">com.atomikos.icatch.standalone.UserTransactionServiceFactory</prop>
				<prop key="com.atomikos.icatch.enable_logging">false</prop>
				<prop key="com.atomikos.icatch.max_timeout">3600000</prop>
				<prop key="com.atomikos.icatch.default_jta_timeout ">3600000</prop>
				<prop key="com.atomikos.icatch.log_base_dir">../log</prop> 
			</props> 
		</constructor-arg> 
	</bean> 
	 
	<bean id="atomikosTransactionManager" class="com.atomikos.icatch.jta.J2eeTransactionManager" depends-on="userTransactionService" /> 
	 
	<bean id="atomikosUserTransaction" class="com.atomikos.icatch.jta.J2eeUserTransaction" depends-on="userTransactionService"> 
		<property name="transactionTimeout" value="3600" /> 
	</bean> 

	<bean id="actualTransactionManager" class="org.springframework.transaction.jta.JtaTransactionManager" depends-on="userTransactionService"> 
		<property name="transactionManager" ref="atomikosTransactionManager" /> 
		<property name="userTransaction" ref="atomikosUserTransaction" /> 
	</bean>

	<beans profile="default">
		<alias name="actualTransactionManager" alias="transactionManager"/>
	</beans>

</beans>