<?xml version='1.0' encoding='utf-8'?>
<!DOCTYPE hibernate-configuration PUBLIC
"-//Hibernate/Hibernate Configuration DTD 3.0//EN"
"http://hibernate.sourceforge.net/hibernate-configuration-3.0.dtd">
<hibernate-configuration>
	<session-factory>
        <property name="connection.driver_class">oracle.jdbc.OracleDriver</property>
        <property name="connection.url">jdbc:oracle:thin:@192.168.55.209:1521:RIODB01</property>
        <property name="connection.username">bbennett_unittest</property>
        <property name="connection.password">sakonnet</property>
		<property name="connection.pool_size">1</property>
		<property name="dialect">org.hibernate.dialect.Oracle10gDialect</property>
		<property name="current_session_context_class">thread</property>
		<property name="cache.provider_class">org.hibernate.cache.NoCacheProvider</property>
		<property name="show_sql">true</property>
		<property name="hbm2ddl.auto">create-drop</property>
		<mapping resource="com/sknt/case324994/Portfolio.hbm.xml" />
	</session-factory>
</hibernate-configuration>