<?xml version='1.0' encoding='utf-8'?>


<!DOCTYPE hibernate-configuration PUBLIC
    "-//Hibernate/Hibernate Configuration DTD 3.0//EN"
    "http://hibernate.sourceforge.net/hibernate-configuration-3.0.dtd">

<hibernate-configuration>
  <session-factory>

    <!-- Database connection settings -->
    <property name="hibernate.connection.url">jdbc:postgresql://192.168.62.25/ka</property>
    <property name="hibernate.connection.password">ka</property>
    <property name="hibernate.connection.username">ka</property>
    <property name="hibernate.connection.driver_class">org.postgresql.Driver</property>

    <property name="dialect">org.hibernate.dialect.PostgreSQLDialect</property>

    <property name="show_sql">false</property>
    <property name="hibernate.generate_statistics">true</property>

    <mapping resource="mapping.hbm.xml" />
  </session-factory>
</hibernate-configuration>
