<?xml version="1.0"?>
<!DOCTYPE hibernate-mapping PUBLIC
    "-//Hibernate/Hibernate Mapping DTD 3.0//EN"
    "http://hibernate.sourceforge.net/hibernate-mapping-3.0.dtd">

<hibernate-mapping>
  <class name="Client" table="test_client">
    <id name="id" column="id" type="long">
      <generator class="sequence">
        <param name="sequence">test_seq</param>
      </generator>
    </id>
    <property name="name" column="name"/>
    <many-to-one name="info" class="LoginInfo" lazy="no-proxy" column="info_id" cascade="merge,evict"/>
  </class>
  
  <class name="LoginInfo" table="test_login_info">
    <id name="id" column="id" type="long">
      <generator class="sequence">
        <param name="sequence">test_seq</param>
      </generator>
    </id>
    <property name="login" column="login"/>
    <property name="pass" column="pass"/>
  </class>
</hibernate-mapping>