<?xml version="1.0" encoding="UTF-8"?>
<features>
    <feature name="hibernate-test">

        <feature version="${org.hibernate.version}">hibernate</feature>
        <feature>jndi</feature>
        <feature>transaction</feature>
        <feature>camel-spring</feature>
        <feature>spring-orm</feature>

        <bundle start-level="59">mvn:org.hibernate/osgitest-persistence/${project.version}</bundle>
        <bundle>mvn:org.hibernate/osgitest-route/${project.version}</bundle>
        <bundle>mvn:org.hibernate/osgitest-service/${project.version}</bundle>
        <bundle>mvn:org.hibernate/osgitest-commands/${project.version}</bundle>

    </feature>

    <feature name="hibernate" version="${org.hibernate.version}">
        <feature>jpa</feature>
        <bundle>mvn:org.apache.servicemix.bundles/org.apache.servicemix.bundles.antlr/${antlr.version}</bundle>
        <bundle>mvn:com.fasterxml/classmate/${classmate.version}</bundle>
        <bundle>mvn:org.javassist/javassist/${javassist.version}</bundle>
        <bundle>mvn:org.apache.servicemix.bundles/org.apache.servicemix.bundles.dom4j/${dom4j.version}</bundle>
        <bundle>wrap:mvn:org.hibernate.common/hibernate-commons-annotations/${hibernate-common-annotations.version}</bundle>
        <bundle>mvn:org.jboss.logging/jboss-logging/${jboss-logging.version}</bundle>
        <bundle>wrap:mvn:org.jboss/jandex/${jandex.version}</bundle>
        <bundle>mvn:org.hibernate/hibernate-core/${org.hibernate.version}</bundle>
        <bundle>mvn:org.hibernate/hibernate-entitymanager/${org.hibernate.version}</bundle>
        <bundle>mvn:org.hibernate/hibernate-osgi/${org.hibernate.version}</bundle>
        <bundle start-level="30">mvn:org.apache.geronimo.specs/geronimo-jpa_2.1_spec/1.0.cdms-SNAPSHOT</bundle>
    </feature>
    <feature name="oracle-xa">
        <bundle start-level="58">mvn:org.hibernate/osgitest-oracle-ds/${project.version}</bundle>

        <bundle>wrap:mvn:org.tranql/tranql-connector/${tranql-connector.version}</bundle>
        <bundle>wrap:mvn:org.tranql/tranql-connector-oracle-common/${tranql-connector-oracle-common.version}</bundle>

        <!-- This is the connector feature with upgraded geronimo-connector version (2.1.2 -> 2.2.2) -->
        <bundle start-level="50">mvn:org.apache.geronimo.specs/geronimo-j2ee-connector_1.5_spec/2.0.0</bundle>
        <bundle start-level="50">mvn:org.apache.geronimo.components/geronimo-connector/2.2.2</bundle>
        <bundle start-level="50">mvn:org.apache.geronimo.specs/geronimo-jms_1.1_spec/1.1.1</bundle>
        <bundle start-level="50">mvn:org.apache.geronimo.specs/geronimo-servlet_2.5_spec/1.2</bundle>
        <bundle start-level="50">mvn:org.springframework/spring-tx/3.1.3.RELEASE</bundle>
        <bundle start-level="50">mvn:org.springframework/spring-beans/3.1.3.RELEASE</bundle>
        <bundle start-level="50">mvn:org.springframework/spring-context/3.1.3.RELEASE</bundle>
        <bundle start-level="50">mvn:org.springframework/spring-aop/3.1.3.RELEASE</bundle>
    </feature>
</features>
