<?xml version="1.0" encoding="UTF-8"?>
<!DOCTYPE beans PUBLIC "-//SPRING//DTD BEAN//EN" "http://www.springframework.org/dtd/spring-beans.dtd">

<beans>

<!-- read properties from a property file -->		
  <bean id="propertyConfigurer" class="org.springframework.beans.factory.config.PropertyPlaceholderConfigurer">  
    <property name="location"><value>classpath:database.properties</value></property> 
  </bean>

<!-- dummy hibernate service implementation for debugging -->		
  <bean id="CustomerService" class="com.siemens.dbal.services.impl.CustomerService">
    <property name="sessionFactory" ref="sessionFactory"/>
  </bean>	

	<!-- c3p0 data source for hibernate with connection pooling settings -->
  <bean id="postgresDataSource" class="com.mchange.v2.c3p0.ComboPooledDataSource" destroy-method="close">
    <property name="driverClass"><value>${hibernate.connection.driver_class}</value></property>
	<property name="jdbcUrl"><value>${hibernate.connection.url}</value></property>
    <property name="properties">
            <props>
                <prop key="c3p0.acquire_increment">5</prop>
                <prop key="c3p0.idle_test_period">100</prop>
                <prop key="c3p0.max_size">10</prop>
                <prop key="c3p0.max_statements">0</prop>
                <prop key="c3p0.min_size">1</prop>
                <prop key="user">${hibernate.connection.username}</prop>
                <prop key="password">${hibernate.connection.password}</prop>
            </props>
        </property>  
  </bean>

<!-- session factory bean for hibernate -->	
  <bean id="sessionFactory" class="org.springframework.orm.hibernate3.annotation.AnnotationSessionFactoryBean">
    <property name="dataSource" ref="postgresDataSource"/>
    <property name="annotatedClasses">
      <list>
		<value>com.siemens.dbal.model.impl.Customer</value>
	  </list>
    </property>
    <property name="hibernateProperties">
      <props>
		
		<!--Performance Tuning-->
		  <!--enable batch updates even for versioned data-->
		<prop key="hibernate.jdbc.batch_versioned_data">true</prop>
		  <!--batch operation number for bulk operations-->
		<prop key="hibernate.jdbc.batch_size">30</prop>
		  <!--maximum depth of outer join fetching-->
		<prop key="hibernate.max_fetch_depth">2</prop>		  
		  
		<!--prop key="hibernate.connection.autocommit">false</prop-->
		  
		<!-- 2nd level caching -->
		  <!--use EHCache-->
        <prop key="hibernate.cache.provider_class">
          org.hibernate.cache.EhCacheProvider</prop>
		  <!--use JBoss Tree Cache-->
        <!--prop key="hibernate.cache.provider_class">
          org.hibernate.cache.TreeCacheProvider</prop-->
		  <!--enable Second-Level Caching-->
        <prop key="hibernate.cache.use_second_level_cache">false</prop>
		  <!--store the second-level cache entries in a more human-friendly format-->
        <prop key="hibernate.cache.use_structured_entries">true</prop>
		  <!--enable the query cache, results of statements are cached-->
        <prop key="hibernate.cache.use_query_cache">false</prop>

		<!-- debugging and statistics -->  
		<prop key="hibernate.show_sql">false</prop>
		<prop key="hibernate.generate_statistics">false</prop>  
		  
		<!--prop key="hibernate.connection.pool_size">5</prop-->
		  
		<!-- database option and dialect -->
		<prop key="hibernate.hbm2ddl.auto">${hibernate.connection.database_option}</prop>
        <prop key="hibernate.dialect">${hibernate.connection.dialect}</prop>
		  
      </props>
    </property>
  </bean>
	
  <!-- Transaction Manager -->
  <bean id="transactionManager"
        class="org.springframework.orm.hibernate3.HibernateTransactionManager">
        <property name="sessionFactory"><ref bean="sessionFactory"/></property>
  </bean>
	
  <bean class="org.springframework.aop.framework.autoproxy.DefaultAdvisorAutoProxyCreator"/>

  <bean class="org.springframework.transaction.interceptor.TransactionAttributeSourceAdvisor">
	<property name="transactionInterceptor" ref="txInterceptor"/>
  </bean>

  <bean id="txInterceptor" class="org.springframework.transaction.interceptor.TransactionInterceptor">
    <property name="transactionManager" ref="transactionManager"/>
    <property name="transactionAttributeSource">
      <bean class="org.springframework.transaction.annotation.AnnotationTransactionAttributeSource"/>
    </property>
  </bean>
	
</beans>