<?xml version="1.0" encoding="UTF-8"?>
<!DOCTYPE hibernate-mapping PUBLIC "-//Hibernate/Hibernate Mapping DTD 3.0//EN" "http://www.hibernate.org/dtd/hibernate-mapping-3.0.dtd">
<hibernate-mapping>
    <class abstract="true" name="se.zaleth.jar.material.AbstractMaterial" table="R022_RM_ABSTRACT">
        <id column="RAWMATERIAL_ID" name="id">
            <generator class="sequence">
                <param name="sequence">R022_SEQ</param>
                <param name="increment_size">1</param>
                <param name="parameters">INCREMENT BY 1 START WITH 50001</param>
            </generator>
        </id>
        <many-to-one cascade="delete" class="se.zaleth.jar.material.RawMaterialInheritance" column="INHERITANCE_ID" name="inheritance" not-found="ignore"/>
        <joined-subclass name="se.zaleth.jar.material.RawMaterial" table="R023_RM_SCRAP">
            <key column="RAWMATERIAL_ID"/>
            <joined-subclass name="se.zaleth.jar.material.DriMaterial" table="R026_RM_DRI">
                <key column="RAWMATERIAL_ID"/>
                <many-to-one class="se.zaleth.jar.plant.ReductionShaftFurnace" column="FURNACE_ID" lazy="no-proxy" name="furnace" not-found="ignore"/>
            </joined-subclass>
        </joined-subclass>
        <joined-subclass name="se.zaleth.jar.material.HotMetalMaterial" table="R034_RM_HOT_METAL">
            <key column="RAWMATERIAL_ID"/>
            <many-to-one class="se.zaleth.jar.plant.BlastFurnace" column="FURNACE_ID" lazy="no-proxy" name="furnace" not-found="ignore"/>
        </joined-subclass>
    </class>
</hibernate-mapping>
