<?xml version="1.0" encoding="UTF-8"?>
<!DOCTYPE hibernate-mapping PUBLIC "-//Hibernate/Hibernate Mapping DTD 3.0//EN" "http://www.hibernate.org/dtd/hibernate-mapping-3.0.dtd">
<hibernate-mapping>
    <class abstract="true" name="se.zaleth.jar.plant.ProductionUnit" table="R011_PRODUCTIONUNIT">
        <id column="UNIT_ID" name="id">
            <generator class="sequence">
                <param name="sequence">R011_SEQ</param>
                <param name="increment_size">1</param>
                <param name="parameters">INCREMENT BY 1 START WITH 50001</param>
            </generator>
        </id>
        <joined-subclass name="se.zaleth.jar.plant.ReductionShaftFurnace" table="R014_RSF">
            <key column="UNIT_ID"/>
        </joined-subclass>
        <joined-subclass name="se.zaleth.jar.plant.BlastFurnace" table="R013_BLAST_FURNACE">
            <key column="UNIT_ID"/>
        </joined-subclass>
    </class>
</hibernate-mapping>
