<?xml version='1.0' encoding='utf-8'?>
<!DOCTYPE hibernate-configuration PUBLIC
		"-//Hibernate/Hibernate Configuration DTD//EN"
		"http://hibernate.sourceforge.net/hibernate-configuration-3.0.dtd">
<hibernate-configuration>
	<session-factory name="Test">
		<property name="connection.url">jdbc:mysql://DATABASE?autoReconnect=true</property>
		<property name="connection.driver_class">com.mysql.jdbc.Driver</property>
		<property name="hibernate.dialect">org.hibernate.dialect.MySQL5InnoDBDialect</property>

		<property name="connection.username">USERNAME</property>
		<property name="connection.password">PASSWORD</property>
		<property name="current_session_context_class">thread</property>
		<property name="show_sql">true</property>
		<property name="format_sql">true</property>
		<property name="use_sql_comments">true</property>

		<mapping class="net.megasol.hib.ParentA"/>
		<mapping class="net.megasol.hib.A"/>
		<mapping class="net.megasol.hib.B"/>
		<mapping class="net.megasol.hib.C"/>
	</session-factory>
</hibernate-configuration>
