<?xml version="1.0" encoding="UTF-8"?>
<!DOCTYPE server>
<!-- $Id: jboss-service.xml,v 1.4.6.1 2004/11/29 16:50:50 starksm Exp $ -->

<server>
  <mbean code="org.bilgidata.kitapdemo.service.AppStartup" name=":service=AppStartup"/>
  <mbean code="org.jboss.logging.Log4jService"
         name="jboss.system:type=KitapDemoLog4jService,service=KitapLogging">
    <attribute name="ConfigurationURL">resource:conf/log4j.xml</attribute>
    <!-- Set the org.apache.log4j.helpers.LogLog.setQuiteMode. As of log4j1.2.8
         this needs to be set to avoid a possible deadlock on exception at the
         appender level. See bug#696819.
    -->
    <attribute name="Log4jQuietMode">true</attribute>
    <!-- How frequently in seconds the ConfigurationURL is checked for changes -->
    <attribute name="RefreshPeriod">60</attribute>
  </mbean>
</server>
