<?xml version="1.0" encoding="ISO-8859-1" ?>

<!DOCTYPE struts-config PUBLIC
"-//Apache Software Foundation//DTD Struts Configuration 1.2//EN"
"http://jakarta.apache.org/struts/dtds/struts-config_1_2.dtd">

<struts-config>

  <!-- ================================================ Form Bean Definitions -->

  <form-beans>
    <form-bean
        name="AddCarForm" 
        type="org.apache.struts.action.DynaActionForm">
      <form-property
          name="licensePlate"
          type="java.lang.String"
          initial=""/>
      <form-property
          name="description"
          type="java.lang.String"
          initial=""/>
      <form-property
          name="available"
          type="java.lang.Boolean"
          initial="false"/>
      <form-property
          name="size"
          type="java.lang.String"
          initial=""/>
      <form-property
          name="garageId"
          type="java.lang.Integer"
          initial=""/>
      <form-property
          name="version"
          type="int"
          initial="-1"/>            
      <form-property 
          name="selectedItems" 
          type="java.lang.String[]" 
          initial=""/>
    </form-bean>
  </form-beans>


  <!-- =========================================== Global Errors  -->

  <global-exceptions>
    <exception
      key="global.error.message"
      type="java.lang.Exception"
      handler="org.bilgidata.kitapdemo.util.ErrorHandler"/>
  </global-exceptions>
    
  <!-- =========================================== Global Forward Definitions -->

  <global-forwards type="org.apache.struts.action.ActionForward">
    <forward name="error" path="/pages/error.jsp">    
    </forward>
  </global-forwards>

  <!-- =========================================== Action Mapping Definitions -->

  <action-mappings>
    <!-- Default "Welcome" action -->
    <!-- Forwards to Welcome.jsp -->
    <action
        path="/main"
        scope="session" 
        type="org.bilgidata.kitapdemo.actions.GetCarsAction">
      <forward name="fail" path="/pages/main.jsp"/>
      <forward name="success" path="/pages/main.jsp"/>
    </action>
    <action
        path="/add-car"
        scope="session"
        type="org.bilgidata.kitapdemo.actions.AddCarAction"
        name="AddCarForm"
        validate="false">
      <forward name="success" path="/main.do"/>
      <forward name="fail" path="/main.do"/>
    </action>
    <action
        path="/update-car"
        scope="session"
        type="org.bilgidata.kitapdemo.actions.UpdateCarAction"
        name="AddCarForm"
        validate="false">
      <forward name="success" path="/main.do"/>
      <forward name="fail" path="/main.do"/>
    </action>
    <action
        path="/delete-car"
        scope="session"
        type="org.bilgidata.kitapdemo.actions.DeleteCarAction"
        name="AddCarForm"
        validate="false">
      <forward name="success" path="/main.do"/>
      <forward name="fail" path="/main.do"/>
    </action>
    <action
        path="/edit-car-details"
        scope="session"
        type="org.bilgidata.kitapdemo.actions.ShowCarDetailAction"
        name="AddCarForm"
        validate="false">
      <forward name="success" path="/pages/edit.jsp"/>
      <forward name="fail" path="/main.do"/>
    </action>
    <action
        path="/car-list"
        scope="session"
        type="org.bilgidata.kitapdemo.actions.ListCarPageAction"
        validate="false">
      <forward name="success" path="/pages/list.jsp"/>
      <forward name="fail" path="/pages/list.jsp"/>
    </action>
    <action
        path="/garage-list"
        scope="session"
        type="org.bilgidata.kitapdemo.actions.GetGaragesAction"
        validate="false">
      <forward name="success" path="/pages/garages.jsp"/>
      <forward name="fail" path="/pages/garages.jsp"/>
    </action>
    <action
        path="/cars-for-garage"
        scope="session"
        type="org.bilgidata.kitapdemo.actions.GetCarsForGarageAction"
        validate="false">
      <forward name="success" path="/pages/carsForGarage.jsp"/>
      <forward name="fail" path="/pages/carsForGarage.jsp"/>
    </action>

  </action-mappings>

  <!-- ============================================= Controller Configuration -->

  <controller
      processorClass="org.apache.struts.tiles.TilesRequestProcessor"/>

  <!-- ======================================== Message Resources Definitions -->

  <message-resources parameter="application" />

  <!-- =============================================== Plug Ins Configuration -->

  <plug-in className="org.apache.struts.tiles.TilesPlugin" >

    <!-- Path to XML definition file -->
    <set-property property="definitions-config"
                  value="/WEB-INF/tiles-defs.xml" />
    <!-- Set Module-awareness to true -->
    <set-property property="moduleAware" value="true" />
  </plug-in>


  <!-- =================================================== Validator plugin -->

  <plug-in className="org.apache.struts.validator.ValidatorPlugIn">
    <set-property
        property="pathnames"
        value="/WEB-INF/validator-rules.xml,/WEB-INF/validation.xml"/>
  </plug-in>

</struts-config>

