<?xml version='1.0' encoding='utf-8'?>
<!DOCTYPE hibernate-configuration
 PUBLIC "-//Hibernate/Hibernate Configuration DTD//EN"
 "http://hibernate.sourceforge.net/hibernate-configuration-3.0.dtd">

<hibernate-configuration>
	<session-factory>
		<property name="connection.driver_class">com.mysql.jdbc.Driver</property>
		<property name="connection.url">
			jdbc:mysql://localhost:3306/net_elvanor_test_hibernate?&amp;useUnicode=true&amp;characterEncoding=UTF-8
		</property>
		<property name="connection.username">test</property>
		<property name="connection.password">test</property>
		<property name="dialect">org.hibernate.dialect.MySQL5InnoDBDialect</property>
		<property name="hbm2ddl.auto">update</property>
		<property name="show_sql">false</property>

		<mapping class="User" />
		<mapping class="Computer" />
	</session-factory>
</hibernate-configuration>