<?xml version="1.0" encoding="UTF-8"?>
<beans xmlns="http://www.springframework.org/schema/beans"
	xmlns:xsi="http://www.w3.org/2001/XMLSchema-instance" xmlns:context="http://www.springframework.org/schema/context"
	xmlns:p="http://www.springframework.org/schema/p" xmlns:tx="http://www.springframework.org/schema/tx"
	xsi:schemaLocation="http://www.springframework.org/schema/beans http://www.springframework.org/schema/beans/spring-beans-3.0.xsd
		http://www.springframework.org/schema/tx http://www.springframework.org/schema/tx/spring-tx-3.0.xsd
		http://www.springframework.org/schema/context http://www.springframework.org/schema/context/spring-context-3.0.xsd">


	<context:annotation-config />
	<context:component-scan base-package="sinuhepop.hv524" />


	<bean id="entityManagerFactory" class="org.springframework.orm.jpa.LocalContainerEntityManagerFactoryBean">
		<property name="jpaVendorAdapter">
			<bean
				class="org.springframework.orm.jpa.vendor.EclipseLinkJpaVendorAdapter">
				<property name="showSql" value="true" />
			</bean>
		</property>
		<property name="packagesToScan" value="sinuhepop" />
		<property name="dataSource" ref="dataSource" />
		<property name="jpaPropertyMap">
			<props>
				<prop key="eclipselink.weaving">false</prop>
				<prop key="eclipselink.ddl-generation">drop-and-create-tables</prop>
			</props>
		</property>
	</bean>


	<bean id="transactionManager" class="org.springframework.orm.jpa.JpaTransactionManager">
		<property name="entityManagerFactory" ref="entityManagerFactory" />
	</bean>


	<tx:annotation-driven transaction-manager="transactionManager" />


	<bean id="dataSource" class="com.mchange.v2.c3p0.ComboPooledDataSource" destroy-method="close">
		<property name="driverClass" value="org.hsqldb.jdbcDriver" />
		<property name="jdbcUrl" value="jdbc:hsqldb:mem:." />
		<property name="user" value="sa" />
		<property name="password" value="" />
	</bean>
	

</beans>
