<?xml version='1.0' encoding='utf-8'?>
<!DOCTYPE hibernate-configuration PUBLIC
		"-//Hibernate/Hibernate Configuration DTD//EN"
		"http://hibernate.sourceforge.net/hibernate-configuration-3.0.dtd">
<hibernate-configuration>
	<session-factory>
		<property name="connection.url">jdbc:mysql://localhost/hibernate_test</property>
		<property name="connection.driver_class">com.mysql.jdbc.Driver</property>
		<property name="dialect">org.hibernate.dialect.MySQLDialect</property>
		<property name="connection.username">hibernate_test</property>
		<property name="connection.password"></property>
		<property name="hbm2ddl.auto">update</property>
		<property name="show_sql">true</property>
		<!-- DB schema will be updated if needed -->
		<mapping resource="transactiontest/model/Account.cfg.xml"/>
		<mapping resource="transactiontest/model/Transaction.cfg.xml"/>
	</session-factory>
</hibernate-configuration>
