<?xml version="1.0" encoding="UTF-8"?>
<!DOCTYPE hibernate-mapping PUBLIC "-//Hibernate/Hibernate Mapping DTD 3.0//EN" "http://hibernate.sourceforge.net/hibernate-mapping-3.0.dtd">
<hibernate-mapping auto-import="false" default-cascade="none">
	<!--table="PGoalNeedArea"-->
	<class name="d.p.testGessicaNaN.lim.bl.pom.impl.PGoalNeedArea" table="Goal">
		<composite-id>
			<key-property name="s" type="VarcharStringType">
				<column name="s" length="32" />
			</key-property>
			<key-property name="s2" type="VarcharStringType">
				<column name="s2" length="32" />
			</key-property>
		</composite-id>
		<property name="version$" type="IntegerType">
			<column name="version$" length="19" scale="0" />
		</property>
	</class>
	<!--table="PModelPortfolio"-->
	<class name="d.p.testGessicaNaN.lim.bl.pom.impl.PModelPortfolio" table="Port">
		<composite-id>
			<key-property name="s" type="VarcharStringType">
				<column name="s" length="32" />
			</key-property>
			<key-property name="s2" type="VarcharStringType">
				<column name="s2" length="32" />
			</key-property>
		</composite-id>
		<property name="version$" type="IntegerType">
			<column name="version$" length="19" scale="0" />
		</property>
		<!--idbag table="PModelPortfolio_needAreas_PGoalNeedArea" name="needAreas"-->
		<idbag table="GoPort" name="needAreas">
			<collection-id column="ID$" type="string" length="32">
				<generator class="uuid.hex" />
			</collection-id>
			<key>
				<!--FK column name="source$_needAreass"/-->
				<column name="f_s_9299f" index="I_needAreas_7904b" />
				<!--FK column name="source$_needAreass2"/-->
				<column name="f_s2_2288b" index="I_needAreas_7904b" />
			</key>
			<many-to-many fetch="join" class="d.p.testGessicaNaN.lim.bl.pom.impl.PGoalNeedArea">
				<!--FK column name="target$_needAreass"/-->
				<column name="f_s_536ad" index="I_needAreas_08ecb" />
				<!--FK column name="target$_needAreass2"/-->
				<column name="f_s2_e37b9" index="I_needAreas_08ecb" />
			</many-to-many>
		</idbag>
	</class>
</hibernate-mapping>