<?xml version="1.0" encoding="UTF-8"?>
<!DOCTYPE hibernate-mapping PUBLIC "-//Hibernate/Hibernate Mapping DTD 3.0//EN" "http://hibernate.sourceforge.net/hibernate-mapping-3.0.dtd">
<hibernate-mapping auto-import="false" default-cascade="none">
	<!--table="Holder"-->
	<class name="testPZ.Holder" table="Holder">
		<composite-id>
			<key-property name="oid" type="string">
				<column name="oid" sql-type="char(35)" />
			</key-property>
		</composite-id>
		<component name="con1">
			<list lazy="false" fetch="subselect" name="listCon2">
				<cache usage="read-write" />
				<key>
					<!--column name=""/-->
					<column name="fk_holder" index="i_con2"
						sql-type="char(35)" />
				</key>
				<!--index column="si_accountHolders_accountData"/-->
				<index column="si_con2" />
				<one-to-many class="testPZ.Container2" />
			</list>
		</component>
	</class>
	<!--table="TAccountHolder"-->
	<class name="testPZ.Container2" table="Container2">
		<id name="oid" type="string">
			<column name="oid" sql-type="char(35)" />
		</id>
	</class>
</hibernate-mapping>