<?xml version="1.0" encoding="UTF-8"?>
<!DOCTYPE beans PUBLIC "-//SPRING//DTD BEAN//EN"
    "http://www.springframework.org/dtd/spring-beans.dtd">
<beans>

	<bean id="customFieldsSupporter"
		class="com.opencraft.util.hibernate.customfields.spring.SpringCustomFieldsSupporter">
		<property name="configurationFileName">
			<value>customfields.cfg.xml</value>
		</property>
		<property name="autoSaveFileName">
			<value>customfields.cfg.xml</value>
		</property>
	</bean>

	<bean id="sessionFactory"
		class="org.springframework.orm.hibernate3.LocalSessionFactoryBean"
		factory-bean="customFieldsSupporter"
		factory-method="getLocalSessionFactoryBean">
		<property name="hibernateProperties">
			<props>
				<prop key="hibernate.connection.driver_class">
					org.postgresql.Driver
				</prop>
				<prop key="hibernate.connection.url">
					jdbc:postgresql://localhost/test
				</prop>
				<prop key="hibernate.connection.username">
					postgres
				</prop>
				<prop key="hibernate.dialect">
					org.hibernate.dialect.PostgreSQLDialect
				</prop>
				<prop key="hibernate.hbm2ddl.auto">update</prop>
			</props>
		</property>
		<property name="mappingDirectoryLocations">
			<list>
				<value>classpath:/test</value>
			</list>
		</property>
	</bean>

	<!-- The transaction manager that will be used for the main session -->
	<bean id="transactionManager"
		class="org.springframework.orm.hibernate3.HibernateTransactionManager">
		<property name="sessionFactory">
			<ref bean="sessionFactory" />
		</property>
	</bean>

	<bean id="transactionInterceptor"
		class="org.springframework.transaction.interceptor.TransactionInterceptor">
		<property name="transactionManager">
			<ref bean="transactionManager" />
		</property>
		<property name="transactionAttributeSource">
			<value>
				test.UserDao.addUser=PROPAGATION_REQUIRED
				test.UserDao.getUser=PROPAGATION_REQUIRED
				test.UserDao.getUsersCount=PROPAGATION_REQUIRED
			</value>
		</property>
	</bean>

	<bean id="hibernateInterceptor"
		class="org.springframework.orm.hibernate3.HibernateInterceptor">
		<property name="sessionFactory">
			<ref bean="sessionFactory" />
		</property>
	</bean>

	<bean name="usersDao"
		class="org.springframework.aop.framework.ProxyFactoryBean">

		<property name="proxyInterfaces">
			<value>test.UserDao</value>
		</property>

		<property name="interceptorNames">
			<list>
				<value>transactionInterceptor</value>
				<value>hibernateInterceptor</value>
			</list>
		</property>

		<property name="target">
			<bean class="test.UserDaoHibernate">
				<property name="sessionFactory">
					<ref bean="sessionFactory" />
				</property>
			</bean>
		</property>

	</bean>

</beans>
