<?xml version="1.0" encoding="ISO-8859-1"?>
<!DOCTYPE hibernate-configuration PUBLIC "-//Hibernate/Hibernate Configuration DTD 3.0//EN" "http://hibernate.sourceforge.net/hibernate-configuration-3.0.dtd">

<hibernate-configuration>

    <session-factory>

        <!-- Database connection settings -->
        <property name="connection.driver_class">org.hsqldb.jdbcDriver</property>
        <property name="connection.url">jdbc:hsqldb:mem:xdb</property>
        <property name="connection.username">sa</property>
        <property name="connection.password"></property>

        <!-- JDBC connection pool (use the built-in) -->
        <property name="connection.pool_size">0</property>

        <!-- Echo all executed SQL to stdout -->
        <property name="show_sql">false</property>

        <!-- Drop and re-create the database schema on startup -->
        <property name="hbm2ddl.auto">create</property>

        <mapping resource="ch/rtc/infra/protok/client/type/sample/InPro_SimpleObject.hbm.xml"/>      
        <mapping resource="ch/rtc/infra/protok/client/type/sample/bugs/InPro_ParentWithLazyCollectionOfChildren.hbm.xml"/>      
        <mapping resource="ch/rtc/infra/protok/client/type/sample/bugs/InPro_ChildWithCollections.hbm.xml"/>      
        <mapping resource="ch/rtc/infra/protok/client/type/sample/bugs/InPro_BidirectionalManyToManyLeftSide.hbm.xml"/>      
        <mapping resource="ch/rtc/infra/protok/client/type/sample/bugs/InPro_BidirectionalManyToManyRightSide.hbm.xml"/>      


        <listener type="pre-update" class="ch.rtc.infra.protok.client.InPro_HibernateBugHHH2763Listener"/>  
        <listener type="post-update" class="ch.rtc.infra.protok.client.InPro_HibernateBugHHH2763Listener"/> 
        <listener type="post-load" class="ch.rtc.infra.protok.client.InPro_HibernateBugHHH2763Listener"/> 
        <listener type="pre-load" class="ch.rtc.infra.protok.client.InPro_HibernateBugHHH2763Listener"/> 

    </session-factory>

</hibernate-configuration>