<?xml version = '1.0' encoding = 'UTF-8'?>
<Table class="oracle.dbtools.crest.model.design.relational.Table" id="3EEBED45-0F2E-9D4C-E164-D4083B87101B" directorySegmentName="seg_0" name="LEVEL0">
<createdBy>marchiori</createdBy>
<createdTime>2014-02-06 11:24:54 UTC</createdTime>
<generatorID>0D2805D3-6F48-2130-6DB5-227480E35FCE</generatorID>
<ownerDesignName>model</ownerDesignName>
<pkName>LEVEL0 PK</pkName>
<fonts>
<FontObject class="oracle.dbtools.crest.model.design.FontObjectWr">
<foType>Title</foType>
<fontStyle>1</fontStyle>
<colorRGB>-16776961</colorRGB>
</FontObject>
<FontObject class="oracle.dbtools.crest.model.design.FontObjectWr">
<foType>Column</foType>
<colorRGB>-16777216</colorRGB>
</FontObject>
<FontObject class="oracle.dbtools.crest.model.design.FontObjectWr">
<foType>Datatype</foType>
<colorRGB>-16744448</colorRGB>
</FontObject>
<FontObject class="oracle.dbtools.crest.model.design.FontObjectWr">
<foType>PK Element</foType>
<colorRGB>-16776961</colorRGB>
</FontObject>
<FontObject class="oracle.dbtools.crest.model.design.FontObjectWr">
<foType>FK Element</foType>
<colorRGB>-16777216</colorRGB>
</FontObject>
<FontObject class="oracle.dbtools.crest.model.design.FontObjectWr">
<foType>UK Element</foType>
<colorRGB>-16776961</colorRGB>
</FontObject>
<FontObject class="oracle.dbtools.crest.model.design.FontObjectWr">
<foType>Not Null</foType>
<colorRGB>-65536</colorRGB>
</FontObject>
<FontObject class="oracle.dbtools.crest.model.design.FontObjectWr">
<foType>Key</foType>
<colorRGB>-16777216</colorRGB>
</FontObject>
</fonts>
<columns>
<Column class="oracle.dbtools.crest.model.design.relational.Column" name="LEVEL0_ID" id="34F87AA3-D5F2-F0AE-6394-95BBC1380FC4">
<createdBy>marchiori</createdBy>
<createdTime>2014-02-06 11:24:54 UTC</createdTime>
<generatorID>79F3BF94-639A-E506-C375-FBEB535F6B30</generatorID>
<ownerDesignName>model</ownerDesignName>
<use>0</use>
<previousColumn>false</previousColumn>
<autoIncrementColumn>true</autoIncrementColumn>
<identityColumn>true</identityColumn>
<autoIncrementCycle>false</autoIncrementCycle>
</Column>
</columns>
<indexes>
<ind_PK_UK class="oracle.dbtools.crest.model.design.relational.Index" id="E73FFA68-9BCF-93D8-5572-836EAD2EFED6" name="LEVEL0 PK">
<createdBy>marchiori</createdBy>
<createdTime>2014-02-06 11:24:54 UTC</createdTime>
<generatorID>31731A23-0020-887B-2D3A-F1C18674E445</generatorID>
<ownerDesignName>model</ownerDesignName>
<pk>true</pk>
<indexState>Primary Constraint</indexState>
<indexColumnUsage>
<colUsage columnID="34F87AA3-D5F2-F0AE-6394-95BBC1380FC4"/>
</indexColumnUsage>
</ind_PK_UK>
</indexes>
</Table>