<?xml version = '1.0' encoding = 'UTF-8'?>
<Table class="oracle.dbtools.crest.model.design.relational.Table" id="71D75B89-93E8-A377-0B3F-C91C15C41CEC" directorySegmentName="seg_0" name="LEVEL1">
<createdBy>marchiori</createdBy>
<createdTime>2014-02-06 11:24:54 UTC</createdTime>
<generatorID>657741AB-1580-4B3E-FBDA-9EB16E97648D</generatorID>
<ownerDesignName>model</ownerDesignName>
<pkName>LEVEL1 PK</pkName>
<fonts>
<FontObject class="oracle.dbtools.crest.model.design.FontObjectWr">
<foType>Title</foType>
<fontStyle>1</fontStyle>
<colorRGB>-16776961</colorRGB>
</FontObject>
<FontObject class="oracle.dbtools.crest.model.design.FontObjectWr">
<foType>Column</foType>
<colorRGB>-16777216</colorRGB>
</FontObject>
<FontObject class="oracle.dbtools.crest.model.design.FontObjectWr">
<foType>Datatype</foType>
<colorRGB>-16744448</colorRGB>
</FontObject>
<FontObject class="oracle.dbtools.crest.model.design.FontObjectWr">
<foType>PK Element</foType>
<colorRGB>-16776961</colorRGB>
</FontObject>
<FontObject class="oracle.dbtools.crest.model.design.FontObjectWr">
<foType>FK Element</foType>
<colorRGB>-16777216</colorRGB>
</FontObject>
<FontObject class="oracle.dbtools.crest.model.design.FontObjectWr">
<foType>UK Element</foType>
<colorRGB>-16776961</colorRGB>
</FontObject>
<FontObject class="oracle.dbtools.crest.model.design.FontObjectWr">
<foType>Not Null</foType>
<colorRGB>-65536</colorRGB>
</FontObject>
<FontObject class="oracle.dbtools.crest.model.design.FontObjectWr">
<foType>Key</foType>
<colorRGB>-16777216</colorRGB>
</FontObject>
</fonts>
<columns>
<Column class="oracle.dbtools.crest.model.design.relational.Column" name="ATTR" id="30061B52-2EE6-1E72-8BF8-963360B84EAF">
<createdBy>marchiori</createdBy>
<createdTime>2014-02-06 11:24:54 UTC</createdTime>
<generatorID>8209E49C-0B25-0AC3-03AF-917310877243</generatorID>
<ownerDesignName>model</ownerDesignName>
<nullsAllowed>true</nullsAllowed>
<useDomainConstraints>false</useDomainConstraints>
<use>1</use>
<logicalDatatype>LOGDT024</logicalDatatype>
<dataTypeSize>256</dataTypeSize>
<previousColumn>false</previousColumn>
<autoIncrementCycle>false</autoIncrementCycle>
</Column>
<Column class="oracle.dbtools.crest.model.design.relational.Column" name="LEVEL0_ID" id="98C363BF-6478-A95D-34D2-E23CE68C085D">
<createdBy>marchiori</createdBy>
<createdTime>2014-02-06 11:24:54 UTC</createdTime>
<generatorID>3EA05169-B67D-C231-06B0-724B4D9A5DA1</generatorID>
<ownerDesignName>model</ownerDesignName>
<use>0</use>
<delegate>34F87AA3-D5F2-F0AE-6394-95BBC1380FC4</delegate>
<previousColumn>false</previousColumn>
<autoIncrementCycle>false</autoIncrementCycle>
<associations>
<colAssociation fkAssociation="7F5F518A-64F7-0F73-324C-6652AA906642" referredColumn="34F87AA3-D5F2-F0AE-6394-95BBC1380FC4"/>
</associations>
</Column>
<Column class="oracle.dbtools.crest.model.design.relational.Column" name="LEVEL2_ID" id="10DB65E2-8B16-E8A5-9DF7-7404352B4ED6">
<createdBy>marchiori</createdBy>
<createdTime>2014-02-06 11:25:08 UTC</createdTime>
<generatorID>9691B5B4-F03C-E63D-0DCE-94D85564FC98</generatorID>
<ownerDesignName>model</ownerDesignName>
<use>0</use>
<delegate>9C18268F-2BD4-5BA4-172E-527DF9021362</delegate>
<previousColumn>false</previousColumn>
<autoIncrementCycle>false</autoIncrementCycle>
<associations>
<colAssociation fkAssociation="C97B26D0-5775-F379-B764-031D2EE0BFFE" referredColumn="9C18268F-2BD4-5BA4-172E-527DF9021362"/>
</associations>
</Column>
</columns>
<indexes>
<ind_PK_UK class="oracle.dbtools.crest.model.design.relational.Index" id="1EE650CF-633C-1C7F-92BD-5E7C96343D0D" name="LEVEL1 PK">
<createdBy>marchiori</createdBy>
<createdTime>2014-02-06 11:24:54 UTC</createdTime>
<generatorID>E6A89326-88EF-50D4-16BD-DA5E8E025028</generatorID>
<ownerDesignName>model</ownerDesignName>
<pk>true</pk>
<indexState>Primary Constraint</indexState>
<indexColumnUsage>
<colUsage columnID="98C363BF-6478-A95D-34D2-E23CE68C085D"/>
<colUsage columnID="10DB65E2-8B16-E8A5-9DF7-7404352B4ED6"/>
</indexColumnUsage>
</ind_PK_UK>
<ind_PK_UK class="oracle.dbtools.crest.model.design.relational.Index" id="AF399651-7304-400A-5223-91B072D53202" name="Relation_1">
<createdBy>marchiori</createdBy>
<createdTime>2014-02-06 11:24:54 UTC</createdTime>
<generatorID>61DEB941-B3D1-C6FB-3A99-C413EC212A66</generatorID>
<ownerDesignName>model</ownerDesignName>
<indexState>Foreign Key</indexState>
<indexColumnUsage>
<colUsage columnID="98C363BF-6478-A95D-34D2-E23CE68C085D"/>
</indexColumnUsage>
</ind_PK_UK>
<ind_PK_UK class="oracle.dbtools.crest.model.design.relational.Index" id="2B21A063-36AC-62F9-FED3-F8E18258D322" name="Relation_2">
<createdBy>marchiori</createdBy>
<createdTime>2014-02-06 11:25:08 UTC</createdTime>
<generatorID>552956FE-D0E3-24C1-43C5-82D0511D73BE</generatorID>
<ownerDesignName>model</ownerDesignName>
<indexState>Foreign Key</indexState>
<indexColumnUsage>
<colUsage columnID="10DB65E2-8B16-E8A5-9DF7-7404352B4ED6"/>
</indexColumnUsage>
</ind_PK_UK>
</indexes>
</Table>