<?xml version = '1.0' encoding = 'UTF-8'?>
<Table class="oracle.dbtools.crest.model.design.relational.Table" id="A23AAD00-9E08-BC6E-B80A-3E37558A83D5" directorySegmentName="seg_0" name="LEVEL2">
<createdBy>marchiori</createdBy>
<createdTime>2014-02-06 11:24:54 UTC</createdTime>
<generatorID>AB6D80C1-DD4E-A9EF-687F-9FF32D9801EC</generatorID>
<ownerDesignName>model</ownerDesignName>
<pkName>LEVEL2 PK</pkName>
<fonts>
<FontObject class="oracle.dbtools.crest.model.design.FontObjectWr">
<foType>Title</foType>
<fontStyle>1</fontStyle>
<colorRGB>-16776961</colorRGB>
</FontObject>
<FontObject class="oracle.dbtools.crest.model.design.FontObjectWr">
<foType>Column</foType>
<colorRGB>-16777216</colorRGB>
</FontObject>
<FontObject class="oracle.dbtools.crest.model.design.FontObjectWr">
<foType>Datatype</foType>
<colorRGB>-16744448</colorRGB>
</FontObject>
<FontObject class="oracle.dbtools.crest.model.design.FontObjectWr">
<foType>PK Element</foType>
<colorRGB>-16776961</colorRGB>
</FontObject>
<FontObject class="oracle.dbtools.crest.model.design.FontObjectWr">
<foType>FK Element</foType>
<colorRGB>-16777216</colorRGB>
</FontObject>
<FontObject class="oracle.dbtools.crest.model.design.FontObjectWr">
<foType>UK Element</foType>
<colorRGB>-16776961</colorRGB>
</FontObject>
<FontObject class="oracle.dbtools.crest.model.design.FontObjectWr">
<foType>Not Null</foType>
<colorRGB>-65536</colorRGB>
</FontObject>
<FontObject class="oracle.dbtools.crest.model.design.FontObjectWr">
<foType>Key</foType>
<colorRGB>-16777216</colorRGB>
</FontObject>
</fonts>
<columns>
<Column class="oracle.dbtools.crest.model.design.relational.Column" name="LEVEL2_ID" id="9C18268F-2BD4-5BA4-172E-527DF9021362">
<createdBy>marchiori</createdBy>
<createdTime>2014-02-06 11:24:54 UTC</createdTime>
<generatorID>8DBC5138-5658-7081-26E7-2BC4C17482E3</generatorID>
<ownerDesignName>model</ownerDesignName>
<use>0</use>
<previousColumn>false</previousColumn>
<autoIncrementColumn>true</autoIncrementColumn>
<identityColumn>true</identityColumn>
<autoIncrementCycle>false</autoIncrementCycle>
</Column>
</columns>
<indexes>
<ind_PK_UK class="oracle.dbtools.crest.model.design.relational.Index" id="9A316B88-2C1A-167E-3301-60E77BF8AC16" name="LEVEL2 PK">
<createdBy>marchiori</createdBy>
<createdTime>2014-02-06 11:25:08 UTC</createdTime>
<generatorID>7B6E30D1-191F-861B-245F-AEB807B673E7</generatorID>
<ownerDesignName>model</ownerDesignName>
<pk>true</pk>
<indexState>Primary Constraint</indexState>
<indexColumnUsage>
<colUsage columnID="9C18268F-2BD4-5BA4-172E-527DF9021362"/>
</indexColumnUsage>
</ind_PK_UK>
</indexes>
</Table>