<?xml version="1.0" encoding="UTF-8"?>
<!DOCTYPE hibernate-mapping PUBLIC "-//Hibernate/Hibernate Mapping DTD//EN" "http://hibernate.sourceforge.net/hibernate-mapping-2.0.dtd">
<hibernate-mapping>
    <!-- Don't edit this document; it is automatically generated by entity.hbm.xsl. -->
    <class name="com.docent.lms.entities.reference.ReferenceUser" table="DRUser">
        <!--A LMS user.-->
        <jcs-cache usage="read-write"/>
        <id name="id" type="long" column="userId" unsaved-value="null">
            <generator class="native">
                <param name="sequence">S_DRUser</param>
            </generator>
        </id>
        <set name="domainMemberships_" lazy="true" inverse="true">
            <jcs-cache usage="read-write"/>
            <key column="entityId"/>
            <one-to-many class="com.docent.lms.entities.reference.ReferenceDomainMembership"/>
        </set>
        <property name="lmsId" type="integer" column="lmsId"/>
        <property name="firstName" type="string" column="firstName"/>
        <property name="lastName" type="string" column="lastName"/>
        <property name="passwordDigest" type="string" column="password"/>
        <property name="email" type="string" column="email"/>
        <property name="notificationMethod" type="integer" column="notificationMethod"/>
        <property name="systemId" type="string" column="systemId"/>
        <property name="systemDisplayId" type="string" column="systemDisplayId"/>
        <property name="userLocale" type="string" column="userLocale"/>
        <property name="state" type="character" column="state"/>
        <property name="timeZone" type="string" column="userTimeZone"/>
        <property name="lastAccessTime" type="com.docent.utility.HibernateUTC$TimestampType" column="lastAccessTime" update="false"/>
        <property name="lastLoginTime" type="com.docent.utility.HibernateUTC$TimestampType" column="lastLoginTime" update="false"/>
        <property name="creationDate" type="com.docent.utility.HibernateUTC$TimestampType" column="creationDate" update="false"/>
        <property name="lastModifiedDate" type="com.docent.utility.HibernateUTC$TimestampType" column="lastModifiedDate" update="false"/>
        <property name="uniqueEmail" type="string" column="uniqueEmail"/>
        <property name="_loginFailureAttempts" type="integer" column="loginFailureAttempts"/>
        <property name="_waitListPriority" type="integer" column="waitListPriority"/>
        <property name="changeSequence" type="integer" column="changeSequence"/>
        <property name="guid" type="string" column="guid"/>
        <property name="activityProfileId" type="long" column="activityProfileId"/>
        <many-to-one name="manager" class="com.docent.lms.entities.reference.ReferenceUser" column="managerId"/>
        <many-to-one name="jobCategory" class="com.docent.lms.entities.reference.ReferenceJobCategory" column="jobCategoryId"/>
        <many-to-one name="currency" class="com.docent.lms.entities.reference.ReferenceCurrency" column="currencyId"/>
        <many-to-one name="location" class="com.docent.lms.entities.reference.ReferenceLocation" column="locationId"/>
        <many-to-one name="_entityStatus" class="com.docent.lms.entities.enums.reference.ReferenceEntityStatus" column="entityStatusId" not-null="true"/>
        <set name="managedUsers_" lazy="true" inverse="true">
            <jcs-cache usage="read-write"/>
            <key column="managerId"/>
            <one-to-many class="com.docent.lms.entities.reference.ReferenceUser"/>
        </set>
        <set name="userRoleAssociation_" lazy="true" inverse="true">
            <jcs-cache usage="read-write"/>
            <key column="userId"/>
            <one-to-many class="com.docent.lms.entities.reference.ReferenceUserRoleAssociation"/>
        </set>
        <set name="audienceAssociations_" lazy="true" inverse="true">
            <jcs-cache usage="read-write"/>
            <key column="userId"/>
            <one-to-many class="com.docent.lms.entities.reference.ReferenceAudienceUserAssociation"/>
        </set>
    </class>
</hibernate-mapping>
