<?xml version="1.0" encoding="UTF-8"?>
<!DOCTYPE hibernate-mapping PUBLIC "-//Hibernate/Hibernate Mapping DTD//EN" "http://hibernate.sourceforge.net/hibernate-mapping-2.0.dtd">
<hibernate-mapping>
    <!-- Don't edit this document; it is automatically generated by entity.hbm.xsl. -->
    <class name="com.docent.lms.entities.reference.ReferenceCurrency_T" table="DRCurrency_T">
        <!--Localized properties of a Currency.-->
        <jcs-cache usage="read-write"/>
        <composite-id name="id" class="com.docent.lms.entities.Currency_T$Id" unsaved-value="any">
            <key-many-to-one name="entity" class="com.docent.lms.entities.reference.ReferenceCurrency" column="id"/>
            <key-property name="localeId" type="long" column="localeId"/>
        </composite-id>
        <property name="name" type="string" column="name"/>
    </class>
</hibernate-mapping>
