<?xml version="1.0"?>

<!DOCTYPE hibernate-mapping PUBLIC
    "-//Hibernate/Hibernate Mapping DTD 2.0//EN" 
    "http://hibernate.sourceforge.net/hibernate-mapping-2.0.dtd">

<hibernate-mapping>
    <class name="com.hibernate.bo.Person" table="PERSON" dynamic-update="false" dynamic-insert="false">

        <id name="id" column="PERSON_ID" type="int" unsaved-value="0">
            <generator class="native">
            </generator>
        </id>

        <property name="name" type="string" update="true" insert="true" access="property" column="FULL_NAME" length="20"/>

        <map name="ownedCars" table="OWNED_CARS" lazy="false" sort="unsorted" inverse="false" cascade="none">

            <key column="PERSON_ID"/>

            <index-many-to-many class="com.hibernate.bo.Car" column="CAR_ID"/>

            <composite-element class="com.hibernate.bo.CarDetails">
                <property name="numberPlate" type="string" update="true" insert="true" access="property" column="NUMBER_PLATE" length="10" not-null="true"/>
                <property name="colour" type="string" update="true" insert="true" access="property" column="COLOUR" length="20" not-null="true"/>
                <property name="carTaxDue" type="calendar" update="true" insert="true" access="property" column="CAR_TAX_DUE_DATE" not-null="true"/>
                <property name="secondHand" type="yes_no" update="true" insert="true" access="property" column="SECOND_HAND"/>
            </composite-element>

        </map>

    </class>

</hibernate-mapping>
