<!DOCTYPE hibernate-configuration
    PUBLIC "-//Hibernate/Hibernate Configuration DTD 3.0//EN"
    "http://hibernate.sourceforge.net/hibernate-configuration-3.0.dtd">
<hibernate-configuration>
  <session-factory>
    <property name="hibernate.connection.datasource">java:comp/env/jdbc/SshrcDB</property>
    <property name="hibernate.connection.pool_size">50</property>
    <property name="hibernate.show_sql">true</property>
    <property name="hibernate.dialect">org.hibernate.dialect.SybaseDialect</property>
    <property name="jdbc.batch_size">5</property>
    <property name="hibernate.jdbc.use_scrollable_resultset">true</property>
    <property name="use_outer_join">true</property>
    <property name="hibernate.max_fetch_depth">1</property>

    <!-- Mapping files -->
    <mapping resource="hibernate/Form.hbm.xml"/>
    <mapping resource="hibernate/Application.hbm.xml"/>
    <mapping resource="hibernate/AmisApplicationXref.hbm.xml"/>
    <mapping resource="hibernate/AmisCod.hbm.xml"/>
    <mapping resource="hibernate/ApplAssessment.hbm.xml"/>
    <mapping resource="hibernate/ApplCommittee.hbm.xml"/>
    <mapping resource="hibernate/ApplExpertise.hbm.xml"/>
    <mapping resource="hibernate/ApplFineartsSupport.hbm.xml"/>
    <mapping resource="hibernate/ApplFundingSummary.hbm.xml"/>
    <mapping resource="hibernate/ApplIneThem.hbm.xml"/>
    <mapping resource="hibernate/ApplParticipation.hbm.xml"/>
    <mapping resource="hibernate/ApplPartSecurity.hbm.xml"/>
    <mapping resource="hibernate/ApplPreScreening.hbm.xml"/>
    <mapping resource="hibernate/ApplProposedExpenditure.hbm.xml"/>
    <mapping resource="hibernate/ApplProposedTimeStipend.hbm.xml"/>
    <mapping resource="hibernate/ApplReferee.hbm.xml"/>
    <mapping resource="hibernate/ApplRelevance.hbm.xml"/>
    <mapping resource="hibernate/ApplStatu.hbm.xml"/>
    <mapping resource="hibernate/ApplStatusHistory.hbm.xml"/>
    <mapping resource="hibernate/ApplSupport.hbm.xml"/>
    <mapping resource="hibernate/ApplSurvey.hbm.xml"/>
    <mapping resource="hibernate/Attachment.hbm.xml"/>
    <mapping resource="hibernate/AwardStatement.hbm.xml"/>
    <mapping resource="hibernate/BudgetItem.hbm.xml"/>
    <mapping resource="hibernate/CidConcordance.hbm.xml"/>
    <mapping resource="hibernate/Cod.hbm.xml"/>
    <mapping resource="hibernate/CodesCategory.hbm.xml"/>
    <mapping resource="hibernate/CodesCategoryGroup.hbm.xml"/>
    <mapping resource="hibernate/CodesTabl.hbm.xml"/>
    <mapping resource="hibernate/Committee.hbm.xml"/>
    <mapping resource="hibernate/CommitteeNomine.hbm.xml"/>
    <mapping resource="hibernate/Country.hbm.xml"/>
    <mapping resource="hibernate/DataEntryExpXref.hbm.xml"/>
    <mapping resource="hibernate/Discipline.hbm.xml"/>
    <mapping resource="hibernate/EnvironmentalImpact.hbm.xml"/>
    <mapping resource="hibernate/FinalApplication.hbm.xml"/>
    <mapping resource="hibernate/FrrComment.hbm.xml"/>
    <mapping resource="hibernate/FrrContribution.hbm.xml"/>
    <mapping resource="hibernate/FrrFinding.hbm.xml"/>
    <mapping resource="hibernate/FrrImpact.hbm.xml"/>
    <mapping resource="hibernate/FrrPartnerContrib.hbm.xml"/>
    <mapping resource="hibernate/FrrStat.hbm.xml"/>
    <mapping resource="hibernate/FundingOrg.hbm.xml"/>
    <mapping resource="hibernate/IndirectCost.hbm.xml"/>
    <mapping resource="hibernate/MainDiscipline.hbm.xml"/>
    <mapping resource="hibernate/Message.hbm.xml"/>
    <mapping resource="hibernate/OrganizationBase.hbm.xml"/>
    <mapping resource="hibernate/Organization.hbm.xml"/>
    <mapping resource="hibernate/OrgDeptLocation.hbm.xml"/>
    <mapping resource="hibernate/Person.hbm.xml"/>
    <mapping resource="hibernate/PersonAcademicBackground.hbm.xml"/>
    <mapping resource="hibernate/PersonAcademicBackPrint.hbm.xml"/>
    <mapping resource="hibernate/PersonContribution.hbm.xml"/>
    <mapping resource="hibernate/PersonDistinction.hbm.xml"/>
    <mapping resource="hibernate/PersonExpertise.hbm.xml"/>
    <mapping resource="hibernate/PersonExtContributor.hbm.xml"/>
    <mapping resource="hibernate/PersonExtParticipant.hbm.xml"/>
    <mapping resource="hibernate/PersonExtSupportUser.hbm.xml"/>
    <mapping resource="hibernate/PersonInterruption.hbm.xml"/>
    <mapping resource="hibernate/PersonNot.hbm.xml"/>
    <mapping resource="hibernate/PersonPosition.hbm.xml"/>
    <mapping resource="hibernate/PersonPositionPrint.hbm.xml"/>
    <mapping resource="hibernate/PersonResearchSupport.hbm.xml"/>
    <mapping resource="hibernate/PersonStudentsTrained.hbm.xml"/>
    <mapping resource="hibernate/Program.hbm.xml"/>
    <mapping resource="hibernate/ProgCommittee.hbm.xml"/>
    <mapping resource="hibernate/ProgGpScheduleFellowship.hbm.xml"/>
    <mapping resource="hibernate/ProgGrantType.hbm.xml"/>
    <mapping resource="hibernate/ProvinceState.hbm.xml"/>
    <mapping resource="hibernate/PersonAddress.hbm.xml"/>
    <mapping resource="hibernate/RdcCommitteeMember.hbm.xml"/>
    <mapping resource="hibernate/ScholarshipApplication.hbm.xml"/>
    <mapping resource="hibernate/SecurityRole.hbm.xml"/>
    <mapping resource="hibernate/SoaExpXref.hbm.xml"/>
    <mapping resource="hibernate/SystemParameter.hbm.xml"/>
    <mapping resource="hibernate/SystemProperty.hbm.xml"/>
    <mapping resource="hibernate/SecurityProfile.hbm.xml"/>
    <mapping resource="hibernate/UserSession.hbm.xml"/>
    <mapping resource="hibernate/UserSessionHistory.hbm.xml"/>
    <mapping resource="hibernate/UserSessionTemp.hbm.xml"/>
    <mapping resource="hibernate/WebModul.hbm.xml"/>
    <mapping resource="hibernate/WebOrganization.hbm.xml"/>
    <mapping resource="hibernate/WebSubsystem.hbm.xml"/>
    <mapping resource="hibernate/WebSubsystemCrossref.hbm.xml"/>
    <mapping resource="hibernate/WebUser.hbm.xml"/>
    <mapping resource="hibernate/AvoidDbTrig.hbm.xml"/>
    <mapping resource="hibernate/SecurityNamedQuery.hbm.xml"/>
    <mapping resource="hibernate/WebModuleBeanClass.hbm.xml"/>
  </session-factory>
</hibernate-configuration>
