<?xml version="1.0"?>
<!DOCTYPE hibernate-mapping PUBLIC 
	"-//Hibernate/Hibernate Mapping DTD 3.0//EN"
	"http://www.hibernate.org/dtd/hibernate-mapping-3.0.dtd">

<!--
     
-->

<hibernate-mapping package="org.hibernate.test.cid2">

	<class name="LineItem" table="Cid2LineItem">

		<composite-id name="id" class="LineItem$Id">
			<key-many-to-one name="order" column="orderId" foreign-key="FK_Cid2LineItem__order"/>
			<key-property name="orderLineId"/>
		</composite-id>

		<property name="product" length="100"/>
		<property name="quantity"/>
		<property name="lineItemIndex"/>

	</class>

</hibernate-mapping>
