<?xml version="1.0"?>
<!DOCTYPE hibernate-mapping PUBLIC 
	"-//Hibernate/Hibernate Mapping DTD 3.0//EN"
	"http://www.hibernate.org/dtd/hibernate-mapping-3.0.dtd">

<hibernate-mapping package="org.hibernate.test.cid2">

<!--

-->

	<class name="Order" table="Cid2Order">
		<id name="orderId">
			<generator class="native"/>
		</id>

		<many-to-one name="customer" column="customerId" insert="false" update="false" foreign-key="FK_Cid2Order__customer"/>
		<property name="total" precision="10" scale="2"/>
		<property name="orderRef" length="32"/>
	</class>

</hibernate-mapping>
