<beans xmlns="http://www.springframework.org/schema/beans" 
       xmlns:xsi="http://www.w3.org/2001/XMLSchema-instance"
       xmlns:jee="http://www.springframework.org/schema/jee" 
       xsi:schemaLocation="http://www.springframework.org/schema/beans http://www.springframework.org/schema/beans/spring-beans-2.0.xsd 
                           http://www.springframework.org/schema/jee http://www.springframework.org/schema/jee/spring-jee-2.0.xsd">

    <bean id="dataSource"
          class="org.apache.commons.dbcp.BasicDataSource"
          destroy-method="close">
        <property name="driverClassName"><value>${jdbc.driver.classname}</value></property>
        <property name="url"><value>${jdbc.url}</value></property>
        <property name="username"><value>${db.user}</value></property>
        <property name="password"><value>${db.pass}</value></property>
        <property name="initialSize"><value>1</value></property>
        <property name="maxActive"><value>30</value></property>
        <!-- property name="validationQuery"><value>SELECT 1 FROM DUAL</value></property-->
        <property name="poolPreparedStatements"><value>true</value></property>
        <property name="maxOpenPreparedStatements"><value>0</value></property>
    </bean>

    <bean id="transactionManager" 
          class="org.springframework.orm.hibernate3.HibernateTransactionManager">
        <property name="sessionFactory"><ref bean="sessionFactory"/></property>
    </bean>

    <bean id="transactionTemplate"
            class="org.springframework.transaction.support.TransactionTemplate">
        <constructor-arg index="0">
            <ref bean="transactionManager" />
        </constructor-arg>
        <property name="propagationBehaviorName" value="PROPAGATION_REQUIRED"/>
    </bean>

    <bean id="placeholderConfig"
          class="org.springframework.beans.factory.config.PropertyPlaceholderConfigurer">
        <property name="location" value="local.properties"/>
    </bean>

</beans>