<beans xmlns="http://www.springframework.org/schema/beans" 
       xmlns:xsi="http://www.w3.org/2001/XMLSchema-instance"
       xmlns:jee="http://www.springframework.org/schema/jee" 
       xsi:schemaLocation="http://www.springframework.org/schema/beans http://www.springframework.org/schema/beans/spring-beans-2.0.xsd 
                           http://www.springframework.org/schema/jee http://www.springframework.org/schema/jee/spring-jee-2.0.xsd">

    <bean id="sessionFactory" class="org.springframework.orm.hibernate3.LocalSessionFactoryBean">
        <property name="configLocation" value="classpath:hibernate.cfg.xml" />
        <property name="configurationClass" value="org.hibernate.cfg.AnnotationConfiguration"/>
        <property name="hibernateProperties" value="classpath:hibernate.properties"/>
        <property name="dataSource" ref="dataSource" />
        <property name="lobHandler">
            <bean class="org.springframework.jdbc.support.lob.DefaultLobHandler"/>
        </property>
    </bean>

    <bean id="hibernateTemplate" 
          class="org.springframework.orm.hibernate3.HibernateTemplate">
        <property name="sessionFactory" ref="sessionFactory"/>
        <property name="allowCreate" value="false"/>
    </bean>

</beans>