    <platform>  
        <!-- Platform name -->  
        <name>Eclipse Equinox 3.7</name>  
        <!-- URL to system bundle -->  
       <system>http://mirror.netcologne.de/eclipse//equinox/drops/R-3.7-201106131736/org.eclipse.osgi_3.7.0.v20110613.jar</system>  
       
       <!-- <system>http://download.eclipse.org/equinox/drops/R-3.7-201106131736/download.php?dropFile=org.eclipse.osgi_3.7.0.v20110613.jar</system>
        -->
        <!-- List of bundles -->  
        <profile name="minimal" default="true">  
            <bundle>  
                <name>OSGi Services</name>  
                <url>http://mirror.netcologne.de/eclipse//equinox/drops/R-3.7-201106131736/org.eclipse.osgi.services_3.3.0.v20110513.jar</url>  
            </bundle>  
            <bundle>  
                <name>Equinox Util</name>  
                <url>http://mirror.netcologne.de/eclipse//equinox/drops/R-3.7-201106131736/org.eclipse.equinox.util_1.0.300.v20110502.jar</url>  
            </bundle>  
            <bundle>  
                <name>Equinox Common</name>  
                <url>http://mirror.netcologne.de/eclipse//equinox/drops/R-3.7-201106131736/org.eclipse.equinox.common_3.6.0.v20110523.jar</url>  
            </bundle>  
        </profile>  
    </platform>  