<?xml version="1.0" encoding="UTF-8"?>
<!DOCTYPE log4j:configuration SYSTEM "log4j.dtd">

<!-- ===================================================================== -->
<!--                                                                       -->
<!--  Log4j Configuration                                                  -->
<!--                                                                       -->
<!-- ===================================================================== -->

<!-- $Id: log4j.xml,v 1.1 2006/01/30 00:58:46 bill Exp $ -->

<!--
   | For more configuration infromation and examples see the Jakarta Log4j
   | owebsite: http://jakarta.apache.org/log4j
 -->

<log4j:configuration xmlns:log4j="http://jakarta.apache.org/log4j/" debug="false">

  <!-- ============================== -->
  <!-- Append messages to the console -->
  <!-- ============================== -->

  <appender name="CONSOLE" class="org.apache.log4j.ConsoleAppender">
    <param name="Threshold" value="FATAL"/>
    <param name="Target" value="System.out"/>

    <layout class="org.apache.log4j.PatternLayout">
      <!-- The default pattern: Date Priority [Category] Message\n -->
      <param name="ConversionPattern" value="%d{ABSOLUTE} %-5p [%c{1}] %m%n"/>
    </layout>
  </appender>


  <!-- ======================= -->
  <!-- Setup the Root category -->
  <!-- ======================= -->

  <root>
    <appender-ref ref="CONSOLE"/>
  </root>
  
</log4j:configuration>
