<?xml version='1.0' encoding='utf-8'?>
<!DOCTYPE hibernate-configuration PUBLIC
  "-//Hibernate/Hibernate Configuration DTD//EN"
  "http://hibernate.sourceforge.net/hibernate-configuration-3.0.dtd">
 <hibernate-configuration>
      <session-factory name="HibernateSessionFactory">
         <property name="hibernate.connection.driver_class">org.hsqldb.jdbcDriver</property>
         <property name="hibernate.connection.url">jdbc:hsqldb:mem:TestDB</property>
         <property name="hibernate.connection.username">sa</property>
         <property name="hibernate.connection.password"></property>
         <mapping class="net.gquintana.test.EntityA"/>
         <mapping class="net.gquintana.test.AbstractEntityB"/>
         <mapping class="net.gquintana.test.EntityB1"/>
         <mapping class="net.gquintana.test.EntityB2"/>
       </session-factory>
       
 </hibernate-configuration>