<?xml version="1.0" encoding="utf-8"?>
<!DOCTYPE hibernate-configuration PUBLIC
"-//Hibernate/Hibernate Configuration DTD 3.0//EN"
"http://hibernate.sourceforge.net/hibernate-configuration-3.0.dtd">
<hibernate-configuration>
  <session-factory>
    <property name="hibernate.connection.driver_class">org.h2.Driver</property>
    <property name="hibernate.connection.url">jdbc:h2:mem:test</property>
    <property name="hibernate.connection.username">sa</property>
    <property name="hibernate.connection.password"></property>
    <property name="hibernate.dialect">org.hibernate.dialect.H2Dialect</property>
    <property name="show_sql">true</property>
    <property name="hbm2ddl.auto">create-drop</property>
    <mapping class="hibe.EmployeeEntity"></mapping>
    <mapping class="hibe.LinkEntity"></mapping>
  </session-factory>
</hibernate-configuration>