<?xml version="1.0" encoding="UTF-8"?>
<!DOCTYPE hibernate-configuration SYSTEM
   "file:///C:/hibernate-2.1/src/net/sf/hibernate/hibernate-configuration-2.0.dtd">
<hibernate-configuration>
   <session-factory>
      <property name="hibernate.connection.username">security</property>
      <property name="hibernate.connection.password">security1</property>
      <property name="hibernate.connection.url">
         jdbc:oracle:thin:@L10062.dev-eng:1532:omsp</property>
      <property name="hibernate.connection.driver_class">
         oracle.jdbc.driver.OracleDriver</property>
      <property name="hibernate.transaction.factory_class">
         net.sf.hibernate.transaction.JDBCTransactionFactory </property>
      <property name="hibernate.dialect">
         net.sf.hibernate.dialect.Oracle9Dialect</property>
      <property name="hibernate.connection.pool_size">30</property>
      <property name="hibernate.show_sql">true</property>
      <!-- Apache DBCP (connection pool) configuration -->
      <property name="hibernate.dbcp.maxActive">100</property>
      <property name="hibernate.dbcp.whenExhaustedAction">1</property>
      <property name="hibernate.dbcp.maxWait">120000</property>
      <property name="hibernate.dbcp.maxIdle">10</property>
      <property name="hibernate.dbcp.ps.maxActive">100</property>
      <property name="hibernate.dbcp.ps.whenExhaustedAction">1</property>
      <property name="hibernate.dbcp.ps.maxWait">120000</property>
      <property name="hibernate.dbcp.ps.maxIdle">10</property>
      <property name="hibernate.dbcp.validationQuery">select 1 from
         dual</property>
      <property name="hibernate.dbcp.testOnBorrow">true</property>
      <property name="hibernate.dbcp.testOnReturn">false</property>
      <property name="hibernate.connection.provider_class">
         net.sf.hibernate.connection.DBCPConnectionProvider</property>
      <!-- Cache -->
      <property name="hibernate.cache.provider_class">
         net.sf.ehcache.hibernate.Provider</property>
      <!-- Mapping files -->
      <mapping resource="hibtest/Foo.hbm.xml"/>
      <mapping resource="hibtest/Sub.hbm.xml"/>
      <mapping resource="hibtest/Bar.hbm.xml"/>
   </session-factory>
</hibernate-configuration>