<?xml version="1.0" encoding="UTF-8" ?>
<log4j:configuration xmlns:log4j="http://jakarta.apache.org/log4j/" debug="true">
  <appender name="STDOUT" class="org.apache.log4j.ConsoleAppender">
    <layout class="org.apache.log4j.PatternLayout">
      <param name="ConversionPattern" value="%d %-5p %c - %m%n"/>
    </layout>
  </appender>

  <logger name="org.hibernate">
    <level value="debug"/>
  </logger>
  <logger name="org.hibernate.SQL">
    <level value="debug"/>
  </logger>

  <root>
    <priority value="warn" />
    <appender-ref ref="STDOUT" />
    <appender-ref ref="DEBUGFILE" />
  </root>
</log4j:configuration>
