<?xml version="1.0" encoding="UTF-8"?>
<server>
   <mbean code="org.hibernate.jmx.HibernateAnnotationService" name="jboss.har:service=Hibernate-MITO">
       <depends>jboss:service=Naming</depends>
       <depends>jboss:service=TransactionManager</depends>
           
       <attribute name="Datasource">java:/SchedeDS</attribute>
       <attribute name="Dialect">org.hibernate.dialect.MySQL5InnoDBDialect</attribute>
       <attribute name="JndiName">java:/hibernate/SchedeSessionFactory</attribute>
       <attribute name="CacheProviderClass">org.hibernate.cache.HashtableCacheProvider</attribute>
       <attribute name="ShowSqlEnabled">true</attribute>
       <attribute name="TransactionStrategy">org.hibernate.transaction.JTATransactionFactory</attribute>
       <attribute name="TransactionManagerLookupStrategy">org.hibernate.transaction.JBossTransactionManagerLookup</attribute>
		<attribute name="UserTransactionName">java:comp/UserTransaction</attribute>

       <!-- hibernate cfg file  in har file. fast access to hibernate class mapping -->
       <attribute name="XmlHibernateCfgFile">hibernate.cfg.xml</attribute>
       
       
       
       <!-- alternative file 
        <attribute name="XmlHibernateCfgFile">hibernateweb.cfg.xml</attribute> 
       -->
      <!-- Annotated Class
       <attribute name="ClassResources">
           org.test.ClassName,
           org.test.ClassName1,
       </attribute>
       -->
       <!-- mapping File hbm.xml
        <attribute name="MapResources"> 
           example/MyPOJO1.hbm.xml,
           example/MyPOJO2.hbm.xml
        </attribute>
        -->
   </mbean>
</server>

