<?xml version='1.0' encoding='utf-8'?>
<!DOCTYPE hibernate-configuration PUBLIC
          "-//Hibernate/Hibernate Configuration DTD//EN"
          "http://hibernate.sourceforge.net/hibernate-configuration-3.0.dtd">

<hibernate-configuration>
	<session-factory>
		<property name="hibernate.hbm2ddl.auto">update</property>
<!--		<property name="current_session_context_class">thread</property>-->

		<property name="connection.driver_class">org.hsqldb.jdbcDriver</property>
		<property name="connection.url">jdbc:hsqldb:mem:aname</property>
		<property name="connection.username">sa</property>
		<property name="connection.password"></property>
		<property name="dialect">org.hibernate.dialect.HSQLDialect</property>


		<property name="org.jboss.envers.versionsTablePrefix">_rev_</property>
        <property name="org.jboss.envers.versionsTableSuffix">_</property>
        <property name="org.jboss.envers.revisionFieldName">revision</property>
        <property name="org.jboss.envers.revisionTypeFieldName">revision_type</property>


		<mapping class="com.tikal.sample.model.Person"/>
		<mapping class="com.tikal.sample.model.Car"/>



        <listener type="post-insert" class="org.jboss.envers.event.VersionsEventListener"/>
        <listener type="post-update" class="org.jboss.envers.event.VersionsEventListener"/>
        <listener type="post-delete" class="org.jboss.envers.event.VersionsEventListener"/>

        <listener type="post-collection-recreate" class="org.jboss.envers.event.VersionsEventListener"/>
        <listener type="pre-collection-remove" class="org.jboss.envers.event.VersionsEventListener"/>
        <listener type="pre-collection-update" class="org.jboss.envers.event.VersionsEventListener"/>



	</session-factory>

</hibernate-configuration>


