<?xml version="1.0"?>
<!DOCTYPE hibernate-mapping PUBLIC
      "-//Hibernate/Hibernate Mapping DTD 3.0//EN"
          "http://hibernate.sourceforge.net/hibernate-mapping-3.0.dtd">

<hibernate-mapping
    package="com.checkernet.pickList.model">
    <class name="PickListBatchPOJO" table="PickListBatch"
        proxy="PickListBatch"
        dynamic-insert="true" dynamic-update="true" select-before-update="true">
        <composite-id unsaved-value="any" name="uid" class="PickListBatchUID">
            <key-property name="orderNumber" column="orderNumber" type="integer"/>
            <key-property name="shipmentNumber" column="shipmentNumber" type="integer"/>
        </composite-id>
        <property name="batchKey" column="batchKey" type="integer"/>
        <property name="hasCoupon" column="hasCoupon" type="boolean"/>
        <property name="createdWho" column="recCreatedWho" type="string"/>
        <property name="createdTimestamp" column="recCreatedTimestamp" type="timestamp"/>
        <one-to-one name="shipment" class="com.checkernet.shipment.model.ShipmentPOJO">
            <formula>orderNumber</formula>
            <formula>shipmentNumber</formula>
        </one-to-one>
    </class>

    <class name="PickListBatchOrderShipmentQuantitiesPOJO" table="vwPickLIstBatchOrderShipmentQuantities"
        proxy="PickListBatchOrderShipmentQuantities" mutable="false">
        <composite-id unsaved-value="any" name="uid" class="PickListBatchOrderShipmentQuantitiesUID">
            <key-property name="inventoryId" column="inventoryId" type="string"/>
            <key-property name="productCode" column="productCode" type="string"/>
            <key-property name="lineItemInkColor" column="lineItemInkColor" type="string"/>
            <key-property name="batchKey" column="batchKey" type="integer"/>
            <key-property name="orderNumber" column="orderNumber" type="integer"/>
            <key-property name="shipmentNumber" column="shipmentNumber" type="integer"/>
        </composite-id>
        <property name="orderQuantity" column="orderQuantity" type="integer"/>
        <property name="pickQuantity" column="pickQuantity" type="float"/>
    </class>

    <class name="PickListProductsPOJO" table="vwPickListProducts"
        proxy="PickListProducts" mutable="false">
        <composite-id unsaved-value="any" name="uid" class="PickListProductsUID">
            <key-property name="productCode" column="productCode" type="string"/>
            <key-property name="lineItemInkColor" column="lineItemInkColor" type="string"/>
        </composite-id>
        <property name="stockPicked" column="stockPicked" type="boolean"/>
        <property name="imageFilePath" column="imageFilePath" type="string"/>
        <property name="catalogCodeDefault" column="CatalogCodeDefault" type="string"/>
        <property name="pageNumber" column="PageNumber" type="string"/>
        <property name="catalogName" column="catalogName" type="string"/>
        <property name="invoiceDescription" column="InvoiceDescription" type="string"/>
        <property name="lineItemQuantity" column="lineItemQuantity" type="integer"/>
        <property name="orderNumber" column="orderNumber" type="integer"/>
        <property name="shipmentNumber" column="shipmentNumber" type="integer"/>
        <property name="productCount" column="productCount" type="integer"/>
        <bag name="pickListInventory" lazy="true" order-by="inventoryId">
            <key>
                <column name="productCode"/>
                <column name="lineItemInkColor"/>
            </key>
            <one-to-many class="PickListInventoryPOJO"/>
        </bag>
    </class>

    <class name="PickListBatchProductsPOJO" table="vwPickListBatchProducts"
        proxy="PickListBatchProducts" mutable="false">
        <composite-id unsaved-value="any" name="uid" class="PickListBatchProductsUID">
            <key-property name="batchKey" column="batchKey" type="integer"/>
            <key-property name="productCode" column="productCode" type="string"/>
            <key-property name="lineItemInkColor" column="lineItemInkColor" type="string"/>
        </composite-id>
        <property name="stockPicked" column="stockPicked" type="boolean"/>
        <property name="imageFilePath" column="imageFilePath" type="string"/>
        <property name="catalogCodeDefault" column="CatalogCodeDefault" type="string"/>
        <property name="pageNumber" column="PageNumber" type="string"/>
        <property name="catalogName" column="catalogName" type="string"/>
        <property name="invoiceDescription" column="InvoiceDescription" type="string"/>
        <property name="lineItemQuantity" column="lineItemQuantity" type="integer"/>
        <property name="inventoryMatched" column="inventoryMatched" type="boolean"/>
        <bag name="pickListInventory" lazy="true" order-by="inventoryId">
            <key>
                <column name="batchKey"/>
                <column name="productCode"/>
                <column name="lineItemInkColor"/>
            </key>
            <one-to-many class="PickListBatchInventoryPOJO"/>
        </bag>
    </class>

    <class name="PickListInventoryPOJO" table="vwPickListInventory"
        proxy="PickListInventory" mutable="false">
        <composite-id unsaved-value="any" name="uid" class="PickListInventoryUID">
            <key-property name="inventoryId" column="inventoryId" type="string"/>
            <key-property name="productCode" column="productCode" type="string"/>
            <key-property name="lineItemInkColor" column="lineItemInkColor" type="string"/>
        </composite-id>
        <property name="inventoryQuantity" column="inventoryQuantity" type="float"/>
        <property name="description" column="description" type="string"/>
        <property name="additionalQuantity" column="additionalQuantity" type="integer"/>
        <bag name="inventoryBin" cascade="none" lazy="true" order-by="prefNo">
            <key>
                <column name="inventoryId"/>
                <column name="productCode"/>
                <column name="lineItemInkColor"/>
            </key>
            <one-to-many class="PickListInventoryBinPOJO"/>
        </bag>
    </class>

    <class name="PickListBatchInventoryPOJO" table="vwPickListBatchInventory"
        proxy="PickListBatchInventory" mutable="false">
        <composite-id unsaved-value="any" name="uid" class="PickListBatchInventoryUID">
            <key-property name="inventoryId" column="inventoryId" type="string"/>
            <key-property name="productCode" column="productCode" type="string"/>
            <key-property name="batchKey" column="batchKey" type="integer"/>
            <key-property name="lineItemInkColor" column="lineItemInkColor" type="string"/>
        </composite-id>
        <property name="inventoryQuantity" column="inventoryQuantity" type="float"/>
        <property name="description" column="description" type="string"/>
        <bag name="inventoryBin" cascade="none" lazy="true" order-by="prefNo">
            <key>
                <column name="inventoryId"/>
                <column name="productCode"/>
                <column name="batchKey"/>
                <column name="lineItemInkColor"/>
            </key>
            <one-to-many class="PickListBatchInventoryBinPOJO"/>
        </bag>
        <bag name="batchOrderShipmentQuantities" inverse="false"
            cascade="none" lazy="true" order-by="orderNumber">
            <key>
                <column name="inventoryId"/>
                <column name="productCode"/>
                <column name="batchKey"/>
                <column name="lineItemInkColor"/>
            </key>
            <one-to-many class="PickListBatchOrderShipmentQuantitiesPOJO"/>
        </bag>
    </class>

    <class name="PickListInventoryBinPOJO" table="vwPickListInventoryBin" proxy="PickListInventoryBin" mutable="false">
        <composite-id unsaved-value="any" name="uid" class="PickListInventoryBinUID">
            <key-property name="inventoryId" column="inventoryId" type="string"/>
            <key-property name="productCode" column="productCode" type="string"/>
            <key-property name="whseBinId" column="whseBinId" type="string"/>
        </composite-id>
        <property name="lineItemInkColor" column="lineItemInkColor" type="string"/>
        <property name="whseKey" column="whseKey" type="integer"/>
        <property name="prefNo" column="prefNo" type="integer"/>
        <property name="itemId" column="itemId" type="string"/>
    </class>

    <class name="PickListBatchInventoryBinPOJO" table="vwPickListBatchInventoryBin"
        proxy="PickListBatchInventoryBin" mutable="false">
        <composite-id unsaved-value="any" name="uid" class="PickListBatchInventoryBinUID">
            <key-property name="inventoryId" column="inventoryId" type="string"/>
            <key-property name="productCode" column="productCode" type="string"/>
            <key-property name="batchKey" column="batchKey" type="integer"/>
            <key-property name="whseBinId" column="whseBinId" type="string"/>
        </composite-id>
        <property name="lineItemInkColor" column="lineItemInkColor" type="string"/>
        <property name="whseKey" column="whseKey" type="integer"/>
        <property name="prefNo" column="prefNo" type="integer"/>
        <property name="itemId" column="itemId" type="string"/>
    </class>

    <sql-query name="getNextPickListBatchKey">
        <return-scalar column="batchKey" type="integer"/>
         SELECT COALESCE(MAX(BatchKey), 0) + 1 as batchKey FROM PickListBatch
    </sql-query>
    <sql-query name="getBatchKeys">
        <return-scalar column="batchKey" type="integer"/>
         SELECT distinct BatchKey as batchKey FROM PickListBatch order by batchKey desc
    </sql-query>

    <sql-query name="spPickListStatus" callable="true">
        <return-scalar column="orderActive" type="boolean"/>
        <return-scalar column="OrderActiveID" type="string"/>
        <return-scalar column="picked" type="boolean"/>
        <return-scalar column="pickStatusText" type="string"/>
        <return-scalar column="pickListPrinted" type="boolean"/>
        <return-scalar column="stockPickedStatus" type="integer"/>
         { call spPickListStatus(:orderNumber, :shipmentNumber) }
    </sql-query>
    <sql-query name="spPickListBatchStatus" callable="true">
        <return-scalar column="orderActive" type="boolean"/>
        <return-scalar column="OrderActiveID" type="string"/>
        <return-scalar column="picked" type="boolean"/>
        <return-scalar column="pickStatusText" type="string"/>
        <return-scalar column="pickListPrinted" type="boolean"/>
        <return-scalar column="stockPickedStatus" type="integer"/>
         { call spPickListBatchStatus(:batchKey) }
    </sql-query>

    <sql-query name="pickListCoupons" callable="true">
        <return-scalar column="AnnouncementTag" type="string"/>
        <return-scalar column="AnnouncementContent" type="string"/>
        <return-scalar column="AnnouncementID" type="integer"/>
         { call CheckmateContent.dbo.spPickListCoupon(:orderNumber, :shipmentNumber) }
    </sql-query>

</hibernate-mapping>
