<!DOCTYPE hibernate-configuration PUBLIC 
	"-//Hibernate/Hibernate Configuration DTD//EN"
	"file:///c:/devtools/hibernate-3.0/hibernate-configuration-3.0.dtd">

<hibernate-configuration>
	<session-factory>

		<!-- Don't forget to copy your JDBC driver to the lib/ directory! -->

		<!-- Settings for a local HSQL (testing) database. -->
<!--		<property name="dialect">org.hibernate.dialect.HSQLDialect</property>-->
<!--		<property name="connection.driver_class">org.hsqldb.jdbcDriver</property>-->
<!--		<property name="connection.url">jdbc:hsqldb:test</property>-->
<!--		<property name="connection.username">sa</property>-->
<!--		<property name="connection.password"></property>-->


		<!-- Settings for a remote Oracle9/10g database. -->
		<property name="dialect">org.hibernate.dialect.Oracle9Dialect</property>
		<property name="connection.driver_class">oracle.jdbc.driver.OracleDriver</property>
		<property name="connection.url">jdbc:oracle:thin:@sycamore.biperf.com:1521:BI05_DEV</property>
		<property name="connection.username">AAPX_D</property>
		<property name="connection.password">password</property>
		<!-- -->


		<!-- Use the Hibernate built-in pool for tests. -->
		<property name="connection.pool_size">1</property>

		<!-- Use EHCache but not the query cache. -->
<!--		<property name="cache.provider_class">org.ehcache.hibernate.Provider</property>-->
<!--		<property name="cache.use_query_cache">false</property>-->
<!--		<property name="cache.use_minimal_puts">false</property>-->

		<!-- Print SQL to stdout. -->
		<property name="show_sql">true</property>

		<!-- mapping files. -->
		<mapping resource="com/opi/core/domain/Employer.hbm.xml"/>
		<mapping resource="com/opi/core/domain/Employment.hbm.xml"/>

	</session-factory>

</hibernate-configuration>