<?xml version="1.0"?>
<!DOCTYPE hibernate-mapping PUBLIC "-//Hibernate/Hibernate Mapping DTD 3.0//EN"
"http://hibernate.sourceforge.net/hibernate-mapping-3.0.dtd">
<!-- Generated 19 mai 2006 13:44:17 by Hibernate Tools 3.1.0.beta5 -->
<hibernate-mapping>
    <class name="fr.cnaf.trafic.model.Tache" table="TACHE">
        <comment></comment>
        <id name="id" type="int">
            <column name="ID" />
            <generator class="assigned" />
        </id>
        <property name="nom" type="string">
            <column name="NOM" length="15" not-null="true">
                <comment></comment>
            </column>
        </property>
        <property name="description" type="string">
            <column name="DESCRIPTION" length="100">
                <comment></comment>
            </column>
        </property>
        <property name="classFq" type="string">
            <column name="CLASS_FQ" length="100" not-null="true">
                <comment></comment>
            </column>
        </property>
    </class>
</hibernate-mapping>
