<?xml version="1.0"?>
<!DOCTYPE hibernate-mapping PUBLIC "-//Hibernate/Hibernate Mapping DTD 3.0//EN"
"http://hibernate.sourceforge.net/hibernate-mapping-3.0.dtd">
<!-- Generated 19 mai 2006 13:44:17 by Hibernate Tools 3.1.0.beta5 -->
<hibernate-mapping>
    <class name="fr.cnaf.trafic.model.TraitementDesc" table="TRAITEMENT_DESC">
        <comment></comment>
        <id name="id" type="int">
            <column name="ID" />
            <generator class="identity" />
        </id>
        <many-to-one name="typeFlux" class="fr.cnaf.trafic.model.TypeFlux" column="TYPE_FLUX_ID" not-null="true" cascade="none"/>
        <many-to-one name="application" class="fr.cnaf.trafic.model.Application" column="APPLICATION_ID" not-null="true" cascade="none"/>
        <many-to-one name="typeTraitement" class="fr.cnaf.trafic.model.TypeTraitement" column="TYPE_TRAITEMENT_ID" not-null="true" cascade="none"/>
        <list name="taches" table="TRAITEMENT_DESC_TACHE">
	        <key column="TRAITEMENT_DESC_ID"/>
        	<list-index column="SEQUENCE"/>
        	<many-to-many class="fr.cnaf.trafic.model.Tache" column="TACHE_ID"/>
        </list>
    </class>
</hibernate-mapping>
