<?xml version="1.0"?>
<!DOCTYPE hibernate-mapping PUBLIC "-//Hibernate/Hibernate Mapping DTD 3.0//EN"
"http://hibernate.sourceforge.net/hibernate-mapping-3.0.dtd">
<!-- Generated 19 mai 2006 13:44:17 by Hibernate Tools 3.1.0.beta5 -->
<hibernate-mapping>
    <class name="fr.cnaf.trafic.model.TypeTraitement" table="TYPE_TRAITEMENT">
        <comment></comment>
        <id name="id" type="int">
            <column name="ID" />
            <generator class="assigned" />
        </id>
        <property name="label" type="string">
            <column name="LABEL" length="20">
                <comment></comment>
            </column>
        </property>
    </class>
</hibernate-mapping>
