<?xml version="1.0" encoding="UTF-8"?>
<!DOCTYPE hibernate-configuration PUBLIC
		"-//Hibernate/Hibernate Configuration DTD 3.0//EN"
		"http://hibernate.sourceforge.net/hibernate-configuration-3.0.dtd">
<hibernate-configuration>
	<session-factory>
		<property name="hibernate.connection.driver_class">org.h2.Driver</property>
		<property name="hibernate.connection.url">jdbc:h2:mem:testcase</property>
		<property name="hibernate.connection.username">sa</property>
		<property name="connection.password"></property>
		<property name="connection.pool_size">5</property>
		<property name="show_sql">false</property>
		<property name="hbm2ddl.auto">create</property>
		<property name="hibernate.hbm2ddl.import_files">/import.sql</property>
		<property name="hibernate.cache.use_second_level_cache">false</property>

		<!-- <property name="hibernate.search.default.worker.backend">fr.dsirc.hibernate.search.backend.impl.lucene.LuceneBackendQueueProcessorExt</property>-->
		<!-- <property name="hibernate.search.default.worker.backend">lucene</property> -->
		<property name="hibernate.search.default.directory_provider">filesystem</property>
		<property name="hibernate.search.default.indexBase">./target/idx</property>
		<property name="hibernate.search.autoregister_listeners">true</property>

		<mapping class="fr.dsirc.testcase.model.Individu" />
	</session-factory>
</hibernate-configuration>
		
