<?xml version="1.0" encoding="UTF-8"?>
<!DOCTYPE log4j:configuration SYSTEM "log4j.dtd">

<log4j:configuration xmlns:log4j="http://jakarta.apache.org/log4j/">

	<!-- Appenders -->
	<appender name="console" class="org.apache.log4j.ConsoleAppender">
		<param name="Target" value="System.out" />
		<layout class="org.apache.log4j.PatternLayout">
			<param name="ConversionPattern" value="[%t] %d{HH:mm:ss.SSS} [%-5p] %-25c{1} -> %m%n" />
		</layout>
	</appender>

	<logger name="fr.dsirc.hibernate.search.backend.impl.lucene.LuceneBackendQueueProcessorExt" additivity="false">
		<level value="WARN" />
		<appender-ref ref="console" />
	</logger>

	<root>
		<priority value="WARN" />
		<appender-ref ref="console" />
	</root>

</log4j:configuration>