<?xml version="1.0" encoding="utf-8"?>
<!DOCTYPE hibernate-configuration PUBLIC
        "-//Hibernate/Hibernate Configuration DTD 3.0//EN"
        "http://hibernate.sourceforge.net/hibernate-configuration-3.0.dtd">
<hibernate-configuration>
    <session-factory>

        <property name="connection.url">jdbc:h2:mem:db1</property>
        <property name="connection.username"></property>
        <property name="connection.password"></property>
        <property name="connection.driver_class">org.h2.Driver</property>
        <property name="dialect">org.hibernate.dialect.HSQLDialect</property>

        <property name="show_sql">false</property>

        <property name="format_sql">true</property>
        <property name="hbm2ddl.auto">create</property>

        <mapping class="model.A" />
        <mapping class="model.B" />

        <!-- <mapping resource="com/mkyong/user/DBUser.hbm.xml"></mapping> -->
    </session-factory>
</hibernate-configuration>