<?xml version='1.0' encoding='utf-8'?>
<!DOCTYPE hibernate-configuration PUBLIC
        "-//Hibernate/Hibernate Configuration DTD//EN"

 "http://hibernate.sourceforge.net/hibernate-configuration-2.0.dtd">

<hibernate-configuration>

    <session-factory>

        <property name="connection.driver_class">com.mysql.jdbc.Driver</property>
        <property name="connection.url">jdbc:mysql://localhost/hibernate-testing</property>
        <property name="connection.user">alex</property>
        <property name="connection.password"></property>
        <property name="connection.pool_size">2</property>
        <property name="connection.statement_cache.size">0</property>
        <property name="show_sql">true</property>
        <property name="statement_cache.size">0</property>
        <property name="dialect">net.sf.hibernate.dialect.MySQLDialect</property>

        <!-- mapping files -->
        <mapping resource="hibernate/testing/model/model-mappings.hbm.xml"/>
        
    </session-factory>

</hibernate-configuration>
