<?xml version="1.0"?>
<!DOCTYPE hibernate-mapping PUBLIC 
	"-//Hibernate/Hibernate Mapping DTD 3.0//EN"
	"http://hibernate.sourceforge.net/hibernate-mapping-3.0.dtd">
	
<hibernate-mapping 
	package="org.hibernate.test.join"
>
	
	<class name="A" 
		table="A" 
		lazy="true" 
		discriminator-value="null">
		
		<id name="id" 
			column="id" >
			<generator class="native"/>
		</id>
		<property name="name"/>
		<set name="bs" inverse="true" fetch="join" lazy="false">
			<key column="A_ID"/>
			<one-to-many class="B"/>
		</set>
	</class>
	

</hibernate-mapping>
