<?xml version="1.0"?>
<!DOCTYPE hibernate-mapping PUBLIC 
	"-//Hibernate/Hibernate Mapping DTD 3.0//EN"
	"http://hibernate.sourceforge.net/hibernate-mapping-3.0.dtd">
	
<hibernate-mapping 
	package="org.hibernate.test.join"
>
	
	<class name="B" 
		table="B" 
		lazy="true" 
		discriminator-value="null">
		
		<id name="id" 
			column="id" >
			<generator class="native"/>
		</id>
		
		<join table="Bplus">
			<key column="b_id"/>
			<many-to-one name="a" fetch="join" column="A_ID" cascade="all,create"/>
		</join>
	</class>
</hibernate-mapping>
