<?xml version="1.0" encoding="UTF-8"?>
<beans xmlns:xsi="http://www.w3.org/2001/XMLSchema-instance"
       xmlns="http://www.springframework.org/schema/beans"
       xsi:schemaLocation="http://www.springframework.org/schema/beans
               http://www.springframework.org/schema/beans/spring-beans-4.0.xsd">
    <bean id="logger" class="com.arthur.kharkivsky.utilities.common.logging.BaseLogger" scope="prototype">
        <property name="exclusions">
            <list>
                <value>duplicate</value>
            </list>
        </property>
    </bean>
    <bean id="sqlManager" class="com.arthur.kharkivsky.utilities.database.sql.SQLManager" scope="prototype">
        <property name="cacheManager" ref="cacheManager"/>
        <property name="dataSource" ref="dataSource"/>
        <property name="template" ref="jdbcTemplate"/>
        <property name="logger" ref="logger"/>
    </bean>
    <!--<bean id="hibernateManager" class="HibernateManager" scope="prototype">-->
    <!--<property name="mySqlSessionFactory" ref="mySqlSessionFactory"/>-->
    <!--<property name="cacheManager" ref="cacheManager"/>-->
    <!--<property name="dataSource" ref="dataSource"/>-->
    <!--<property name="template" ref="jdbcTemplate"/>-->
    <!--<property name="logger" ref="logger"/>-->
    <!--</bean>-->
</beans>