<?xml version="1.0" encoding="UTF-8"?>
<beans xmlns:xsi="http://www.w3.org/2001/XMLSchema-instance"
       xmlns="http://www.springframework.org/schema/beans"
       xsi:schemaLocation="http://www.springframework.org/schema/beans
               http://www.springframework.org/schema/beans/spring-beans-4.0.xsd">
    <bean id="springMailer" class="org.springframework.mail.javamail.JavaMailSenderImpl">
        <property name="username" value="${email.userName}"/>
        <property name="password" value="${email.password}"/>
        <property name="host" value="smtp.gmail.com"/>
        <property name="port" value="587"/>
        <property name="javaMailProperties">
            <props>
                <prop key="mail.smtp.auth">true</prop>
                <prop key="mail.smtp.starttls.enable">true</prop>
            </props>
        </property>
    </bean>
    <bean id="mailer" class="com.vse.uslugi.dao.ProjectMailer" parent="springMailer" scope="prototype">
        <constructor-arg name="emailSubject" value="Password recovery"/>
        <constructor-arg name="userDAO" ref="userDAO"/>
    </bean>
</beans>
