<?xml version="1.0" encoding="UTF-8"?>
<beans xmlns:xsi="http://www.w3.org/2001/XMLSchema-instance"
       xmlns="http://www.springframework.org/schema/beans"
       xsi:schemaLocation="http://www.springframework.org/schema/beans
               http://www.springframework.org/schema/beans/spring-beans-4.0.xsd">
    <bean id="userDAO" class="com.vse.uslugi.dao.UserDAO" parent="sqlManager"
          scope="prototype">
        <property name="insert" value="addUsers"/>
        <property name="update" value="updUsers"/>
        <property name="delete" value="delUsers"/>
        <property name="select" value="getUsersByEmail"/>
        <property name="selectByUserId" value="getUsers"/>
        <property name="selectByPhone" value="getUsersByPhone"/>
        <property name="serviceDAO" ref="serviceDAO"/>
        <property name="logger" ref="logger"/>
    </bean>
    <bean id="messagesManager" class="com.vse.uslugi.dao.MessageDAO" parent="sqlManager"
          scope="prototype">
        <property name="insert" value="{call addMessage(?, ?, ?, ?)}"/>
        <property name="delete" value="{call delMessage(?)}"/>
        <property name="select" value="getMessage"/>
        <property name="logger" ref="logger"/>
    </bean>
</beans>