<?xml version="1.0"?>
<!DOCTYPE hibernate-mapping PUBLIC "-//Hibernate/Hibernate Mapping DTD//EN"
                                   "http://hibernate.sourceforge.net/hibernate-mapping-2.0.dtd">

<hibernate-mapping>

	<!-- Product mapped as two components -->
	<class name="com.fgl.ina.stylecreation.Product" table="product_style">
		<id name="productID" column="ina_prod_id" type="integer" unsaved-value="0">
			<generator class="net.sf.hibernate.id.IdentityGenerator"/>
		</id>
		<component name="details" class="com.fgl.ina.stylecreation.details.ProductDetails" insert="true" update="true">
			<property name="vpn" column="vpn" type="string"/>
			<property name="vendorNumber" column="vendor_no" type="integer"/>
			<property name="season" column="season_code"/>
			<property name="hierarchyID" column="hierarchy_id"/>
			<property name="brand" column="brand_code"/>
			<property name="submittedDate" column="submitted_date" type="timestamp"/>
			<property name="submittedVia" column="submitted_type"/>
			<property name="status" column="product_status"/>
			<property name="ctyOrigin" column="origin_cty"/>
			<property name="inco" column="inco_terms"/>
<!--			<property name="vendorFirstCost" column="vendor_first_cost"/>-->
			<property name="currency1" column="curr_code"/>
			<property name="currency2" column="curr_code_2"/>
			<property name="currency3" column="curr_code_3"/>
			<property name="payment1" column="payment_method"/>
			<property name="payment2" column="payment_method_2"/>
			<property name="payment3" column="payment_method_3"/>
			<property name="imageURL" column="image_url"/>
		</component>
		<component name="orders" class="com.fgl.ina.stylecreation.ordering.ProductOrderDetails" insert="true" update="true">
			<property name="uom" column="uom_code"/>
			<property name="innerPack" column="inner_pack"/>
			<property name="outerPack" column="outer_pack"/>
			<property name="outerPackVol" column="outer_pack_volume"/>
			<property name="orderDate1" column="order_date_1"/>
			<property name="orderDate2" column="order_date_2"/>
			<property name="orderDate3" column="order_date_3"/>
			<property name="shipDate1" column="ship_date_1"/>
			<property name="shipDate2" column="ship_date_2"/>
			<property name="shipDate3" column="ship_date_3"/>
			<property name="minOrderStyle" column="min_order_style"/>
			<property name="minOrderColour" column="min_order_colour"/>
			<property name="minOrderSize" column="min_order_size"/>
		</component>
		<!--Product Comments-->
		<!--Many to many: product_style is joined to commment through a x-ref table called product_comment-->
		<!-- product_comment table contains both foreigh keys: ina_prod_id(product_style) and comment_id(comment) -->
		<set name="comments" cascade="all-delete-orphan" inverse="true" lazy="true" order-by="action_date" >
			<key column="ina_prod_id" foreign-key="comment_id" />
			<one-to-many class="com.fgl.ina.stylecreation.comments.ProductComment"/>
		</set>

		<set name="colours" cascade="none" lazy="true" order-by="colour_ID" table="product_colour">
			<key column="ina_prod_id"/>
			<many-to-many class="com.fgl.ina.mastertables.colours.Colour" column="colour_ID"/>
		</set>

		<set name="sizes" cascade="none" lazy="true" order-by="size_ID" table="product_size">
			<key column="ina_prod_id"/>
			<many-to-many class="com.fgl.ina.mastertables.sizes.Size" column="size_ID"/>
		</set>

		<bag name="colourSizes" cascade="all-delete-orphan" outer-join="false" lazy="true"
				order-by="colour_ID, size_ID" inverse="true">
			<key column="ina_prod_id"/>
			<one-to-many class="com.fgl.ina.stylecreation.coloursize.ProductColourAndSize"/>
		</bag>

		<map name="productDescriptions" lazy="false" cascade="all" table="product_description">
			<key column="ina_prod_id"/>
			<index column="locale" type="string"/>
			<one-to-many class="com.fgl.ina.stylecreation.details.ProductDescription"/>
		</map>

		<set name="availability" cascade="all-delete-orphan" lazy="true" inverse="true">
			<key column="ina_prod_id" />
			<one-to-many class="com.fgl.ina.stylecreation.availability.ProductAvailability"/>
		</set>
	</class>

	<!-- Product's Description -->
	<class name="com.fgl.ina.stylecreation.details.ProductDescription" table="product_description">
		<composite-id unsaved-value="none">
			<key-property name="ID" type="integer" column="ina_prod_id"/>
			<key-property name="language" column="locale" type="string"/>
		</composite-id>
		<property name="description" column="prod_desc" 	type="string"/>
		<property name="techSpec" 	 column="tech_spec" 	type="string"/>
	</class>

	<!-- Product Comments -->
	<class name="com.fgl.ina.stylecreation.comments.ProductComment" table="product_comment">
		<id name="commentID" column="comment_id" type="integer" unsaved-value="0">
			<generator class="net.sf.hibernate.id.IdentityGenerator"/>
		</id>
		<many-to-one name="product" column="ina_prod_id" cascade="all"/>
		<property name="date" column="action_date" type="timestamp"/>
		<property name="status" column="prod_status_id"/>
		<property name="userID" column="user_id"/>
		<many-to-one name="user" column="user_id" insert="false" update="false" not-null="false"/>
		<property name="comment" column="comments"/>
	</class>

	<class name="com.fgl.ina.stylecreation.availability.ProductAvailability" table="product_availability">
		<composite-id >
 				<key-property name="customerID" column="customer_ID"/>
				<key-many-to-one name="product" column="ina_prod_id"/>
 		</composite-id>
	</class>

</hibernate-mapping>
