<?xml version="1.0"?>
<!DOCTYPE hibernate-mapping PUBLIC
    "-//Hibernate/Hibernate Mapping DTD 3.0//EN"
    "http://hibernate.sourceforge.net/hibernate-mapping-3.0.dtd" >

<hibernate-mapping>
	<class name="com.matera.inss.entity.EmailNotificacao"
		table="IS_EMAIL_NOTIFICACAO" mutable="true">

		<cache usage="nonstrict-read-write" />

		<id name="idEmailNotificacao" type="java.lang.Long"
			column="ID_EMAIL">
			<generator class="native">
				<param name="sequence">SIS_EMAIL_NOTIFICACAO</param>
			</generator>
		</id>

		<property name="email" type="java.lang.String" column="EMAIL"
			not-null="true" />

		<many-to-one name="tipoErro" column="ID_TIPO_ERRO" lazy="false"
			fetch="select" />

	</class>
</hibernate-mapping>