<?xml version="1.0"?>
<!DOCTYPE hibernate-mapping PUBLIC
    "-//Hibernate/Hibernate Mapping DTD 3.0//EN"
    "http://hibernate.sourceforge.net/hibernate-mapping-3.0.dtd" >

<hibernate-mapping>
	<class name="com.matera.inss.entity.TipoErro" table="IS_TIPO_ERRO"
		mutable="false">

		<cache usage="read-only" />

		<id name="idTipoErro" type="java.lang.Byte"
			column="ID_TIPO_ERRO">
			<generator class="assigned" />
		</id>

		<property name="descricao" type="java.lang.String"
			column="DESCRICAO" not-null="true" />

		<property name="notificado"
			type="com.matera.tec.commons.db.hibernate.SNType"
			column="FLAG_NOTIFICACAO" not-null="true" />

		<set name="emailsNotificacao" inverse="true" lazy="false" fetch="join">
			<key column="ID_TIPO_ERRO" not-null="true" />
			<one-to-many
				class="com.matera.inss.entity.EmailNotificacao" />
		</set>

	</class>
</hibernate-mapping>