<?xml version="1.0"?>
<!DOCTYPE hibernate-mapping PUBLIC
	"-//Hibernate/Hibernate Mapping DTD 2.0//EN"
	"http://hibernate.sourceforge.net/hibernate-mapping-2.0.dtd">
<hibernate-mapping>
   <class name="Request" table="Request">
      <id name="id" column="id" type="long">
         <generator class="native">
            <param name="sequence">Request_id_seq</param>
         </generator>
      </id>
      <property name="reference" column="reference" type="string"/>
      <property name="status"    column="status"    type="StatusUserType"/>
   </class>
</hibernate-mapping>
