<?xml version="1.0" encoding="UTF-8"?>
<actions>
  <action>
    <actionName>debug</actionName>
    <goals>
      <goal>process-classes</goal>
      <goal>org.codehaus.mojo:exec-maven-plugin:1.2:exec</goal>
    </goals>
    <properties>
      <exec.args>-Xdebug -Xrunjdwp:transport=dt_socket,server=n,address=${jpda.address} -Dconfig.file=HibernateTest.properties -javaagent:${settings.localRepository}\org\springframework\spring-instrument\3.2.1.RELEASE\spring-instrument-3.2.1.RELEASE.jar -classpath %classpath com.inthergroup.hibernatetest.App</exec.args>
      <exec.executable>java</exec.executable>
      <exec.classpathScope>runtime</exec.classpathScope>
      <jpda.listen>true</jpda.listen>
    </properties>
    <activatedProfiles>
      <activatedProfile>development</activatedProfile>
    </activatedProfiles>
  </action>
  <action>
    <actionName>run</actionName>
    <goals>
      <goal>process-classes</goal>
      <goal>org.codehaus.mojo:exec-maven-plugin:1.2:exec</goal>
    </goals>
    <properties>
      <exec.args>-Dconfig.file=HibernateTest.properties -javaagent:${settings.localRepository}\org\springframework\spring-instrument\3.2.1.RELEASE\spring-instrument-3.2.1.RELEASE.jar -classpath %classpath com.inthergroup.hibernatetest.App</exec.args>
      <exec.executable>java</exec.executable>
      <exec.classpathScope>runtime</exec.classpathScope>
    </properties>
    <activatedProfiles>
      <activatedProfile>development</activatedProfile>
    </activatedProfiles>
  </action>
  <action>
    <actionName>profile</actionName>
    <goals>
      <goal>process-classes</goal>
      <goal>org.codehaus.mojo:exec-maven-plugin:1.2:exec</goal>
    </goals>
    <properties>
      <exec.args>${profiler.args} -Dconfig.file=HibernateTest.properties -javaagent:${settings.localRepository}\org\springframework\spring-instrument\3.2.1.RELEASE\spring-instrument-3.2.1.RELEASE.jar -classpath %classpath com.inthergroup.hibernatetest.App</exec.args>
      <exec.executable>${profiler.java}</exec.executable>
    </properties>
  </action>
</actions>
