<?xml version="1.0" encoding="UTF-8"?>
<actions>
        <action>
            <actionName>debug.integration-test.single</actionName>
            <packagings>
                <packaging>*</packaging>
            </packagings>
            <goals>
                <goal>pre-integration-test</goal>
                <goal>failsafe:integration-test</goal>
            </goals>
            <properties>
                <failIfNoTests>false</failIfNoTests>
                <it.test>${packageClassName}</it.test>
                <forkMode>once</forkMode>
                <maven.failsafe.debug>-agentlib:jdwp=transport=dt_socket,server=n,address=${jpda.address}</maven.failsafe.debug>
                <jpda.listen>true</jpda.listen>
            </properties>
        </action>
        <action>
            <actionName>integration-test.single</actionName>
            <packagings>
                <packaging>*</packaging>
            </packagings>
            <goals>
                <goal>pre-integration-test</goal>
                <goal>failsafe:integration-test</goal>
            </goals>
            <properties>
                <failIfNoTests>false</failIfNoTests>
                <it.test>${packageClassName}</it.test>
            </properties>
        </action>
    </actions>
