<?xml version='1.0' encoding='utf-8'?>
<!DOCTYPE hibernate-configuration PUBLIC
        "-//Hibernate/Hibernate Configuration DTD 3.0//EN"
        "http://hibernate.sourceforge.net/hibernate-configuration-3.0.dtd">

<hibernate-configuration>

	<session-factory>

		<property name="connection.driver_class">org.hsqldb.jdbcDriver</property>
		<property name="connection.url">jdbc:hsqldb:mem:test</property>
		<property name="connection.username">sa</property>
		<property name="connection.password"></property>

		<property name="dialect">org.hibernate.dialect.HSQLDialect</property>
		<property name="show_sql">true</property>
		<property name="hbm2ddl.auto">create</property>

		<mapping package="de.schildbach.problem" />

		<mapping class="de.schildbach.problem.Base" />
		<mapping class="de.schildbach.problem.A" />
		<mapping class="de.schildbach.problem.B" />

	</session-factory>

</hibernate-configuration>
