<?xml version="1.0" encoding="UTF-8"?>
<!DOCTYPE hibernate-mapping PUBLIC
        "-//Hibernate/Hibernate Mapping DTD//EN"
        "http://hibernate.sourceforge.net/hibernate-mapping-3.0.dtd">

<!--
  - Mapping file for the Hibernate implementation of the Aplikaterm interface.
	-->

<hibernate-mapping auto-import="true">
	<!-- **** Client **** -->
	<class name="com.joliciel.aplikaterm.domain.ClientImpl" table="Client" 
		dynamic-update="false" dynamic-insert="false" lazy="false">
		<id name="id" column="idClient" type="long" >
			<generator class="hilo" />
		</id>
		<discriminator column="typeDeClient" type="string" />
		<version name="version" type="integer" column="version" />
		<property name="clientCode" type="string" 
			column="codeClient" length="20" not-null="true" unique="true" />
		<property name="name" type="string" 
			column="nom" length="40" />
		<property name="adminEmail" type="string" 
			column="courrielAdmin" length="255" />
		<property name="timeZone" type="timezone" 
			column="fuseauHoraire" />
		<property name="webSite" type="string" 
			column="siteWeb" length="255" />
		<property name="welcomeText" type="string" 
			column="texte_dAccueil" length="1023" />
		<property name="footerText" type="string" 
			column="footerText" length="1023" />
		<property name="active" type="boolean" 
			column="actif" />
		<property name="conformityCheckingActivated" type="boolean" 
			column="controleDeConformite" />
		<set name="workingLanguagesDB" table="LangueDeTravail" lazy="true" 
			inverse="false" cascade="none" sort="unsorted" order-by="idLangue">
			<key column="idClient" />
			<many-to-many class="com.joliciel.aplikaterm.domain.LanguageImpl" 
				column="idLangue" />
		</set>
		<set name="displayLanguagesDB" table="Langue_dAffichage" lazy="true" 
			inverse="false" cascade="none" sort="unsorted" order-by="idLangue">
			<key column="idClient" />
			<many-to-many class="com.joliciel.aplikaterm.domain.LanguageImpl" 
				column="idLangue" />
		</set>
		<many-to-one name="defaultDisplayLanguage" 
			class="com.joliciel.aplikaterm.domain.LanguageImpl" cascade="none" 
			column="idLangueParDefaut"/>
		<property name="minimumPasswordLength" type="integer" 
			column="longueurMinimaleMotDePasse" />
		<property name="passwordLowercaseCount" type="integer" 
			column="nombreDeLettresMinuscules" />
		<property name="passwordUppercaseCount" type="integer" 
			column="nombreDeLettresMajuscules" />
		<property name="passwordDigitCount" type="integer" 
			column="nombreDeChiffres" />
		<property name="failedLoginsBeforeBlock" type="integer" 
			column="nombreDeLoginsRatesAvantBlocage" />
		<property name="secondsBetweenLoginAttempts" type="integer" 
			column="nombreDeSecondesEntreLogins" />
		<set name="organisationsDB" table="Organisation" lazy="true" 
			inverse="true" cascade="all-delete-orphan" sort="unsorted" 
			order-by="idOrganisation">
			<key column="idClient" />
			<one-to-many 
				class="com.joliciel.aplikaterm.domain.OrganisationImpl" />
		</set>
		<set name="projectsDB" table="Projet" lazy="true" inverse="true" 
			cascade="all-delete-orphan" sort="unsorted">
			<key column="idClient" />
			<one-to-many class="com.joliciel.aplikaterm.domain.ProjectImpl" />
		</set>
		<set name="domainsDB" table="Domaine" lazy="true" inverse="true" 
			cascade="all-delete-orphan" sort="unsorted">
			<key column="idClient"/>
			<one-to-many class="com.joliciel.aplikaterm.domain.DomainImpl" />
		</set>
		<set name="dictionariesDB" table="Dictionnaire" lazy="true" 
			inverse="true" cascade="all-delete-orphan" sort="unsorted" >
			<key column="idClient" />
			<one-to-many 
				class="com.joliciel.aplikaterm.domain.DictionaryImpl"/>
		</set>
		<list name="conformityCheckersDB" table="ControlleurGlobal" lazy="true" 
			inverse="true" cascade="save-update" >
			<key column="idClient" />
			<list-index column="position" />
			<one-to-many 
				class="com.joliciel.aplikaterm.domain.GlobalConformityCheckerImpl"/>
		</list>
        <map name="statisticsDB" table="NombreDeTermes" lazy="true" sort="unsorted"  inverse="true" cascade="all-delete-orphan">
			<key column="idClient"/>
			<map-key column="idLangue" type="long" />
			<one-to-many class="com.joliciel.aplikaterm.domain.TermCount" />
        </map>
		<component name="LogoDB" 
			class="com.joliciel.aplikaterm.domain.LogoImpl">
			<parent name="client" />
			<property name="name" type="string" 
				column="fichierLogo" length="255" />
			<property name="width" type="integer" 
				column="largeurLogo" />
			<property name="height" type="integer" 
				column="hauteurLogo" />
		</component>
		<subclass 
			name="com.joliciel.aplikaterm.domain.DocumentationCentreClient" 
			dynamic-update="false" discriminator-value="D" />
		<subclass 
			name="com.joliciel.aplikaterm.domain.TranslationCompanyClient" 
			dynamic-update="false" discriminator-value="T" />
	</class>
	<!-- **** Dictionary **** -->
	<class name="com.joliciel.aplikaterm.domain.DictionaryImpl" 
		table="Dictionnaire" dynamic-insert="false" lazy="false">
		<id name="id" column="idDictionnaire" type="long">
			<generator class="hilo" />
		</id>
		<version name="version" type="integer" column="version" />
		<property name="nameDB" type="string" 
			column="nom" length="255" />
		<property name="description" type="string" 
			column="description" length="255" />
		<property name="active" type="boolean" 
			column="actif" />
		<many-to-one name="client" 
			class="com.joliciel.aplikaterm.domain.ClientImpl" cascade="none" 
			column="idClient"  fetch="select"/>
	</class>
	<!-- **** Organisation **** -->
	<class name="com.joliciel.aplikaterm.domain.OrganisationImpl" 
		table="Organisation" dynamic-insert="false" lazy="false">
		<id name="id" column="idOrganisation" type="long">
			<generator class="hilo" />
		</id>
		<version name="version" type="integer" column="version" />
		<property name="nameDB" type="string" 
			column="nom" length="40"/>
		<property name="type" 
			type="com.joliciel.aplikaterm.dao.hibernate.types.OrganisationTypeType" 
			update="true" column="type_dOrganisation" 
			not-null="true"/>
		<property name="conformityCheckingActivated" type="boolean" 
			column="controleDeConformite" />
		<many-to-one name="client" 
			class="com.joliciel.aplikaterm.domain.ClientImpl" cascade="none" 
			column="idClient"  fetch="select" />
		<one-to-one name="conformityCheckerDB" cascade="all"
			class="com.joliciel.aplikaterm.domain.OrganisationLevelCheckerImpl" property-ref="organisation"/>
		<set name="usersDB" table="Utilisateur" lazy="true" 
			inverse="true" cascade="all-delete-orphan" sort="unsorted" 
			order-by="login" >
			<key column="idOrganisation" />
			<one-to-many class="com.joliciel.aplikaterm.domain.UserImpl" 
				/>
		</set>
	</class>
	<!-- **** User **** -->
	<class name="com.joliciel.aplikaterm.domain.UserImpl" 
		table="Utilisateur"  lazy="false">
		<id name="id" column="idUtilisateur" type="long" >
			<generator class="hilo">
			</generator>
		</id>
		<version name="version" type="integer" column="version" />
		<property name="loginDB" type="string" 
			column="login" />
		<property name="passwordDB" type="string" 
			column="motDePasse" />
		<property name="firstName" type="string" 
			column="prenom" length="40" />
		<property name="surname" type="string" 
			column="nomDeFamille" length="100" />
		<property name="email" type="string" 
			column="courriel" length="255" />
		<many-to-one name="organisation" 
			class="com.joliciel.aplikaterm.domain.OrganisationImpl" 
			cascade="none" 
			column="idOrganisation"  fetch="select" />
		<many-to-one name="displayLanguage" 
			class="com.joliciel.aplikaterm.domain.LanguageImpl" cascade="none" 
			column="idLangue"  fetch="select" />
		<many-to-one name="defaultSearchLanguage" 
			class="com.joliciel.aplikaterm.domain.LanguageImpl" cascade="none" 
			column="idLangueDeRecherche"  fetch="select" />
		<property name="loginCountDB" type="integer" 
			column="nombreDeLogins" />
		<property name="lastLoginDB" type="timestamp" 
			column="dernierLogin" />
		<property name="active" type="boolean" 
			column="actif" />
		<property name="male" type="boolean" 
			column="homme" />
		<property name="invisible" type="boolean" 
			column="invisible" />
		<property name="receivesEmailReminder" type="boolean" 
			column="recoitCourrielDeRappel" />
		<property name="mustChangePasswordDB" type="boolean" 
			column="doitChangerMotDePasse" />
		<property name="blockedDB" type="boolean" 
			column="bloque" />
		<property name="administratorDB" type="boolean" 
			column="administrateur" />
		<property name="localAdministrator" type="boolean" 
			column="administrateurLocal" />
		<property name="role" 
			type="com.joliciel.aplikaterm.dao.hibernate.types.RoleType" 
			update="true" column="role" />
		<property name="timeZoneDB" type="timezone" 
			column="fuseauHoraire" />
		<property name="displayOnlineHelp" type="boolean" 
			column="afficherAideEnLigne" />
		<property name="messageCountPerPage" type="integer" 
			column="nombreDeMessagesParPage" />
		<map name="userProjects" table="ProjetUtilisateur" lazy="true" 
			sort="unsorted" inverse="true" cascade="all-delete-orphan" >
			<key column="idUtilisateur" />
			<map-key column="idProjet" type="long" />
			<one-to-many 
				class="com.joliciel.aplikaterm.domain.ProjectUserImpl" />
		</map>
		<set name="workingLanguagesDB" table="UtilisateurLangue" lazy="true" 
			inverse="false" cascade="none" sort="unsorted" >
			<key column="idUtilisateur" />
			<many-to-many class="com.joliciel.aplikaterm.domain.LanguageImpl" 
				column="idLangue" />
		</set>
		<!-- don't cascade here, or you'll get errors when deleting from a parent client/organisation -->
		<!-- in fact, don't even need this, since we save from org/client: get on request only -->
		<!--
		<one-to-one name="conformityChecker" cascade="none"
			class="com.joliciel.aplikaterm.domain.ConformityCheckerImpl" property-ref="user" />
			-->
	</class>
	<!-- **** Login **** -->
	<class name="com.joliciel.aplikaterm.domain.LoginImpl" table="Login" 
		dynamic-update="false"  lazy="false">
		<id name="id" column="idLogin" type="long" >
			<generator class="hilo">
			</generator>
		</id>
		<many-to-one name="user" 
			class="com.joliciel.aplikaterm.domain.UserImpl" 
			cascade="none" 
			column="idUtilisateur"  fetch="select" />
		<property name="createDate" type="timestamp" 
			column="dateCreation" />
		<property name="successful" type="boolean" 
			column="reussi" />
	</class>
	<!-- **** Langue **** -->
	<class name="com.joliciel.aplikaterm.domain.LanguageImpl" table="Langue" 
		dynamic-update="false" lazy="false" >
		<id name="id" column="idLangue" type="long" >
			<generator class="hilo">
			</generator>
		</id>
		<property name="locale" type="locale" 
			column="locale" />
		<property name="forDisplay" type="boolean" 
			column="pourAffichage" />
	</class>
	<!-- **** Projet **** -->
	<class name="com.joliciel.aplikaterm.domain.ProjectImpl" table="Projet" 
		dynamic-update="false"  lazy="false">
		<id name="id" column="idProjet" type="long" >
			<generator class="hilo">
			</generator>
		</id>
		<version name="version" type="integer" column="version" />
		<property name="name" type="string" 
			column="nom" length="40" />
		<property name="description" type="string" 
			column="description" length="100" />
		<many-to-one name="client" 
			class="com.joliciel.aplikaterm.domain.ClientImpl" cascade="none" 
			column="idClient"  fetch="select" />
		<property name="orderNumber" type="string" 
			column="numeroDeCommande" />
		<property name="active" type="boolean" 
			column="actif" />
		<many-to-one name="orderedBy" 
			class="com.joliciel.aplikaterm.domain.OrganisationImpl" 
			cascade="none" 
			column="commandePar"  fetch="select" />
		<many-to-one name="translatedBy" 
			class="com.joliciel.aplikaterm.domain.OrganisationImpl" 
			cascade="none" 
			column="traduitPar"  fetch="select"/>
		<many-to-one name="createdBy" 
			class="com.joliciel.aplikaterm.domain.UserImpl" 
			cascade="none" 
			column="creePar"  fetch="select"/>
		<many-to-one name="parentDB" 
			class="com.joliciel.aplikaterm.domain.ProjectImpl" cascade="none" 
			column="idParent"  fetch="select"/>
		<property name="confidentiality" 
			type="com.joliciel.aplikaterm.dao.hibernate.types.ConfidentialityType" 
			update="true" column="confidentialite" />
		<property name="section" type="boolean" 
			column="section" />
		<property name="pageNumberRequiredDB" type="com.joliciel.aplikaterm.dao.hibernate.types.HierarchicalBooleanType" 
			column="numeroDePageObligatoire" />
		<set name="childrenDB" table="Projet" lazy="true" inverse="true" 
			cascade="save-update" sort="unsorted" order-by="nom" >
			<key column="idParent" />
			<one-to-many class="com.joliciel.aplikaterm.domain.ProjectImpl" />
		</set>
		<map name="languages" table="ProjetLangue" lazy="true" sort="unsorted" 
			inverse="true" cascade="all-delete-orphan" >
			<key column="idProjet" />
			<map-key column="idLangue" type="long" />
			<one-to-many 
				class="com.joliciel.aplikaterm.domain.ProjectLanguageImpl" />
		</map>
		<set name="statistics" table="StatistiqueDeProjet" lazy="true" 
			inverse="true" cascade="all-delete-orphan" sort="unsorted" >
			<key column="idProjet" />
			<one-to-many class="com.joliciel.aplikaterm.domain.ProjectStatistic" />
		</set>
		<map name="statisticsByLanguage" table="StatistiqueParLangue" 
			lazy="true" sort="unsorted" inverse="true" cascade="all-delete-orphan" >
			<key column="idProjet" />
			<map-key column="idLangue" type="long" />
			<one-to-many class="com.joliciel.aplikaterm.domain.LanguageProjectStatistic" />
		</map>
		<map name="projectUsers" table="ProjetUtilisateur" lazy="true" 
			sort="unsorted" inverse="true" cascade="all-delete-orphan" >
			<key column="idProjet" />
			<map-key column="idUtilisateur" type="long" />
			<one-to-many 
				class="com.joliciel.aplikaterm.domain.ProjectUserImpl" />
		</map>
	</class>
	<!-- **** ProjetLanguage **** -->
	<class name="com.joliciel.aplikaterm.domain.ProjectLanguageImpl" 
		table="ProjetLangue"  lazy="false">
		<id name="id" column="idProjetLangue" type="long" >
			<generator class="hilo">
			</generator>
		</id>
		<version name="version" type="integer" column="version" />
		<property name="sourceLanguage" type="boolean" 
			column="langueSource" />
		<many-to-one name="project" 
			class="com.joliciel.aplikaterm.domain.ProjectImpl" cascade="none" 
			column="idProjet"  fetch="select"/>
		<many-to-one name="language" 
			class="com.joliciel.aplikaterm.domain.LanguageImpl" cascade="none" 
			column="idLangue"  fetch="select"/>
	</class>
	<!-- **** ProjectUser **** -->
	<class name="com.joliciel.aplikaterm.domain.ProjectUserImpl" 
		table="ProjetUtilisateur" dynamic-insert="false" lazy="false">
		<id name="id" column="idProjetUtilisateur" type="long">
			<generator class="hilo">
			</generator>
		</id>
		<version name="version" type="integer" column="version" />
		<many-to-one name="user" 
			class="com.joliciel.aplikaterm.domain.UserImpl" 
			cascade="none" 
			column="idUtilisateur" />
		<many-to-one name="project" 
			class="com.joliciel.aplikaterm.domain.ProjectImpl" cascade="none" 
			column="idProjet"  fetch="select"/>
		<many-to-one name="lastSection" 
			class="com.joliciel.aplikaterm.domain.ProjectImpl" cascade="none" 
			column="idDerniereSection" fetch="select" />
		<many-to-one name="lastSourceLanguage" 
			class="com.joliciel.aplikaterm.domain.LanguageImpl" cascade="none" 
			column="idDerniereLangueSource"  fetch="select"/>
		<many-to-one name="lastSearchLanguage" 
			class="com.joliciel.aplikaterm.domain.LanguageImpl" cascade="none" 
			column="idDerniereLangueDeRecherche"  fetch="select" />
	</class>
	<!-- **** Domaine **** -->
	<class name="com.joliciel.aplikaterm.domain.DomainImpl" table="Domaine" 
		dynamic-update="false"  lazy="false">
		<id name="id" column="idDomaine" type="long" >
			<generator class="hilo">
			</generator>
		</id>
		<version name="version" type="integer" column="version" />
		<many-to-one name="client" 
			class="com.joliciel.aplikaterm.domain.ClientImpl" cascade="none" 
			column="idClient"  fetch="select" />
		<property name="active" type="boolean" 
			column="actif" />
		<!-- we never want a domain without its names! -->
		<map name="domainNames" table="NomDeDomaine" lazy="false" 
			sort="unsorted" inverse="true" cascade="all-delete-orphan" 
			order-by="idLangue">
			<key column="idDomaine" />
			<map-key column="idLangue" type="long" />
			<one-to-many 
				class="com.joliciel.aplikaterm.domain.DomainNameImpl" />
		</map>
	</class>
	<!-- **** DomainName **** -->
	<class name="com.joliciel.aplikaterm.domain.DomainNameImpl" 
		table="NomDeDomaine"  lazy="false">
		<id name="id" column="idNomDeDomaine" type="long" >
			<generator class="hilo">
			</generator>
		</id>
		<property name="nameDB" type="string" 
			column="nom" length="35" />
		<many-to-one name="domain" 
			class="com.joliciel.aplikaterm.domain.DomainImpl" cascade="none" 
			column="idDomaine"  fetch="select"/>
		<many-to-one name="language" 
			class="com.joliciel.aplikaterm.domain.LanguageImpl" cascade="none" 
			column="idLangue"  fetch="select"/>
	</class>
	<!-- **** Entry **** -->
	<class name="com.joliciel.aplikaterm.domain.EntryImpl" table="Fiche" 
		dynamic-update="false"  lazy="false">
		<id name="id" column="idFiche" type="long" >
			<generator class="hilo">
			</generator>
		</id>
		<version name="version" type="integer" column="version" />
		<many-to-one name="client" 
			class="com.joliciel.aplikaterm.domain.ClientImpl" cascade="none" 
			column="idClient"  fetch="select"/>
		<property name="partOfSpeech" 
			type="com.joliciel.aplikaterm.dao.hibernate.types.PartOfSpeechType" 
			update="true" column="categorieGrammaticale" />
		<set name="definitionsDB" table="Definition" lazy="true" inverse="true" 
			cascade="save-update" sort="unsorted" order-by="idDefinition" >
			<key column="idFiche" />
			<one-to-many class="com.joliciel.aplikaterm.domain.DefinitionImpl" 
				/>
		</set>
		<set name="domainsDB" table="FicheDomaine" lazy="true" inverse="false" 
			cascade="none" sort="unsorted" order-by="idDomaine" >
			<key column="idFiche" />
			<many-to-many class="com.joliciel.aplikaterm.domain.DomainImpl" 
				column="idDomaine" />
		</set>
		<many-to-one name="createdBy" 
			class="com.joliciel.aplikaterm.domain.UserImpl" 
			cascade="none" 
			column="idCreePar" fetch="select" />
		<property name="createDate" type="timestamp" 
			column="dateCreation" />
	</class>
	<!-- **** Definition **** -->
	<class name="com.joliciel.aplikaterm.domain.DefinitionImpl" 
		table="Definition"  lazy="false">
		<id name="id" column="idDefinition" type="long" >
			<generator class="hilo">
			</generator>
		</id>
		<version name="version" type="integer" column="version" />
		<many-to-one name="entry" 
			class="com.joliciel.aplikaterm.domain.EntryImpl" cascade="none" fetch="select"
			column="idFiche" />
		<many-to-one name="language" 
			class="com.joliciel.aplikaterm.domain.LanguageImpl" cascade="none" fetch="select"
			column="idLangue" />
		<property name="textDB" type="string" 
			column="texte" length="1023" />
		<set name="termsDB" table="Terme" lazy="true" inverse="true" 
			cascade="save-update" sort="unsorted"  >
			<key column="idDefinition" />
			<one-to-many class="com.joliciel.aplikaterm.domain.TermImpl" />
		</set>
		<many-to-one name="proposedBy" 
			class="com.joliciel.aplikaterm.domain.UserImpl" 
			cascade="none" 
			column="idProposePar" fetch="select" />
		<set name="referencesDB" table="Reference" lazy="true" inverse="true" 
			cascade="save-update" sort="unsorted" order-by="dateCreation" >
			<key column="idDefinition" />
			<one-to-many class="com.joliciel.aplikaterm.domain.ReferenceImpl" />
		</set>
		<property name="createDate" type="timestamp" 
			column="dateCreation" />
	</class>
	<!-- **** Term **** -->
	<class name="com.joliciel.aplikaterm.domain.TermImpl" table="Terme" 
		dynamic-update="false"  lazy="false">
		<id name="id" column="idTerme" type="long" >
			<generator class="hilo">
			</generator>
		</id>
		<version name="version" type="integer" column="version" />
		<many-to-one name="definition" 
			class="com.joliciel.aplikaterm.domain.DefinitionImpl" 
			cascade="none" 
			column="idDefinition" fetch="select" />
		<many-to-one name="inResponseTo" 
			class="com.joliciel.aplikaterm.domain.TermImpl" cascade="none" 
			column="idEnReponseA" fetch="select"
			/>
		<property name="textDB" type="string" 
			column="texte" length="255" />
		<property name="textForSorting" type="string" 
			column="textePourTri" length="255" />
		<property name="statusDB" 
			type="com.joliciel.aplikaterm.dao.hibernate.types.ValidationStatusType" 
			update="true" column="statut" />
		<property name="typeDB" 
			type="com.joliciel.aplikaterm.dao.hibernate.types.TermTypeType" 
			update="true" column="type" />
		<property name="languageRegisterDB" 
			type="com.joliciel.aplikaterm.dao.hibernate.types.LanguageRegisterType" 
			update="true" column="registre" />
		<property name="genreDB" 
			type="com.joliciel.aplikaterm.dao.hibernate.types.GrammaticalGenderType" 
			update="true" column="genre" />
		<many-to-one name="proposedBy" 
			class="com.joliciel.aplikaterm.domain.UserImpl" 
			cascade="none" 
			column="idProposePar" fetch="select" />
		<many-to-one name="updatedBy" 
			class="com.joliciel.aplikaterm.domain.UserImpl" 
			cascade="none" 
			column="idRevisePar" fetch="select" />
		<property name="createDate" type="timestamp" 
			column="dateCreation" />
		<property name="lastUpdateDate" type="timestamp" 
			column="dateMiseAJour" />
		<set name="contextsDB" table="Contexte" lazy="true" inverse="true" 
			cascade="save-update" sort="unsorted" 
			order-by="idProjet,pageSource" >
			<key column="idTerme" />
			<one-to-many class="com.joliciel.aplikaterm.domain.ContextImpl" />
		</set>
		<set name="referencesDB" table="Reference" lazy="true" inverse="true" 
			cascade="save-update" sort="unsorted" order-by="dateCreation" >
			<key column="idTerme" />
			<one-to-many class="com.joliciel.aplikaterm.domain.ReferenceImpl" />
		</set>
		<set name="commentsDB" table="Commentaire" lazy="true" inverse="true" 
			cascade="save-update" sort="unsorted" order-by="dateCreation">
			<key column="idTerme" />
			<one-to-many class="com.joliciel.aplikaterm.domain.CommentImpl" 
				/>
		</set>
		<set name="phrasesDB" table="Phrase" lazy="true" inverse="true" 
			cascade="all-delete-orphan" sort="unsorted" 
			>
			<key column="idTerme" />
			<one-to-many class="com.joliciel.aplikaterm.domain.PhraseImpl" 
				/>
		</set>
		<!-- replaced one-to-one with one-to-many due to untrackable occasional attempt by Hibernate
			to insert instead of update. One-to-oneness to be enforced in code, and by unique constraint. -->
		<set name="termDisplaysDB" table="TermeAffichage" lazy="true" inverse="true" 
			cascade="all-delete-orphan" sort="unsorted">
			<key column="idTerme" />
			<one-to-many class="com.joliciel.aplikaterm.domain.TermDisplayImpl" 
				/>
		</set>
		<!--
		<one-to-one name="termDisplay" class="com.joliciel.aplikaterm.domain.TermDisplayImpl"
			cascade="all" property-ref="term" />
			-->
		<set name="conformityDB" table="Conformite" lazy="true" inverse="true" 
			cascade="all-delete-orphan" sort="unsorted">
			<key column="idTerme" />
			<one-to-many class="com.joliciel.aplikaterm.domain.ConformityImpl" 
				/>
		</set>
		<!--
		<one-to-one name="conformity" class="com.joliciel.aplikaterm.domain.ConformityImpl"
			cascade="all" constrained="false" />
		-->
	</class>
	<!-- **** Terme/Display**** -->
	<class name="com.joliciel.aplikaterm.domain.TermDisplayImpl" table="TermeAffichage" lazy="false">
		<id name="id" column="idTermeAffichage" type="long">
			<generator class="hilo">
			</generator>
		</id>
		<many-to-one name="term"
			class="com.joliciel.aplikaterm.domain.TermImpl"
			column="idTerme" cascade="none" unique="true" fetch="select" />
		<property name="displayCount" type="integer" 
			column="nombre_dAffichages" />
		<property name="lastDisplayDate" type="timestamp" 
			column="dateAffichage" />
	</class>
	<!-- **** Conformity **** -->
	<class name="com.joliciel.aplikaterm.domain.ConformityImpl" table="Conformite" lazy="false">
		<id name="id" column="idConformite" type="long" >
			<generator class="hilo">
			</generator>
		</id>
		<version name="version" type="integer" column="version" />
		<many-to-one name="term"
			class="com.joliciel.aplikaterm.domain.TermImpl"
			column="idTerme" cascade="none" unique="true" fetch="select" />
		<property name="statusDB" 
			type="com.joliciel.aplikaterm.dao.hibernate.types.ConformityStatusType" 
			update="true" column="statut" />
		<many-to-one name="submittedBy" 
			class="com.joliciel.aplikaterm.domain.UserImpl" 
			cascade="none" 
			column="idSoumisPar"  fetch="select"/>
		<many-to-one name="updatedBy" 
			class="com.joliciel.aplikaterm.domain.UserImpl" 
			cascade="none" 
			column="idModifiePar"  fetch="select"/>
		<property name="lastUpdateDate" type="timestamp" 
			column="dateModification" />
		<property name="reason" type="string"
			column="raison"/>
		<many-to-one name="sourceTerm" 
			class="com.joliciel.aplikaterm.domain.TermImpl" cascade="none" 
			column="idTerme_dOrigine"  fetch="select"/>
	</class>
	<!-- **** Phrase **** -->
	<class name="com.joliciel.aplikaterm.domain.PhraseImpl" table="Phrase" lazy="false">
		<id name="id" column="idPhrase" type="long" >
			<generator class="hilo">
			</generator>
		</id>
		<many-to-one name="term" 
			class="com.joliciel.aplikaterm.domain.TermImpl" cascade="none" 
			column="idTerme"  fetch="select" />
		<list name="phraseUnits" table="UniteDePhrase" lazy="false" 
			inverse="true" cascade="all-delete-orphan" >
			<key column="idPhrase" />
			<list-index column="position" />
			<one-to-many 
				class="com.joliciel.aplikaterm.domain.PhraseUnitImpl"/>
		</list>
	</class>
	<!-- **** PhraseUnit **** -->
	<class name="com.joliciel.aplikaterm.domain.PhraseUnitImpl" table="UniteDePhrase" lazy="false">
		<id name="id" column="idUniteDePhrase" type="long" >
			<generator class="hilo">
			</generator>
		</id>
		<many-to-one name="phrase" 
			class="com.joliciel.aplikaterm.domain.PhraseImpl" cascade="none" 
			column="idPhrase"  fetch="select" />
		<many-to-one name="word" 
			class="com.joliciel.aplikaterm.domain.WordImpl" cascade="none" 
			column="idMot" />
		<property name="position" type="integer" 
			column="position" />
	</class>
	<!-- **** Word **** -->
	<class name="com.joliciel.aplikaterm.domain.WordImpl" table="Mot" lazy="false">
		<id name="id" column="idMot" type="long" >
			<generator class="hilo">
			</generator>
		</id>
		<many-to-one name="language" 
			class="com.joliciel.aplikaterm.domain.LanguageImpl" cascade="none" 
			column="idLangue" />
		<property name="text" type="string" 
			column="texte" length="64" />
	</class>
	<!-- **** Reference **** -->
	<class name="com.joliciel.aplikaterm.domain.ReferenceImpl" 
		table="Reference"  lazy="false">
		<id name="id" column="idReference" type="long" >
			<generator class="hilo">
			</generator>
		</id>
		<version name="version" type="integer" column="version" />
		<property name="type" 
			type="com.joliciel.aplikaterm.dao.hibernate.types.ReferenceTypeType" 
			update="true" column="type" />
		<property name="textDB" type="string" 
			column="texte" length="255" />
		<many-to-one name="assertedBy" 
			class="com.joliciel.aplikaterm.domain.UserImpl" 
			cascade="none" 
			column="idCulturePersonnelleDe"  fetch="select" />
		<many-to-one name="dictionary" 
			class="com.joliciel.aplikaterm.domain.DictionaryImpl" 
			cascade="none" 
			column="idDictionnaire"  fetch="select" />
		<many-to-one name="addedBy" 
			class="com.joliciel.aplikaterm.domain.UserImpl" 
			cascade="none" 
			column="idRajoutePar"  fetch="select" />
		<many-to-one name="term" 
			class="com.joliciel.aplikaterm.domain.TermImpl" cascade="none" 
			column="idTerme"  fetch="select" />
		<many-to-one name="definition" 
			class="com.joliciel.aplikaterm.domain.DefinitionImpl" 
			cascade="none" 
			column="idDefinition"  fetch="select" />
		<property name="createDate" type="timestamp" 
			column="dateCreation" />
	</class>
	<!-- **** Comment **** -->
	<class name="com.joliciel.aplikaterm.domain.CommentImpl" 
		table="Commentaire"  lazy="false">
		<id name="id" column="idCommentaire" type="long" >
			<generator class="hilo">
			</generator>
		</id>
		<version name="version" type="integer" column="version" />
		<many-to-one name="term" 
			class="com.joliciel.aplikaterm.domain.TermImpl" cascade="none" 
			column="idTerme" fetch="select" />
		<property name="textDB" type="string" 
			column="texte" length="255" />
		<many-to-one name="madeBy" 
			class="com.joliciel.aplikaterm.domain.UserImpl" 
			cascade="none" 
			column="idFaitPar" fetch="select" />
		<property name="createDate" type="timestamp" 
			column="dateCreation" />
	</class>
	<!-- **** Context **** -->
	<class name="com.joliciel.aplikaterm.domain.ContextImpl" table="Contexte" 
		dynamic-update="false"  lazy="false">
		<id name="id" column="idContexte" type="long" >
			<generator class="hilo">
			</generator>
		</id>
		<version name="version" type="integer" column="version" />
		<property name="textDB" type="string" 
			column="phrase_dOccurrence" length="511" />
		<property name="sourcePageNumberDB" type="int" 
			column="pageSource" />
		<many-to-one name="projectDB" 
			class="com.joliciel.aplikaterm.domain.ProjectImpl" cascade="none" 
			column="idProjet"  fetch="select"/>
		<many-to-one name="term" 
			class="com.joliciel.aplikaterm.domain.TermImpl" cascade="none" 
			column="idTerme"  fetch="select"/>
		<many-to-one name="addedBy" 
			class="com.joliciel.aplikaterm.domain.UserImpl" 
			cascade="none" 
			column="idRajoutePar" fetch="select" />
		<property name="statusDB" 
			type="com.joliciel.aplikaterm.dao.hibernate.types.IssueStateType" 
			update="true" column="statut" />
		<property name="createDate" type="timestamp" 
			column="dateCreation" />
		<map name="findReplaceList" table="ChercherRemplacer" 
			lazy="true" sort="unsorted" inverse="true" 
			cascade="all-delete-orphan" order-by="idLangue" >
			<key column="idContexte" />
			<map-key column="idLangue" type="long" />
			<one-to-many 
				class="com.joliciel.aplikaterm.domain.FindReplaceImpl" />
		</map>
		<set name="commentsDB" table="CommentaireDeContexte" lazy="true" inverse="true" 
			cascade="all-delete-orphan" sort="unsorted" order-by="dateCreation" 
			>
			<key column="idContexte" />
			<one-to-many class="com.joliciel.aplikaterm.domain.ContextCommentImpl" 
				/>
		</set>
	</class>
	<!-- **** ContextComment **** -->
	<class name="com.joliciel.aplikaterm.domain.ContextCommentImpl" 
		table="CommentaireDeContexte"  lazy="false">
		<id name="id" column="idCommentaire" type="long" >
			<generator class="hilo">
			</generator>
		</id>
		<version name="version" type="integer" column="version" />
		<many-to-one name="context" 
			class="com.joliciel.aplikaterm.domain.ContextImpl" cascade="none" 
			column="idContexte"  fetch="select"/>
		<property name="textDB" type="string" 
			column="texte" length="255" />
		<many-to-one name="madeBy" 
			class="com.joliciel.aplikaterm.domain.UserImpl" 
			cascade="none" 
			column="idFaitPar"  fetch="select" />
		<property name="createDate" type="timestamp" 
			column="dateCreation" />
	</class>
	<!-- **** Find/Replace **** -->
	<class name="com.joliciel.aplikaterm.domain.FindReplaceImpl" 
		table="ChercherRemplacer" 
		 lazy="false">
		<id name="id" column="idChercherRemplacer" type="long" >
			<generator class="hilo">
			</generator>
		</id>
		<version name="version" type="integer" column="version" />
		<property name="findText" type="string" 
			column="chercher" length="511" />
		<property name="replaceBy" type="string" 
			column="remplacer" length="511" />
		<many-to-one name="context" 
			class="com.joliciel.aplikaterm.domain.ContextImpl" cascade="none" 
			column="idContexte"  fetch="select" />
		<many-to-one name="language" 
			class="com.joliciel.aplikaterm.domain.LanguageImpl" cascade="none" 
			column="idLangue"  fetch="select" />
		<many-to-one name="addedBy" 
			class="com.joliciel.aplikaterm.domain.UserImpl" 
			cascade="none" 
			column="idRajoutePar"  fetch="select" />
		<property name="createDate" type="timestamp" 
			column="dateCreation" />
	</class>
	<!-- **** Message **** -->
	<class name="com.joliciel.aplikaterm.domain.MessageImpl" table="Message" 
		dynamic-update="false"  lazy="false">
		<id name="id" column="idMessage" type="long" >
			<generator class="hilo">
			</generator>
		</id>
		<version name="version" type="integer" column="version" />
		<many-to-one name="termDB" 
			class="com.joliciel.aplikaterm.domain.TermImpl" cascade="none" 
			fetch="select" column="idTerme" />
		<many-to-one name="sourceTermDB" 
			class="com.joliciel.aplikaterm.domain.TermImpl" cascade="none" 
			fetch="select" column="idTerme_dOrigine" />
		<property name="subject" type="string" 
			column="sujet" length="255" />
		<property name="body" type="string" 
			column="corps" />
		<property name="read" type="boolean" 
			column="lu" />
		<many-to-one name="sender" 
			class="com.joliciel.aplikaterm.domain.UserImpl" 
			cascade="none" 
			column="idExpediteur" />
		<many-to-one name="recipient" 
			class="com.joliciel.aplikaterm.domain.UserImpl" 
			cascade="none" 
			column="idDestinataire" />
		<property name="sendDate" type="timestamp" 
			column="dateEnvoi" />
		<set name="recipientsDB" table="MessageDestinataire" lazy="false" inverse="false" 
			cascade="none" sort="unsorted" order-by="idDestinataire" >
			<key column="idMessage" />
			<many-to-many class="com.joliciel.aplikaterm.domain.UserImpl" 
				column="idDestinataire" />
		</set>
		<property name="type" 
			type="com.joliciel.aplikaterm.dao.hibernate.types.MessageTypeType" 
			update="true" column="type" />
	</class>
	<!-- **** TermCount **** -->
	<class name="com.joliciel.aplikaterm.domain.TermCount" 
		table="NombreDeTermes" lazy="false" >
		<id name="id" column="idNombreDeTermes" type="long" >
			<generator class="hilo">
			</generator>
		</id>
		<many-to-one name="client" 
			class="com.joliciel.aplikaterm.domain.ClientImpl" cascade="none" 
			column="idClient"  fetch="select" />
		<many-to-one name="language" 
			class="com.joliciel.aplikaterm.domain.LanguageImpl" cascade="none" 
			column="idLangue"  fetch="select" />
		<property name="total" type="integer" 
			column="total" />
	</class>
	<!-- **** Project statistic **** -->
	<class name="com.joliciel.aplikaterm.domain.ProjectStatistic" 
		table="StatistiqueDeProjet"  lazy="false">
		<id name="id" column="idStatistiqueDeProjet" type="long" >
			<generator class="hilo">
			</generator>
		</id>
		<many-to-one name="project" 
			class="com.joliciel.aplikaterm.domain.ProjectImpl" cascade="none" 
			column="idProjet"  fetch="select" />
		<many-to-one name="language" 
			class="com.joliciel.aplikaterm.domain.LanguageImpl" cascade="none" 
			column="idLangue"  fetch="select" />
		<many-to-one name="user" 
			class="com.joliciel.aplikaterm.domain.UserImpl" 
			cascade="none" column="idUtilisateur" fetch="select" />
		<property name="status" 
			type="com.joliciel.aplikaterm.dao.hibernate.types.IssueStateType" 
			update="true" column="statut" />
		<property name="total" type="integer" column="total" />
	</class>
	<!-- **** Language/Project Statistic **** -->
	<class name="com.joliciel.aplikaterm.domain.LanguageProjectStatistic" 
		table="StatistiqueParLangue" 
		>
		<id name="id" column="idStatistiqueParLangue" 
			type="long" >
			<generator class="hilo">
			</generator>
		</id>
		<many-to-one name="project" class="com.joliciel.aplikaterm.domain.ProjectImpl" 
			cascade="none" 
			column="idProjet"  fetch="select" />
		<many-to-one name="language" class="com.joliciel.aplikaterm.domain.LanguageImpl" 
			cascade="none" 
			column="idLangue"  fetch="select" />
		<property name="findReplaceCount" type="integer" 
			column="nombreDeChercherRemplacer" />
	</class>
	<!-- **** ConformityChecker  **** -->
	<class name="com.joliciel.aplikaterm.domain.ConformityCheckerImpl" 
		table="Controlleur" lazy="false">
		<id name="id" column="idControlleur" 
			type="long" >
			<generator class="hilo">
			</generator>
		</id>
		<discriminator column="typeDeControlleur" type="string" />
		<version name="version" type="integer" column="version" />
		<many-to-one name="user" class="com.joliciel.aplikaterm.domain.UserImpl" 
			cascade="none" 
			column="idUtilisateur"
			unique="true" />
		<subclass 
			name="com.joliciel.aplikaterm.domain.GlobalConformityCheckerImpl" 
			dynamic-update="false" discriminator-value="G">
			<many-to-one name="client" class="com.joliciel.aplikaterm.domain.ClientImpl" 
				cascade="none" 
				column="idClient"  fetch="select" />
			<property name="position" type="integer" 
				column="position" />
		</subclass>
		<subclass 
			name="com.joliciel.aplikaterm.domain.OrganisationLevelCheckerImpl" 
			dynamic-update="false" discriminator-value="O">
			<many-to-one name="organisation" class="com.joliciel.aplikaterm.domain.OrganisationImpl" 
				column="idOrganisation" unique="true"  fetch="select"/>
		</subclass>
	</class>
</hibernate-mapping>
