<?xml version="1.0" encoding="UTF-8"?>
<!DOCTYPE hibernate-mapping PUBLIC "-//Hibernate/Hibernate Mapping DTD 3.0//EN" "http://www.hibernate.org/dtd/hibernate-mapping-3.0.dtd">
<hibernate-mapping package="org.sandbox.optimisticlocking.dao.entity">
	<class name="EmployeeEntity" table="employee">
		<id name="id" column="employee_id">
			<generator class="identity"/>
		</id>
		<version name="version" column="version" type="java.lang.Integer" generated="always"/>
		<property name="firstName" column="first_name" type="java.lang.String"/>

		<set name="projects" table="employee_to_project" inverse="true">
			<key column="employee_id"/>
			<many-to-many column="project_id" class="ProjectEntity"/>
		</set>
	</class>
</hibernate-mapping>