<?xml version="1.0"?>
<!DOCTYPE hibernate-mapping PUBLIC "-//Hibernate/Hibernate Mapping DTD 3.0//EN" "http://hibernate.sourceforge.net/hibernate-mapping-3.0.dtd">
<hibernate-mapping>
    <class name="scores.Name" table="Name">
        <id name="id" column="Id" type="long"><generator class="native"/></id>
        <property name="first" column="First" type="scores.StringUserType" length="108"/>
        <property name="last" column="Last" type="scores.StringUserType" length="109"/>
        <!-- concatenations of other fields -->
        <!-- first and last separated with a space -->
        <property name="fullLowercase" column="Full_Lowercase" type="scores.StringUserType" length="335"/>
        <many-to-one name="person" class="scores.Person" column="Person_Id" cascade="save-update" update="false" insert="false"/>
    </class>
</hibernate-mapping>