<?xml version="1.0"?>
<!DOCTYPE hibernate-mapping PUBLIC "-//Hibernate/Hibernate Mapping DTD 3.0//EN" "http://hibernate.sourceforge.net/hibernate-mapping-3.0.dtd">
<hibernate-mapping>
    <class name="scores.Person" table="Person">
        <id name="id" column="Id" type="long"><generator class="native"/></id>
        <set name="names" cascade="save-update">
            <key column="Person_Id"/>
            <one-to-many class="scores.Name"/>
        </set>
    </class>
</hibernate-mapping>