<?xml version="1.0"?>
<!DOCTYPE hibernate-mapping PUBLIC
 "-//Hibernate/Hibernate Mapping DTD//EN"
 "http://hibernate.sourceforge.net/hibernate-mapping-2.0.dtd">

<hibernate-mapping>
     <class name="Bar" table="tbo_bar">
         <id name="id" type="long">
             <generator class="net.sf.hibernate.id.CounterGenerator"/>
         </id>

        <property name="name" type="string" length="32">
        </property>

        <any name="sub" id-type="long" meta-type="string">
            <meta-value value="tbo_sub" class="Sub"/>
            <column name="sub_table_name"/>
            <column name="sub_id"/>
        </any>

    </class>
</hibernate-mapping>
