<?xml version="1.0"?>
<!DOCTYPE hibernate-mapping PUBLIC
 "-//Hibernate/Hibernate Mapping DTD//EN"
 "http://hibernate.sourceforge.net/hibernate-mapping-2.0.dtd">

<hibernate-mapping>
     <class name="Foo" table="tbo_foo">
         <id name="id" type="long">
             <generator class="net.sf.hibernate.id.CounterGenerator"/>
         </id>

        <property name="name" type="string" length="32">
        </property>

        <many-to-one name="leftBar" class="Bar" cascade="all">
        </many-to-one>

        <many-to-one name="rightBar" class="Bar" cascade="all">
        </many-to-one>
    </class>
</hibernate-mapping>
