<?xml version="1.0"?>

<!DOCTYPE hibernate-mapping PUBLIC
      "-//Hibernate/Hibernate Mapping DTD 3.0//EN"
          "http://hibernate.sourceforge.net/hibernate-mapping-3.0.dtd">
          
<hibernate-mapping>

    <class name="A" table="A" dynamic-update="true">
		<meta attribute="implement-equals">true</meta>    

        <id name="id" type="int" unsaved-value="null" >
            <column name="id" not-null="true"/>
            <generator class="increment"/>
        </id>
        <property column="a1" name="a1" type="string"/>
 	    <property column="a2" name="a2" type="string"/>
		<!--
		<component name="d" class="D" lazy="true">
		   <property column="a1" name="a1" type="string"/>
		   <property column="a2" name="a2" type="string"/>
		</component>
	   -->
	   
	   <property name="cols" type="TestCompositeUserType" index="3,4,5" lazy="true">
		   	<column name="A3"/>
		   	<column name="A4"/>
		   	<column name="A5"/>
	   </property><!--
	   <one-to-one name="b" />
	   <one-to-one name="c" />
    --></class>

</hibernate-mapping>