<?xml version="1.0"?>
<!DOCTYPE hibernate-mapping PUBLIC 
	"-//Hibernate/Hibernate Mapping DTD 3.0//EN"
	"http://hibernate.sourceforge.net/hibernate-mapping-3.0.dtd">

<!-- 

  This mapping is a test mapping for hbm2java
     
-->

<hibernate-mapping>

    <class name="Person">
    	<id name="id" type="string">
    		<generator class="native"/>
    	</id>

    	<property name="name" type="string" not-null="true"/>
    	
    	<properties name="emergencyContact" unique="true">
    		<property name="contact" type="boolean" not-null="true"/>
    		<many-to-one name="company" class="Company"/>
    	</properties>
    </class>
    	
    <class name="Company">
    	<id name="id" type="string">
    		<generator class="native"/>
    	</id>

    	<property name="brand" type="string" not-null="true"/>
    	
    	<set name="employees" inverse="true">
    	  <key>
    	    <column name="company_id"/>
    	  </key>
    	  <one-to-many class="Person"/>
    	</set>
    	
	<one-to-one name="emergencyContact" class="Person"
		property-ref="emergencyContact">
		<formula>'true'</formula>
		<formula>id</formula>
	</one-to-one>

    </class>
    
</hibernate-mapping>


