<?xml version="1.0"?>
<!DOCTYPE log4j:configuration SYSTEM "log4j.dtd">

<log4j:configuration>

<appender name="CONSOLE" class="org.apache.log4j.ConsoleAppender">
	<param name="Threshold" value="INFO"/>
	<layout class="org.apache.log4j.PatternLayout">
		<param name="ConversionPattern" value="%-5p %c{2} - %m%n"/>
	</layout>
</appender>

<appender name="LOGFILE" class="org.apache.log4j.RollingFileAppender">
	<param name="File" value="C:/logs/fetch.log"/>
	<param name="Append" value="true"/>
	<param name="MaxFileSize" value="512KB"/>
	<param name="MaxBackupIndex" value="2"/>
	<layout class="org.apache.log4j.PatternLayout">
		<param name="ConversionPattern" value="%d{ISO8601} %-5p %c - %m%n"/>
	</layout>
</appender>

<appender name="ASYNC" class="org.apache.log4j.AsyncAppender">
	<appender-ref ref="LOGFILE"/>
</appender>

<!-- ================================================ -->
<!-- Log levels for Packages                          -->
<!-- ================================================ -->
<category name="test">
	<priority value="DEBUG"/>
</category>

<category name="org.hibernate">
	<priority value="DEBUG"/>
</category>


<!-- ================================================ -->
<!-- Default Settings for log level and appender      -->
<!-- ================================================ -->
<root>
	<priority value="INFO"/>
	<appender-ref ref="CONSOLE"/>
	<appender-ref ref="ASYNC"/>
</root>
</log4j:configuration>