<?xml version="1.0"?>
<!DOCTYPE hibernate-mapping PUBLIC
        "-//Hibernate/Hibernate Mapping DTD 3.0//EN"
        "http://hibernate.sourceforge.net/hibernate-mapping-3.0.dtd">

<hibernate-mapping>

    <class name="school.Student" table="STUDENT">
        <id name="id" column="STUDENT_ID">
            <generator class="native"/>
        </id>
        <property name="name" column="STUDENT_NAME"/>
        
        <component name="studentInfo" class="school.StudentInfo">
            <!-- it may contain many-to-one relationship or other components -->
			<property name="description" column="SI_DESC" />
        </component>
    </class>

</hibernate-mapping>