<?xml version="1.0"?>
<!DOCTYPE hibernate-mapping PUBLIC "-//Hibernate/Hibernate Mapping DTD 3.0//EN" "http://hibernate.sourceforge.net/hibernate-mapping-3.0.dtd">
<hibernate-mapping package="things">
	<class name="things.Club" entity-name="things.Club" table="CLUB">
		<id name="id" column="CLUB_ID" type="long">
			<generator class="assigned"/>
		</id>
		<property name="name" column="NAME" type="string"/>
		<list name="members" lazy="true" cascade="all,delete-orphan">
			<key update="true">
				<column name="CLUB_MEMBERS_ID" not-null="false" unique="false"/>
			</key>
			<list-index column="CLUB_MEMBERS_IDX"/>
			<one-to-many entity-name="things.Member"/>
		</list>
	</class>
	<class name="things.Member" entity-name="things.Member" table="MEMBER">
		<id name="id" column="MEMBER_ID" type="long">
			<generator class="assigned"/>
		</id> 
		<property name="name" column="NAME" type="string"/>
		<list name="favoriteColors" table="FAV_COLOR" lazy="true" cascade="all,delete-orphan">
			<key update="true">
				<column name="MEMBER_FC_ID" not-null="true" unique="false"/>
			</key>
			<list-index column="MEMBER_FC_IDX"/>
			<element type="java.lang.String" not-null="false" unique="false">
				<column not-null="false" unique="false" name="COLOR" length="400"/>
			</element>
		</list>
	</class>
	
</hibernate-mapping>
