<?xml version='1.0' encoding='UTF-8'?>
<!DOCTYPE hibernate-configuration PUBLIC
          "-//Hibernate/Hibernate Configuration DTD 3.0//EN"
          "http://hibernate.sourceforge.net/hibernate-configuration-3.0.dtd">
<hibernate-configuration>
<session-factory>
	<property name="connection.url">jdbc:sqlserver://localhost:1433;DatabaseName=mps</property>
	<property name="connection.username">mps</property>
	<property name="connection.driver_class">com.microsoft.sqlserver.jdbc.SQLServerDriver</property>
	<property name="dialect">org.hibernate.dialect.SQLServerDialect</property>
	<property name="connection.password">mps</property>
	<property name="transaction.factory_class">org.hibernate.transaction.JDBCTransactionFactory</property>
    <property name="current_session_context_class">thread</property>
    <property name="hibernate.show_sql">true</property>

	<!-- mapping file -->
	<mapping resource="hibernate.hbm.xml" />

</session-factory>
</hibernate-configuration>
