<?xml version='1.0' encoding='UTF-8'?>
<faces-config xmlns:xsi="http://www.w3.org/2001/XMLSchema-instance"
              version="2.2"
              xmlns="http://xmlns.jcp.org/xml/ns/javaee"
              xsi:schemaLocation="http://xmlns.jcp.org/xml/ns/javaee
              http://xmlns.jcp.org/xml/ns/javaee/web-facesconfig_2_2.xsd">
    
    <!--<managed-bean>-->
        <!--<managed-bean-name>categoriesSortingBean</managed-bean-name>-->
        <!--<managed-bean-class>com.nohagl.beans.CategoriesSortingBean</managed-bean-class>-->
        <!--<managed-bean-scope>application</managed-bean-scope>-->
    <!--</managed-bean>-->

</faces-config>