<?xml version="1.0"?>
<!DOCTYPE hibernate-mapping PUBLIC "-//Hibernate/Hibernate Mapping DTD 3.0//EN"
        "http://hibernate.sourceforge.net/hibernate-mapping-3.0.dtd">
<hibernate-mapping default-access="field">
    <class name="data.Channel" table="channel">
        <id name="id" column="channel_id">
            <generator class="org.hibernate.id.SequenceGenerator"/>
        </id>
        <property name="description"/>
        <set name="programs">
            <key column="channel_id" not-null="true"/>
            <one-to-many class="data.Program"/>
        </set>
    </class>

    <class name="data.Program" table="program">
        <id name="id" column="program_id">
            <generator class="org.hibernate.id.SequenceGenerator"/>
        </id>
        <property name="content"/>
    </class>

</hibernate-mapping>