<?xml version="1.0" encoding="UTF-8"?>
<beans xmlns="http://www.springframework.org/schema/beans"
	xmlns:osgi="http://www.springframework.org/schema/osgi" 
	xmlns:xsi="http://www.w3.org/2001/XMLSchema-instance"
	xsi:schemaLocation="http://www.springframework.org/schema/osgi
       http://www.springframework.org/schema/osgi/spring-osgi.xsd
       http://www.springframework.org/schema/beans   
       http://www.springframework.org/schema/beans/spring-beans.xsd">



	<osgi:reference id="AtomikosTransactionManager" interface="javax.transaction.TransactionManager"
		 />

	<osgi:reference id="AtomikosUserTransaction" interface="javax.transaction.UserTransaction"
		 />

	<osgi:service ref="transactionManager"
		interface="org.springframework.transaction.PlatformTransactionManager" />
	<osgi:service ref="dataSource" interface="javax.sql.DataSource" />
			<!---->
	<osgi:service ref="jndi" interface="javax.naming.Context" />

	<bean id="transactionManager"
		class="org.springframework.transaction.jta.JtaTransactionManager">
		<property name="transactionManager" ref="AtomikosTransactionManager" />
		<property name="userTransaction" ref="AtomikosUserTransaction" />
	</bean>
	<bean id="dataSource" class="com.atomikos.jdbc.AtomikosDataSourceBean"
		init-method="init" destroy-method="close">
		<property name="uniqueResourceName" value="ds" />
		<property name="xaDataSourceClassName"
			value="org.apache.derby.jdbc.EmbeddedXADataSource" />
		<property name="xaProperties">
			<props>
				<prop key="databaseName">orthankDs</prop>
				<prop key="createDatabase">create</prop>
			</props>
		</property>
		<property name="minPoolSize" value="1" />
		<property name="maxPoolSize" value="10" />
		<!-- <beans:property name="testQuery" value="select 1" /> -->
	</bean>
	


<!---->
	<!-- <beans:bean id="scalpa" class="net.osgiliath.demo.Test" init-method="start"> 
		<beans:property name="tm" ref="transactionManager" /> </beans:bean> -->


	<!-- <beans:bean id="scalpa2" class="net.osgiliath.demo.Test" init-method="start"> 
		<beans:property name="tm" ref="transactionManager" /> <beans:property name="dataSource" 
		ref="dataSource" /> </beans:bean> -->
	<!-- -->
	<bean id="jndi"
		class="org.apache.xbean.spring.jndi.SpringInitialContextFactory"
		factory-method="makeInitialContext">
		<property name="entries">
			<map>
				<entry key="java:comp/TransactionManager"
					value-ref="AtomikosTransactionManager" />

				<entry key="jdbc/orthankDs" value-ref="dataSource" />
			</map>
		</property>
		<property name="freeze" value="false" />
	</bean>


</beans>

<!-- <service ref="dataSource" interface="javax.sql.DataSource" /> -->
