<?xml version='1.0' encoding='utf-8'?>
<!DOCTYPE hibernate-configuration
   PUBLIC "-//Hibernate/Hibernate Configuration DTD//EN"
   "http://hibernate.sourceforge.net/hibernate-configuration-3.0.dtd">

<hibernate-configuration>
   <session-factory>
      <property name="connection.driver_class">
         org.hsqldb.jdbcDriver
      </property>
      <property name="connection.url">
         jdbc:hsqldb:file:advertdb
      </property>
      <property name="connection.username">sa</property>
      <property name="connection.password"></property>
      <property name="pool_size">5</property>
      <property name="dialect">org.hibernate.dialect.HSQLDialect</property>      
      <property name="show_sql">false</property>      

      <mapping resource="com\hibernatebook\chapter3\Advert.hbm.xml"/>
      <mapping resource="com\hibernatebook\chapter3\Category.hbm.xml"/>
      <mapping resource="com\hibernatebook\chapter3\Phone.hbm.xml"/>
      <mapping resource="com\hibernatebook\chapter3\User.hbm.xml"/>
</session-factory>

</hibernate-configuration>
