<?xml version='1.0' encoding='utf-8'?>
<!DOCTYPE hibernate-configuration PUBLIC
        "-//Hibernate/Hibernate Configuration DTD 3.0//EN"
        "http://hibernate.sourceforge.net/hibernate-configuration-3.0.dtd">

<hibernate-configuration>

    <session-factory>

        <!-- Database connection settings -->
        <property name="connection.driver_class">com.microsoft.jdbc.sqlserver.SQLServerDriver</property>
        <property name="connection.url">jdbc:microsoft:sqlserver://localhost:1433;DatabaseName=webm8_dev</property>
        <property name="connection.username">sa</property>
        <property name="connection.password">password</property>

        <!-- JDBC connection pool (use the built-in) -->
        <property name="connection.pool_size">1</property>

        <!-- SQL dialect -->
        <property name="dialect">org.hibernate.dialect.SQLServerDialect</property>

        <!-- Enable Hibernate's automatic session context management -->
        <property name="current_session_context_class">thread</property>

        <!-- Disable the second-level cache  -->
        <property name="cache.provider_class">org.hibernate.cache.EhCacheProvider</property>
        <property name="hibernate.cache.provider_configuration_file_resource_path">querycache/bug/ehcache.xml</property>
        <property name="hibernate.cache.use_query_cache">true</property>
        <property name="hibernate.cache.use_second_level_cache">true</property>
        <property name="hibernate.cache.region_prefix"/>

        <!-- Echo all executed SQL to stdout -->
        <property name="show_sql">true</property>

        <!-- Drop and re-create the database schema on startup -->
        <property name="hbm2ddl.auto">create</property>

        <mapping resource="querycache/bug/User.hbm.xml"/>
    </session-factory>

</hibernate-configuration>

