<?xml version = "1.0" encoding = "utf-8"?>
<!DOCTYPE hibernate-mapping PUBLIC 
"-//Hibernate/Hibernate Mapping DTD//EN"
"http://www.hibernate.org/dtd/hibernate-mapping-3.0.dtd"> 

<hibernate-mapping>
<class name="de.parcit.basedb.hibernate.Account"
        table="@TABLE" 
        entity-name="@CLASS">
           
      <id name = "id" type = "int" column = "id">
         <generator class="native"/>
      </id>
      
    <property name="p0" column="STRING30_COLUMN_0" type="java.lang.String" />
    <property name="p1" column="STRING30_COLUMN_1" type="java.lang.String" />
    <property name="p2" column="STRING30_COLUMN_2" type="java.lang.String" />
    <property name="p3" column="STRING30_COLUMN_3" type="java.lang.String" />
    <property name="p4" column="STRING30_COLUMN_4" type="java.lang.String" />
    <property name="p5" column="STRING30_COLUMN_5" type="java.lang.String" />
    <property name="p6" column="STRING30_COLUMN_6" type="java.lang.String" />
    <property name="p7" column="STRING30_COLUMN_7" type="java.lang.String" />
    <property name="p8" column="STRING30_COLUMN_8" type="java.lang.String" />
    <property name="p9" column="STRING30_COLUMN_9" type="java.lang.String" />
    
    <property name="p10" column="STRING30_COLUMN_10" type="java.lang.String" />  
    <property name="p11" column="STRING30_COLUMN_11" type="java.lang.String" />
    <property name="p12" column="STRING30_COLUMN_12" type="java.lang.String" />
    <property name="p13" column="STRING30_COLUMN_13" type="java.lang.String" />
    <property name="p14" column="STRING30_COLUMN_14" type="java.lang.String" />
    <property name="p15" column="STRING30_COLUMN_15" type="java.lang.String" />
    <property name="p16" column="STRING30_COLUMN_16" type="java.lang.String" />
    <property name="p17" column="STRING30_COLUMN_17" type="java.lang.String" />
    <property name="p18" column="STRING30_COLUMN_18" type="java.lang.String" />
    <property name="p19" column="STRING30_COLUMN_19" type="java.lang.String" />

    <property name="p20" column="STRING30_COLUMN_20" type="java.lang.String" />  
    <property name="p21" column="STRING30_COLUMN_21" type="java.lang.String" />
    <property name="p22" column="STRING30_COLUMN_22" type="java.lang.String" />
    <property name="p23" column="STRING30_COLUMN_23" type="java.lang.String" />
    <property name="p24" column="STRING30_COLUMN_24" type="java.lang.String" />
    <property name="p25" column="STRING30_COLUMN_25" type="java.lang.String" />
    <property name="p26" column="STRING30_COLUMN_26" type="java.lang.String" />
    <property name="p27" column="STRING30_COLUMN_27" type="java.lang.String" />
    <property name="p28" column="STRING30_COLUMN_28" type="java.lang.String" />
    <property name="p29" column="STRING30_COLUMN_29" type="java.lang.String" />
    
    <property name="p30" column="STRING30_COLUMN_30" type="java.lang.String" />  
    <property name="p31" column="STRING30_COLUMN_31" type="java.lang.String" />
    <property name="p32" column="STRING30_COLUMN_32" type="java.lang.String" />
    <property name="p33" column="STRING30_COLUMN_33" type="java.lang.String" />
    <property name="p34" column="STRING30_COLUMN_34" type="java.lang.String" />
    <property name="p35" column="STRING30_COLUMN_35" type="java.lang.String" />
    <property name="p36" column="STRING30_COLUMN_36" type="java.lang.String" />
    <property name="p37" column="STRING30_COLUMN_37" type="java.lang.String" />
    <property name="p38" column="STRING30_COLUMN_38" type="java.lang.String" />
    <property name="p39" column="STRING30_COLUMN_39" type="java.lang.String" />

    <property name="p40" column="STRING30_COLUMN_40" type="java.lang.String" />  
    <property name="p41" column="STRING30_COLUMN_41" type="java.lang.String" />
    <property name="p42" column="STRING30_COLUMN_42" type="java.lang.String" />
    <property name="p43" column="STRING30_COLUMN_43" type="java.lang.String" />
    <property name="p44" column="STRING30_COLUMN_44" type="java.lang.String" />
    <property name="p45" column="STRING30_COLUMN_45" type="java.lang.String" />
    <property name="p46" column="STRING30_COLUMN_46" type="java.lang.String" />
    <property name="p47" column="STRING30_COLUMN_47" type="java.lang.String" />
    <property name="p48" column="STRING30_COLUMN_48" type="java.lang.String" />
    <property name="p49" column="STRING30_COLUMN_49" type="java.lang.String" />
    
   </class>
</hibernate-mapping>

