<?xml version="1.0"?>
<!DOCTYPE hibernate-mapping PUBLIC
    "-//Hibernate/Hibernate Mapping DTD 3.0//EN"
    "http://hibernate.sourceforge.net/hibernate-mapping-3.0.dtd">

<!--

Mapping file for the Bid class of CaveatEmptor.

This class represents a single Bid for a particular Item. The mapping
uses the MonetaryAmount and a UserType mapping to represent the
monetary value of a bid, with a separate column for currency.

The relationship to the item is bidirectional and the outer join
setting is "true", so loading a Bid will fetch the associated
Item in the same select.

The same is true for the association to the User who made the bid,
we usually need both the item and the bidder together with the bid.

Both the reference to Item and User are never updated, this is also
true for all other properties of the Bid. A Bid is immutable. Hence
we use direct field access, as no setter methods are available.

@author Christian Bauer <christian@hibernate.org>

-->
<hibernate-mapping package="org.hibernate.auction.model" default-access="field">

<class name="Bid"
	   table="BID" mutable="false">

	<!-- Common id property. -->
	<id name="id"
		type="long"
		column="BID_ID">
		<generator class="native"/>
	</id>

	<!-- UserType for prices, length is precision of decimal field for DDL. -->
	<property   name="amount"
				update="false"
				type="org.hibernate.auction.persistence.MonetaryAmountCompositeUserType">
		<column name="AMOUNT" not-null="true" length="2"/>
		<column name="AMOUNT_CURRENCY" not-null="true"/>
	</property>

	<!-- We can't change the creation time, so map it with update="false". -->
	<property   name="created"
				column="CREATED"
				type="java.util.Date"
				update="false"
				not-null="true"/>

	<!-- The other side of this bidirectional one-to-many association to item. -->
	<many-to-one
				name="item"
				class="Item"
				column="ITEM_ID"
				update="false"
				not-null="true"
				foreign-key="FK1_ITEM_ID"/>

	<!-- The other side of this bidirectional one-to-many association to user. -->
	<many-to-one
				name="bidder"
				class="User"
				column="BIDDER_ID"
				update="false"
				not-null="true"
				fetch="join"
				foreign-key="FK2_BIDDER_ID"/>
</class>

</hibernate-mapping>