<?xml version="1.0"?>
<!DOCTYPE hibernate-mapping PUBLIC
    "-//Hibernate/Hibernate Mapping DTD 3.0//EN"
    "http://hibernate.sourceforge.net/hibernate-mapping-3.0.dtd">

<!--

The mapping for the class hierarchy of billing strategies.

A single BillingDetails object is a single bank account or
credit card (or anything else that is a subclass). We expect
these concrete classes (the superclass is abstract) to be very
different, so we normalize the schema and use the
"table-per-subclass" mapping strategy. This won't be a problem
with polymorphic queries, as we only refer to billing information
with the interface of the superclass (e.g. in the association from
User). However, this might produce large joins.

The CreditCard subclass is special, it has a typesafe enumeration
object that represents the type of card (Amex, Visa, Mastercard, etc.)
while the database has a SMALLINT column representing the card type.
The mapping is done with a custom Hibernate UserType. The card type
information is immutable and won't be updated.

@author Christian Bauer <christian@hibernate.org>

-->
<hibernate-mapping package="org.hibernate.auction.model" >

<class name="BillingDetails" abstract="true">

	<!-- Common id property. -->
	<id name="id"
		type="long"
		column="BILLING_DETAILS_ID"
		access="field">
		<generator class="sequence"/>
	</id>

	<!-- A versioned entity. -->
	<version name="version"
			 column="VERSION"
			 access="field"/>

	<!-- Simple property. -->
	<property   name="ownerName"
				column="OWNER_NAME"
				type="string"
				not-null="true"/>

	<!-- We can't change the creation time, so map it with update="false". -->
	<property   name="created"
				column="CREATED"
				type="java.util.Date"
				update="false"
				not-null="true"
				access="field"/>

	<!-- Bidirectional, required as BillingDetails is USER_ID NOT NULL. This is also
	     a read-only property that will never be updated. -->
	<many-to-one name="user"
				 class="User"
				 column="USER_ID"
				 update="false"
				 access="field"
				 foreign-key="FK1_USER_ID"/>

	<!-- CreditCard subclass mapping to its own table, normalized.
		 CreditCard is immutable, we map all properties with update="false" -->
	<union-subclass name="CreditCard"
					 table="CREDIT_CARD">

		<property name="type"
				  type="org.hibernate.auction.persistence.CreditCardTypeUserType"
				  column="CC_TYPE"
				  update="false"
				  not-null="true"
				  access="field"/>

		<property name="number"
				  type="string"
				  column="CC_NUMBER"
				  length="16"
				  not-null="true"
				  access="field"/>

		<property name="expMonth"
				  type="string"
				  column="EXP_MONTH"
				  length="2"
				  not-null="true"
				  update="false"
				  access="field"/>

		<property name="expYear"
				  type="string"
				  column="EXP_YEAR"
				  length="4"
				  not-null="true"
				  update="false"
				  access="field"/>

	</union-subclass>

	<!-- BankAccount subclass mapping to its own table, normalized. -->
	<union-subclass name="BankAccount"
					 table="BANK_ACCOUNT">

		<property name="number"
				  type="string"
				  column="ACCOUNT_NUMBER"
				  length="16"
				  not-null="true"/>

		<property name="bankName"
				  type="string"
				  column="BANK_NAME"
				  length="255"
				  not-null="true"/>

		<property name="bankSwift"
				  type="string"
				  column="BANK_SWIFT"
				  length="15"
				  not-null="true"/>

	</union-subclass>

</class>

</hibernate-mapping>