<?xml version="1.0"?>
<!DOCTYPE hibernate-mapping PUBLIC
    "-//Hibernate/Hibernate Mapping DTD 3.0//EN"
    "http://hibernate.sourceforge.net/hibernate-mapping-3.0.dtd">
<!--

Mapping file for the Category class of CaveatEmptor.

Categories are versioned and we make some use of the
DirectSetAccessor for immutable properties and properties
that are covered with convenience methods that protect
entity relationships (setChildren() vs. addChildren()).

Interesting is the bidirectional one-to-many association
that references parent and child categories. This is a
real parent/child association, with full cascading
enabled.

There can never be two categories with the same name at
the same "level", that is, they can't have the same parent
category. This is protected with a unique constraint.

@author Christian Bauer <christian@hibernate.org>

-->
<hibernate-mapping package="org.hibernate.auction.model">

<class name="Category"
	   table="CATEGORY">

	<!-- Common id property. -->
	<id name="id"
		type="long"
		column="CATEGORY_ID"
		access="field">
		<generator class="native"/>
	</id>

	<!-- A versioned entity. -->
	<version name="version"
			 column="VERSION"
			 access="field"/>

	<!-- Name is limited to 255 characters.-->
	<property   name="name"
				type="string">
		<column name="NAME"
				not-null="true"
				length="255"
				unique-key="UNIQUE_NAME_AT_LEVEL"/>
	</property>

	<!-- We can't change the creation time, so map it with update="false". -->
	<property   name="created"
				column="CREATED"
				type="java.util.Date"
				update="false"
				not-null="true"
				access="field"/>

	<!-- Parent can be null for root categories. -->
	<many-to-one name="parentCategory"
				 cascade="none"
				 foreign-key="FK1_PARENT_CATEGORY_ID">
		<column name="PARENT_CATEGORY_ID"
				not-null="false"
				unique-key="UNIQUE_NAME_AT_LEVEL"/>
	</many-to-one>

	<!-- We use a Set for this bidirectional one-to-many. Batch fetching is
		 particulary interesting for  this association: We expect that the
		 application will need much more childCategories if it accesses
		 one. Batch fetching can significantly improve fetching of the
		 whole category graph.
	-->
	<set    name="childCategories"
			cascade="all, delete-orphan"
			inverse="true"
			batch-size="10"
			access="field">
		<key column="PARENT_CATEGORY_ID"/>
		<one-to-many class="Category"/>
	</set>

	<!-- We use a normal many-to-many association to express the relationship
	     to a set of items. This is the non-inverse side.
	-->
	<set    name="items"
			cascade="save-update"
			access="field"
            table="CATEGORY_ITEM">
		<key foreign-key="FK1_CATEGORIZED_ITEM_ID">
			<column name="CATEGORY_ID" not-null="true" length="16"/>
		</key>
		<many-to-many class="Item" column="ITEM_ID"/>
	</set>
</class>

</hibernate-mapping>