<?xml version="1.0"?>
<!DOCTYPE hibernate-mapping PUBLIC
    "-//Hibernate/Hibernate Mapping DTD 3.0//EN"
    "http://hibernate.sourceforge.net/hibernate-mapping-3.0.dtd">

<!--

Mapping file for the Item class of CaveatEmptor.

An Item is the central entity of an auction. One interesting
aspect of this mapping is the <bag> used for the collection
of Bids. The Item Java class uses a Collection for this collection,
and Hibernate will order the collection on load by the
creation date of the bids.

Again, notice the 4000 character limit of Oracle VARCHAR
columns for the text description. For more we'd have to use LOBs.

@author Christian Bauer <christian@hibernate.org>

-->
<hibernate-mapping package="org.hibernate.auction.model">

<class name="Item" table="ITEM">

	<!-- Common id property. -->
	<id name="id"
		type="long"
		column="ITEM_ID"
		access="field">
		<generator class="native"/>
	</id>

	<!-- A versioned entity. -->
	<version name="version"
			 column="VERSION"
			 access="field"/>

	<!-- Name of the item is immutable. -->
	<property   name="name"
				type="string"
				column="NAME"
				length="255"
				not-null="true"
				update="false"
				access="field"/>

	<!-- Limit item description to 4000 characters, Oracle. -->
	<property   name="description"
				type="string"
				column="DESCRIPTION"
				length="4000"
				not-null="true"/>

	<!-- UserTpe for prices, length is precision of decimal field for DDL. -->
	<property   name="initialPrice"
				type="org.hibernate.auction.persistence.MonetaryAmountCompositeUserType"
				access="field">
		<column name="INITIAL_PRICE" not-null="true" length="2"/>
		<column name="INITIAL_PRICE_CURRENCY" not-null="true"/>
	</property>

	<!-- UserTpe for prices, length is precision of decimal field for DDL. -->
	<property   name="reservePrice"
				type="org.hibernate.auction.persistence.MonetaryAmountCompositeUserType"
				access="field">
		<column name="RESERVE_PRICE" length="2"/>
		<column name="RESERVE_PRICE_CURRENCY"/>
	</property>

	<!-- We can't change the startDate. -->
	<property   name="startDate"
				column="START_DATE"
				type="java.util.Date"
				update="false"
				not-null="true"
				access="field"/>

	<!-- We can't change the endDate. -->
	<property   name="endDate"
				column="END_DATE"
				type="java.util.Date"
				update="false"
				not-null="true"
				access="field"/>

    <!-- We can't change the creation time, so map it with update="false". -->
    <property   name="created"
                column="CREATED"
                type="timestamp"
                update="false"
                not-null="true"
                access="field"/>

	<!-- We can't change the seller. -->
	<many-to-one name="seller"
				 class="User"
				 cascade="none"
				 column="SELLER_ID"
				 update="false"
				 not-null="true"
				 access="field"
				 foreign-key="FK2_SELLER_ID"/>

	<!-- Mark the successful bid. -->
	<many-to-one name="successfulBid"
				 class="Bid"
				 cascade="none"
				 column="SUCCESSFUL_BID_ID"
				 not-null="false"
				 foreign-key="FK3_SUCCESSFUL_BID_ID"/>

	<!-- We use a a normal many-to-many relationship to Category, mapped
         inverse="true".
    -->
	<set    name="categories"
			inverse="true"
			access="field"
            table="CATEGORY_ITEM">
        <key>
            <column name="ITEM_ID" not-null="true" length="16"/>
        </key>
        <many-to-many class="Category" column="CATEGORY_ID"/>
	</set>

	<!-- Use a standard parent/child relationship for bids. -->
	<bag    name="bids"
			cascade="all"
			inverse="true"
			order-by="CREATED desc"
            access="field">
		<key>
            <column name="ITEM_ID" not-null="true"/>
        </key>
		<one-to-many class="Bid"/>
	</bag>

	<!-- Map images (they are just filenames) to their own table, and allow
	     duplicates with an <idbag> and a surrogate primary key column for
	     the collection table. The "native" generator is not implemented for
	     this mapping technique! -->
	<idbag  name="images"
	        table="ITEM_IMAGES">
	    <collection-id column="ITEM_IMAGE_ID" type="int">
	        <!-- For PostgreSQL, Oracle, HSQLDB, etc. -->
            <generator class="sequence"/>
            <!-- For MS SQL, DB2, etc.
            <generator class="identity"/>
            -->
	    </collection-id>
        <key column="ITEM_ID"/>
        <element column="FILENAME" type="string"/>
	</idbag>

</class>

<!-- TODO: This completely ignores currency -->
<query name="minBid"><![CDATA[
	select b from Bid b where b.amount.value =
        (select min(b.amount.value) from Bid b where b.item.id = :itemid)
]]></query>

<!-- TODO: This completely ignores currency -->
<query name="maxBid"><![CDATA[
	select b from Bid b where b.amount.value =
		(select max(b.amount.value) from Bid b where b.item.id = :itemid)
]]></query>


</hibernate-mapping>

