<?xml version="1.0"?>
<!DOCTYPE hibernate-mapping PUBLIC
	"-//Hibernate/Hibernate Mapping DTD 3.0//EN"
	"http://hibernate.sourceforge.net/hibernate-mapping-3.0.dtd">
<hibernate-mapping>
  <class name="Master">
    <id name="oid">
      <generator class="foreign">
        <param name="property">slave</param>
      </generator>
    </id>
    <property name="libelle" type="string" />
    <one-to-one name="slave" class="Slave" constrained="true" />
    <one-to-one name="slave2" class="Slave2" property-ref="myMaster" />
  </class>
</hibernate-mapping>
