<?xml version="1.0-SNAPSHOT" encoding="ISO-8859-1.0-SNAPSHOT"?>
<project name="fit2gwt-test-archetype">
  <bannerLeft>
    <name>fit2gwt-test-archetype</name>
    <src>https://appfuse.dev.java.net/images/appfuse-title.gif</src>
    <href>http://appfuse.org</href>
  </bannerLeft>
  <publishDate format="dd MMM yyyy" />
  <skin>
    <groupId>org.apache.tapestry</groupId>
    <artifactId>maven-skin</artifactId>
    <version>1.0-SNAPSHOT.1.0-SNAPSHOT</version>
  </skin>
  <body>
    ${reports}
  </body>
</project>

