<?xml version="1.0" encoding="UTF-8"?>
<!DOCTYPE hibernate-configuration PUBLIC "-//Hibernate/Hibernate Configuration DTD 3.0//EN" "http://hibernate.sourceforge.net/hibernate-configuration-3.0.dtd">
<hibernate-configuration>

  <session-factory>

    <!-- Database connection settings -->
    <property name="connection.provider_class">org.hibernate.connection.C3P0ConnectionProvider</property>
    <property name="connection.driver_class">org.hsqldb.jdbcDriver</property>
    <property name="connection.url">jdbc:hsqldb:file:C:/Temp/testdb/testdb</property>
    <property name="connection.username">sa</property>
    <property name="connection.password"></property>
    <property name="connection.shutdown">true</property>

    <!-- JDBC connection pool (use the built-in) -->
    <property name="connection.pool_size">1</property>

    <!-- c3p0 Properties -->
    <property name="hibernate.c3p0.idle_test_period">10</property>
    <property name="hibernate.c3p0.timeout">7200</property>

    <!-- SQL dialect -->
    <property name="dialect">org.hibernate.dialect.HSQLDialect</property>

    <!-- Enable Hibernate's automatic session context management -->
    <property name="current_session_context_class">thread</property>

    <!-- Disable the second-level cache -->
    <property name="cache.provider_class">org.hibernate.cache.NoCacheProvider</property>

    <!-- Echo all executed SQL to stdout -->
    <property name="show_sql">true</property>

    <!-- Drop and re-create the database schema on startup -->
    <property name="hbm2ddl.auto">update</property>

  </session-factory>

</hibernate-configuration>