<?xml version="1.0" encoding="UTF-8"?>
<!DOCTYPE hibernate-configuration PUBLIC "-//Hibernate/Hibernate Configuration DTD 3.0//EN"
                                         "http://www.hibernate.org/dtd/hibernate-configuration-3.0.dtd">
<hibernate-configuration>
 <session-factory name="">
  <property name="hibernate.connection.driver_class">com.microsoft.sqlserver.jdbc.SQLServerDriver</property>
  <property name="hibernate.connection.url">jdbc:sqlserver://localhost:1433;databaseName=blueriq_runtime_10;instance=MSSQLSERVER</property>
  <property name="hibernate.connection.username">blueriq10</property>
  <property name="hibernate.connection.password">Welcome</property>
  <property name="hibernate.dialect">org.hibernate.dialect.SQLServer2012Dialect</property>
  <property name="hibernate.hbm2ddl.auto">create</property>
  <property name="hibernate.use_nationalized_character_data">true</property>
  <property name="hibernate.default_schema">dbo</property>
  <mapping class="test.NStringDiscriminatorMsSqlTest$TestEntity"/>
  <mapping class="test.NStringDiscriminatorMsSqlTest$TestOneEntity"/>
 </session-factory>
</hibernate-configuration>
