<?xml version="1.0"?>

<!DOCTYPE hibernate-configuration PUBLIC
  "-//Hibernate/Hibernate Configuration DTD 2.0//EN"
  "http://hibernate.sourceforge.net/hibernate-configuration-2.0.dtd">

<hibernate-configuration>
  <session-factory>
    <property name="show_sql">true</property>
    <property name="dialect">net.sf.hibernate.dialect.Oracle9Dialect</property>
    <property name="use_outer_join">true</property>
    <property name="max_fetch_depth">10</property>

    <mapping resource="test/A.hbm.xml"/>
    <mapping resource="test/B.hbm.xml"/>
    <mapping resource="test/C.hbm.xml"/>
  </session-factory>
</hibernate-configuration>
