<?xml version='1.0' ?>
<!DOCTYPE hibernate-mapping PUBLIC
"-//Hibernate/Hibernate Mapping DTD 2.0//EN"
"http://hibernate.sourceforge.net/hibernate-mapping-2.0.dtd">
<hibernate-mapping default-cascade="save-update">

	
	<class name="Parent1" table="parent1">
		<id name="id" type="long" unsaved-value="0">
			<generator class="sequence">
				<param name="sequence">seq_test</param>
			</generator>
		</id>
		<bag name="parent2s" lazy="true" inverse="true">
			<key column="parentid"/>
			<one-to-many class="Parent2"/>
		</bag>
	</class>
	
	<class name="Parent2" table="parent2" proxy="Parent2">
		<id name="id" type="long" unsaved-value="0">
			<generator class="sequence">
				<param name="sequence">seq_test</param>
			</generator>
		</id>
		<many-to-one name="parent" cascade="none" class="Parent1" column="parentid"/>
		<bag name="parent3s" lazy="true" inverse="true">
			<key column="parentid"/>
			<one-to-many class="Parent3"/>
		</bag>
	</class>
	
	<class name="Parent3" table="parent3" proxy="Parent3" discriminator-value="3" >
		<id name="id" type="long" unsaved-value="0">
			<generator class="sequence">
				<param name="sequence">seq_test</param>
			</generator>
		</id>
		<discriminator column="class" type="string" length="1"/>
		<many-to-one name="parent" cascade="none" class="Parent2" column="parentid"/>
		
		<subclass name="Parent3Sub" proxy="Parent3Sub" discriminator-value="4">
			<set name="items" inverse="true" lazy="true" table="EntityChild">
				<key column="parentid"/>
				<one-to-many class="EntityChild"/>
			</set>
		</subclass>
	</class>
	
	<class name="EntityChild" table="EntityChild">
		<id name="id" type="long" unsaved-value="0">
			<generator class="sequence">
				<param name="sequence">seq_test</param>
			</generator>
		</id>
		<many-to-one name="parent" column="parentid" class="Parent3Sub" cascade="none"/>
		<property name="str" column="str" type="string"/>
		<idbag name="valueChilds" table="valueChilds" lazy="false" cascade="save-update">
			<collection-id column="id" type="long">
				<generator class="sequence">
					<param name="sequence">seq_test</param>
				</generator>
			</collection-id>
			<key column="parentid"/>
			<composite-element class="ValueChild">
				<property name="str" column="str" type="string"/>
				<nested-composite-element name="valueType" class="IntValue">
					<property name="intValue" column="type" type="int"/>
				</nested-composite-element>
			</composite-element>
		</idbag>
	</class>
</hibernate-mapping>