<?xml version="1.0" encoding="UTF-8" standalone="yes"?>
<ejb-jar xmlns="http://java.sun.com/xml/ns/javaee">
    <enterprise-beans>
        <session id="FamilyManagerBean">
            <ejb-name>FamilyManagerBean</ejb-name>
            <business-local>test.FamilyManager</business-local>
            <ejb-class>test.FamilyManagerBean</ejb-class>
            <session-type>Stateless</session-type>
            <transaction-type>Container</transaction-type>
            <persistence-context-ref>
                <persistence-context-ref-name>test.FamilyManagerBean/em</persistence-context-ref-name>
                <persistence-unit-name>jpacache</persistence-unit-name>
                <persistence-context-type>Transaction</persistence-context-type>
                <injection-target>
                    <injection-target-class>test.FamilyManagerBean</injection-target-class>
                    <injection-target-name>em</injection-target-name>
                </injection-target>
            </persistence-context-ref>
        </session>
    </enterprise-beans>
</ejb-jar>
