<?xml version="1.0" encoding="UTF-8"?>

<entity-mappings version="2.0"
	xmlns="http://java.sun.com/xml/ns/persistence/orm"
	xmlns:xsi="http://www.w3.org/2001/XMLSchema-instance"
	xsi:schemaLocation="http://java.sun.com/xml/ns/persistence/orm http://java.sun.com/xml/ns/persistence/orm_2_0.xsd">
    
    <named-query name="address.findAddressesByFamilyName">
        <query><![CDATA[select a from Address a join a.inhabitants p where p.family.name=:familyName]]></query>
        <hint name="org.hibernate.cacheable" value="true" />
    </named-query>

    <named-query name="address.findAddressByNames">
        <query><![CDATA[select a from Address a where a.streetNumber=:streetNumber and a.streetName=:streetName and a.cityName=:cityName and a.countryName=:countryName]]></query>
        <hint name="org.hibernate.cacheable" value="true" />
    </named-query>

    <named-query name="address.findAddressByNamesWithoutCache">
        <query><![CDATA[select a from Address a where a.streetNumber=:streetNumber and a.streetName=:streetName and a.cityName=:cityName and a.countryName=:countryName]]></query>
        <hint name="org.hibernate.cacheable" value="false" />
    </named-query>

    <named-query name="address.findAddressesByCity">
        <query><![CDATA[select a from Address a where a.cityName=:cityName and a.countryName=:countryName]]></query>
        <hint name="org.hibernate.cacheable" value="true" />
    </named-query>

    <named-query name="address.countAll">
        <query><![CDATA[select count(a) from Address a]]></query>
        <hint name="org.hibernate.cacheable" value="true" />
    </named-query>

    <named-query name="family.findFamilyByName">
        <query><![CDATA[select f from Family f where f.name=:name]]></query>
        <hint name="org.hibernate.cacheable" value="true" />
    </named-query>

    <named-query name="family.findFamiliesByInhabitantFirstName">
        <query><![CDATA[select f from Family f join f.members p where p.firstName=:firstName]]></query>
        <hint name="org.hibernate.cacheable" value="true" />
    </named-query>

	<named-query name="family.countAll">
		<query><![CDATA[select count(f) from Family f]]></query>
		<hint name="org.hibernate.cacheable" value="true" />
	</named-query>

    <named-query name="person.findPersonByNames">
        <query><![CDATA[select p from Person p where p.firstName=:firstName and p.family.name=:familyName]]></query>
        <hint name="org.hibernate.cacheable" value="true" />
    </named-query>

    <named-query name="person.findPersonByNamesWithoutCache">
        <query><![CDATA[select p from Person p where p.firstName=:firstName and p.family.name=:familyName]]></query>
        <hint name="org.hibernate.cacheable" value="false" />
    </named-query>

    <named-query name="person.findPersonsByFamily">
        <query><![CDATA[select p from Person p where p.family.id=:familyId]]></query>
        <hint name="org.hibernate.cacheable" value="true" />
    </named-query>
    
    <named-query name="person.findPersonsByFamilyName">
        <query><![CDATA[select p from Person p where p.family.name=:familyName]]></query>
        <hint name="org.hibernate.cacheable" value="true" />
    </named-query>
    
    <named-query name="person.findPersonsByAddress">
        <query><![CDATA[select p from Person p where p.address.id=:addressId]]></query>
        <hint name="org.hibernate.cacheable" value="true" />
    </named-query>
    
    <named-query name="person.countAll">
        <query><![CDATA[select count(p) from Person p]]></query>
        <hint name="org.hibernate.cacheable" value="true" />
    </named-query>

    <entity class="test.Person" access="PROPERTY">
      <table name="jpacache_person">
        <unique-constraint>
          <column-name>first_name</column-name>
          <column-name>family_id</column-name>
        </unique-constraint>
      </table>
      <!--<inheritance strategy="SINGLE_TABLE"/>-->
      <!--<discriminator-value>U</discriminator-value>-->
      <!--<discriminator-column name="sexe" discriminator-type="STRING" length="1"/>-->
      <attributes>
        <id name="id">
          <column name="id" unique="true" nullable="false"/>
          <!--<generated-value strategy="AUTO"/>-->
        </id>
        <basic name="firstName">
          <column name="first_name"/>
        </basic>
        <basic name="checked">
          <column name="checked"/>
        </basic>
        <basic name="birthDate">
          <column name="birth_date"/>
          <temporal>DATE</temporal>
        </basic>
        <version name="version">
          <column name="version"/>
        </version>
        <many-to-one name="address" fetch="LAZY" target-entity="test.Address">
          <join-column name="address_id"/>
        </many-to-one>
        <many-to-one name="family" fetch="LAZY" target-entity="test.Family">
          <join-column name="family_id"/>
        </many-to-one>
      </attributes>
    </entity>
    
    <!--<entity class="test.FemalePerson" access="PROPERTY">
      <discriminator-value>F</discriminator-value>
    </entity>-->
    
    <!--<entity class="test.MalePerson" access="PROPERTY">
      <discriminator-value>M</discriminator-value>
    </entity>-->
    
    <entity class="test.Address" access="PROPERTY">
      <table name="jpacache_address">
        <unique-constraint>
          <column-name>street_number</column-name>
          <column-name>street_name</column-name>
          <column-name>city_name</column-name>
          <column-name>country_name</column-name>
        </unique-constraint>
      </table>
      <pre-remove method-name="removeAllInhabitants"></pre-remove>
      <attributes>
        <id name="id">
          <column name="id" unique="true" nullable="false"/>
          <!--<generated-value strategy="AUTO"/>-->
        </id>
        <basic name="streetNumber">
          <column name="street_number"/>
        </basic>
        <basic name="streetName">
          <column name="street_name"/>
        </basic>
        <basic name="cityName">
          <column name="city_name"/>
        </basic>
        <basic name="countryName">
          <column name="country_name"/>
        </basic>
        <basic name="zipCode">
          <column name="zip_code"/>
        </basic>
        <version name="version">
          <column name="version"/>
        </version>
        <one-to-many name="inhabitants" mapped-by="address" fetch="LAZY" target-entity="test.Person">
        </one-to-many>
      </attributes>
    </entity>
    
    <entity class="test.Family" access="PROPERTY">
      <table name="jpacache_family">
        <unique-constraint>
          <column-name>name</column-name>
        </unique-constraint>
      </table>
      <attributes>
        <id name="id">
          <column name="id" unique="true" nullable="false"/>
          <!--<generated-value strategy="AUTO"/>-->
        </id>
        <basic name="name">
          <column name="name"/>
        </basic>
        <basic name="secondName">
          <column name="second_name"/>
        </basic>
        <version name="version">
          <column name="version"/>
        </version>
        <one-to-many name="members" mapped-by="family" fetch="LAZY" target-entity="test.Person">
          <cascade><cascade-all/></cascade>
        </one-to-many>
      </attributes>
    </entity>

</entity-mappings>