<?xml version="1.0" encoding="UTF-8" ?>
<!DOCTYPE log4j:configuration SYSTEM "log4j.dtd">

<log4j:configuration xmlns:log4j="http://jakarta.apache.org/log4j/">
    <appender name="console" class="org.apache.log4j.ConsoleAppender"> 
        <param name="Target" value="System.out"/> 
        <layout class="org.apache.log4j.PatternLayout"> 
            <param name="ConversionPattern" value="%-5p %c{1} - %m%n"/> 
        </layout> 
    </appender> 

    <root> 
        <priority value="trace"/> 
        <appender-ref ref="console"/> 
    </root>
  
    <logger name="org.jboss.logging">
        <level value="trace"/> 
    </logger>
  
</log4j:configuration>