<?xml version="1.0"?>
<!DOCTYPE hibernate-mapping PUBLIC
        "-//Hibernate/Hibernate Mapping DTD 2.0//EN"
        "http://hibernate.sourceforge.net/hibernate-mapping-2.0.dtd">

<hibernate-mapping>

    <class name="Organization"
           table="ORGANIZATION"
           proxy="Organization">

        <id name="id" column="ORGANIZATION_ID" type="long">
            <generator class="sequence">
                <param name="sequence">SEQ_ORGANIZATION</param>
            </generator>
        </id>

        <property name="name" column="NAME" type="string" />

        <many-to-one name="workingTimeSet"
                     column="WORKING_TIME_SET_ID"
                     class="WorkingTimeSet"
                     cascade="all"
        />
    </class>

    <class name="Project"
           table="PROJECT"
           proxy="Project">

        <id name="id" column="PROJECT_ID" type="long">
            <generator class="sequence">
                <param name="sequence">SEQ_PROJECT</param>
            </generator>
        </id>

        <property name="name" column="NAME" type="string" />

        <set name="projectOrganizations" lazy="true" table="PROJECT_ORGANIZATION">
            <key column="PROJECT_ID"/>

            <composite-element class="ProjectOrganization">
                <property name="weight" type="double" />
                <many-to-one
                    name="organization"
                    class="Organization"
                    column="ORGANIZATION_ID"
                    not-null="true"
                 />
            </composite-element>
        </set>

    </class>


    <class name="WorkingTimeSet" table="WORKING_TIME_SET">
        <id name="id" column="WORKING_TIME_SET_ID" type="long">
            <generator class="sequence">
                <param name="sequence">SEQ_WORKING_TIME_SET</param>
            </generator>
        </id>
        <array name="times" table="WORKING_TIME" cascade="all">
            <key column="WORKING_TIME_SET_ID" />
            <index column = "WEEK_DAY" />
            <composite-element class="WorkingTime">
                <property name="start" column="WORKING_TIME_START" type="time" />
                <property name="end" column="WORKING_TIME_END" type="time" />
                <property name="isWorking" column="IS_WORKING_DAY" type="boolean" />
            </composite-element>
        </array>
    </class>

</hibernate-mapping>
