<?xml version="1.0" encoding="UTF-8"?>
<!DOCTYPE hibernate-configuration PUBLIC
        "-//Hibernate/Hibernate Configuration DTD 3.0//EN"
        "http://www.hibernate.org/dtd/hibernate-configuration-3.0.dtd">
 
<hibernate-configuration>
    <session-factory>
        <property name="hibernate.dialect">org.hibernate.dialect.PostgresPlusDialect</property>
        <property name="hibernate.connection.driver_class">org.postgresql.Driver</property>
        <property name="hibernate.connection.username">sky</property>
        <property name="hibernate.connection.password">sky</property>
        <property name="hibernate.connection.url">jdbc:postgresql://localhost/book_store</property>

        <property name="hibernate.hbm2ddl.auto">create</property>

        <mapping class="hibernate.ddl.Author"/>
        <mapping class="hibernate.ddl.Book"/>
    </session-factory>
</hibernate-configuration>