<?xml version="1.0" encoding="utf-8"?>
<!DOCTYPE hibernate-configuration PUBLIC
"-//Hibernate/Hibernate Configuration DTD 3.0//EN"
"http://hibernate.sourceforge.net/hibernate-configuration-3.0.dtd">
<hibernate-configuration>
	<session-factory>
		<property name="hibernate.connection.driver_class">
			oracle.jdbc.driver.OracleDriver
		</property>

		<property name="hibernate.connection.url">
			jdbc:oracle:thin:@svrsknz012:1521:orcl
		</property>
		<property name="connection.username">prototype2</property>
		<property name="connection.password">prototype2</property>

		<property name="hibernate.cglib.use_reflection_optimizer">
			true
		</property>
		<property name="hibernate.max_fetch_depth">1</property>
		<property name="hibernate.dialect">
			org.hibernate.dialect.Oracle9Dialect
		</property>
		<property name="hibernate.cache.use_query_cache">true</property>
		<property name="hibernate.show_sql">true</property>

		<mapping resource="test/dom4j/Mapping.hbm.xml" />
	</session-factory>
</hibernate-configuration>
