<?xml version="1.0" encoding="UTF-8"?>
<beans xmlns="http://www.springframework.org/schema/beans"
	xmlns:xsi="http://www.w3.org/2001/XMLSchema-instance"
	xmlns:tx="http://www.springframework.org/schema/tx"
	xsi:schemaLocation="http://www.springframework.org/schema/beans
      http://www.springframework.org/schema/beans/spring-beans.xsd
      http://www.springframework.org/schema/tx
      http://www.springframework.org/schema/tx/spring-tx.xsd">
	<!-- setup Dao -->

	<!--
		Instruct Spring to perform declarative transaction management automatically
		on annotated classes.
	-->
	<tx:annotation-driven transaction-manager="txManager" />

	<!-- bean id="entityManagerFactory" -->
	<bean id="entityManagerFactory"
		class="org.springframework.orm.jpa.LocalEntityManagerFactoryBean">
		<property name="persistenceUnitName" value="petPersistence" />
	</bean>



	<!--
		PostProcessors to perform resource injection according to the JPA specification
		(@PersistenceContext, @PersistenceUnit).
	-->
	<bean
		class="org.springframework.orm.jpa.support.PersistenceAnnotationBeanPostProcessor" />

	<!-- turn on @Required annotation checks -->
	<bean
		class="org.springframework.beans.factory.annotation.RequiredAnnotationBeanPostProcessor" />

	<!--
		PostProcessors to perform exception translation on @Repository classes (from native
		exceptions such as JPA PersistenceExceptions to Spring's DataAccessException hierarchy).
	-->

	<!-- Transaction manager for a single JPA EntityManagerFactory (alternative to JTA) -->

	<bean id="txManager"
		class="org.springframework.orm.jpa.JpaTransactionManager">
		<property name="entityManagerFactory"
			ref="entityManagerFactory" />



	</bean>
	<bean id="dBDao" class="org.jayway.provider.GeneralDaoImpl"></bean>
</beans>





















