<?xml version='1.0' encoding='utf-8'?>
<!DOCTYPE hibernate-configuration PUBLIC
        "-//Hibernate/Hibernate Configuration DTD 3.0//EN"
        "http://hibernate.sourceforge.net/hibernate-configuration-3.0.dtd">
<hibernate-configuration>
    <session-factory>
        <property name="dialect">org.hibernate.dialect.HSQLDialect</property>

        <property name="show_sql">true</property>

        <property name="hbm2ddl.auto">create</property>

        <property name="hibernate.current_session_context_class">${hibernate.current_session_context_class}</property>

        <property name="connection.driver_class">org.hsqldb.jdbcDriver</property>
        <property name="connection.url">jdbc:hsqldb:mem:memdbid</property>
        <property name="connection.username">sa</property>
        <property name="connection.password"></property>
        <property name="connection.pool_size">1</property>
        <property name="default_schema">public</property>

        <!-- Load the annotated Java class. -->
        <mapping class="org.hibernate.hhh9257.AuditableEntity"/>
        <mapping class="org.hibernate.hhh9257.LegalEntity"/>
        <mapping class="org.hibernate.hhh9257.Person"/>
    </session-factory>
</hibernate-configuration>