<?xml version="1.0"?>
<!DOCTYPE hibernate-mapping SYSTEM "http://hibernate.sourceforge.net/hibernate-mapping-3.0.dtd">
<hibernate-mapping package="com.sknt.case324994" default-lazy="false">
    <class name="Portfolio" table="REF_PORTFOLIO">
        <id name="pk" access="field" column="REF_PORTFOLIO_ID" unsaved-value="0">
            <generator class="sequence">
                <param name="sequence">S_PORTFOLIO</param>
            </generator>
        </id>
        
        <property name="name" column="NAME"/>
        
        <component name="versionInfo" class="VersionInfo">
            <property name="versionNumber" column="VERSION_NUMBER"/>
            <property name="sequenceNumber" column="VERSION_SEQ_NUM" not-null="false" generated="insert"/>
            
            <list name="statusList" table="REF_PORTFOLIO_STATUS_LIST">
                <key column="REF_PORTFOLIO_KEY"/>
                <index column="POS"/>
                <composite-element class="Status">
                    <property name="comment" column="STATUS_COMMENT"/>
                </composite-element>
            </list>
        </component>        
    </class>
</hibernate-mapping>
