<?xml version="1.0"?>
<!DOCTYPE hibernate-mapping PUBLIC
		"-//Hibernate/Hibernate Mapping DTD 3.0//EN"
		"http://hibernate.sourceforge.net/hibernate-mapping-3.0.dtd">

<hibernate-mapping package="sobos2.domain">
	<class name="BiuroMaklerskie" table="BIURO_MAKLERSKIE">
		<id name="kod" type="character">
			<column name="KOD_BIURA_UCZ" not-null="true"/>
			<generator class="assigned"/>
		</id>
		<property name="nazwa" type="string">
			<column name="NAZWA_BIURA" not-null="false" />
		</property>
		<property name="skreslonySl" type="string">
			<column name="SKRESLONY_SL_MAKL" not-null="false" />
		</property>
		<property name="osobaFizyczna" type="character">
			<column name="OSOBA_FIZYCZNA" not-null="false" />
		</property>
		<property name="czyRezydent" type="character">
			<column name="CZY_REZYDENT" not-null="false" />
		</property>
	</class>
</hibernate-mapping>
