<?xml version="1.0"?>
<!DOCTYPE hibernate-mapping PUBLIC
		"-//Hibernate/Hibernate Mapping DTD 3.0//EN"
		"http://hibernate.sourceforge.net/hibernate-mapping-3.0.dtd">

<hibernate-mapping package="sobos2.domain">
	<class name="DyspozycjaDokumenty" table="DYSPOZYCJA_DOKUMENTY">
		<composite-id name="id" class="sobos2.domain.keys.DyspozycjaDokumentyId">
			<key-property name="numerDyspozycji" type="long">
				<column name="NR_DYSPOZYCJI_S" not-null="true"/>
			</key-property>
			<key-property name="dataKsiegowania" type="date">
				<column name="DATA_KSIEGOWANIA" not-null="true"/>
			</key-property>
		</composite-id>
		<property name="tytulem" type="string">
			<column name="Z_TYTULU" not-null="false" />
		</property>
		<property name="dokument1" type="string">
			<column name="DOKUMENT_1" not-null="false" />
		</property>
		<property name="dokument2" type="string">
			<column name="DOKUMENT_2" not-null="false" />
		</property>
		<property name="dokument3" type="string">
			<column name="DOKUMENT_3" not-null="false" />
		</property>
	</class>
</hibernate-mapping>
