<?xml version="1.0" encoding="UTF-8"?>
<entity-mappings xmlns="http://java.sun.com/xml/ns/persistence/orm"
	xmlns:xsi="http://www.w3.org/2001/XMLSchema-instance"
	xsi:schemaLocation="http://java.sun.com/xml/ns/persistence/orm http://java.sun.com/xml/ns/persistence/orm_2_0.xsd"
	version="2.0">
	<entity class="org.hibernate.jira.hhh9420.bean.MyBean" access="FIELD">
		<table name="my_bean" />
		<attributes>
			<id name="id">
				<column name="id" />
				<generated-value strategy="TABLE" />
			</id>
			<basic name="value" fetch="LAZY">
				<column name="value" nullable="true" unique="false" />
			</basic>
		</attributes>
	</entity>
</entity-mappings>
