<?xml version="1.0" encoding="ISO-8859-1"?>
<!DOCTYPE hibernate-mapping PUBLIC "-//Hibernate/Hibernate Mapping DTD//EN" "http://www.hibernate.org/dtd/hibernate-mapping-3.0.dtd">
<hibernate-mapping package="org.headlesspigs.domainmodel2">
	<class name="Invoice" abstract="true">
		<id name="id" column="ID" type="long" unsaved-value="0">
			<generator class="hilo" />
		</id>
		<property name="name" type="string" column="DS_NAME" />
		<union-subclass name="SpecificInvoice" table="TEST_SPECIFIC">
			<!-- "sameNameAsInvoice" is intentionally mapped to the same column as 
				the inherited property "name" is -->
			<property name="sameNameAsInvoice" type="string" column="DS_NAME"
				insert="false" update="false" />
			<property name="number" column="DS_NUMBER" type="string" />
			<property name="code" column="DS_CODE" type="string" />
		</union-subclass>
	</class>
</hibernate-mapping>