<?xml version="1.0"?>
<!DOCTYPE hibernate-mapping PUBLIC
	"-//Hibernate/Hibernate Mapping DTD 3.0//EN"
	"http://hibernate.sourceforge.net/hibernate-mapping-3.0.dtd">
<hibernate-mapping
    package="com.sourcelabs.repro">

    <class name="Customer" table="customer" >
        <composite-id name="customerId" class="CustomerId">
            <key-many-to-one name="district" class="com.sourcelabs.repro.District">
                <column name="c_w_id"/>
                <column name="c_d_id"/>
            </key-many-to-one>
            <key-property name="c_id" type="integer"/>
        </composite-id>
        <property name="c_first" type="string"/>
        <property name="c_middle" type="character"/>
        <property name="c_last" type="string"/>
        <property name="c_street_1" type="string"/>
        <property name="c_street_2" type="string"/>
        <property name="c_city" type="string"/>
        <property name="c_state" type="string"/>
        <property name="c_zip" type="string"/>
        <property name="c_phone" type="string"/>
        <property name="c_since" type="timestamp"/>
        <property name="c_credit" type="string"/>
        <property name="c_credit_lim" type="double"/>
        <property name="c_discount" type="float"/>
        <property name="c_balance" type="double"/>
        <property name="c_ytd_payment" type="double"/>
        <property name="c_payment_cnt" type="short"/>
        <property name="c_delivery_cnt" type="short"/>
        <property name="c_data" type="string"/>
        <set name="history" cascade="none" inverse="true" lazy="true">
            <key>
                <column name="h_c_w_id"/>
                <column name="h_c_d_id"/>
                <column name="h_c_id"/>
            </key>
            <one-to-many class="com.sourcelabs.repro.History"/>
        </set>

    </class>
</hibernate-mapping>
