<?xml version="1.0"?>
<!DOCTYPE hibernate-mapping PUBLIC
	"-//Hibernate/Hibernate Mapping DTD 3.0//EN"
	"http://hibernate.sourceforge.net/hibernate-mapping-3.0.dtd">
<hibernate-mapping
    package="com.sourcelabs.repro">

    <class name="District" table="district">
        <composite-id name="districtId" class="DistrictId">
            <key-many-to-one name="warehouse" class="com.sourcelabs.repro.Warehouse" column="d_w_id"/>
            <key-property name="d_id" type="integer"/>
        </composite-id>
        <property name="d_name" type="string"/>
        <property name="d_street_1" type="string"/>
        <property name="d_street_2" type="string"/>
        <property name="d_city" type="string"/>
        <property name="d_state" type="string"/>
        <property name="d_zip" type="string"/>
        <property name="d_tax" type="float"/>
        <property name="d_ytd" type="double"/>
        <property name="d_next_o_id" type="integer"/>
        <set name="customers" cascade="none" inverse="true" lazy="true">
            <key>
                <column name="c_w_id"/>
                <column name="c_d_id"/>
            </key>
            <one-to-many class="com.sourcelabs.repro.Customer"/>
        </set>
        <set name="history" cascade="none" inverse="true" lazy="true">
            <key>
                <column name="h_w_id"/>
                <column name="h_d_id"/>
            </key>
            <one-to-many class="com.sourcelabs.repro.History"/>
        </set>
    </class>
</hibernate-mapping>
