<?xml version="1.0"?>
<!DOCTYPE hibernate-mapping PUBLIC
	"-//Hibernate/Hibernate Mapping DTD 3.0//EN"
	"http://hibernate.sourceforge.net/hibernate-mapping-3.0.dtd">
<hibernate-mapping
    package="com.sourcelabs.repro">

    <class name="History" table="history">
        <composite-id name="historyId" class="HistoryId">
            <key-many-to-one name="customer" class="com.sourcelabs.repro.Customer">
                <column name="h_c_w_id"/>
                <column name="h_c_d_id"/>
                <column name="h_c_id"/>                
            </key-many-to-one>
            <key-many-to-one name="district" class="com.sourcelabs.repro.District">
                <column name="h_w_id"/>
                <column name="h_d_id"/>
            </key-many-to-one>
            <key-property name="h_date" type="date"/>
            <key-property name="h_amount" type="float"/>
        </composite-id>

        <property name="h_data" type="string"/>

    </class>
</hibernate-mapping>
