<?xml version="1.0"?>
<!DOCTYPE hibernate-mapping PUBLIC
	"-//Hibernate/Hibernate Mapping DTD 3.0//EN"
	"http://hibernate.sourceforge.net/hibernate-mapping-3.0.dtd">
<hibernate-mapping
    package="com.sourcelabs.repro">

    <class name="Item" table="item">
        <id name="i_id" type="integer">
            <generator class="assigned"/>
        </id>
        <property name="i_im_id" type="integer"/>
        <property name="i_name" type="string"/>
        <property name="i_price" type="double"/>
        <property name="i_data" type="string"/>
    </class>

</hibernate-mapping>