<?xml version="1.0"?>
<!DOCTYPE hibernate-mapping PUBLIC
	"-//Hibernate/Hibernate Mapping DTD 3.0//EN"
	"http://hibernate.sourceforge.net/hibernate-mapping-3.0.dtd">
<hibernate-mapping
    package="com.sourcelabs.repro">

    <class name="NewOrder" table="new_order">

        <composite-id  name="orderId" class="OrderId">
            <key-many-to-one name="district" class="com.sourcelabs.repro.District">
                <column name="no_w_id"/>
                <column name="no_d_id"/>
            </key-many-to-one>
            <key-property name="o_id" column="no_o_id" type="integer"/>
        </composite-id>

        <one-to-one name="order" class="com.sourcelabs.repro.Order"/>
    </class>
</hibernate-mapping>