<?xml version="1.0"?>
<!DOCTYPE hibernate-mapping PUBLIC
	"-//Hibernate/Hibernate Mapping DTD 3.0//EN"
	"http://hibernate.sourceforge.net/hibernate-mapping-3.0.dtd">
<hibernate-mapping
    package="com.sourcelabs.repro">

    <class name="OrderLine" table="order_line">
        <composite-id name="orderLineId" class="com.sourcelabs.repro.OrderLineId">
            <key-many-to-one name="order" class="com.sourcelabs.repro.Order">
                <column name="ol_w_id"/>
                <column name="ol_d_id"/>
                <column name="ol_o_id"/>
            </key-many-to-one>
            <key-property name="ol_number" type="short"/>
        </composite-id>

        <!-- <property name="ol_i_id" type="integer"/> -->
        <many-to-one name="item" class="com.sourcelabs.repro.Item" >
            <column name="ol_i_id"/>
        </many-to-one>
        <many-to-one name="supplyWarehouse" class="com.sourcelabs.repro.Warehouse" >
            <column name="ol_supply_w_id"/>
        </many-to-one>
        <!-- <property name="ol_supply_w_id" type="integer" /> -->
        <property name="ol_delivery_d" type="timestamp"/>
        <property name="ol_quantity" type="short"/>
        <property name="ol_amount" type="big_decimal" precision="6" scale="2"/>
        <property name="ol_dist_info" type="string"/>

        <many-to-one name="stock" class="com.sourcelabs.repro.Stock" insert="false" update="false">
            <column name="ol_supply_w_id" />
            <column name="ol_i_id"/>
        </many-to-one>
    </class>
</hibernate-mapping>
