<?xml version="1.0"?>
<!DOCTYPE hibernate-mapping PUBLIC
	"-//Hibernate/Hibernate Mapping DTD 3.0//EN"
	"http://hibernate.sourceforge.net/hibernate-mapping-3.0.dtd">
<hibernate-mapping
    package="com.sourcelabs.repro">

    <class name="Order" table="orders">
        <composite-id  name="orderId" class="OrderId">
            <key-many-to-one name="district" class="com.sourcelabs.repro.District">
                <column name="o_w_id"/>
                <column name="o_d_id"/>
            </key-many-to-one>
            <key-property name="o_id" type="integer"/>
        </composite-id>

        <property name="o_entry_d" type="timestamp"/>
        <property name="o_carrier_id" type="short"/>
        <property name="o_ol_cnt" type="short"/>
        <property name="o_all_local" type="short"/>
        <property name="o_c_id" type="integer"/>

        <one-to-one name="newOrder" class="com.sourcelabs.repro.NewOrder"/>

        <set name="orderLines" cascade="none" inverse="true" lazy="true">
            <key>
                <column name="ol_w_id"/>
                <column name="ol_d_id"/>
                <column name="ol_o_id"/>
             </key>
             <one-to-many class="com.sourcelabs.repro.OrderLine"/>
        </set>

    </class>
</hibernate-mapping>
