<?xml version="1.0"?>
<!DOCTYPE hibernate-mapping PUBLIC
	"-//Hibernate/Hibernate Mapping DTD 3.0//EN"
	"http://hibernate.sourceforge.net/hibernate-mapping-3.0.dtd">
<hibernate-mapping
    package="com.sourcelabs.repro">

    <class name="Stock" table="stock">
        <composite-id class="StockId" name="stockId">
            <key-many-to-one name="warehouse" class="com.sourcelabs.repro.Warehouse" column="s_w_id"/>
            <key-many-to-one name="item" class="com.sourcelabs.repro.Item" column="s_i_id"/>
        </composite-id>
        <property name="s_quantity" type="short"/>
        <property name="s_dist_01" type="string"/>
        <property name="s_dist_02" type="string"/>
        <property name="s_dist_03" type="string"/>
        <property name="s_dist_04" type="string"/>
        <property name="s_dist_05" type="string"/>
        <property name="s_dist_06" type="string"/>
        <property name="s_dist_07" type="string"/>
        <property name="s_dist_08" type="string"/>
        <property name="s_dist_09" type="string"/>
        <property name="s_dist_10" type="string"/>
        <property name="s_ytd" type="big_decimal" precision="8" scale="2"/>
        <property name="s_order_cnt" type="short"/>
        <property name="s_remote_cnt" type="short"/>
        <property name="s_data" type="string"/>
        <set name="orderLines" cascade="none" inverse="true" lazy="true">
            <key>
                <column name="ol_supply_w_id"/>
                <column name="ol_i_id"/>
            </key>
            <one-to-many class="com.sourcelabs.repro.OrderLine"/>
        </set>

    </class>
</hibernate-mapping>