<?xml version="1.0"?>
<!DOCTYPE hibernate-mapping PUBLIC
	"-//Hibernate/Hibernate Mapping DTD 3.0//EN"
	"http://hibernate.sourceforge.net/hibernate-mapping-3.0.dtd">
<hibernate-mapping
    package="com.sourcelabs.repro">

    <class name="Warehouse" table="warehouse">
        <id name="w_id" type="integer">
            <generator class="assigned"/>
        </id>
        <property name="w_name" type="string"/>
        <property name="w_street_1" type="string"/>
        <property name="w_street_2" type="string"/>
        <property name="w_city" type="string"/>
        <property name="w_state" type="string"/>
        <property name="w_zip" type="string"/>
        <property name="w_tax" type="float"/>
        <property name="w_ytd" type="double"/>
        <set name="districts" lazy="true" inverse="true" cascade="none">
            <key column="d_w_id"/>
            <one-to-many class="com.sourcelabs.repro.District"/>
        </set>

    </class>

</hibernate-mapping>