<!DOCTYPE hibernate-configuration SYSTEM "http://hibernate.sourceforge.net/hibernate-configuration-3.0.dtd">
<hibernate-configuration>
  <session-factory>
    <property name="hibernate.connection.driver_class">org.hsqldb.jdbcDriver</property>
    <property name="hibernate.connection.url">jdbc:hsqldb:mem:testing</property>
    <property name="hibernate.connection.username">sa</property>
    <property name="hibernate.dialect">org.hibernate.dialect.HSQLDialect</property>
    <property name="show_sql">false</property>
    <property name="format_sql">false</property>
    <mapping resource="cx/pei/testapps/hibernate/slsession/DomainObject.hbm.xml"/>
    <mapping resource="cx/pei/testapps/hibernate/slsession/RelationA.hbm.xml"/>
    <mapping resource="cx/pei/testapps/hibernate/slsession/RelationB.hbm.xml"/>
  </session-factory>
</hibernate-configuration>