<?xml version='1.0' encoding='UTF-8'?>
<!DOCTYPE hibernate-configuration PUBLIC
          "-//Hibernate/Hibernate Configuration DTD 3.0//EN"
          "http://hibernate.sourceforge.net/hibernate-configuration-3.0.dtd">
<hibernate-configuration>
    <session-factory>
        <property name="hibernate.connection.driver_class">org.hsqldb.jdbcDriver</property>
        <property name="hibernate.connection.url">jdbc:hsqldb:C:\hsql\test</property>
        <property name="hibernate.connection.username">sa</property>
        <property name="hibernate.connection.password"> </property>
        <property name="dialect">org.hibernate.dialect.HSQLDialect</property>
        <property name="show_sql">true</property>
        <property name="hibernate.jdbc.batch_size">0</property>
        <property name="hibernate.hbm2ddl.auto">create-drop</property>
        <property name="hibernate.connection.autocommit">false</property>
              
        <mapping resource="test/dom4j/Ethnicity.hbm.xml"/>
        <mapping resource="test/dom4j/PersonEthnicity.hbm.xml"/>
        <mapping resource="test/dom4j/PersonRace.hbm.xml"/>
        <mapping resource="test/dom4j/Person.hbm.xml"/>   
        <mapping resource="test/dom4j/Race.hbm.xml"/>               
    </session-factory>

</hibernate-configuration>
