<?xml version = '1.0' encoding = 'UTF-8'?>
<Diagram class="oracle.dbtools.crest.swingui.logical.DPVLogical" name="Logical" id="5D2B4C97-C2A8-8531-E36A-92A6CD4F7F5B">
<createdBy>marchiori</createdBy>
<createdTime>2014-02-06 11:19:58 UTC</createdTime>
<autoRoute>false</autoRoute>
<boxInbox>true</boxInbox>
<showLegend>false</showLegend>
<showLabels>false</showLabels>
<showGrid>false</showGrid>
<diagramColor>-1</diagramColor>
<display>false</display>
<notation>1</notation>
<objectViews>
<OView class="oracle.dbtools.crest.swingui.logical.TVEntity" oid="0D2805D3-6F48-2130-6DB5-227480E35FCE" otype="Entity" vid="A2832F76-C7A8-823D-F449-F7130D848B67">
<bounds x="49" y="99" width="98" height="103"/>
</OView>
<OView class="oracle.dbtools.crest.swingui.logical.TVEntity" oid="657741AB-1580-4B3E-FBDA-9EB16E97648D" otype="Entity" vid="B4F8B57B-AF32-516B-1FD8-F4CF3150C669">
<bounds x="215" y="103" width="145" height="110"/>
</OView>
<OView class="oracle.dbtools.crest.swingui.logical.TVEntity" oid="AB6D80C1-DD4E-A9EF-687F-9FF32D9801EC" otype="Entity" vid="0260A52C-CB78-89F9-A4AE-9A65F6DDC87A">
<bounds x="412" y="104" width="170" height="110"/>
</OView>
</objectViews>
<connectors>
<Connector class="oracle.dbtools.crest.swingui.logical.TVRelation" oid="552956FE-D0E3-24C1-43C5-82D0511D73BE" otype="Relation" vid_source="0260A52C-CB78-89F9-A4AE-9A65F6DDC87A" vid_target="B4F8B57B-AF32-516B-1FD8-F4CF3150C669">
<lineWidth>1</lineWidth>
<points>
<point x="412" y="158"/>
<point x="360" y="158"/>
</points>
</Connector>
<Connector class="oracle.dbtools.crest.swingui.logical.TVRelation" oid="61DEB941-B3D1-C6FB-3A99-C413EC212A66" otype="Relation" vid_source="A2832F76-C7A8-823D-F449-F7130D848B67" vid_target="B4F8B57B-AF32-516B-1FD8-F4CF3150C669">
<lineWidth>1</lineWidth>
<points>
<point x="147" y="152"/>
<point x="215" y="152"/>
</points>
</Connector>
</connectors>
</Diagram>