<?xml version='1.0' encoding='utf-8'?> 
<!DOCTYPE hibernate-configuration PUBLIC 
    "-//Hibernate/Hibernate Configuration DTD 3.0//EN" 
    "http://hibernate.sourceforge.net/hibernate-configuration-3.0.dtd"> 
<hibernate-configuration> 
    <session-factory> 
        <!-- SQL dialect. --> 
        <property name="dialect">org.hibernate.dialect.HSQLDialect</property> 
 
        <!-- Echo all executed SQL to stdout. --> 
        <property name="show_sql">true</property> 
 
        <!-- Drop and recreate schema --> 
        <property name="hbm2ddl.auto">create</property> 
		
		<!-- Load the annotated Java class. --> 
		<mapping class="org.hibernate.hhh5811.TestEntity"/> 
    </session-factory> 
</hibernate-configuration>