<?xml version="1.0"?>
<!DOCTYPE hibernate-mapping PUBLIC
        "-//Hibernate/Hibernate Mapping DTD 3.0//EN"
        "http://hibernate.sourceforge.net/hibernate-mapping-3.0.dtd">

<hibernate-mapping package="test.hibernate">
    <class name="Group" table="GROUP">
        <id name="id" type="long" unsaved-value="null">
            <column name="GROUP_ID" not-null="true"/>
            <generator class="native"/>
        </id>

        <property name="name">
            <column name="GROUPNAME" not-null="true" length="100"/>
        </property>

        <bag name="users" table="USER_GROUP" lazy="true" inverse="true" cascade="all-delete-orphan">
            <key column="GROUP_ID"/>
            <many-to-many class="User" column="USER_ID"/>
        </bag>
    </class>

    <query name="Group.select.by.login" cacheable="true"><![CDATA[
        select user.groups from User user where user.login = ?
    ]]>
    </query>
</hibernate-mapping>
