<?xml version='1.0' encoding='utf-8'?>
<!DOCTYPE hibernate-configuration PUBLIC
        "-//Hibernate/Hibernate Configuration DTD//EN"
        "http://hibernate.sourceforge.net/hibernate-configuration-3.0.dtd">

<hibernate-configuration>
    <session-factory>
        <property name="connection.datasource">java:comp/env/jdbc/test</property>
        <property name="show_sql">true</property>
        <property name="hibernate.format_sql">true</property>

        <mapping resource="test/hibernate/User.hbm.xml"/>
        <mapping resource="test/hibernate/Group.hbm.xml"/>
    </session-factory>
</hibernate-configuration>
