<?xml version="1.0"?>
<!DOCTYPE hibernate-mapping PUBLIC
        "-//Hibernate/Hibernate Mapping DTD 3.0//EN"
        "http://hibernate.sourceforge.net/hibernate-mapping-3.0.dtd">

<hibernate-mapping package="test.hibernate">
    <class name="User" table="USER">
        <id name="id" type="long" unsaved-value="null">
            <column name="USER_ID" not-null="true"/>
            <generator class="native"/>
        </id>

        <property name="login">
            <column name="LOGIN" not-null="true" length="255"/>
        </property>

        <bag name="groups" table="USER_GROUP" lazy="false" cascade="none">
            <key column="USER_ID"/>
            <many-to-many class="Group" column="GROUP_ID"/>
        </bag>
    </class>
</hibernate-mapping>
