<?xml version='1.0' encoding='utf-8'?>
<!DOCTYPE hibernate-configuration PUBLIC
        "-//Hibernate/Hibernate Configuration DTD 3.0//EN"
        "http://hibernate.sourceforge.net/hibernate-configuration-3.0.dtd">
<hibernate-configuration>
	<session-factory>
		<!-- Database connection settings, Connect to HSQL, IN Memory -->
		<property name="dialect">org.hibernate.dialect.HSQLDialect</property>
		<property name="connection.driver_class">org.hsqldb.jdbcDriver</property>
		<property name="connection.url">jdbc:hsqldb:mem:test</property>
		<property name="connection.username">sa</property>
		<property name="connection.password"></property>

		<!-- JDBC connection pool (use the built-in) -->
		<property name="connection.pool_size">10</property>
		<property name="show_sql">true</property>
		<property name="format_sql">true</property>

		<!-- Use ehcache -->
		<property name="cache.region.factory_class">
			org.hibernate.cache.ehcache.EhCacheRegionFactory</property>
		<property name="cache.use_structured_entries">false</property>
		<property name="cache.use_second_level_cache">true</property>
		<property name="cache.use_query_cache">true</property>

		<!--create the database schema on startup if required -->
		<property name="hbm2ddl.auto">create</property>
	</session-factory>
</hibernate-configuration>
