<?xml version="1.0"?>
<!DOCTYPE hibernate-mapping SYSTEM "http://hibernate.sourceforge.net/hibernate-mapping-2.0.dtd">
<hibernate-mapping>
   <class name="eg.AbsFather" table="test_father" discriminator-value="X" proxy="eg.IFather">
      <id name="fatherID" type="long" unsaved-value="0">
         <generator class="identity"/>
      </id>
      <discriminator column="type" type="string" length="1"/>
      <property name="fatherValue" type="string"/>
      <set name="details" lazy="true" cascade="save-update">
         <key column="father"/>
         <one-to-many class="eg.IDetail"/>
      </set>
      <subclass name="eg.Father" discriminator-value="F" proxy="eg.Father"/>
   </class>
</hibernate-mapping>