<?xml version="1.0"?>
<!DOCTYPE hibernate-mapping SYSTEM "http://hibernate.sourceforge.net/hibernate-mapping-2.0.dtd">
<hibernate-mapping>
   <class name="eg.IDetail" table="test_detail" discriminator-value="X" proxy="eg.IDetail">
      <id name="detailID" type="long" unsaved-value="0">
         <generator class="identity"/>
      </id>
      <discriminator column="type" type="string" length="1"/>
      <property name="testValue" type="string"/>
<!--      <many-to-one name="father" class="eg.IFather"/>-->
      <many-to-one name="father" class="eg.Father"/>
      <subclass name="eg.DetailA" discriminator-value="A" proxy="eg.DetailA"/>
      <subclass name="eg.DetailB" discriminator-value="B" proxy="eg.DetailB"/>
   </class>
</hibernate-mapping>