<?xml version='1.0' encoding='utf-8'?>
<!DOCTYPE hibernate-configuration PUBLIC
   "-//Hibernate/Hibernate Configuration DTD 3.0//EN"
   "http://hibernate.sourceforge.net/hibernate-configuration-3.0.dtd">
<!-- for testing only -->
<hibernate-configuration>
   <session-factory>
      <property name="show_sql">false</property>
      <property name="hibernate.connection.driver_class">
         net.sourceforge.jtds.jdbc.Driver
      </property>
      <property name="hibernate.connection.url">
         jdbc:jtds:sybase://sybase1.qa.cin.int:4800;DatabaseName=tboemker
      </property>
      <property name="hibernate.connection.username">tboemker</property>
      <property name="hibernate.connection.password">password</property>
      <property name="hibernate.dialect">
         org.hibernate.dialect.SybaseDialect
      </property>
      <mapping resource="bug.hbm.xml"/>
    </session-factory>
</hibernate-configuration>