<?xml version="1.0"?>
<!DOCTYPE hibernate-mapping PUBLIC "-//Hibernate/Hibernate Mapping DTD 3.0//EN"
   "http://hibernate.sourceforge.net/hibernate-mapping-3.0.dtd">
<hibernate-mapping default-access="field">
   <class name="Foo">
      <id name="id">
         <generator class="native" />
      </id>
   </class>
   <class name="Goo">
      <id name="id">
         <generator class="native" />
      </id>
      <many-to-one name="foo" column="fooId"/>
   </class>
</hibernate-mapping>