<?xml version="1.0" encoding="UTF-8"?>
<!DOCTYPE log4j:configuration SYSTEM "log4j.dtd">

<!-- ===================================================================== -->
<!--                                                                       -->
<!--  Log4j Configuration                                                  -->
<!--                                                                       -->
<!-- ===================================================================== -->

<!-- $Id: log4j.xml 811 2010-11-08 09:44:54Z ccharron $ -->

<log4j:configuration xmlns:log4j="http://jakarta.apache.org/log4j/"
	debug="false">

	<appender name="CONSOLE" class="org.apache.log4j.ConsoleAppender">
		<param name="Target" value="System.out" />
		<param name="Threshold" value="DEBUG" />

		<layout class="org.apache.log4j.PatternLayout">
			<param name="ConversionPattern"
				value="%d{dd-MM HH:mm:ss,SSS} %-5p %C{1} - %m%n" />
		</layout>
	</appender>

	<!-- A time/date based rolling appender -->
	<appender name="HIBERNATE_LOG"
		class="org.apache.log4j.DailyRollingFileAppender">
		<param name="File" value="logs/hibernate.log" />
		<param name="Append" value="false" />
		<param name="DatePattern" value="'.'yyyy-MM-dd" />
		<layout class="org.apache.log4j.PatternLayout">
			<param name="ConversionPattern"
				value="%d{HH:mm:ss,SSS} %-5p [%c] %m%n" />
		</layout>
	</appender>

	<category name="org.hibernate" additivity="false">
		<priority value="WARN" />
		<appender-ref ref="HIBERNATE_LOG" />
	</category>
	
    <category name="org.hibernate.SQL" additivity="false">
        <priority value="WARN" />
        <appender-ref ref="HIBERNATE_LOG" />
    </category>

    <category name="org.hibernate.type" additivity="false">
        <priority value="WARN" />
        <appender-ref ref="HIBERNATE_LOG" />
    </category>

	<category name="org.hibernate.cache" additivity="false">
		<priority value="WARN" />
		<appender-ref ref="HIBERNATE_LOG" />
	</category>

    <category name="test" additivity="false">
        <priority value="DEBUG" />
        <appender-ref ref="CONSOLE" />
    </category>

	<root>
		<priority value="INFO" />
		<appender-ref ref="CONSOLE" />
	</root>

</log4j:configuration>
