<?xml version="1.0" encoding="UTF-8"?>
<beans xmlns="http://www.springframework.org/schema/beans" xmlns:xsi="http://www.w3.org/2001/XMLSchema-instance" xmlns:context="http://www.springframework.org/schema/context"
  xsi:schemaLocation="http://www.springframework.org/schema/beans http://www.springframework.org/schema/beans/spring-beans-3.2.xsd
  http://www.springframework.org/schema/context http://www.springframework.org/schema/context/spring-context-3.2.xsd">

  <import resource="classpath:META-INF/spring/bfrs-persistence-base-context.xml" />

  <bean id="entityManagerFactory" class="org.springframework.orm.jpa.LocalContainerEntityManagerFactoryBean">
    <property name="persistenceUnitName" value="testCasePersistenceUnit" />
    <property name="dataSource" ref="dataSource" />
    <property name="jpaPropertyMap">
      <map>
        <entry key="hibernate.dialect" value="org.hibernate.dialect.MySQL5Dialect" />
<!--         <entry key="hibernate.hbm2ddl.auto" value="validate" /> -->
        <entry key="hibernate.generate_statistics" value="true" />
        <entry key="hibernate.cache.use_query_cache" value="false" />
        <entry key="hibernate.cache.use_second_level_cache" value="false" />
      </map>
    </property>
  </bean>

  <context:component-scan base-package="testcase.persistence.impl.database">
    <context:include-filter type="annotation" expression="org.springframework.stereotype.Repository" />
  </context:component-scan>

</beans>