<?xml version="1.0" encoding="UTF-8"?>
<application xmlns="http://java.sun.com/xml/ns/javaee" xmlns:xsi="http://www.w3.org/2001/XMLSchema-instance" xsi:schemaLocation="http://java.sun.com/xml/ns/javaee http://java.sun.com/xml/ns/javaee/application_6.xsd" version="6">
  <description>PinkRoccade Local Government Makelaar Suite / Parent Aggregator</description>
  <display-name>cmg-ear</display-name>
  <initialize-in-order>true</initialize-in-order>
  <module>
    <ejb>hibernateissue-jar-0.0.1-SNAPSHOT.jar</ejb>
  </module>
  <library-directory>lib</library-directory>
</application>