<?xml version="1.0" encoding="UTF-8"?>
<beans xmlns="http://www.springframework.org/schema/beans"
	xmlns:xsi="http://www.w3.org/2001/XMLSchema-instance" xmlns:context="http://www.springframework.org/schema/context"
	xmlns:util="http://www.springframework.org/schema/util" xmlns:p="http://www.springframework.org/schema/p"
	xmlns:tx="http://www.springframework.org/schema/tx"
	xmlns:osgi="http://www.springframework.org/schema/osgi"
	xsi:schemaLocation="
	 		http://www.springframework.org/schema/osgi http://www.springframework.org/schema/osgi/spring-osgi.xsd
			http://www.springframework.org/schema/beans http://www.springframework.org/schema/beans/spring-beans-3.0.xsd
			http://www.springframework.org/schema/context http://www.springframework.org/schema/context/spring-context-3.0.xsd
			http://www.springframework.org/schema/util http://www.springframework.org/schema/util/spring-util-3.0.xsd
			http://www.springframework.org/schema/tx http://www.springframework.org/schema/tx/spring-tx-3.0.xsd">

<!-- 

	<osgi:reference id="dataSource" interface="javax.sql.DataSource" cardinality="1..1"/>
	
	
<entry key="java:comp/TransactionManager" value-ref="AtomikosTransactionManager" /> -->
	<osgi:reference id="AtomikosTransactionManager" interface="javax.transaction.TransactionManager" cardinality="1..1"/>
	<osgi:reference id="AtomikosUserTransaction" interface="javax.transaction.UserTransaction" cardinality="1..1"/>
	
	<bean id="transactionManager"
		class="org.springframework.transaction.jta.JtaTransactionManager">
		<property name="transactionManager" ref="AtomikosTransactionManager" />
		<property name="userTransaction" ref="AtomikosUserTransaction" />
	</bean>

	<bean id="dataSource" class="com.atomikos.jdbc.AtomikosDataSourceBean"
		init-method="init" destroy-method="close">
		<property name="uniqueResourceName" value="ds" />
		<property name="xaDataSourceClassName" value="org.apache.derby.jdbc.EmbeddedXADataSource" />
		<property name="xaProperties">
			<props>
				<prop key="databaseName">${user.home}/orthankDs</prop>
			</props>
		</property>
		<property name="minPoolSize" value="2" />
		<property name="maxPoolSize" value="10" />
	</bean>
	<bean id="jndi"
		class="org.apache.xbean.spring.jndi.SpringInitialContextFactory"
		factory-method="makeInitialContext">
		<property name="entries">
			<map>
				
				<entry key="jdbc/orthankDs" value-ref="dataSource" />
			</map>
		</property>
		<property name="freeze" value="false"></property>
	</bean>
</beans>

