<?xml version="1.0" encoding="UTF-8"?>
<beans xmlns="http://www.springframework.org/schema/beans"
       xmlns:context="http://www.springframework.org/schema/context"
       xmlns:tx="http://www.springframework.org/schema/tx"
       xmlns:xsi="http://www.w3.org/2001/XMLSchema-instance"
       xsi:schemaLocation="http://www.springframework.org/schema/beans http://www.springframework.org/schema/beans/spring-beans-3.0.xsd
                           http://www.springframework.org/schema/context http://www.springframework.org/schema/context/spring-context-3.0.xsd
                           http://www.springframework.org/schema/tx http://www.springframework.org/schema/tx/spring-tx-3.0.xsd">

  <context:component-scan base-package="org.hibernate.test"/>
  <context:load-time-weaver weaver-class="org.springframework.instrument.classloading.InstrumentationLoadTimeWeaver"/>
  <tx:annotation-driven proxy-target-class="true" transaction-manager="transactionManager"/>

  <bean id="dataSource" class="org.springframework.jdbc.datasource.TransactionAwareDataSourceProxy">
    <property name="targetDataSource">
      <bean class="com.mchange.v2.c3p0.ComboPooledDataSource" destroy-method="close">
        <property name="driverClass" value="org.h2.Driver"/>
        <property name="jdbcUrl" value="jdbc:h2:mem:test;DB_CLOSE_ON_EXIT=FALSE;MVCC=TRUE"/>
        <property name="user" value="test"/>
        <property name="password" value="test"/>
        <property name="minPoolSize" value="0"/>
        <property name="maxPoolSize" value="10"/>
        <property name="maxIdleTime" value="3600"/>
        <property name="acquireIncrement" value="5"/>
      </bean>
    </property>
  </bean>
  
  <bean id="entityManagerFactory" class="org.springframework.orm.jpa.LocalContainerEntityManagerFactoryBean">
    <property name="dataSource" ref="dataSource"/>
    <property name="packagesToScan" value="org.hibernate.test"/>
    <property name="loadTimeWeaver">
      <bean class="org.springframework.instrument.classloading.InstrumentationLoadTimeWeaver"/>
    </property>
    <property name="jpaVendorAdapter">
      <bean class="org.springframework.orm.jpa.vendor.HibernateJpaVendorAdapter">
        <property name="databasePlatform" value="org.hibernate.dialect.H2Dialect"/>
        <property name="showSql" value="true"/>
      </bean>
    </property>
    <property name="jpaPropertyMap">
      <map>
        <entry key="hibernate.hbm2ddl.auto" value="create"/>
        <entry key="hibernate.ejb.naming_strategy" value="org.hibernate.cfg.ImprovedNamingStrategy"/>
      </map>
    </property>
  </bean>
  
  <bean id="transactionManager" class="org.springframework.orm.jpa.JpaTransactionManager">
    <property name="entityManagerFactory" ref="entityManagerFactory"/>
  </bean>

</beans>
