<?xml version='1.0' encoding='utf-8'?>
<!DOCTYPE hibernate-configuration PUBLIC
"-//Hibernate/Hibernate Configuration DTD 3.0//EN"
"http://hibernate.sourceforge.net/hibernate-configuration-3.0.dtd">

<hibernate-configuration>
    
    <session-factory>
        
        <!-- Database connection settings -->
        <property name="connection.driver_class">com.mysql.jdbc.Driver</property>
        
        <!-- SQL dialect -->
        <property name="dialect">org.hibernate.dialect.MySQL5InnoDBDialect</property>

        <property name="connection.username">dummy</property>
        <property name="connection.password">dummy</property>
        <property name="connection.url">jdbc:mysql://localhost/test</property>

        <property name="connection.provider_class">org.hibernate.connection.C3P0ConnectionProvider</property>
        <property name="c3p0.max_size">100</property>
        <property name="c3p0.timeout">110</property>
        <property name="c3p0.max_statements">50</property>
        <property name="c3p0.idle_test_period">300</property>

        <!-- Disable the second-level cache  -->
        <property name="cache.provider_class">org.hibernate.cache.NoCacheProvider</property>
        
        <!-- Echo all executed SQL to stdout -->
        <!--<property name="show_sql">false</property>-->
        
        <!-- Enable them for debugging of Hibernate -->

        <property name="show_sql">true</property>
        <property name="format_sql">true</property>
        <property name="use_sql_comments">true</property>

        <!-- Drop and re-create the database schema on startup with create ( update only refresh structure ) -->
        <property name="hbm2ddl.auto">create</property>
        
        <mapping class="bug.Obj1"/>
        <mapping class="bug.Obj2"/>
    </session-factory>
    
</hibernate-configuration>
