<?xml version="1.0" encoding="UTF-8"?>
<beans xmlns="http://www.springframework.org/schema/beans" xmlns:xsi="http://www.w3.org/2001/XMLSchema-instance"
  xmlns:tx="http://www.springframework.org/schema/tx"
  xsi:schemaLocation="http://www.springframework.org/schema/beans
    http://www.springframework.org/schema/beans/spring-beans.xsd
    http://www.springframework.org/schema/tx
    http://www.springframework.org/schema/tx/spring-tx.xsd">

  <bean id="dataSource" class="org.springframework.jdbc.datasource.DriverManagerDataSource">
    <property name="driverClassName" value="org.gjt.mm.mysql.Driver" />
    <property name="url" value="jdbc:mysql://localhost:3306/serviewcom" />
    <property name="username" value="svc" />
    <property name="password" value="svc" />
  </bean>

  <bean id="persistenceUnitManager" class="org.springframework.orm.jpa.persistenceunit.DefaultPersistenceUnitManager">
    <property name="defaultDataSource" ref="dataSource" />
  </bean>

  <bean id="entityManagerFactory" class="org.springframework.orm.jpa.LocalContainerEntityManagerFactoryBean">
    <property name="dataSource" ref="dataSource" />
    <property name="persistenceUnitManager" ref="persistenceUnitManager" />
    <property name="persistenceUnitName" value="device-sync-app" />
    <property name="jpaVendorAdapter">
      <bean class="org.springframework.orm.jpa.vendor.HibernateJpaVendorAdapter">
        <property name="showSql" value="false" />
        <property name="generateDdl" value="true" />
        <property name="databasePlatform" value="org.hibernate.dialect.MySQLDialect" />
      </bean>
    </property>
  </bean>

  <bean id="transactionManager" class="org.springframework.orm.jpa.JpaTransactionManager">
    <property name="entityManagerFactory" ref="entityManagerFactory" />
    <property name="dataSource" ref="dataSource" />
  </bean>

  <tx:annotation-driven />
  <bean class="org.springframework.orm.jpa.support.PersistenceAnnotationBeanPostProcessor" />
  <bean class="org.springframework.dao.annotation.PersistenceExceptionTranslationPostProcessor" />

</beans>