<?xml version='1.0' encoding='utf-8'?>
<!DOCTYPE hibernate-configuration
    PUBLIC "-//Hibernate/Hibernate Configuration DTD//EN"
    "http://hibernate.sourceforge.net/hibernate-configuration-3.0.dtd">

<hibernate-configuration>
      <session-factory>
         <property name="show_sql">true</property>
         <property name="dialect">org.hibernate.dialect.MySQLDialect</property>
         
         <property name="connection.driver_class">
            com.mysql.jdbc.Driver</property>
         <property name="connection.url">
            jdbc:mysql://localhost:3306/test?autoReconnect=true</property>
         <property name="connection.username">root</property>
         <property name="connection.password">root</property>
         
         <property name="cglib.user_reflection_optimizer">false</property>
         
         <!-- Mapping files -->
         <mapping resource="domain/Activity.hbm.xml"/>
         <mapping resource="domain/Deal.hbm.xml"/>
         
      </session-factory>
</hibernate-configuration>