<?xml version="1.0" encoding="UTF-8"?>
<!-- Persistence deployment descriptor for prod profile -->
<persistence xmlns="http://java.sun.com/xml/ns/persistence" 
             xmlns:xsi="http://www.w3.org/2001/XMLSchema-instance"
             xsi:schemaLocation="http://java.sun.com/xml/ns/persistence http://java.sun.com/xml/ns/persistence/persistence_1_0.xsd" 
             version="1.0">
             
   <persistence-unit name="hibsearch">
      <provider>org.hibernate.ejb.HibernatePersistence</provider>
      <jta-data-source>hibsearchDatasource</jta-data-source>
      <!-- The <jar-file> element is necessary if you put the persistence.xml in the WAR and the classes in the JAR -->
      <!--
      <jar-file>../../vehicles.jar</jar-file>
      -->
      <properties>
         <property name="hibernate.dialect" value="org.hibernate.dialect.PostgreSQLDialect"/>
         <property name="hibernate.hbm2ddl.auto" value="validate"/>
         <property name="hibernate.jdbc.batch_size" value="20"/>
         <property name="jboss.entity.manager.factory.jndi.name" value="java:/hibsearchEntityManagerFactory"/>
      </properties>
   </persistence-unit>
    
</persistence>
