<?xml version="1.0" ?>
<!DOCTYPE hibernate-configuration PUBLIC "-//Hibernate/Hibernate Configuration DTD 2.0//EN" "http://hibernate.sourceforge.net/hibernate-configuration-3.0.dtd">

<!-- Hibernate configuration. -->
<hibernate-configuration>
	<session-factory >
      



      <property name="connection.driver_class">com.mysql.jdbc.Driver</property>
      <property name="connection.url">jdbc:mysql://127.0.0.1:3306/hibernate_test</property>
      <property name="connection.username">root</property>
      <property name="connection.password"></property>


		<!-- Connection properties. -->

		<property name="dialect">org.hibernate.dialect.MySQLDialect</property>
		<property name="show_sql">false</property>

		<property name="use_outer_join">true</property>
		<property name="cglib.use_reflection_optimizer">false</property>

      <!-- Disable the second-level cache  -->
      <property name="cache.provider_class">org.hibernate.cache.NoCacheProvider</property>


	</session-factory>
</hibernate-configuration>
