<?xml version='1.0' encoding='utf-8'?>
<!DOCTYPE hibernate-configuration PUBLIC
        "-//Hibernate/Hibernate Configuration DTD//EN"
        "http://www.hibernate.org/dtd/hibernate-configuration-3.0.dtd">
<hibernate-configuration>
    <session-factory>
        <property name="hibernate.archive.autodetection">class,hbm</property>
        <property name="hibernate.dialect">org.hibernate.dialect.HSQLDialect</property>
        <property name="hibernate.show_sql">true</property>
        <property name="hibernate.connection.driver_class">org.hsqldb.jdbcDriver</property>
        <property name="hibernate.connection.username">sa</property>
        <property name="hibernate.connection.password">1</property>
        <property name="hibernate.connection.url">jdbc:hsqldb:mem:test</property>
        <property name="hibernate.hbm2ddl.auto">create-drop</property>
        <mapping class="com.acme.Tag"/>
        <mapping class="com.acme.OptionalOneToOneDetails"/>
        <mapping class="com.acme.AdditionalDetails"/>
        <mapping class="com.acme.Post"/>
    </session-factory>
</hibernate-configuration>
