<?xml version="1.0"?>

<!DOCTYPE hibernate-mapping PUBLIC 
        "-//Hibernate/Hibernate Mapping DTD//EN"
        "http://hibernate.sourceforge.net/hibernate-mapping-3.0.dtd"> 
<hibernate-mapping default-cascade="save-update" default-access="field" default-lazy="false">

  <class name="A" table="A">
	<cache usage="read-write"/>
    <id type="int" name="id" unsaved-value="0">
		<generator class="native"/>
    </id>
	<array name="b" table="AB" cascade="all">
		<cache usage="read-write"/> 
		<key column="aId"/>
		<index column="index_"/>
		<element column="b" type="java.lang.String" length="1024" not-null="true"/>
	</array>        
  </class>  
</hibernate-mapping>
