<?xml version="1.0"?>
<!DOCTYPE hibernate-mapping PUBLIC
    "-//Hibernate/Hibernate Mapping DTD 3.0//EN"
    "http://hibernate.sourceforge.net/hibernate-mapping-3.0.dtd" >

<hibernate-mapping>
	<class name="hibernatetest.A" table="A">
		<composite-id name="compId" class="hibernatetest.APK">
			<key-property name="column1" column="C1" />
			<key-property name="column2" column="C2" />
			<key-property name="column3" column="C3" />
		</composite-id>

		<property name="otherColumnA" column="OTHER_COLUMN_A" />
		
		<properties name="keysSharedA">
			<property name="column2" column="C2" insert="false" update="false"/>
			<property name="column3" column="C3" insert="false" update="false"/>
		</properties>
		
		<bag name="relatedBs">
			<key property-ref="keysSharedA">
				<column name="C2"/>
				<column name="C3"/>
			</key>
			<many-to-many class="hibernatetest.B"/>
		</bag>
	</class>
</hibernate-mapping>
