<?xml version="1.0"?>
<!DOCTYPE hibernate-mapping PUBLIC
    "-//Hibernate/Hibernate Mapping DTD 3.0//EN"
    "http://hibernate.sourceforge.net/hibernate-mapping-3.0.dtd" >

<hibernate-mapping>
	<class name="hibernatetest.B" table="B">
		<composite-id name="compId" class="hibernatetest.BPK">
			<key-property name="column2" column="C2" />
			<key-property name="column3" column="C3" />
			<key-property name="column4" column="C4" />
			<key-property name="column5" column="C5" />
		</composite-id>

		<property name="otherColumnB" column="OTHER_COLUMN_B" />
		
		<properties name="keysSharedB">
			<property name="column2" column="C2" insert="false" update="false"/>
			<property name="column3" column="C3" insert="false" update="false"/>
		</properties>
		
		<bag name="relatedAs" inverse="true">
			<key property-ref="keysSharedB">
				<column name="C2"/>
				<column name="C3"/>
			</key>
			<many-to-many class="hibernatetest.A"/>
		</bag>
	</class>
</hibernate-mapping>