<configuration>

    <appender name="STDOUT" class="ch.qos.logback.core.ConsoleAppender">
        <encoder>
            <pattern>
                %d{HH:mm:ss.SSS} [%thread] %-5level %logger{36} - %msg%n
            </pattern>
        </encoder>
    </appender>

    <logger name="org.hibernate.type" level="TRACE" />
    <logger name="org.hibernate.SQL" level="DEBUG" />
    <logger name="org.hibernate.event.internal" level="DEBUG" />

    <root level="INFO">
        <appender-ref ref="STDOUT" />
    </root>

</configuration>