<?xml version="1.0"?>
<!DOCTYPE hibernate-mapping PUBLIC "-//Hibernate/Hibernate Mapping DTD 3.0//EN" "http://hibernate.sourceforge.net/hibernate-mapping-3.0.dtd">
<hibernate-mapping>
	<class name="hibernate2710.Document" table="DOCUMENT">
		<id name="id" column="DOCUMENT_ID">
			<generator class="native" />
		</id>

		<map name="titles" table="DOCUMENT_TITLE" lazy="false">
			<!--  we cannot use on-delete="cascade" on "key" because of hibernate bug HHH-2710 -->
			<key column="DOCUMENT_ID"/>
			<index column="LANGUAGE" type="string" />
			<element column="TITLE" type="text" not-null="true" />
		</map>

		<set name="references" table="DOCUMENT_REFERENCE"
			lazy="false">
			<!--  we cannot use on-delete="cascade" on "key" because of hibernate bug HHH-2710 -->
			<key column="DOCUMENT_ID"/>
			<element type="string" column="REFERENCE" />
		</set>
	</class>
</hibernate-mapping>