<?xml version="1.0" encoding="UTF-8"?>
<!DOCTYPE log4j:configuration SYSTEM "log4j.dtd" >
<log4j:configuration>

    <appender name="consoleAppender" class="org.apache.log4j.ConsoleAppender">
        <layout class="org.apache.log4j.PatternLayout">
            <param name="ConversionPattern" value="%d{ABSOLUTE} %5p %c{1}:%L - %m%n"/>
        </layout>
    </appender>

    <appender name="rollingFileAppender" class="org.apache.log4j.rolling.RollingFileAppender">
        <param name="file" value="c:/sample.log"/>

        <rollingPolicy class="org.apache.log4j.rolling.TimeBasedRollingPolicy">
            <param name="FileNamePattern" value="c:/sample.%d.log.gz"/>
        </rollingPolicy>

        <layout class="org.apache.log4j.PatternLayout">
            <param name="ConversionPattern" value="%d [%t] %-5p %C{6} (%F:%L) - %m%n"/>
        </layout>
    </appender>

    <logger name="org.hibernate" additivity="false" >
        <level value="warn" />
        <appender-ref ref="rollingFileAppender"/>
    </logger>

    <logger name="org.springframework" additivity="false" >
        <level value="warn" />
        <appender-ref ref="rollingFileAppender"/>
    </logger>

    <logger name="com.emc" additivity="false" >
        <level value="info" />
        <appender-ref ref="rollingFileAppender"/>
    </logger>

    <root>
        <level value="warn"/>
        <appender-ref ref="rollingFileAppender"/>
    </root>

</log4j:configuration>