<?xml version="1.0" encoding="UTF-8"?>
<beans xmlns="http://www.springframework.org/schema/beans"
       xmlns:jpa="http://www.springframework.org/schema/data/jpa"
       xmlns:xsi="http://www.w3.org/2001/XMLSchema-instance"
       xmlns:context="http://www.springframework.org/schema/context"
       xmlns:tx="http://www.springframework.org/schema/tx"
       xmlns:repository="http://www.springframework.org/schema/data/repository"
       xmlns:jdbc="http://www.springframework.org/schema/jdbc"
       xsi:schemaLocation="http://www.springframework.org/schema/beans
       http://www.springframework.org/schema/beans/spring-beans.xsd
       http://www.springframework.org/schema/data/jpa
       http://www.springframework.org/schema/data/jpa/spring-jpa.xsd
       http://www.springframework.org/schema/context
       http://www.springframework.org/schema/context/spring-context-3.1.xsd
       http://www.springframework.org/schema/tx
       http://www.springframework.org/schema/tx/spring-tx-3.1.xsd
       http://www.springframework.org/schema/data/repository
       http://www.springframework.org/schema/data/repository/spring-repository-1.0.xsd
       http://www.springframework.org/schema/jdbc
       http://www.springframework.org/schema/jdbc/spring-jdbc-3.1.xsd">

    <bean class="org.springframework.orm.hibernate4.HibernateExceptionTranslator"/>
    <bean id="entityManagerFactory" class="org.springframework.orm.jpa.LocalContainerEntityManagerFactoryBean">
        <property name="persistenceUnitPostProcessors">
            <bean class="org.springframework.data.jpa.support.ClasspathScanningPersistenceUnitPostProcessor">
                <constructor-arg value="com.emc.fbu.eli.Sample"/>
            </bean>
        </property>
    </bean>

    <bean id="transactionManager" class="org.springframework.orm.jpa.JpaTransactionManager">
        <property name="entityManagerFactory" ref="entityManagerFactory" />
    </bean>

    <tx:annotation-driven transaction-manager="transactionManager" proxy-target-class="true"/>

    <context:annotation-config />
    <jpa:repositories base-package="com.emc.fbu.eli.Sample"/>
</beans>