<?xml version="1.0" encoding="UTF-8"?>
<beans xmlns="http://www.springframework.org/schema/beans"
	xmlns:xsi="http://www.w3.org/2001/XMLSchema-instance" 
	xmlns:tx="http://www.springframework.org/schema/tx"
	xmlns:context="http://www.springframework.org/schema/context"
	xsi:schemaLocation="http://www.springframework.org/schema/beans
	http://www.springframework.org/schema/beans/spring-beans.xsd
	http://www.springframework.org/schema/context  
	http://www.springframework.org/schema/context/spring-context.xsd
	http://www.springframework.org/schema/tx
	http://www.springframework.org/schema/tx/spring-tx.xsd">

	<bean id="entityManagerFactory" class="org.springframework.orm.jpa.LocalContainerEntityManagerFactoryBean">
		<property name="persistenceUnitName" value="ligmdbMysqlEntityManager" />
		<property name="dataSource" ref="dataSource" />
		<property name="jpaDialect">
			<bean class="${jpa.dialect}" />
		</property>
		<property name="jpaVendorAdapter">
			<bean class="${jpa.vendor.adapter}">
				<property name="showSql" value="true" />
			</bean>
		</property>
	</bean>

	<bean id="transactionManager" class="org.springframework.orm.jpa.JpaTransactionManager">
		<property name="entityManagerFactory" ref="entityManagerFactory" />
	</bean>
	
	<!-- datasource for local use -->
	<bean id="dataSource" class="org.apache.commons.dbcp.BasicDataSource" destroy-method="close">
		<property name="driverClassName" value="${database.driverClassName}" />
		<property name="url" value="${database.url}" />
		<property name="username" value="${database.userName}" />
		<property name="password" value="${database.password}" />
		<property name="defaultAutoCommit" value="false" />
	</bean>
	
	<!-- Activates various annotations to be detected in bean classes -->
  	<!-- See http://www.springframework.org/schema/context/spring-context.xsd for more information -->
  	<context:annotation-config />
 
</beans>