<?xml version="1.0" encoding="UTF-8"?>
<!DOCTYPE log4j:configuration SYSTEM "log4j.dtd">

<log4j:configuration xmlns:log4j="http://jakarta.apache.org/log4j/" debug="false">

	<appender name="CONSOLE" class="org.apache.log4j.ConsoleAppender">
		<!-- log format layout -->
		<layout class="org.apache.log4j.PatternLayout">
			<param name="ConversionPattern" value="%-5p [%d{ISO8601}] %c.%M(%L) %m%n" />
		</layout>
	</appender>

	<appender name="FILE" class="org.apache.log4j.DailyRollingFileAppender">
		<!-- log file name -->
		<param name="file" value="ligmdb.log" />
		<!-- log file backup frequency -->
		<param name="datePattern" value="'.'yyyy-MM-dd"/><!-- daily backup -->
		<!-- log format layout -->
		<layout class="org.apache.log4j.PatternLayout">
			<param name="ConversionPattern" value="%-5p [%d{ISO8601}] %c.%M(%L) %m%n" />
		</layout>
	</appender>

	<logger name="org.apache">
		<level value="WARN" />
	</logger>
	
	<!-- log for hibernate -->
	<logger name="org.hibernate">
		<level value="WARN" />
	</logger>
	
	<!-- log for cache provider -->
	<logger name="org.hibernate.cache">
		<level value="WARN" />
	</logger>
	
	<logger name="com.mysql.jdbc">
		<level value="WARN" />
	</logger>	
	
	<logger name="net.sf.ehcache">
		<level value="WARN" />
	</logger>

	<!-- log for spring -->
	<logger name="org.springframework">
		<level value="WARN" />
	</logger>
	
	<!-- log for struts 2 -->
    <logger name="com.opensymphony">
    	<level value="WARN" />
    </logger>

    <logger name="org.apache.struts2">
    	 <level value="WARN" />
    </logger>
    
    <logger name="freemarker">
    	 <level value="WARN" />
    </logger>
	
	<!-- log for tests -->
	<logger name="org.dbunit">
		<level value="WARN" />
	</logger>
	
	<!-- log for current project -->
	<logger name="com.imgt.ligmdb">
		<level value="DEBUG" />
	</logger>

	<root>
		<appender-ref ref="CONSOLE" />
		<!-- <appender-ref ref="FILE" /> -->
	</root>

</log4j:configuration>
