<?xml version="1.0"?>
<!DOCTYPE hibernate-mapping PUBLIC "-//Hibernate/Hibernate Mapping DTD 3.0//EN"
"http://hibernate.sourceforge.net/hibernate-mapping-3.0.dtd">
<!-- Generated May 5, 2010 3:26:34 PM by Hibernate Tools 3.3.0.GA -->
<hibernate-mapping>
    <class name="bug.db.MutableTest" table="MUTABLETEST" mutable="true">
        <id name="id" type="java.lang.Integer">
            <column name="ID" />
            <generator class="increment" />
        </id>
        <property name="field1" type="java.lang.String">
            <column name="FIELD1" />
        </property>
        <property name="field2" type="java.lang.String">
            <column name="FIELD2" />
        </property>
        <property name="field3" type="java.lang.String">
            <column name="FIELD3" />
        </property>
    </class>
</hibernate-mapping>
