<?xml version="1.0"?>

<!DOCTYPE hibernate-mapping PUBLIC "-//Hibernate/Hibernate Mapping DTD 3.0//EN" "http://hibernate.sourceforge.net/hibernate-mapping-3.0.dtd">

<hibernate-mapping>

  <class name="Bean04" table="T_Bean04">

    <!-- ID -->
    <id name="id" column="F_id" type="integer">
      <generator class="native" />
    </id>

    <!-- Properties -->
    <property name="s2">
      <column name="F_s2" not-null="true" />
    </property>

    <join table="T_Bean03">

      <!-- Key -->
      <key>
        <column name="F_id" not-null="true" />
      </key>

      <!-- Properties -->
      <property name="s1">
        <column name="F_s1" not-null="true" />
      </property>

    </join>

  </class>

</hibernate-mapping>
