<?xml version="1.0" encoding="UTF-8"?>
<!DOCTYPE hibernate-configuration PUBLIC
        "-//Hibernate/Hibernate Configuration DTD 3.0//EN"
        "http://hibernate.sourceforge.net/hibernate-configuration-3.0.dtd">

<hibernate-configuration>

  <session-factory>

    <!-- The maximum depth of the outer join fetch tree -->
    <property name="max_fetch_depth">0</property>

    <!-- Echo all executed SQL to stdout -->
    <property name="show_sql">true</property>

    <!-- Show the generated SQL comments -->
    <property name="use_sql_comments">true</property>

    <!-- Drop and re-create the database schema on startup -->
    <property name="hbm2ddl.auto">create-drop</property>

    <!-- Enable Hibernate's automatic session context management -->
    <property name="current_session_context_class">thread</property>

    <!-- Disable the second-level cache  -->
    <property name="cache.use_second_level_cache">false</property>

    <!-- JDBC connection pool (use the built-in) -->
    <property name="connection.pool_size">1</property>

    <!-- The mapping files -->
    <mapping resource="Bean04.hbm.xml" />

  </session-factory>

</hibernate-configuration>
