<?xml version="1.0"?>
<!DOCTYPE hibernate-mapping PUBLIC
      "-//Hibernate/Hibernate Mapping DTD 3.0//EN"
          "http://hibernate.sourceforge.net/hibernate-mapping-3.0.dtd">

<hibernate-mapping package="test">
	<class name="Employee" table="person">
		<id name="id" column="id">
			<generator class="assigned"/>
		</id>

		<property name="name" column="name"/>

		<join table="employee">
			<key column="person_id"/>
			<property name="title" column="title"/>
			<many-to-one name="department" class="Department" column="department_id">
			</many-to-one>
		</join>

	</class>

	<class name="Department" table="department">
		<id name="id" column="id">
			<generator class="assigned"/>
		</id>

		<property name="name" column="name"/>

		<set name="employees" inverse="true">
			<key column="department_id"/>
			<one-to-many class="test.Employee"/>
		</set>
	</class>
</hibernate-mapping>
