<?xml version="1.0"?>
<!DOCTYPE hibernate-mapping PUBLIC "-//Hibernate/Hibernate Mapping DTD 3.0//EN"
"http://hibernate.sourceforge.net/hibernate-mapping-3.0.dtd">
<!-- 
    Mapping file autogenerated by MyEclipse - Hibernate Tools
-->
<hibernate-mapping>
    <class name="org.hibernate.parentchild.Node" table="parent_test" schema="PUBLIC">
        <id name="id" type="long">
            <column name="ID" />
            <generator class="increment" />
        </id>
        <many-to-one name="parent" column="parent_id" class="org.hibernate.parentchild.Node" cascade="none" />
        <set name="children" inverse="true" cascade="all-delete-orphan">
        	<key column="PARENT_ID" />
        	<one-to-many class="org.hibernate.parentchild.Node" />
        </set>
        <property name="name" type="string">
            <column name="name" length="256" not-null="true" />
        </property>
    </class>
</hibernate-mapping>
