<?xml version='1.0' encoding='UTF-8'?>
<!DOCTYPE hibernate-configuration PUBLIC
          "-//Hibernate/Hibernate Configuration DTD 3.0//EN"
          "http://hibernate.sourceforge.net/hibernate-configuration-3.0.dtd">

<!-- Generated by MyEclipse Hibernate Tools.                   -->
<hibernate-configuration>

<session-factory>
	<property name="connection.url">jdbc:hsqldb:tmp/hsqldb</property>
	<property name="connection.driver_class">
		org.hsqldb.jdbcDriver
	</property>
	<property name="connection.username">sa</property>
	<property name="dialect">
		org.hibernate.dialect.HSQLDialect
	</property>
	<property name="cglib.use_reflection_optimizer">true</property>

	<mapping resource="org/hibernate/parentchild/Node.hbm.xml" />
</session-factory>


</hibernate-configuration>