<?xml version="1.0" encoding="UTF-8"?>
<!DOCTYPE hibernate-mapping PUBLIC "-//Hibernate/Hibernate Mapping DTD 3.0//EN" "http://www.hibernate.org/dtd/hibernate-mapping-3.0.dtd">
<hibernate-mapping>
    <class name="se.zaleth.jar.plant.BlastFurnaceProcessData" table="R008_PROCESS_DATA_BLAST_FUR">
        <id column="PROCESS_DATA_ID" name="id">
            <generator class="sequence">
                <param name="sequence">R008_SEQ</param>
        <param name="increment_size">1</param>
                <param name="parameters">INCREMENT BY 1 START WITH 50001</param>
            </generator>
        </id>
        <property column="COKE_CONSUMPTION" name="cokeConsumption"/>
        <property column="ENERGY_LOSS_UPPER" name="energyLossUpperZone"/>
        <property column="ENERGY_LOSS_LOWER" name="energyLossLowerZone"/>
        <property column="THERMAL_ZONE_TEMP" name="thermalZoneTemp"/>
        <property column="SHAFT_EFFICIENCY" name="shaftEfficiency"/>
        <property column="CALCINATION" name="calcination"/>
        <property column="TOP_GAS_TEMPERATURE" name="topGasTemperature"/>
        <property column="TOP_GAS_ETA_H2" name="topGasEtaH2"/>
        <property column="TOP_GAS_ETA_H2_CONST" name="topGasEtaH2Constant"/>
        <property column="TOP_GAS_ETA_CO" name="topGasEtaCo"/>
        <property column="TOP_GAS_CO" name="topGasCO"/>
        <property column="TOP_GAS_CO2" name="topGasCO2"/>
        <property column="TOP_GAS_H2" name="topGasH2"/>
        <property column="TOP_FLOW_N2" name="topFlowN2"/>
        <property column="HOT_METAL_TEMP" name="hotMetalTemperature"/>
        <property column="BLAST_TEMP" name="blastTemperature"/>
        <property column="OXYGEN_ENRICHMENT" name="oxygenEnrichment"/>
        <property column="SPECIFIC_BLAST" name="specificBlast"/>
        <property column="BLAST_MOISTURE" name="blastMoisture"/>
        <property column="BLAST_AIR_TEMP" name="blastAirTemperature"/>
        <property column="BLAST_AIR_MOISTURE" name="blastAirMoisture"/>
        <property column="PRODUCTIVITY" name="productivity"/>
        <property column="FLAME_TEMPERATURE" name="flameTemperature"/>
        <property column="C_RED_MOLE" name="cRedMole"/>
               
    </class>
</hibernate-mapping>
