<?xml version="1.0" encoding="UTF-8"?>
<!DOCTYPE hibernate-mapping PUBLIC "-//Hibernate/Hibernate Mapping DTD 3.0//EN" "http://www.hibernate.org/dtd/hibernate-mapping-3.0.dtd">
<!--
    Author     : Fredrik Persson
-->
<hibernate-mapping>
  <class name="se.zaleth.jar.generic.Composition" table="R043_COMPOSITION">
    <id column="COMPOSITION_ID" name="id">
      <generator class="sequence">
        <param name="sequence">R043_SEQ</param>
        <param name="increment_size">1</param>
        <param name="parameters">INCREMENT BY 1 START WITH 50001</param>
      </generator>
    </id>
    <many-to-one cascade="all" class="se.zaleth.jar.generic.MetalComposition" column="METALCOMPOSITION_ID" lazy="false" name="metalComposition" not-found="ignore"/>
    <many-to-one cascade="all" class="se.zaleth.jar.generic.SlagComposition" column="SLAGCOMPOSITION_ID" lazy="false" name="slagComposition" not-found="ignore"/>
  </class>
</hibernate-mapping>
