<?xml version="1.0" encoding="UTF-8"?>
<!DOCTYPE hibernate-mapping PUBLIC "-//Hibernate/Hibernate Mapping DTD 3.0//EN" "http://www.hibernate.org/dtd/hibernate-mapping-3.0.dtd">
<hibernate-mapping>
  <class name="se.zaleth.jar.generic.Country" table="R001_COUNTRY">
    <id column="COUNTRY_ID" name="id">
      <generator class="sequence">
        <param name="sequence">R001_SEQ</param>
        <param name="increment_size">1</param>
        <param name="parameters">
                    INCREMENT BY 1 START WITH 50001
                </param>
      </generator>
    </id>
    <property name="countryName" type="se.zaleth.util.UTFStringType">
      <column name="COUNTRYNAME" sql-type="nvarchar(100)"/>
    </property>
    <property name="abbreviation" type="se.zaleth.util.UTFStringType">
      <column name="ABBREV" sql-type="nvarchar(100)"/>
    </property>
  </class>
</hibernate-mapping>
