<?xml version="1.0" encoding="UTF-8"?>
<!DOCTYPE hibernate-mapping PUBLIC "-//Hibernate/Hibernate Mapping DTD 3.0//EN" "http://www.hibernate.org/dtd/hibernate-mapping-3.0.dtd">

<hibernate-mapping>
  <class name="se.zaleth.jar.product.DistributeAll" table="R069_DISTRIBUTE_ALL">
    <id column="DISTRIBUTE_ALL_ID" name="id">
      <generator class="sequence">
        <param name="sequence">R069_SEQ</param>
        <param name="increment_size">1</param>
        <param name="parameters">INCREMENT BY 1 START WITH 50001</param>
      </generator>
    </id>
    <property column="C" name="C" not-null="false"/>
    <property column="SI" name="Si" not-null="false"/>
    <property column="MN" name="Mn" not-null="false"/>
    <property column="P" name="P" not-null="false"/>
    <property column="S" name="S" not-null="false"/>
    <property column="CR" name="Cr" not-null="false"/>
    <property column="NI" name="Ni" not-null="false"/>
    <property column="MO" name="Mo" not-null="false"/>
    <property column="NB" name="Nb" not-null="false"/>
    <property column="N" name="N" not-null="false"/>
    <property column="TI" name="Ti" not-null="false"/>
    <property column="CU" name="Cu" not-null="false"/>
    <property column="AL" name="Al" not-null="false"/>
    <property column="V" name="V" not-null="false"/>
    <property column="W" name="W" not-null="false"/>
    <property column="FE" name="Fe" not-null="false"/>
    <property column="H" name="H" not-null="false"/>
    <property column="O" name="O" not-null="false"/>
    <property column="CO" name="Co" not-null="false"/>
    <property column="ELE_AS" name="As" not-null="false"/>
    <property column="B" name="B" not-null="false"/>
    <property column="BI" name="Bi" not-null="false"/>
    <property column="PB" name="Pb" not-null="false"/>
    <property column="CA" name="Ca" not-null="false"/>
    <property column="TA" name="Ta" not-null="false"/>
    <property column="SN" name="Sn" not-null="false"/>
    <property column="ZN" name="Zn" not-null="false"/>
    <property column="CE" name="Ce" not-null="false"/>
    <property column="SB" name="Sb" not-null="false"/>
    <property column="TE" name="Te" not-null="false"/>
    <property column="NA" name="Na" not-null="false"/>
    <property column="K" name="K" not-null="false"/>
    <property column="MG" name="Mg" not-null="false"/>
    <property column="LI" name="Li" not-null="false"/>
    <property column="BA" name="Ba" not-null="false"/>
    <property column="BE" name="Be" not-null="false"/>
    <property column="SR" name="Sr" not-null="false"/>
    <property column="ZR" name="Zr" not-null="false"/>
    <property column="CD" name="Cd" not-null="false"/>
    <property column="HG" name="Hg" not-null="false"/>
    <property column="CL" name="Cl" not-null="false"/>
    <property column="AG" name="Ag" not-null="false"/>
    <property column="F" name="F" not-null="false"/>
  </class>
</hibernate-mapping>
