<?xml version="1.0" encoding="UTF-8"?>
<!DOCTYPE hibernate-mapping PUBLIC "-//Hibernate/Hibernate Mapping DTD 3.0//EN" "http://www.hibernate.org/dtd/hibernate-mapping-3.0.dtd">
<!--
    Author     : Fredrik Persson
-->
<hibernate-mapping>
  <class name="se.zaleth.jar.product.DistributionFactorSet" table="R061_SLAGMODEL_DISTFACTORS">
    <id column="DISTFACTOR_ID" name="id">
      <generator class="sequence">
        <param name="sequence">R061_SEQ</param>
        <param name="increment_size">1</param>
        <param name="parameters">INCREMENT BY 1 START WITH 50001</param>
      </generator>
    </id>
    <property name="name" type="se.zaleth.util.UTFStringType">
      <column name="DISTFACTOR_NAME" sql-type="nvarchar(500)"/>
    </property>
    <property name="description" type="se.zaleth.util.UTFStringType">
      <column name="DISTFACTOR_DESCRIPTION" sql-type="nvarchar(2000)"/>
    </property>
    <property column="DISTFACTOR_NAME_KEY" name="nameKey"/>
    <property column="DISTFACTOR_DESCRIPTION_KEY" name="descriptionKey"/>
    <property column="DISTFACTOR_AVAILABLE" name="available"/>
    <property column="DISTFACTOR_HIDDEN" name="hidden"/>
    <many-to-one cascade="all" class="se.zaleth.jar.generic.MetalComposition" column="DISTRIBUTION_VALUES_ID" name="distributionValues" not-found="ignore" not-null="true" unique="true"/>
    <many-to-one cascade="all" class="se.zaleth.jar.product.DistributeAll" column="DISTRIBUTE_ALL_ID" name="distributeAll" not-found="ignore" not-null="false"/>
    <set lazy="false" name="productionProfiles" table="R144_SETTING_DIST_FACT">
      <key column="DISTFACTOR_ID"/>
      <many-to-many class="se.zaleth.jar.project.ProductionProfile" column="SETTING_ID" not-found="ignore"/>
    </set>
    <set lazy="false" name="productionUnitTypes" table="R147_FURNACE_DIST_FACT">
      <key column="DISTFACTOR_ID"/>
      <element column="UNIT_TYPE_ID" not-null="false" type="integer"/>
    </set>
    <!--     <property column="DIST_DUST_AL" name="dustAl"/>
        <property column="DIST_DUST_AS" name="dustAs"/>
        <property column="DIST_DUST_B" name="dustB"/>
        <property column="DIST_DUST_BI" name="dustBi"/>
        <property column="DIST_DUST_C" name="dustC"/>
        <property column="DIST_DUST_CA" name="dustCa"/>
        <property column="DIST_DUST_CE" name="dustCe"/>
        <property column="DIST_DUST_CO" name="dustCo"/>
        <property column="DIST_DUST_CR" name="dustCr"/>
        <property column="DIST_DUST_CU" name="dustCu"/>
        <property column="DIST_DUST_FE" name="dustFe"/>    
        <property column="DIST_DUST_MN" name="dustMn"/>
        <property column="DIST_DUST_MO" name="dustMo"/>    
        <property column="DIST_DUST_NB" name="dustNb"/>
        <property column="DIST_DUST_NI" name="dustNi"/>    
        <property column="DIST_DUST_P" name="dustP"/>
        <property column="DIST_DUST_PB" name="dustPb"/>
        <property column="DIST_DUST_S" name="dustS"/>
        <property column="DIST_DUST_SI" name="dustSi"/>
        <property column="DIST_DUST_SN" name="dustSn"/>
        <property column="DIST_DUST_TA" name="dustTa"/>
        <property column="DIST_DUST_TI" name="dustTi"/>
        <property column="DIST_DUST_V" name="dustV"/>
        <property column="DIST_DUST_W" name="dustW"/>
        <property column="DIST_DUST_ZN" name="dustZn"/>
        <property column="DIST_DUST_MGO" name="dustMgO"/> -->
  </class>
</hibernate-mapping>
