<?xml version="1.0" encoding="UTF-8"?>
<!DOCTYPE hibernate-mapping PUBLIC "-//Hibernate/Hibernate Mapping DTD 3.0//EN" "http://www.hibernate.org/dtd/hibernate-mapping-3.0.dtd">
<hibernate-mapping>
    <class name="se.zaleth.jar.product.ElementsCombinationConstraint" table="R173_ELEMENT_CONSTRAINT">
        <id column="ELEMENT_CONSTRAINT_ID" name="id">
            <generator class="sequence">
                <param name="sequence">R173_SEQ</param>
        <param name="increment_size">1</param>
                <param name="parameters">INCREMENT BY 1 START WITH 50001</param>
            </generator>
        </id>
        <property column="MIN" name="minValue"/>
        <property column="AIM" name="aimValue"/>
        <property column="MAX" name="maxValue"/>
        <property column="NAME" name="name"/>
        <property column="CR_EQ_CONSTRAINT" name="chromiumEqConstraint"/>
        <property column="NI_EQ_CONSTRAINT" name="nickelEqConstraint"/>
        <many-to-one cascade="all" class="se.zaleth.jar.generic.MetalComposition" column="COEFFICIENT_ID" name="elementCoefficient" not-found="ignore" not-null="true" unique="true"/>
    </class>
</hibernate-mapping>
