<?xml version="1.0" encoding="UTF-8"?>
<!DOCTYPE hibernate-mapping PUBLIC "-//Hibernate/Hibernate Mapping DTD 3.0//EN" "http://www.hibernate.org/dtd/hibernate-mapping-3.0.dtd">
<hibernate-mapping>
  <class name="se.zaleth.jar.generic.GasComposition" table="R047_COMPOSITION_GAS">
    <id column="GASCOMPOSITION_ID" name="id">
      <generator class="sequence">
        <param name="sequence">R047_SEQ</param>
        <param name="increment_size">1</param>
        <param name="parameters">INCREMENT BY 1 START WITH 50001</param>
      </generator>
    </id>
    <property name="O2"/>
    <property name="N2"/>
    <property name="H2"/>
    <property name="NO"/>
    <property name="CO"/>
    <property name="CO2"/>
    <property name="H2O"/>
    <property name="SO2"/>
    <property name="ZnS"/>
  </class>
</hibernate-mapping>
