<?xml version="1.0" encoding="UTF-8"?>
<!DOCTYPE hibernate-mapping PUBLIC "-//Hibernate/Hibernate Mapping DTD 3.0//EN" "http://www.hibernate.org/dtd/hibernate-mapping-3.0.dtd">
<hibernate-mapping>
  <class name="se.zaleth.jar.generic.GroupMassConstraint" table="R171_GROUP_MASSCONSTRAINT">
    <id column="GROUP_MASSCONSTRAINT_ID" name="id">
      <generator class="sequence">
        <param name="sequence">R171_SEQ</param>
        <param name="increment_size">1</param>
        <param name="parameters">INCREMENT BY 1 START WITH 50001</param>
      </generator>
    </id>
    <property column="RM_GROUP_ID" name="mtrlGroupId"/>
    <many-to-one cascade="save-update,delete" class="se.zaleth.jar.generic.MassConstraint" column="MASS_CONSTRAINT_ID" lazy="false" name="massConstraint" not-found="ignore"/>
  </class>
</hibernate-mapping>
