<?xml version="1.0" encoding="UTF-8"?>
<!DOCTYPE hibernate-mapping PUBLIC "-//Hibernate/Hibernate Mapping DTD 3.0//EN" "http://www.hibernate.org/dtd/hibernate-mapping-3.0.dtd">
<hibernate-mapping>
  <class name="se.zaleth.jar.generic.License" table="R142_LICENSE">
    <id column="LICENSE_ID" name="id">
      <generator class="sequence">
        <param name="sequence">R142_SEQ</param>
        <param name="increment_size">1</param>
        <param name="parameters">INCREMENT BY 1 START WITH 50001</param>
      </generator>
    </id>
    <property column="VALID_FROM" name="validFrom" type="timestamp"/>
    <property column="VALID_TO" name="validTo" type="timestamp"/>
    <property name="usercapacity"/>
    <property column="PERMISSIONS" name="permission"/>
    <property column="MAX_FURNACES" name="maxFurnaces"/>
    <property column="MAX_RAW_MATERIALS" name="maxRawMaterials"/>
    <property column="MAX_RAW_MATERIAL_GROUPS" name="maxRawMaterialGroups"/>
    <property column="MAX_TARGET_PRODUCTS" name="maxTargetProducts"/>
    <property column="MAX_TARGET_PRODUCTS_GROUP" name="maxTargetProductsGroup"/>
    <property column="SELECTED_PRODUCTIONPROFILE" name="selectedProfile"/>
    <set lazy="false" name="productionProfiles" table="R146_LICENSE_PROFILE">
      <key column="LICENSE_ID"/>
      <many-to-many class="se.zaleth.jar.project.ProductionProfile" column="SETTING_ID" not-found="ignore"/>
    </set>
  </class>
</hibernate-mapping>
