<?xml version="1.0" encoding="UTF-8"?>
<!DOCTYPE hibernate-mapping PUBLIC "-//Hibernate/Hibernate Mapping DTD 3.0//EN" "http://www.hibernate.org/dtd/hibernate-mapping-3.0.dtd">
<hibernate-mapping>
    <class name="se.zaleth.jar.generic.MassConstraint" table="R169_MASSCONSTRAINT">
        <id column="MASSCONSTRAINT_ID" name="id">
            <generator class="sequence">
                <param name="sequence">R169_SEQ</param>
        <param name="increment_size">1</param>
                <param name="parameters">INCREMENT BY 1 START WITH 50001</param>
            </generator>
        </id>
        <property column="MAX" name="max"/>
        <property column="MIN" name="min"/>
        <property column="VALUE" name="value"/>
        <property column="TYPE" name="type"/>
        <property column="ACTIVE" name="active"/>
        <property column="PERCENT_BASKET_ONE" name="percentInBasketOne"/>
    </class>
</hibernate-mapping>
