<?xml version="1.0" encoding="UTF-8"?>
<!DOCTYPE hibernate-mapping PUBLIC "-//Hibernate/Hibernate Mapping DTD 3.0//EN" "http://www.hibernate.org/dtd/hibernate-mapping-3.0.dtd">
<hibernate-mapping>
    <class abstract="true" name="se.zaleth.jar.material.AbstractMaterial" table="R022_RM_ABSTRACT">
        <id column="RAWMATERIAL_ID" name="id">
            <generator class="sequence">
                <param name="sequence">R022_SEQ</param>
                <param name="increment_size">1</param>
                <param name="parameters">INCREMENT BY 1 START WITH 50001</param>
            </generator>
        </id>
        <property name="name" type="se.zaleth.util.UTFStringType">
            <column name="RAWMATERIAL_NAME" sql-type="nvarchar(1000)"/>
        </property>
        <property name="description" type="se.zaleth.util.UTFStringType">
            <column name="DESCRIPTION" sql-type="nvarchar(2000)"/>
        </property>
        <property name="co2Level2Description" type="se.zaleth.util.UTFStringType">
            <column name="CO2_L2_DESCRIPTION" sql-type="nvarchar(2000)"/>
        </property>
        <property column="PRICE" name="inputPrice"/>
        <property name="imageBlob" type="binary">
            <column name="IMAGEBLOB" sql-type="blob"/>
        </property>
        <property name="imageBlobContentType" type="se.zaleth.util.UTFStringType">
            <column name="IMAGEBLOB_CT" sql-type="nvarchar(50)"/>
        </property>
        <property name="attachment" type="binary">
            <column name="ATTACHMENT" sql-type="blob"/>
        </property>
        <property column="ATTACHMENT_FN" name="attachmentFileName"/>
        <property column="ATTACHMENT_CT" name="attachmentContentType"/>
        <property name="attachment2" type="binary">
            <column name="ATTACHMENT2" sql-type="blob"/>
        </property>
        <property column="ATTACHMENT_FN2" name="attachmentFileName2"/>
        <property column="ATTACHMENT_CT2" name="attachmentContentType2"/>
        <property column="EPDTYPE" name="epdType"/>
        <property name="created" type="timestamp"/>
        <property column="UPDATED_DATE" name="updated" type="timestamp"/>
        <property column="CARBON_L1" name="carbonLevel1"/>
        <property column="CARBON_L2" name="carbonLevel2"/>
        <property column="INIT_TEMP" name="initTemperature"/>
        <property column="RAWMATERIAL_PHASE" name="rawMatPhase"/>
        <property column="MOISTURE_PERCENT" name="moisturePercent"/>
        <property column="INERT_PERCENT" name="foreignInertPercent"/>
        <property column="COMBUSTIBLE_PERCENT" name="foreignCombustiblePercent"/>
        <property column="COMBUSTIBLE_HEAT" name="foreignCombustibleHeatContent"/>
        <property column="INERT_HEAT" name="foreignInertHeatCapacity"/>
        <property column="COMBUSTIBLE_CO2" name="foreignProcessCo2"/>
        <property column="COMBUSTIBLE_OXYGEN_CONSUM" name="foreignOxygenConsumption"/>
        <property column="MATERIAL_CATEGORY_VALUE" name="materialCategoryValue"/>
        <property column="MATERIAL_ORDER_BASKET" name="materialOrderInBasket"/>
        <property column="MATERIAL_BULK_DENSITY" name="materialBulkDensity"/>
        <property name="loadingDescription" type="se.zaleth.util.UTFStringType">
            <column name="LOADING_DESCRIPTION" sql-type="nvarchar(2000)"/>
        </property>
        <many-to-one class="se.zaleth.jar.administration.PROJECTUser" column="OWNER_ID" name="owner" not-found="ignore"/>
        <many-to-one class="se.zaleth.jar.generic.Currency" column="CURRENCY_ID" name="originalCurrency" not-found="ignore"/>
        <many-to-one cascade="all,delete" class="se.zaleth.jar.generic.Composition" column="COMPOSITION_ID" name="composition" not-found="ignore"/>
        <many-to-one cascade="all,delete" class="se.zaleth.jar.generic.Composition" column="DEVIATION_ID" name="standardDeviation" not-found="ignore"/>
        <many-to-one cascade="all,delete" class="se.zaleth.jar.generic.Composition" column="OXIDATION_ID" name="oxidationPercent" not-found="ignore"/>
        <many-to-one cascade="delete" class="se.zaleth.jar.material.RawMaterialInheritance" column="INHERITANCE_ID" name="inheritance" not-found="ignore"/>
        <many-to-one class="se.zaleth.jar.material.RawMaterialGroup" column="RM_GROUP_ID" name="parentGroup" not-found="ignore"/>
        <set cascade="all" lazy="false" name="materialSettings">
            <key column="RAWMATERIAL_ID"/>
            <one-to-many class="se.zaleth.jar.material.DistributedRawMaterialSetting"/>
        </set>
        <property column="MSLAG" name="slaggMass"/>
        <property name="zombieGroupName" type="se.zaleth.util.UTFStringType">
            <column name="ZOMBIE_GROUP_NAME" sql-type="nvarchar(1000)"/>
        </property>
        <property column="TIME_OF_DEATH" name="timeOfDeath" type="timestamp"/>
        <many-to-one class="se.zaleth.jar.administration.PROJECTUser" column="EXECUTIONER_ID" name="executioner" not-found="ignore"/>
        <property column="DUSTABLE_PART" name="dustablePart"/>
        <property column="SYSTEM_NAME" name="materialSystemName"/>
        <property column="ALTERNATIVE_MATERIAL" name="alternativeMaterial"/>
        <property column="LOADING_INTERVAL" name="loadingInterval"/>
        <joined-subclass name="se.zaleth.jar.material.RawMaterial" table="R023_RM_SCRAP">
            <key column="RAWMATERIAL_ID"/>
            <many-to-one cascade="all,delete" class="se.zaleth.jar.generic.MetalComposition" column="IS_TRAMP_ID" name="trampElements" not-found="ignore"/>
            <property column="USE_METAL_PRICE" name="useMetalPrice"/>
            <many-to-one cascade="all,delete" class="se.zaleth.jar.generic.MetalComposition" column="METAL_PRICE_COEFFICIENT_ID" name="metalPriceCoefficients" not-found="ignore"/>
            <many-to-one cascade="all,delete" class="se.zaleth.jar.generic.MetalComposition" column="METAL_PRICE_OPTION_ID" name="metalPriceOptions" not-found="ignore"/>
            <property column="METAL_PRICE_OTHER_FACTORS" name="metalPriceOtherFactors"/>
            <property column="RAWMATERIAL_TYPE" name="type"/>
            <property name="mass"/>
            <property column="RECYCLED" name="recycled"/>
            <property column="SELECTED_ELEMENT_ALLOY" name="selectedElementForAlloyCorrection"/>
            <many-to-one cascade="all" class="se.zaleth.jar.generic.Composition" column="PROBABILITY_ID" name="elementProbability" not-found="ignore"/>
            <joined-subclass name="se.zaleth.jar.material.OreMaterial" table="R030_RM_ORE">
                <key column="RAWMATERIAL_ID"/>
                <many-to-one cascade="save-update" class="se.zaleth.jar.generic.OreComposition" column="ORE_COMPOSITION_ID" lazy="false" name="oreComposition" not-found="exception" not-null="true"/>
                <property column="PRICE_FOB" name="inputPriceFOB"/>
                <property column="PRICE_LANDSIDE" name="inputPriceLandSide"/>
                <property column="PRICE_FREIGHT" name="inputPriceFreight"/>
                <property column="DISCHARGE_PORT_FINES" name="dischargePortFines"/>
                <property column="DRI_FINES" name="finesDRI"/>
                <property column="DRI_DUSTLOSS" name="dustLoss"/>
            </joined-subclass>
            <joined-subclass name="se.zaleth.jar.material.DriMaterial" table="R026_RM_DRI">
                <key column="RAWMATERIAL_ID"/>
                <property column="METALLIZATION" name="metallization"/>
                <property column="CARBON_CONTENT" name="carbonContent"/>
                <property column="GAS_RF_CONST1" name="gasRFconst1"/>
                <property column="GAS_RF_CONST2" name="gasRFconst2"/>
                <property column="VALID_CALCULATION" name="validCalculation"/>
                <set cascade="all" lazy="false" name="chargedMaterials" sort="natural" table="R042_MTRL_CONTAINER_ORESINDRI">
                    <key column="RAWMATERIAL_ID" not-null="true"/>
                    <composite-element class="se.zaleth.jar.plant.MaterialContainer">
                        <property column="PCT_AMOUNT" name="pctAmount"/>
                        <many-to-one class="se.zaleth.jar.material.OreMaterial" column="OREMATERIAL_ID" name="material" not-found="ignore"/>
                    </composite-element>
                </set>
                <many-to-one class="se.zaleth.jar.plant.ReductionShaftFurnace" column="FURNACE_ID" lazy="no-proxy" name="furnace" not-found="ignore"/>
                <property column="STAFF_COST" name="staffCost"/>
                <property column="CAPITAL_COST" name="capitalCost"/>
                <property column="OVERHEAD_COST" name="overheadCost"/>
                <property column="MAINTENACE_COST" name="maintinaceCost"/>
                <property column="BRIQUETTING_COST" name="briquettingCost"/>
                <property column="DUSTLOSS_COST" name="dustLossCost"/>
                <property column="OREFOB_COST" name="oreFobCost"/>
                <property column="OREFREIGHT_COST" name="oreFreightCost"/>
                <property column="ORELANDSIDE_COST" name="oreLandsideCost"/>
                <property column="NATURALCAS_COST" name="naturalGasCost"/>
                <property column="ELECTRIC_COST" name="electricCost"/>
                <property column="WATER_COST" name="waterCost"/>
                <property column="OXYGEN_COST" name="oxygenCost"/>
                <property column="MIN_CARBON" name="minCarbon"/>
                <property column="MAX_CARBON" name="maxCarbon"/>
                <property column="RATIO_ORE_DRI" name="ratioOreDri"/>
            </joined-subclass>
        </joined-subclass>
        <joined-subclass name="se.zaleth.jar.material.EnergyAndReductionGasMaterial" table="R028_RM_ENERGY">
            <key column="RAWMATERIAL_ID"/>
            <property column="HEAT_CONTENT" name="heatContentEnergy"/>
            <property column="CONSUMPTION_O2" name="consumptionO2"/>
            <property column="LEVEL_ONE_CO2" name="levelOneCO2"/>
            <property column="QUT" name="quantityUnitTypeValue"/>
        </joined-subclass>
        <joined-subclass name="se.zaleth.jar.material.CarbonSourceMaterial" table="R025_RM_CARBON">
            <key column="RAWMATERIAL_ID"/>
            <property column="HEAT_CONTENT" name="heatContentEnergy"/>
            <property column="CARBON_MATERIAL_TYPE" name="type"/>
        </joined-subclass>
        <joined-subclass name="se.zaleth.jar.material.ElectricityMaterial" table="R027_RM_ELECTRICITY">
            <key column="RAWMATERIAL_ID"/>
        </joined-subclass>
        <joined-subclass name="se.zaleth.jar.material.ProcessGasMaterial" table="R031_RM_PRGAS">
            <key column="RAWMATERIAL_ID"/>
            <property column="PROCESS_GAS_TYPE" name="processGasType"/>
        </joined-subclass>
        <joined-subclass name="se.zaleth.jar.material.MediaMaterial" table="R029_RM_MEDIA">
            <key column="RAWMATERIAL_ID"/>
        </joined-subclass>
        <joined-subclass name="se.zaleth.jar.material.HotMetalMaterial" table="R034_RM_HOT_METAL">
            <key column="RAWMATERIAL_ID"/>
            <many-to-one class="se.zaleth.jar.plant.BlastFurnace" column="FURNACE_ID" lazy="no-proxy" name="furnace" not-found="ignore"/>
            <property column="MODE_VALUE" name="heatBalanceMode"/>
            <many-to-one class="se.zaleth.jar.material.CarbonSourceMaterial" column="COKE_ID" name="coke" not-found="ignore"/>
            <property column="CALCULATED_COKE" name="calculatedCoke"/>
            <list cascade="all" lazy="false" name="chargedMaterials" table="R035_MAT_CONTAINER_HOT_METAL">
                <key column="RAWMATERIAL_ID" not-null="true"/>
                <list-index column="MATERIAL_INDEX"/>
                <composite-element class="se.zaleth.jar.plant.MaterialContainerBlastFurnacePrice">
                    <property column="MAT_SORT_VALUE" name="materialSortValue"/>
                    <property column="PCT" name="pctAmount"/>
                    <property column="AMOUNT" name="materialAmount"/>
                    <property column="AMOUNT_MIN" name="amountMin"/>
                    <property column="AMOUNT_MAX" name="amountMax"/>
                    <property column="MATERIAL_PRICE" name="materialPrice"/>
                    <property column="COST" name="cost"/>
                    <many-to-one class="se.zaleth.jar.material.AbstractMaterial" column="CHARGED_RAWMATERIAL_ID" name="material" not-found="ignore"/>
                </composite-element>
            </list>
            <many-to-one class="se.zaleth.jar.material.CarbonSourceMaterial" column="INJECTION_ONE_ID" name="injectionOne" not-found="ignore"/>
            <many-to-one class="se.zaleth.jar.material.AbstractMaterial" column="INJECTION_TWO_ID" name="injectionTwo" not-found="ignore"/>
            <many-to-one class="se.zaleth.jar.material.ElectricityMaterial" column="ELECTRICITY_ID" name="electricitySource" not-found="ignore"/>
            <many-to-one class="se.zaleth.jar.material.ProcessGasMaterial" column="OXYGEN_ID" name="oxygenSource" not-found="ignore"/>
            <many-to-one class="se.zaleth.jar.material.ProcessGasMaterial" column="BLAST_ID" name="blastSource" not-found="ignore"/>
            <many-to-one class="se.zaleth.jar.material.MediaMaterial" column="WATER_ID" name="waterSource" not-found="ignore"/>
            <property column="INJECTION_ONE_AMOUNT" name="injectionOneAmount"/>
            <property column="INJECTION_TWO_AMOUNT" name="injectionTwoAmount"/>
            <property column="INJECTION_ONE_PRICE" name="injectionOnePrice"/>
            <property column="INJECTION_TWO_PRICE" name="injectionTwoPrice"/>
            <property column="INJECTION_ONE_COST" name="injectionOneCost"/>
            <property column="INJECTION_TWO_COST" name="injectionTwoCost"/>
            <property column="DUST_AMOUNT" name="dustAmount"/>
            <property column="ELECTRICITY_AMONUT" name="electricityAmountKWh"/>
            <property column="OXYGEN_VOLUME" name="oxygenVolume"/>
            <property column="WATER_VOLUME" name="waterVolume"/>
            <property column="BLAST_PRICE" name="blastPrice"/>
            <property column="ELECTRICITY_PRICE" name="electricityPrice"/>
            <property column="OXYGEN_PRICE" name="oxygenPrice"/>
            <property column="WATER_PRICE" name="waterPrice"/>
            <property column="BLAST_COST" name="blastCost"/>
            <property column="ELECTRICITY_COST" name="electricityCost"/>
            <property column="OXYGEN_COST" name="oxygenCost"/>
            <property column="WATER_COST" name="waterCost"/>
            <many-to-one cascade="all,delete" class="se.zaleth.jar.plant.BlastFurnaceProcessData" column="HEAT_BALANCE_DATA_ID" name="heatBalanceData" not-found="ignore"/>
            <many-to-one cascade="all,delete" class="se.zaleth.jar.generic.MetalComposition" column="COMPOSITION_METAL_AVG_ID" name="metalCompositionAverage" not-found="ignore"/>
            <many-to-one cascade="all,delete" class="se.zaleth.jar.generic.MetalComposition" column="COMPOSITION_SLAG_ID" name="metalCompositionOfSlagElements" not-found="ignore"/>
            <many-to-one cascade="all,delete" class="se.zaleth.jar.generic.MetalComposition" column="DIST_FACTORSET_ID" name="distributionFactor" not-found="ignore"/>
            <property column="IS_BLAST_MOISTURE" name="isBlastMoistureUsed"/>
            <property column="IS_ETA_H2" name="isEtaH2Used"/>
            <property column="SLAG_BASICITY" name="slagBasicity"/>
            <property column="SLAG_AMOUNT" name="slagAmount"/>
            <property column="SLAG_BASICITY_RESULT" name="slagBasicityResult"/>
            <property column="SLAG_AMOUNT_RESULT" name="slagAmountResult"/>
            <many-to-one cascade="all,delete" class="se.zaleth.jar.generic.GasComposition" column="OFF_GAS_ID" name="offGasComposition" not-found="ignore"/>
            <property column="SUM_MAT_COST" name="sumMaterialCosts"/>
            <property column="COKE_PRICE" name="cokePrice"/>
            <property column="COKE_COST" name="cokeCost"/>
            <property column="STAFF_COST" name="staffCost"/>
            <property column="OVERHEAD_COST" name="overheadCost"/>
            <property column="MAINTENANCE_COST" name="maintenanceCost"/>
            <property column="CAPITAL_COST" name="capitalCost"/>
            <property column="CREDIT_GAS" name="creditGas"/>
            <property column="CREDIT_SLAG" name="creditSlag"/>
            <property column="CREDIT_GAS_COST" name="creditGasCost"/>
            <property column="CREDIT_SLAG_COST" name="creditSlagCost"/>
            <property column="OFF_GAS_ENERGY" name="offGasEnergy"/>
            <property column="TOP_GAS_AMOUNT" name="topGasDryAmount"/>
            <property column="TOP_GAS_HEAT_CONTENT" name="topGasDryHeatContent"/>
            <property column="IS_CALCULATED" name="calculated"/>
            <property column="HM_VALID_CALCULATION" name="validCalculation"/>
            <many-to-one cascade="all,delete" class="se.zaleth.jar.generic.SlagComposition" column="SLAG_COMPOSITION_RESULT_ID" name="slagCompositionResult" not-found="ignore"/>
        </joined-subclass>
    </class>
</hibernate-mapping>
