<?xml version="1.0" encoding="UTF-8"?>
<!DOCTYPE hibernate-mapping PUBLIC "-//Hibernate/Hibernate Mapping DTD 3.0//EN" "http://www.hibernate.org/dtd/hibernate-mapping-3.0.dtd">
<hibernate-mapping>
    <class name="se.zaleth.jar.material.MetalPrice"  table="R032_METAL_PRICE">
        <id column="METAL_PRICE_ID" name="id">
            <generator class="sequence">
                <param name="sequence">R032_SEQ</param>
        <param name="increment_size">1</param>
                <param name="parameters">INCREMENT BY 1 START WITH 50001</param>
            </generator>
        </id>   
        <property name="market" type="se.zaleth.util.UTFStringType">
            <column name="MARKET" sql-type="nvarchar(2000)"/>
        </property>
        <property column="SAVE_DATE" name="date" type="timestamp"/>
        <many-to-one class="se.zaleth.jar.generic.Currency" column="CURRENCY_ID" name="currency" not-found="ignore"/>
        <many-to-one class="se.zaleth.jar.administration.PROJECTUser" column="OWNER_ID" name="owner" not-found="ignore"/>
        <many-to-one class="se.zaleth.jar.administration.UserGroup" column="USERGROUP_ID" name="userGroup"/>
        <many-to-one cascade="all,delete" class="se.zaleth.jar.generic.MetalComposition" column="PRICE_ONE_ID" name="metalPriceOne" not-found="ignore"/>
        <many-to-one cascade="all,delete" class="se.zaleth.jar.generic.MetalComposition" column="PRICE_TWO_ID" name="metalPriceTwo" not-found="ignore"/>
        <many-to-one cascade="all,delete" class="se.zaleth.jar.generic.MetalComposition" column="PRICE_THREE_ID" name="metalPriceThree" not-found="ignore"/>
        <property column="MAIN_FOUR" name="mainElementFour"/>
        <property column="MAIN_FIVE" name="mainElementFive"/>

    </class>
</hibernate-mapping>
