<?xml version="1.0" encoding="UTF-8"?>
<!DOCTYPE hibernate-mapping PUBLIC "-//Hibernate/Hibernate Mapping DTD 3.0//EN" "http://www.hibernate.org/dtd/hibernate-mapping-3.0.dtd">
<hibernate-mapping>
    <class  name="se.zaleth.jar.administration.MetalPriceName" table="R148_METAL_PRICE_NAME" >
        <id column="METAL_PRICE_NAME_id" name="id">
            <generator class="sequence">
                <param name="sequence">R148_SEQ</param>
        <param name="increment_size">1</param>
                <param name="parameters">
                    INCREMENT BY 1 START WITH 50001
                </param>
            </generator>
        </id>
        <property name="Al" column="AL"/>
        <property name="As" column="ARSENIC"/>
        <property name="B" column="B"/>
        <property name="Bi" column="BI"/>
        <property name="C" column="C"/>
        <property name="Ca" column="CA"/>
        <property name="Ce" column="CE"/>
        <property name="Co" column="CO"/>
        <property name="Cr" column="CR"/>
        <property name="Cu" column="CU"/>
        <property name="Fe" column="FE"/>
        <property name="Mn" column="MN"/>
        <property name="Mo" column="MO"/>
        <property name="Nb" column="NB"/>
        <property name="Ni" column="NI"/>
        <property name="P" column="P"/>
        <property name="Pb" column="PB"/>
        <property name="S" column="S"/>
        <property name="Sb" column="SB"/>
        <property name="Si" column="SI"/>
        <property name="Sn" column="SN"/>
        <property name="Ta" column="TA"/>
        <property name="Te" column="TE"/>
        <property name="Ti" column="TI"/>
        <property name="V" column="V"/>
        <property name="W" column="W"/>
        <property name="Zn" column="ZN"/>
        <property name="Na" column="NA"/>
        <property name="K" column="K"/>
        <property name="Mg" column="MG"/>
        <property name="Li" column="LI"/>
        <property name="Ba" column="BA"/>
        <property name="Be" column="BE"/>
        <property name="Sr" column="SR"/>
        <property name="Zr" column="ZR"/>
        <property name="Cd" column="CD"/>
        <property name="Hg" column="HG"/>
        <property name="Ag" column="AG"/>
    </class>
</hibernate-mapping>
