<?xml version="1.0" encoding="UTF-8"?>
<!DOCTYPE hibernate-mapping PUBLIC "-//Hibernate/Hibernate Mapping DTD 3.0//EN" "http://www.hibernate.org/dtd/hibernate-mapping-3.0.dtd">
<hibernate-mapping>
    <class abstract="true" name="se.zaleth.jar.plant.ProductionUnit" table="R011_PRODUCTIONUNIT">
        <id column="UNIT_ID" name="id">
            <generator class="sequence">
                <param name="sequence">R011_SEQ</param>
                <param name="increment_size">1</param>
                <param name="parameters">INCREMENT BY 1 START WITH 50001</param>
            </generator>
        </id>
        <property name="name" type="se.zaleth.util.UTFStringType">
            <column name="UNIT_NAME" sql-type="nvarchar(500)"/>
        </property>
        <property name="description" type="se.zaleth.util.UTFStringType">
            <column name="UNIT_DESCRIPTION" sql-type="nvarchar(2000)"/>
        </property>
        <property column="UNIT_ONLINE" name="online"/>
        <property column="UNIT_STANDARD" name="belongsToStandardSet"/>
        <property column="ADVANCED_VIEW" name="advancedView"/>
        <!--property column="UNIT_TYPE_ID" name="productionUnitTypeId" update="false"/-->
        <property column="VISIBILITY_SETTING" name="visibilitySettingValue"/>
        <many-to-one class="se.zaleth.jar.administration.PROJECTUser" column="OWNER_ID" lazy="proxy" name="owner"/>
        <many-to-one class="se.zaleth.jar.generic.Currency" column="CURRENCY_ID" lazy="proxy" name="currency" not-found="ignore"/>
        <many-to-one class="se.zaleth.jar.administration.UserGroup" column="USERGROUP_ID" name="userGroup" not-null="true"/>
        <property column="LOCATION_NAME" name="locationName"/>
        <many-to-one cascade="save-update" class="se.zaleth.jar.generic.EnergySetup" column="ENERGY_SETUP_ID" name="energySetup" not-found="ignore"/>
        <property column="UNIT_COST_PERSONNEL" name="inputCostPersonnelYear"/>
        <property column="UNIT_COST_OVERHEAD" name="inputCostOverHeadYear"/>
        <property column="UNIT_COST_MAINTENANCE" name="inputCostMaintenanceYear"/>
        <property column="UNIT_COST_CAPITAL_INVEST" name="inputCostCapitalInvest"/>
        <property column="UNIT_COST_CAPITAL_INTEREST" name="costCapitalInterest"/>
        <property column="UNIT_COST_CAPITAL_DEPRECIATION" name="costCapitalDepreciation"/>
        <many-to-one class="se.zaleth.jar.material.MediaMaterial" column="WATER_MTRL_ID" name="waterSource" not-found="ignore"/>
        <many-to-one class="se.zaleth.jar.material.CarbonSourceMaterial" column="ELECTRODE_MTRL_ID" name="electrodeMaterial" not-found="ignore"/>
        <property column="EAF_PRC_WATERUSE" name="processWaterUse"/>
        <property column="ACOST_ELEC_USE" name="electricityUse"/>
        <property column="PERCENT_FOREIGN_OXIDATION" name="percentFromForeignMaterialOrOxidation"/>
        <property column="TIME_LOSS_FOREIGN_OXIDATION" name="averageTimeLossByForeignMaterialOrOxidation"/>
        <property column="VALUE_GENERATION" name="valueGeneration"/>
        <property column="BASKET_AMOUNT" name="amountInFirstBasket"/>
        <property column="MIN_MATERIAL_TODISTRIBUTE" name="minMaterialToDistributeBetweenTwoBaskets"/>
        <property column="PLANT_SYSTEM_NAME" name="plantSystemName"/>
        <property column="CASTING_CAPACITY" name="castingCapacity"/>
        <property column="SECONDARY_FURNACE_TYPE" name="secondaryFurnaceType"/>
        <property column="ELECTRODE_SECONDARY_AMOUNT" name="electrodeUseSecondaryFurnace"/>
        <property column="AVG_POWERON_SECONDARY" name="averagePowerOnSecondary"/>
        <property column="HEATLOSS_SECONDARY" name="heatLossSecondary"/>
        <property column="LOSS_TREATMENT_SECONDARY" name="secondaryTreatmentLosses"/>
        <property column="GAS_SECONDARY_AMOUNT" name="gasSecondaryAmount"/>
        <property column="ELECTRICITY_SECONDARY_AMOUNT" name="electricitySecondaryAmount"/> 
        <many-to-one class="se.zaleth.jar.material.ProcessGasMaterial" column="GAS_SECONDARY_ID" name="secondaryGasMaterial" not-found="ignore" not-null="false"/>
        <many-to-one class="se.zaleth.jar.material.CarbonSourceMaterial" column="ELECTRODE_SECONDARY_MTRL_ID" name="electrodeMaterialSecondary" not-found="ignore"/>
        <many-to-one class="se.zaleth.jar.material.AbstractMaterial" column="El_SECONDARY_ID" name="electricitySecondary" not-found="ignore"/>
        <list cascade="all,delete-orphan" lazy="true" name="typeConstraints">
            <key column="UNIT_ID"/>
            <list-index column="FURNACE_TYPE_POS"/>
            <one-to-many class="se.zaleth.jar.generic.TypeConstraint" not-found="ignore"/>
        </list>
        <joined-subclass name="se.zaleth.jar.plant.EAFIFProductionUnit" table="R012_EAF">
            <key column="UNIT_ID"/>
            <property column="EAF_CAPACITY" name="capacity"/>
            <property column="EAF_AVG_POWERON" name="averagePowerOn"/>
            <property column="EAF_AVG_POWEROFF" name="averagePowerOff"/>
            <property column="EAF_AVG_POWERONT" name="averagePowerOnTime"/>
            <property column="EAF_AVG_POWEROFFT" name="averagePowerOffTime"/>
            <property column="EAF_ETACO" name="etaCO"/>
            <property column="EAF_HEATLOSS" name="heatLoss"/>
            <property column="EAF_HEATLOSS_IDLE_PO" name="idlePoweroffHeatLoss"/>
            <property column="EAF_AVAILABILITY" name="availability"/>
            <property column="EAF_SLAG_CO" name="slagCarryOver"/>
            <property column="SLAG_CARRY_HOT_HEEL" name="slagCarryOverWithHotHeel"/>
            <property column="EAF_DUST_BO" name="dustBurnoff"/>
            <property column="EAF_INNER_DIAMETER" name="innerDiameter"/>
            <property column="EAF_NO_OF_FURNACES" name="noOfFurnaces"/>
            <many-to-one cascade="all" class="se.zaleth.jar.generic.MetalComposition" column="DUSTBO_MCOMP_ID" name="metallicElementsBurnoff" not-found="ignore"/>
            <property column="ACOST_STEEL_PROD" name="inputSteelProductionCost"/>
            <property column="ACOST_SLAG_PROD" name="inputSlagProductionCost"/>
            <property column="ACOST_DUST_PROD" name="inputDustProductionCost"/>
            <property column="FE_OXIDATION_DEGREE" name="feOxidationDegree"/>
            <property column="INDUCTION_FURNACE" name="inductionFurnace"/>
            <joined-subclass name="se.zaleth.jar.plant.SAFProductionUnit" table="R006_SAF">
                <key column="UNIT_ID"/>
            </joined-subclass>
        </joined-subclass>
        <joined-subclass name="se.zaleth.jar.plant.ReductionShaftFurnace" table="R014_RSF">
            <key column="UNIT_ID"/>
            <property column="RSF_BRICKETING_COST" name="inputBricketingCost"/>
            <!--<property column="RSF_DUST_LOSS" name="dustLoss"/>-->
            <property column="RSF_METALLIZATION" name="metallization"/>
            <property column="RSF_CARBON" name="carbon"/>
            <property column="RSF_GAS_CONSUMPTION" name="gasConsumption"/>
            <property column="RSF_ELECTRIC_CONSUMPTION" name="electricConsumption"/>
            <property column="RSF_OXYGEN_CONSUMPTION" name="oxygenConsumption"/>
            <property column="RSF_WATER_CONSUMPTION" name="waterConstumption"/>
            <property column="RSF_PRODUCTIVITY" name="productivity"/>
            <property column="GAS_RF_CONST1" name="gasRFconst1"/>
            <property column="GAS_RF_CONST2" name="gasRFconst2"/>
            <!--<property column="FINES_DRI" name="finesDRI"/>-->
            <property column="PRODUCTION_YIELD" name="productionYield"/>
            <property column="CHARGE_TEMPERATURE_TO_EAF" name="chargeTemperaturetoEAF"/>
            <property column="AVERAGE_CP_DRI" name="averageCpDRI"/>
        </joined-subclass>
        <joined-subclass name="se.zaleth.jar.plant.CupolaFurnace" table="R015_CUPOLA">
            <key column="UNIT_ID"/>
            <property column="FE_OXIDATION_DEGREE" name="feOxidationDegree"/>
            <property column="CUPOLA_DUMP_WEIGHT" name="dumpWeight"/>
            <property column="CUPOLA_DUST_BO" name="dustBurnoff"/>
            <property column="CUPOLA_CAPACITY" name="capacity"/>
            <property column="PCT_FIRST_COKE" name="percentLoadFirstCokeMaterial"/>
            <property column="SLAG_BASICITY" name="slagBasicity"/>
            <property column="CUPOLA_HEATLOSS" name="heatLoss"/>
            <property column="CUPOLA_AVG_POWERON" name="averagePowerOn"/>
            <property column="BLAST_TEMPERATURE" name="blastTemperature"/>
            <property column="BLAST_OXYGEN_ENRICHMENT" name="blastOxygenEnrichment"/>
            <property column="ETTA_CO" name="ettaCO"/>
            <property column="HEAT_EXCHANGER_EFFICIENCY" name="heatExchangerEfficiency"/>
            <property column="OFF_GAS_TEMPERATURE" name="offGasTemperature"/>
            <many-to-one cascade="all" class="se.zaleth.jar.generic.MetalComposition" column="DUSTBO_MCOMP_ID" name="metallicElementsBurnoff" not-found="ignore"/>
        </joined-subclass>
        <joined-subclass name="se.zaleth.jar.plant.RawMaterialStore" table="R017_MTRLSTORE">
            <key column="UNIT_ID"/>
            <set lazy="true" name="depots" sort="natural">
                <key column="MTRL_STORE_ID"/>
                <one-to-many class="se.zaleth.jar.plant.Depot"/>
            </set>
            <set lazy="true" name="inventories" sort="natural">
                <key column="MTRL_STORE_ID"/>
                <one-to-many class="se.zaleth.jar.generic.Inventory"/>
            </set>
        </joined-subclass>
        <joined-subclass name="se.zaleth.jar.plant.GasFired" table="R016_GAS_FIRED">
            <key column="UNIT_ID"/>
            <property column="GAS_FIRED_CAPACITY" name="capacity"/>
            <property column="GAS_FIRED_AVG_POWERON" name="averagePowerOn"/>
            <property column="GAS_FIRED_AVG_POWEROFF" name="averagePowerOff"/>
            <property column="GAS_FIRED_AVG_POWERONT" name="averagePowerOnTime"/>
            <property column="GAS_FIRED_AVG_POWEROFFT" name="averagePowerOffTime"/>
            <property column="GAS_FIRED_HEATLOSS" name="heatLoss"/>
            <property column="GAS_FIRED_HEATLOSS_IDLE_PO" name="idlePoweroffHeatLoss"/>
            <property column="GAS_FIRED_AVAILABILITY" name="availability"/>
            <property column="GAS_FIRED_DUST_BO" name="dustBurnoff"/>
            <many-to-one cascade="all" class="se.zaleth.jar.generic.MetalComposition" column="DUSTBO_MCOMP_ID" name="metallicElementsBurnoff" not-found="ignore"/>
            <property column="ACOST_ALUMINUM_PROD" name="inputAluminiumProductionCost"/>
            <property column="ACOST_SLAG_PROD" name="inputSlagProductionCost"/>
            <property column="ACOST_DUST_PROD" name="inputDustProductionCost"/>
        </joined-subclass>
        <joined-subclass name="se.zaleth.jar.plant.BlastFurnace" table="R013_BLAST_FURNACE">
            <key column="UNIT_ID"/>
            <list cascade="all" lazy="true" name="calibrationMaterials" table="R010_MTRL_CONTAINER_BLAST_FUR">
                <key column="UNIT_ID" not-null="true"/>
                <list-index column="MATERIAL_INDEX"/>
                <composite-element class="se.zaleth.jar.plant.MaterialContainerBlastFurnacePart">
                    <property column="AMOUNT" name="materialAmount"/>
                    <property column="AMOUNT_PER_TON_HOT_METAL" name="materialAmountKgPerTonHotMetal"/>
                    <many-to-one class="se.zaleth.jar.material.AbstractMaterial" column="RAWMATERIAL_ID" name="material" not-found="ignore"/>
                </composite-element>
            </list>
            <many-to-one cascade="all,delete" class="se.zaleth.jar.generic.Composition" column="COMPOSITION_ID" name="compositionCalibration" not-found="ignore"/>
            <many-to-one cascade="all,delete" class="se.zaleth.jar.generic.Composition" column="COMPOSITION_DUST_ID" name="dustCompositionCalibration" not-found="ignore"/>
            <many-to-one cascade="all,delete" class="se.zaleth.jar.generic.MetalComposition" column="DIST_FACTORSET_CALIB_ID" name="distributionFactorCalibrate" not-found="ignore"/>
            <many-to-one cascade="all,delete" class="se.zaleth.jar.generic.MetalComposition" column="DIST_FACTORSET_USE_ID" name="distributionFactorUse" not-found="ignore"/>
            <many-to-one cascade="all,delete" class="se.zaleth.jar.generic.MetalComposition" column="IS_USE_CALIB_DISTRIBUTION_ID" name="useCalibratedDistributionFactor" not-found="ignore"/>
            <property column="MAX_V_AVG" name="maxVAverage"/>
            <property column="MAX_P_AVG" name="maxPAverage"/>
            <property column="MAX_V_USE" name="maxVUse"/>
            <property column="MAX_P_USE" name="maxPUse"/>
            <property column="IS_AVG_MAX_V" name="useMaxVAverage"/>
            <property column="IS_AVG_MAX_p" name="useMaxPAverage"/>
            <property column="DUST_AMOUNT_CALIB" name="dustAmountCalibration"/>
            <!--property column="MELT_AMOUNT_CALIB" name="meltAmountCalibrate"/-->
            <property column="SLAG_AMOUNT_CALIB" name="slagAmountCalibrate"/>
            <property column="CALIB_START_DATE" name="calibrationStartDate" type="timestamp"/>
            <property column="CALIB_END_DATE" name="calibrationEndDate" type="timestamp"/>
            <property column="CALIB_COMMENT" name="calibrationComment"/>
            <many-to-one cascade="all,delete" class="se.zaleth.jar.generic.MetalComposition" column="COMPOSITION_METAL_USE_ID" name="metalCompositionUse" not-found="ignore"/>
            <many-to-one cascade="all,delete" class="se.zaleth.jar.generic.MetalComposition" column="COMPOSITION_SLAG_USE_ID" name="metalCompositionOfSlagElementsUse" not-found="ignore"/>
            <many-to-one cascade="all,delete" class="se.zaleth.jar.generic.MetalComposition" column="COMPOSITION_SLAG_CALIB_ID" name="metalCompositionOfSlagElementsCalib" not-found="ignore"/>
            <many-to-one cascade="all,delete" class="se.zaleth.jar.generic.MetalComposition" column="USE_AVG_COMPOSITION_ID" name="useAverageMetalComposition" not-found="ignore"/>
            <many-to-one cascade="all,delete" class="se.zaleth.jar.generic.MetalComposition" column="USE_AVG_COMPOSITION_SLAG_ID" name="useAverageMetalCompositionOfSlagElements" not-found="ignore"/>
            <property column="SLAG_AMOUNT_USE" name="slagAmountUse"/>
            <property column="SLAG_BASICITY_USE" name="slagBasicityUse"/>
            <property column="IS_USE_CALIB_SLAG_AMOUNT" name="useCalibratedSlagAmount"/>
            <property column="IS_USE_AVG_SLAG_BASICITY" name="useAverageSlagBasicity"/>
            <many-to-one class="se.zaleth.jar.material.CarbonSourceMaterial" column="COKE_ID" name="coke" not-found="ignore"/>
            <list cascade="all" lazy="true" name="defaultMaterials" table="R009_DEFAULT_CONTAINER_BLASTF">
                <key column="UNIT_ID" not-null="true"/>
                <list-index column="MATERIAL_INDEX"/>
                <composite-element class="se.zaleth.jar.plant.MaterialContainerBlastFurnace">
                    <property column="MAT_SORT_VALUE" name="materialSortValue"/>
                    <property column="PCT" name="pctAmount"/>
                    <property column="AMOUNT" name="materialAmount"/>
                    <property column="AMOUNT_MIN" name="amountMin"/>
                    <property column="AMOUNT_MAX" name="amountMax"/>
                    <many-to-one class="se.zaleth.jar.material.AbstractMaterial" column="RAWMATERIAL_ID" name="material" not-found="ignore"/>
                </composite-element>
            </list>
            <many-to-one class="se.zaleth.jar.material.CarbonSourceMaterial" column="INJECTION_ONE_ID" name="injectionOne" not-found="ignore"/>
            <many-to-one class="se.zaleth.jar.material.AbstractMaterial" column="INJECTION_TWO_ID" name="injectionTwo" not-found="ignore"/>
            <property column="INJECTION_ONE_AMOUNT" name="injectionOneAmount"/>
            <property column="INJECTION_TWO_AMOUNT" name="injectionTwoAmount"/>
            <property column="DUST_AMOUNT" name="dustAmount"/>
            <property column="BLAST_AMOUNT" name="blastAmount"/>
            <many-to-one class="se.zaleth.jar.material.ElectricityMaterial" column="ELECTRICITY_ID" name="electricitySource" not-found="ignore"/>
            <many-to-one class="se.zaleth.jar.material.ProcessGasMaterial" column="OXYGEN_ID" name="oxygenSource" not-found="ignore"/>
            <many-to-one class="se.zaleth.jar.material.ProcessGasMaterial" column="BLAST_ID" name="blastSource" not-found="ignore"/>
            <property column="ELECTRICITY_AMONUT" name="electricityAmountKWh"/>
            <property column="OXYGEN_VOLUME" name="oxygenVolume"/>
            <many-to-one cascade="all,delete" class="se.zaleth.jar.plant.BlastFurnaceProcessData" column="CALIB_PROCESS_DATA_ID" name="processDataCalibration" not-found="ignore"/>
            <many-to-one cascade="all,delete" class="se.zaleth.jar.plant.BlastFurnaceProcessData" column="USE_PROCESS_DATA_ID" name="processDataUse" not-found="ignore"/>
            <many-to-one cascade="all,delete" class="se.zaleth.jar.plant.BlastFurnaceProcessData" column="IS_USE_CALIB_PROCESS_DATA_ID" name="isUseCalibrationProcessData" not-found="ignore"/>
            <property column="IS_BLAST_MOISTURE" name="isBlastMoistureUsed"/>
            <property column="IS_ETA_H2" name="isEtaH2Used"/>
            <property column="BF_AVAILABILITY" name="availability"/>
            <property column="BLAST_CAPACITY" name="blastCapacity"/>
            <property column="GAS_PRODUCTION_COST" name="gasProductionCost"/>
            <property column="SLAG_PRODUCTION_COST" name="slagProductionCost"/>
            <property column="BF_PRODUCTIVITY" name="productivity"/>
        </joined-subclass>
        <joined-subclass name="se.zaleth.jar.plant.LDConverter" table="R007_LD_CONVERTER">
            <key column="UNIT_ID" not-null="true"/>
            <property column="LD_CAPACITY" name="capacity"/>
            <property column="AVG_OXYGEN" name="averageOxygen"/>
            <property column="LD_AVG_OXYGEN_OFFT" name="averageOxygenOffTime"/>
            <property column="LD_HEATLOSS" name="heatLoss"/>
            <property column="LD_OXYGEN_OFF_HEATLOSS" name="oxygenOffHeatLoss"/>
            <property column="LD_ETACO" name="etaCO"/>
            <property column="LD_INNER_DIAMETER" name="innerDiameter"/>
            <property column="LD_NO_OF_FURNACES" name="noOfFurnaces"/>
            <property column="LD_AVAILABILITY" name="availability"/>
            <property column="LD_COST_STEEL_PROD" name="inputSteelProductionCost"/>
            <property column="LD_COST_SLAG_PROD" name="inputSlagProductionCost"/>
            <property column="LD_COST_DUST_PROD" name="inputDustProductionCost"/>
            <property column="LD_DUST_BO" name="dustBurnoff"/>
            <property column="LD_FE_OXIDATION_DEGREE" name="feOxidationDegree"/>
            <many-to-one cascade="all" class="se.zaleth.jar.generic.MetalComposition" column="LD_DUSTBO_MCOMP_ID" name="metallicElementsBurnoff" not-found="ignore"/>
        </joined-subclass>
    </class>
</hibernate-mapping>
