<?xml version="1.0" encoding="UTF-8"?>
<!DOCTYPE hibernate-mapping PUBLIC "-//Hibernate/Hibernate Mapping DTD 3.0//EN" "http://www.hibernate.org/dtd/hibernate-mapping-3.0.dtd">
<!--
    Author     : Fredrik Persson
-->
<hibernate-mapping>
    <class name="se.zaleth.jar.generic.SlagComposition" table="R045_COMPOSITION_SLAG">
        <id column="SLAGCOMPOSITION_ID" name="id">
            <generator class="sequence">
                <param name="sequence">R045_SEQ</param>
        <param name="increment_size">1</param>
                <param name="parameters">INCREMENT BY 1 START WITH 50001</param>
            </generator>
        </id>
        <property name="Al2O3"/>
        <property name="CaCO3"/>
        <property name="CaF2"/>
        <property name="CaO"/>
        <property name="Cr2O3"/>
        <property name="CrO"/>
        <property name="Fe2O3"/>
        <property name="Fe3O4"/>
        <property name="FeO"/>
        <property name="MgCO3"/>
        <property name="MgO"/>
        <property name="MnO"/>
        <property name="MoO2"/>
        <property name="MoO3"/>
        <property name="NiO"/>
        <property name="P2O5"/>
        <property name="SiO2"/>
        <property name="VO2"/>
        <property name="TiO2"/>
        <property name="S2"/>
        <property column="MGO_UD" name="MgOUndissolved"/>
        <property name="CuO"/>
        <property name="WO3"/>
        <property name="NbO"/>
        <property name="Na2O"/>
        <property name="K2O"/>
        <property name="Sb2O3"/>
        <property name="TeO2"/>
        <property name="B2O3"/>
        <property name="Bi2O3"/>
        <property name="As2O3"/>
        <property name="Ta2O5"/>
        <property name="PbO"/>
        <property name="CeO2"/>
        <property name="CoO"/>
        <property name="CaSO4"/>
        <property name="SnO2"/>
        <property name="ZnO"/>
        <property name="CaCl2"/>
        <property name="CaO2H2"/>
        <property name="FeOOH"/>
        <property name="FeCO3"/>
        <property name="NaCl"/>
        <property name="KCl"/>
        <property name="Li2O"/>
        <property name="BeO"/>
        <property name="BaO"/>
        <property name="SrO"/>
        <property name="ZrO2"/>
        <property name="CdO"/>
        <property name="HgO"/>
        <property name="Ag2O"/>
        <property name="CaS"/>
        <property name="MgS"/>
        <property name="Cu2S"/>
        <property name="FeS"/>
        <property name="Cu2O"/>
        <property name="moisture"/>
    </class>
</hibernate-mapping>
