<?xml version="1.0" encoding="UTF-8"?>
<!DOCTYPE hibernate-mapping PUBLIC "-//Hibernate/Hibernate Mapping DTD 3.0//EN" "http://www.hibernate.org/dtd/hibernate-mapping-3.0.dtd">
<!--
    Author     : Fredrik Persson
-->
<hibernate-mapping>
  <class name="se.zaleth.jar.generic.StockRecord" table="R093_STOCKRECORD">
    <id column="RECORD_ID" name="id">
      <generator class="sequence">
        <param name="sequence">R093_SEQ</param>
        <param name="increment_size">1</param>
        <param name="parameters">INCREMENT BY 1 START WITH 50001</param>
      </generator>
    </id>
    <property column="RECORD_QUANTITY" name="quantity"/>
    <many-to-one class="se.zaleth.jar.generic.Inventory" column="INVENTORY_ID" name="inventory" not-found="ignore"/>
    <many-to-one class="se.zaleth.jar.material.RawMaterial" column="MATERIAL_ID" name="material" not-found="ignore"/>
    <many-to-one class="se.zaleth.jar.plant.Depot" column="DEPOT_ID" name="depot" not-found="ignore"/>
  </class>
</hibernate-mapping>
