<?xml version="1.0" encoding="UTF-8"?>
<!DOCTYPE hibernate-mapping PUBLIC "-//Hibernate/Hibernate Mapping DTD 3.0//EN" "http://www.hibernate.org/dtd/hibernate-mapping-3.0.dtd">
<hibernate-mapping>
    <class  name="se.zaleth.jar.product.TargetProductCollection" table="R049_TARGETPRODUCT_COLL">
                <id column="COLL_ID" name="id">
            <generator class="sequence">
                <param name="sequence">R049_SEQ</param>
        <param name="increment_size">1</param>
                <param name="parameters">INCREMENT BY 1 START WITH 50001</param>
            </generator>
        </id>
        <many-to-one class="se.zaleth.jar.product.TargetProductCollection" column="PARENT_COLL_ID" name="parentTargetCollection"/>
        <property name="name" not-null="true" type="se.zaleth.util.UTFStringType">
            <column name="COLL_NAME" sql-type="nvarchar(1000)"/>
        </property>
        <property name="description" type="se.zaleth.util.UTFStringType">
            <column name="COLL_DESCRIPTION" sql-type="nvarchar(2000)"/>
        </property>
        <property column="CREATED_DATE" name="createdDate" type="timestamp"/>
        <property column="UPDATED_DATE" name="updatedDate" type="timestamp"/>
        <many-to-one class="se.zaleth.jar.administration.PROJECTUser" column="OWNER_ID" name="createdBy"/>
        <many-to-one class="se.zaleth.jar.administration.UserGroup" column="USERGROUP_ID" name="userGroup"/>
       
    </class>
</hibernate-mapping>
