<?xml version="1.0" encoding="UTF-8"?>
<!DOCTYPE hibernate-mapping PUBLIC "-//Hibernate/Hibernate Mapping DTD 3.0//EN" "http://www.hibernate.org/dtd/hibernate-mapping-3.0.dtd">
<hibernate-mapping>
  <class name="se.zaleth.jar.administration.UserGroupPermission" table="R162_USER_GROUP_PERMISSION">
    <id column="PERMISSION_ID" name="id">
      <generator class="sequence">
        <param name="sequence">R162_SEQ</param>
        <param name="increment_size">1</param>
        <param name="parameters">
                    INCREMENT BY 1 START WITH 50001
                </param>
      </generator>
    </id>
    <property column="IS_DEFGROUP" name="defGroup"/>
    <many-to-one cascade="save-update" class="se.zaleth.jar.administration.UserGroup" column="USERGROUP_ID" lazy="false" name="group" not-null="true"/>
    <property column="ROLE_VALUE" name="roleValue"/>
    <many-to-one class="se.zaleth.jar.administration.PROJECTUser" column="USER_ID" lazy="false" name="owner"/>
  </class>
</hibernate-mapping>
