<?xml version="1.0" encoding="UTF-8"?>
<!DOCTYPE hibernate-mapping PUBLIC "-//Hibernate/Hibernate Mapping DTD 3.0//EN" "http://www.hibernate.org/dtd/hibernate-mapping-3.0.dtd">
<hibernate-mapping>
  <class name="se.zaleth.jar.administration.UserGroupStandardDeviation" table="R140_USERGROUP_STD">
    <id column="STD_ID" name="id">
      <generator class="sequence">
        <param name="sequence">R140_SEQ</param>
        <param name="increment_size">1</param>
        <param name="parameters">
                    INCREMENT BY 1 START WITH 50001
                </param>
      </generator>
    </id>
    <property column="ELEMENT" name="element"/>
    <property column="HAS_STD" name="hasStandardDeviation"/>
    <many-to-one cascade="none" class="se.zaleth.jar.material.AbstractMaterial" column="MATERIAL_ID" name="correctionMaterial" not-found="ignore"/>
    <many-to-one class="se.zaleth.jar.administration.UserGroup" column="USERGROUP_ID" name="userGroup" not-null="true"/>
  </class>
</hibernate-mapping>
