<?xml version="1.0"?>
<!DOCTYPE hibernate-mapping PUBLIC
      "-//Hibernate/Hibernate Mapping DTD 3.0//EN"
          "http://hibernate.sourceforge.net/hibernate-mapping-3.0.dtd">

<hibernate-mapping package="test">
	<class name="Invoice" table="invoice">
		<id name="id" column="id">
			<generator class="sequence">
				<param name="sequence">invoice_seq</param>
			</generator>
		</id>

		<property name="customerName" column="customer_name"/>

		<set name="lineItems" cascade="all">
			<key column="invoice_id"/>
			<one-to-many class="test.InvoiceLineItem"/>
		</set>

	</class>

	<class name="InvoiceLineItem" table="invoice_item">
		<id name="id" column="id">
			<generator class="sequence">
				<param name="sequence">invoice_seq</param>
			</generator>
		</id>
		<property name="productName" column="product_name"/>
		<property name="quantity" column="quantity"/>
		<property name="unitPrice" column="unit_price"/>
	</class>

</hibernate-mapping>