<?xml version="1.0"?>
<!DOCTYPE hibernate-mapping PUBLIC "-//Hibernate/Hibernate Mapping DTD 3.0//EN"
"http://hibernate.sourceforge.net/hibernate-mapping-3.0.dtd">
<!-- Generated Nov 5, 2007 4:49:42 PM by Hibernate Tools 3.1.0.beta5 -->
<hibernate-mapping>
    <class name="com.citi.gicap.bpmbat.ver.dao.beans.BoxTkt" table="BOX_TKT" >
        <id name="tktNo" type="long">
            <column name="TKT_NO" precision="22" scale="0" />
            <!-- Manually done -->
            <generator class="assigned">
				<param name="property">tkt</param>
			</generator>
        </id>
        <many-to-one name="mach" class="com.citi.gicap.bpmbat.ver.dao.beans.Mach" fetch="select">
            <column name="MACH_ID" precision="22" scale="0" />
        </many-to-one>
        <!-- Manually done -->
        <one-to-one name="tkt" class="com.citi.gicap.bpmbat.ver.dao.beans.Tkt" constrained="true"/>
        <property name="formNo" type="string">
            <column name="FORM_NO" length="20" />
        </property>
        <property name="prtPrty" type="string">
            <column name="PRT_PRTY" length="20" />
        </property>
        <property name="rprtApprvSta" type="string">
            <column name="RPRT_APPRV_STA" length="20" />
        </property>
        <property name="dstryFlag" type="java.lang.Character">
            <column name="DSTRY_FLAG" length="1" />
        </property>
        <property name="dstryNm" type="string">
            <column name="DSTRY_NM" length="40" />
        </property>
        <property name="cartNo" type="string">
            <column name="CART_NO" length="20" />
        </property>
        <property name="postmarkDt" type="timestamp">
            <column name="POSTMARK_DT" length="7" />
        </property>
        <property name="oldTktNo" type="long">
            <column name="OLD_TKT_NO" precision="22" scale="0" />
        </property>
        <property name="prtOperNm" type="string">
            <column name="PRT_OPER_NM" length="10" />
        </property>
        <property name="conslOperNm" type="string">
            <column name="CONSL_OPER_NM" length="10" />
        </property>
        <property name="formSta" type="string">
            <column name="FORM_STA" length="20" />
        </property>
        <property name="crteBy" type="string">
            <column name="CRTE_BY" length="10" not-null="true" />
        </property>
        <property name="crteDt" type="timestamp">
            <column name="CRTE_DT" length="7" not-null="true" />
        </property>
        <property name="modBy" type="string">
            <column name="MOD_BY" length="10" />
        </property>
        <property name="modDt" type="timestamp">
            <column name="MOD_DT" length="7" />
        </property>
    </class>
    <query name="Retrieve_BoxTicket">from Tkt t join t.boxTkt b left outer join b.mach where t.tktNo = b.tktNo and b.tktNo = ? </query>
    <query name="Retrieve_BoxTicket_For_Particular_Ticket">from Tkt t join t.boxTkt bt left outer join t.lkup left outer join bt.mach where bt.tkt.tktNo = ?</query>
    <query name="Delete_SpotCheck_List">delete from TktSpotChk t where t.spotChkId = ?</query>
    <query name="Retrieve_QCInfo_For_Particular_Ticket">from TktEnvpActn e where e.id.tkt.tktNo = ? order by e.id.envpRefNo</query>
    <query name="Retrieve_Production_Control_Detail">from BoxTkt bt join bt.tkt t join t.box left outer join bt.mach m left outer join m.lkupByParagonArea where t.tktNo = ?</query>
    <query name="Retrieve_AE_Pull">from TktEnvpActn te where te.id.tkt.tktNo = ? and te.aeRefFlag = 'Y' order by te.id.envpRefNo</query>
    <query name="Retrieve_Reference_Pull">from TktEnvpActn te where te.id.tkt.tktNo = ? and te.refPullFlag = 'Y' order by te.id.envpRefNo</query>
    <query name="Retrieve_AE_Pull_By_Ref">from TktEnvpActn te where te.id.tkt.tktNo = ? and te.id.envpRefNo = ? order by te.crteDt</query>
</hibernate-mapping>
