<?xml version="1.0"?>
<!DOCTYPE hibernate-mapping PUBLIC "-//Hibernate/Hibernate Mapping DTD 3.0//EN"
"http://hibernate.sourceforge.net/hibernate-mapping-3.0.dtd">
<!-- Generated Nov 5, 2007 4:49:42 PM by Hibernate Tools 3.1.0.beta5 -->
<hibernate-mapping>
    <class name="com.citi.gicap.bpmbat.ver.dao.beans.CusipTkt" table="CUSIP_TKT" >
        <id name="tktNo" type="long">
            <column name="TKT_NO" precision="22" scale="0" />
            <generator class="assigned" />
        </id>
		<!-- Manually done -->
        <one-to-one name="tkt" class="com.citi.gicap.bpmbat.ver.dao.beans.Tkt" constrained="true"/>
        <property name="trayCnt" type="java.lang.Long">
            <column name="TRAY_CNT" precision="10" scale="0" />
        </property>
        <property name="slaDt" type="timestamp">
            <column name="SLA_DT" length="7" />
        </property>
        <property name="attchDocTyp" type="java.lang.Character">
            <column name="ATTCH_DOC_TYP" length="1" />
        </property>
        <property name="prostsAvailSta" type="string">
            <column name="PROSTS_AVAIL_STA" length="20" />
        </property>
        <property name="crteBy" type="string">
            <column name="CRTE_BY" length="10" not-null="true" />
        </property>
        <property name="crteDt" type="timestamp">
            <column name="CRTE_DT" length="7" not-null="true" />
        </property>
        <property name="modBy" type="string">
            <column name="MOD_BY" length="10" />
        </property>
        <property name="modDt" type="timestamp">
            <column name="MOD_DT" length="7" />
        </property>
    </class>
</hibernate-mapping>
