<?xml version="1.0"?>
<!DOCTYPE hibernate-mapping PUBLIC "-//Hibernate/Hibernate Mapping DTD 3.0//EN"
"http://hibernate.sourceforge.net/hibernate-mapping-3.0.dtd">
<!-- Generated Nov 5, 2007 4:49:42 PM by Hibernate Tools 3.1.0.beta5 -->
<hibernate-mapping>
    <class name="com.citi.gicap.bpmbat.ver.dao.beans.Tkt" table="TKT" >
        <id name="tktNo" type="long">
            <column name="TKT_NO" precision="22" scale="0" />
            <generator class="sequence">
				<param name="sequence">TKT_SEQ</param>
            </generator>
        </id>
        <many-to-one name="cusip" class="com.citi.gicap.bpmbat.ver.dao.beans.Cusip" fetch="select">
            <column name="CUSIP_ID" precision="22" scale="0" />
        </many-to-one>
        <many-to-one name="box" class="com.citi.gicap.bpmbat.ver.dao.beans.Box" fetch="select">
            <column name="BOX_ID" precision="22" scale="0" />
        </many-to-one>
        <property name="tktTyp" type="string">
            <column name="TKT_TYP" length="20" not-null="true" />
        </property>
        <property name="sta" type="string">
            <column name="STA" length="20" />
        </property>
        <property name="tktDest" type="string">
            <column name="TKT_DEST" length="40" not-null="true" />
        </property>
        <property name="spclInstr" type="string">
            <column name="SPCL_INSTR" length="100" />
        </property>
        <property name="strtTs" type="timestamp">
            <column name="STRT_TS" />
        </property>
        <property name="cplTs" type="timestamp">
            <column name="CPL_TS" />
        </property>
        <property name="divrCnt" type="long">
            <column name="DIVR_CNT" precision="22" scale="0" />
        </property>
        <property name="mtltCnt" type="long">
            <column name="MTLT_CNT" precision="22" scale="0" />
        </property>
        <property name="estCplTm" type="timestamp">
            <column name="EST_CPL_TM" />
        </property>
        <property name="chgNo" type="string">
            <column name="CHG_NO" length="20" />
        </property>
        <property name="envpTyp" type="string">
            <column name="ENVP_TYP" length="20" />
        </property>
        <property name="mailClas" type="string">
            <column name="MAIL_CLAS" length="20" />
        </property>
        <property name="isrtCnt" type="long">
            <column name="ISRT_CNT" precision="22" scale="0" />
        </property>
        <property name="crteBy" type="string">
            <column name="CRTE_BY" length="10" not-null="true" />
        </property>
        <property name="crteDt" type="timestamp">
            <column name="CRTE_DT" length="7" not-null="true" />
        </property>
        <property name="modBy" type="string">
            <column name="MOD_BY" length="10" />
        </property>
        <property name="modDt" type="timestamp">
            <column name="MOD_DT" length="7" />
        </property>
        <property name="holdResn" type="string">
            <column name="HOLD_RESN" length="20" />
        </property>
        <many-to-one name="lkup" class="com.citi.gicap.bpmbat.ver.dao.beans.Lkup" fetch="select">
            <column name="PARAGON_AREA_ID" precision="22" scale="0" />
        </many-to-one>
        <set name="tktEnvpActns" inverse="true">
            <key>
                <column name="TKT_NO" precision="22" scale="0" not-null="true" />
            </key>
            <one-to-many class="com.citi.gicap.bpmbat.ver.dao.beans.TktEnvpActn" />
        </set>
        <set name="tktMailClasChngs" inverse="true">
            <key>
                <column name="TKT_NO" precision="22" scale="0" not-null="true" />
            </key>
            <one-to-many class="com.citi.gicap.bpmbat.ver.dao.beans.TktMailClasChng" />
        </set>
        <set name="tktIsrts" inverse="true" cascade="all">
            <key>
                <column name="TKT_NO" precision="22" scale="0" not-null="true" />
            </key>
            <one-to-many class="com.citi.gicap.bpmbat.ver.dao.beans.TktIsrt" />
        </set>
        <set name="tktTrayStas" inverse="true">
            <key>
                <column name="TKT_NO" precision="22" scale="0" not-null="true" />
            </key>
            <one-to-many class="com.citi.gicap.bpmbat.ver.dao.beans.TktTraySta" />
        </set>
        <!-- Manually done -->
        <one-to-one class="com.citi.gicap.bpmbat.ver.dao.beans.CusipTkt" name="cusipTkt"/>
        
        <set name="spclCares" inverse="true">
            <key>
                <column name="TKT_NO" precision="22" scale="0" />
            </key>
            <one-to-many class="com.citi.gicap.bpmbat.ver.dao.beans.SpclCare" />
        </set>
        <set name="fedexes" inverse="true">
            <key>
                <column name="TKT_NO" precision="22" scale="0" />
            </key>
            <one-to-many class="com.citi.gicap.bpmbat.ver.dao.beans.Fedex" />
        </set>
        <set name="tktNotes" inverse="true">
            <key>
                <column name="TKT_NO" precision="22" scale="0" not-null="true" />
            </key>
            <one-to-many class="com.citi.gicap.bpmbat.ver.dao.beans.TktNote" />
        </set>
        <set name="tktQstActns" inverse="true">
            <key>
                <column name="TKT_NO" precision="22" scale="0" not-null="true" />
            </key>
            <one-to-many class="com.citi.gicap.bpmbat.ver.dao.beans.TktQstActn" />
        </set>
        <!-- Manually done -->
        <one-to-one class="com.citi.gicap.bpmbat.ver.dao.beans.BoxTkt" name="boxTkt" />
        
        <set name="tktAudTrls" inverse="true">
            <key>
                <column name="TKT_NO" precision="22" scale="0" not-null="true" />
            </key>
            <one-to-many class="com.citi.gicap.bpmbat.ver.dao.beans.TktAudTrl" />
        </set>
        <set name="prtPrtyHists" inverse="true">
            <key>
                <column name="TKT_NO" precision="22" scale="0" not-null="true" />
            </key>
            <one-to-many class="com.citi.gicap.bpmbat.ver.dao.beans.PrtPrtyHist" />
        </set>
        <set name="tktSpotChks" inverse="true">
            <key>
                <column name="TKT_NO" precision="22" scale="0" not-null="true" />
            </key>
            <one-to-many class="com.citi.gicap.bpmbat.ver.dao.beans.TktSpotChk" />
        </set>
    </class>
    <query name="Retrieve_Ticket_Details">from Tkt t join t.box join t.box.prtgrp join t.box.prtgrp.mrdf join t.box.prtgrp.job left outer join t.lkup where t.tktNo = ? </query>
    <query name="Retrieve_Ticket">from Tkt t join t.box join t.boxTkt bt left outer join bt.mach join t.box.prtgrp left outer join t.lkup where t.tktNo = ?</query>
    <query name="Retrieve_QC_Data">from TktEnvpActn tn where tn.id.tkt.tktNo = ? </query>
    <query name="Retrieve_Spot_Check_Particular_Ticket">from TktSpotChk ts where ts.tkt.tktNo = ? and ts.lkup.cd = ?</query>
    <query name="Retrieve_Company_Data">from CoBnner bn join bn.co where bn.bnnerNm = ?</query>
    <query name="Retrieve_Company_Insert">from CoIsrt ci where ci.co.coId = ? and ci.delFlag = 'N' and ci.mo = ?</query>
  </hibernate-mapping>
