<?xml version="1.0"?>
<!DOCTYPE hibernate-mapping PUBLIC "-//Hibernate/Hibernate Mapping DTD 3.0//EN"
"http://hibernate.sourceforge.net/hibernate-mapping-3.0.dtd">
<!-- Generated Nov 5, 2007 4:49:42 PM by Hibernate Tools 3.1.0.beta5 -->
<hibernate-mapping>
    <class name="com.citi.gicap.bpmbat.ver.dao.beans.TktAudTrl" table="TKT_AUD_TRL" >
        <id name="tktStaId" type="long">
            <column name="TKT_STA_ID" precision="22" scale="0" />
            <generator class="sequence">
				<param name="sequence">TKT_AUD_TRL_SEQ</param>
            </generator>
        </id>
        <many-to-one name="lkup" class="com.citi.gicap.bpmbat.ver.dao.beans.Lkup" fetch="select">
            <column name="STA_ID" precision="22" scale="0" not-null="true" />
        </many-to-one>
        <many-to-one name="mach" class="com.citi.gicap.bpmbat.ver.dao.beans.Mach" fetch="select">
            <column name="MACH_ID" precision="22" scale="0" />
        </many-to-one>
        <many-to-one name="procAct" class="com.citi.gicap.bpmbat.ver.dao.beans.ProcAct" fetch="select">
            <column name="PROC_ACT_ID" precision="22" scale="0" not-null="true" />
        </many-to-one>
        <many-to-one name="tkt" class="com.citi.gicap.bpmbat.ver.dao.beans.Tkt" fetch="select">
            <column name="TKT_NO" precision="22" scale="0" not-null="true" />
        </many-to-one>
        <property name="strtTs" type="timestamp">
            <column name="STRT_TS" length="6" not-null="true" />
        </property>
        <property name="endTs" type="timestamp">
            <column name="END_TS" length="6"/>
        </property>
        <property name="crteBy" type="string">
            <column name="CRTE_BY" length="10" not-null="true" />
        </property>
        <property name="crteDt" type="timestamp">
            <column name="CRTE_DT" length="7" not-null="true" />
        </property>
        <property name="modBy" type="string">
            <column name="MOD_BY" length="10" />
        </property>
        <property name="modDt" type="timestamp">
            <column name="MOD_DT" length="7" />
        </property>
    </class>
    <!-- query name="Retrieve_AuditTrail_By_TicketNo">from TktAudTrl at where at.tkt.tktNo = ?</query-->
    <query name="Retrieve_AuditTrail_By_TicketNo">from TktAudTrl at left outer join at.mach mc join at.procAct join at.lkup join at.tkt where at.tkt.tktNo = ?</query>
    <query name="Retrieve_AuditTrail_By_Last_Modified_Date">from TktAudTrl t where t.tkt.tktNo = ? and t.crteDt =(select max(t.crteDt) from t where t.tkt.tktNo = ?)</query>
    <query name="Retrieve_Recent_AuditTrail_Detail_By_TicketNo">from TktAudTrl at left outer join at.mach mc join at.procAct join at.procAct.lkup join at.lkup where at.tkt.tktNo = ? and at.crteDt =(select max(at.crteDt) from at where at.tkt.tktNo = ?)</query>
    <query name="Retrieve_Machine_Audit">from TktAudTrl au join au.mach m left outer join m.lkupByParagonArea where au.tkt.tktNo = ? and au.procAct.actCd = ? and au.procAct.lkup.cd = ? and au.procAct.lkup.typ = ?</query>
</hibernate-mapping>
