<?xml version="1.0" encoding="utf-8"?>
<!DOCTYPE hibernate-mapping PUBLIC "-//Hibernate/Hibernate Mapping DTD 3.0//EN"
"http://hibernate.sourceforge.net/hibernate-mapping-3.0.dtd">
<!-- 
    Mapping file autogenerated by MyEclipse Persistence Tools
-->
<hibernate-mapping package="union">
  <class name="UnionTable" entity-name="UnionTable" abstract="true">
    <id name="unionId" type="java.lang.Integer">
      <column name="UNION_ID" />
      <generator class="assigned" />
    </id>
  </class>
  <union-subclass name="UnionTableOne" extends="UnionTable" entity-name="UnionTableOne" table="uniontableone">
    <property name="oneName" column="ONE_NAME"></property>
  </union-subclass>
  <union-subclass name="UnionTableTwo" extends="UnionTable" entity-name="UnionTableTwo" table="uniontabletwo">
    <property name="twoName" column="TWO_NAME"></property>
  </union-subclass>
  <joined-subclass name="UnionTableOneExt" extends="UnionTableOne" entity-name="UnionTableOneExt" table="uniontableone_ext">
  <key column="UNION_ID"></key>
    <property name="extName" column="EXT_NAME"></property>
  </joined-subclass>
</hibernate-mapping>