<?xml version="1.0"?>
<!DOCTYPE hibernate-mapping PUBLIC 
"-//Hibernate/Hibernate Mapping DTD 3.0//EN"
"http://hibernate.sourceforge.net/hibernate-mapping-3.0.dtd">

<hibernate-mapping  package="org.bilgidata.kitapdemo.pojo">
  <class name="Car" table="car">
    <id name="licensePlate" column="license_plate">
      <generator class="assigned"/>			
    </id>
    <version name="version" column="VERSION" unsaved-value="negative" />
    <property name="description" column="description"/>    
    <property name="available" column="available"/>    
    <property name="size" column="car_size"/>
    <many-to-one name="garage" column="garage_id" class="Garage" not-null="false"/>    
  </class>
  
</hibernate-mapping>


