<?xml version="1.0"?>
<!DOCTYPE hibernate-mapping PUBLIC 
"-//Hibernate/Hibernate Mapping DTD 3.0//EN"
"http://hibernate.sourceforge.net/hibernate-mapping-3.0.dtd">

<hibernate-mapping  package="org.bilgidata.kitapdemo.pojo">
  <class name="Garage" table="garage">
    <id name="garageId" column="id">
      <generator class="increment"/>			
    </id>
    <property name="description" column="description"/>

    <set name="cars" inverse="true">
      <key>
        <column name="garage_id"/>
      </key>
      <one-to-many class="Car"/>
    </set>
  </class>
  
</hibernate-mapping>


