<?xml version="1.0"?>
<!DOCTYPE hibernate-mapping PUBLIC "-//Hibernate/Hibernate Mapping DTD 3.0//EN"
                                   "http://hibernate.sourceforge.net/hibernate-mapping-3.0.dtd">
<hibernate-mapping>
 <class dynamic-insert="true" dynamic-update="true" name="OrderHead">
  <id name="id" unsaved-value="null"/>
  <version type="java.lang.Long" column="HIBERNATE_VERSION" access="field" name="hibernateVersion"/>
  <property name="orderDescription"/>
  <property name="orderDate"/>
  <!--   
  <set name="orderLinesLink"  access="field">
   <key column="head_id"/>   
  	<many-to-many class="OrderLine" fetch="select" column="line_id"/>  		  	  
  </set>
    
 
    <list name="orderLinesLink" access="field" cascade="save-update" outer-join="false">
	    <key column="line_id" not-null="true" unique="false"/>
	    <list-index column="seq"/>
		<composite-element class="OrderLine">
			<property name="price"/>			
		</composite-element>
    </list>
     -->
      
     
 </class>
</hibernate-mapping>
