<?xml version="1.0"?>
<!DOCTYPE hibernate-mapping PUBLIC "-//Hibernate/Hibernate Mapping DTD 3.0//EN"
        "http://www.hibernate.org/dtd/hibernate-mapping-3.0.dtd">
<hibernate-mapping >
    <class entity-name="example.EntityA" name="example.EntityA" table="ENTITYA">
        <id name="id" column="ENTITYA_ID">
            <generator class="native"/>
        </id>
        <property name="value_a1" type="integer" column="VALUE_A1"/>

<!--        <set name="books" inverse="true">-->
<!--            <key column="BOOK_ID" not-null="true"/>-->
<!--            <one-to-many class="de.example.EntityB"/>-->
<!--        </set>-->
        <many-to-one name="entityBs"
                     class="example.EntityB"
                     column="ENTITYB_ID"
                     cascade="save-update">
        </many-to-one>

        <filter name="myFilter" condition=":myFilterParam = value_a1"/>
    </class>
</hibernate-mapping>