<?xml version="1.0"?>
<!DOCTYPE hibernate-mapping PUBLIC "-//Hibernate/Hibernate Mapping DTD 3.0//EN"
        "http://www.hibernate.org/dtd/hibernate-mapping-3.0.dtd">

<hibernate-mapping>
    <class entity-name="example.EntityB" name="example.EntityB" table="ENTITYB">
        <id name="id" column="ENTITYB_ID">
            <generator class="native"/>
        </id>
        <property name="value_b1" type="integer" column="VALUE_B1"/>
        <property name="value_b2" type="integer" column="VALUE_B2"/>

        <many-to-one name="entityA"
                     class="example.EntityA"
                     column="ENTITYA_ID"
                     cascade="save-update"/>

        <filter name="myFilter" condition=":myFilterParam = value_b2"/>
    </class>
</hibernate-mapping>