<?xml version='1.0' encoding='utf-8'?>
<!DOCTYPE hibernate-configuration PUBLIC
        "-//Hibernate/Hibernate Configuration DTD 3.0//EN"
        "http://www.hibernate.org/dtd/hibernate-configuration-3.0.dtd">
<hibernate-configuration>
    <session-factory>
        <!-- Database connection settings -->
<!--        <property name="connection.driver_class">com.mysql.jdbc.Driver</property>-->
<!--        <property name="connection.url">jdbc:mysql://localhost:3306/booksdb</property>-->
<!--        <property name="connection.username">root</property>-->
<!--        <property name="connection.password">gasx!</property>-->
<!--        <property name="dialect">org.hibernate.dialect.MySQLDialect</property>-->
<!--        <property name="show_sql">true</property>-->

        <property name="connection.driver_class">org.h2.Driver</property>
        <property name="hibernate.current_session_context_class">thread</property>
        <property name="connection.url">jdbc:h2:mem:test</property>
        <property name="connection.username">sa</property>
        <property name="connection.password"/>
        <property name="connection.pool_size">2</property>
        <property name="dialect">org.hibernate.dialect.H2Dialect</property>

        <property name="show_sql">false</property>
        <property name="hbm2ddl.auto">create</property>
        <property name="format_sql">true</property>
        <property name="use_sql_comments">true</property>


<!--        &lt;!&ndash; mapping via class &ndash;&gt;-->
<!--        <mapping class="de.example.EntityA"/>-->
<!--        <mapping class="de.example.EntityB"/>-->

<!--        &lt;!&ndash; mapping via resource &ndash;&gt;-->
<!--        <mapping resource="EntityA.hbm.xml"/>-->
<!--        <mapping resource="EntityB.hbm.xml"/>-->

    </session-factory>
</hibernate-configuration>