<?xml version="1.0" encoding="UTF-8"?>
<Configuration>
    <Appenders>

        <!-- Console Appender -->
        <Console name="Console" target="SYSTEM_OUT">
            <PatternLayout pattern="%d{yyyy-MMM-dd HH:mm:ss a} [%t] %-5level %logger{36} - %msg%n" />
        </Console>

    </Appenders>
    <Loggers>
        <!-- Log everything in hibernate -->
<!--        <Logger name="org.hibernate" level="debug" additivity="false">-->
<!--            <AppenderRef ref="Console" />-->
<!--        </Logger>-->

        <!-- Log all SQL statements -->
        <Logger name="org.hibernate.SQL" level="debug" additivity="false">
            <AppenderRef ref="Console" />
        </Logger>
        <!-- Log all used parameters -->
        <Logger name="org.hibernate.type" level="trace" additivity="false">
            <AppenderRef ref="Console" />
        </Logger>

        <Root level="error">
            <AppenderRef ref="Console" />
        </Root>
    </Loggers>
</Configuration>