<?xml version="1.0" encoding="UTF-8"?>
<persistence xmlns="http://xmlns.jcp.org/xml/ns/persistence" version="2.1">

	<persistence-unit name="Mastering-Hibernate" transaction-type="RESOURCE_LOCAL">
		<provider>org.hibernate.jpa.HibernatePersistenceProvider</provider>
		<shared-cache-mode>ALL</shared-cache-mode>

		<properties>

			<!-- Default Hibernate Properties  -->
			<property name="hibernate.dialect" value="org.hibernate.dialect.PostgreSQL95Dialect" />

			<property name="hibernate.show_sql" value="false" />
			<property name="hibernate.format_sql" value="false" />

			<property name="javax.persistence.schema-generation.database.action" value="drop-and-create" />

			<property name="javax.persistence.schema-generation.create-source" value="script" />
			<property name="javax.persistence.schema-generation.create-script-source" value="META-INF/create.sql" />

			<property name="javax.persistence.schema-generation.drop-source" value="script" />
			<property name="javax.persistence.schema-generation.drop-script-source" value="META-INF/drop.sql" />

			<!-- Connection Pooling Properties  -->
			<property name="hibernate.connection.provider_class" value="org.hibernate.hikaricp.internal.HikariCPConnectionProvider" />
			<property name="hibernate.hikari.poolName" value="Working-Theory" />

			<property name="hibernate.hikari.dataSourceClassName" value="org.postgresql.ds.PGSimpleDataSource" />
			<property name="hibernate.hikari.dataSource.serverName" value="localhost" />
			<property name="hibernate.hikari.dataSource.portNumber" value="5432" />
			<property name="hibernate.hikari.dataSource.databaseName" value="working-theory" />
			<property name="hibernate.hikari.dataSource.user" value="postgres" />
			<property name="hibernate.hikari.dataSource.password" value="Tech8092" />

			<property name="hibernate.hikari.connectionTimeout" value="30000" />
			<property name="hibernate.hikari.idleTimeout" value="60000" />
			<property name="hibernate.hikari.maxLifetime" value="3600000" />
			<property name="hibernate.hikari.minimumIdle" value="1" />
			<property name="hibernate.hikari.maximumPoolSize" value="10" />
			<property name="hibernate.hikari.leakDetectionThreshold" value="2000" />

			<property name="hibernate.id.new_generator_mappings" value="true" />

			<!-- Hibernate statistics -->
			<property name="hibernate.generate_statistics" value="true" />

		</properties>
	</persistence-unit>
</persistence>
