<?xml version="1.0"?>
<!DOCTYPE hibernate-mapping PUBLIC "-//Hibernate/Hibernate Mapping DTD//EN"
                                   "http://hibernate.sourceforge.net/hibernate-mapping-2.0.dtd">

<hibernate-mapping>
	<class name="com.fgl.ina.stylecreation.barcodes.ProductBarcode" table="product_barcode">
		<id name="ID" column="barcode_ID" type="integer" unsaved-value="0">
			<generator class="net.sf.hibernate.id.IdentityGenerator"/>
		</id>
		<many-to-one name="parentColourSize">
			<column name="ina_prod_id" not-null="true"/>
			<column name="colour_ID"/>
			<column name="size_ID"/>
		</many-to-one>
		<property name="barcode" column="barcode_no" type="string"/>
		<many-to-one name="barcodeType" column="barcode_type_ID" outer-join="true"
				insert="true" update="true" cascade="none" not-null="true"/>
		<property name="primary" column="primary_ind" type="boolean" insert="true" update="true" not-null="true"/>
	</class>
</hibernate-mapping>
