<?xml version="1.0"?>
<!DOCTYPE hibernate-mapping PUBLIC "-//Hibernate/Hibernate Mapping DTD 3.0//EN"
"http://hibernate.sourceforge.net/hibernate-mapping-3.0.dtd">
<!-- Generated Sep 22, 2008 12:29:41 PM by Hibernate Tools 3.2.0.b9 -->
<hibernate-mapping default-cascade="save-update">
    <class name="com.expd.app.edms.domain.hiber.LocationData" table="LOCATION">
        <id name="oid" type="big_decimal">
            <column name="OID" scale="0" />
            <generator class="assigned" />
        </id>
        <timestamp name="lastUpd" column="LAST_UPD" />
        <property name="type" type="string">
            <column name="TYPE" length="4" />
        </property>
        <property name="name" type="string">
            <column name="NAME" length="25" />
        </property>
        <property name="description" type="string">
            <column name="DESCRIPTION" length="80" />
        </property>
        <property name="isDefault" type="java.lang.Character">
            <column name="IS_DEFAULT" length="1" />
        </property>
        <property name="updatedBy" type="string">
            <column name="UPDATED_BY" length="25" />
        </property>
        <property name="creationDttm" type="timestamp">
            <column name="CREATION_DTTM" length="26" />
        </property>
    </class>
</hibernate-mapping>
