<?xml version="1.0"?>

<!DOCTYPE hibernate-mapping PUBLIC
    "-//Hibernate/Hibernate Mapping DTD 2.0//EN" 
    "http://hibernate.sourceforge.net/hibernate-mapping-2.0.dtd">

<hibernate-mapping>
	<class name="Child" dynamic-update="false" dynamic-insert="false" 
		optimistic-lock="version" proxy="Child" table="Child">
		<cache usage="nonstrict-read-write" />
		<id name="childId" access="field" column="Child_id" 
			type="java.lang.Integer" unsaved-value="null">
			<generator class="native" />
		</id>
		<many-to-one name="parent" access="field" class="Parent" cascade="none" 
			outer-join="auto" not-null="false">
			<column name="Parent_id" not-null="true" sql-type="int" />
		</many-to-one>
		<property name="name" access="field" type="java.lang.String" 
			column="Name" length="64" not-null="true" />
	</class>
</hibernate-mapping>
