<?xml version="1.0" encoding="ISO-8859-1"?>
<!DOCTYPE hibernate-configuration PUBLIC
   "-//Hibernate/Hibernate Configuration DTD 2.0//EN"
   "http://hibernate.sourceforge.net/hibernate-configuration-2.0.dtd">
<hibernate-configuration>

	<session-factory>
		<!-- properties -->
		<property name="connection.driver_class"> 
			org.hsqldb.jdbcDriver</property>
		<property name="connection.url">jdbc:hsqldb:mem:test</property>
		<property name="connection.username">sa</property>
		<property name="connection.password"></property>
		<property name="dialect">net.sf.hibernate.dialect.HSQLDialect</property>
		<property name="show_sql">false</property>
		<property name="cache.provider_class"> 
			net.sf.ehcache.hibernate.Provider</property>
		<property name="max_fetch_depth">3</property>
		<property name="cache.use_query_cache">false</property>
		<!-- mapping files -->
		<mapping resource="Parent.hbm.xml"/>
		<mapping resource="Child.hbm.xml"/>
	</session-factory>

</hibernate-configuration>