<?xml version="1.0"?>

<!DOCTYPE hibernate-mapping PUBLIC
    "-//Hibernate/Hibernate Mapping DTD 2.0//EN" 
    "http://hibernate.sourceforge.net/hibernate-mapping-2.0.dtd">

<hibernate-mapping>
	<class name="Parent" dynamic-update="false" dynamic-insert="false" 
		optimistic-lock="version" proxy="Parent" table="Parent">
		<cache usage="nonstrict-read-write" />
		<id name="parentId" access="field" column="Parent_id" 
			type="java.lang.Integer" unsaved-value="null">
			<generator class="native" />
		</id>
		<property name="name" access="field" type="java.lang.String" 
			column="Name" length="64" not-null="true" />
		<bag name="children" access="field" lazy="true" inverse="true" 
			cascade="all">
			<!-- Comment the following line out and the test (ParentChildCacheTest) passes. -->
			<cache usage="nonstrict-read-write" />
			<key>
				<column name="Parent_id" not-null="true" sql-type="int" />
			</key>
			<one-to-many class="Child" />
		</bag>
	</class>
</hibernate-mapping>
