<!DOCTYPE hibernate-configuration PUBLIC
        "-//Hibernate/Hibernate Configuration DTD 3.0//EN"
        "http://www.hibernate.org/dtd/hibernate-configuration">

<hibernate-configuration>
    <session-factory>
    	<!-- Database connection settings -->
		<property name="connection.driver_class">com.mysql.jdbc.Driver</property>
		<property name="connection.url">jdbc:mysql://localhost:3306/dbhibernateFetchTypeJoin</property>
		<property name="connection.username">root</property>
		<property name="connection.password"></property>

		<!-- JDBC connection pool --> 
		<property name="connection.pool_size">1</property> 

		<!-- SQL dialect -->
     	<property name="dialect">org.hibernate.dialect.MySQLDialect</property>
     	
     	<!-- Enable hibernates current session context --> 
     	<property name="current_session_context_class">thread</property>
     			
     	<!-- disable the second level cache --> 
   		<property name="cache.provider_class">org.hibernate.cache.NoCacheProvider</property>

		<!-- Echo all SQL to stdOut -->
		<property name="show_sql">true</property>
		<property name="hibernate.show_sql">true</property>
		<property name="format_sql">true</property>
		<property name="use_sql_comments">true</property>

		<!-- update the database schema on startup --> 
		<property name="hbm2dll.auto">update</property>

		<mapping class="annotations.Employee"/>   
		<mapping class="annotations.Company"/>
        <!-- <mapping resource="employee.hbm.xml"/> -->  
        
    </session-factory>
</hibernate-configuration>