<?xml version="1.0" encoding="UTF-8" ?>
<!DOCTYPE log4j:configuration PUBLIC "-//APACHE//DTD LOG4J 1.2//EN"
"http://logging.apache.org/log4j/1.2/apidocs/org/apache/log4j/xml/doc-files/log4j.dtd">
<log4j:configuration debug="false"
xmlns:log4j="http://jakarta.apache.org/log4j/">

<appender name="consoleAppender" class="org.apache.log4j.ConsoleAppender">
	<param name="Threshold" value="DEBUG" />
	<layout class="org.apache.log4j.PatternLayout">
		<!-- Pattern to output the caller's file name and line number -->
		<param name="ConversionPattern" value="%d{ISO8601} %-5p [%t] (%F:%L) %m%n" />
	</layout>
</appender>

<appender name="fileAppender" class="org.apache.log4j.RollingFileAppender">
	<param name="file" value="HibernateIssueFetchTypeJoin.log" />    
	<param name="MaxFileSize" value="8000KB" />	
	<param name="MaxBackupIndex" value="2" />
	<layout class="org.apache.log4j.PatternLayout">
		<!-- Pattern to output the caller's file name and line number -->
		<param name="ConversionPattern" value="%d{ISO8601} %-5p [%t] (%F:%L) %m%n" />
	</layout>
</appender>


<logger name="org.hibernate" additivity="true">
	<level value="WARN" />
</logger>

<logger name="org.hibernate.SQL" additivity="true">
	<level value="WARN" />
</logger>

<logger name="org.hibernate.type" additivity="true">
	<level value="WARN" />
</logger>

<logger name="org.hibernate.stat" additivity="true">
	<level value="INFO" />
</logger>

<logger name="org.hibernate.tool.hbm2dll" additivity="true">
	<level value="WARN" />
</logger>

<logger name="org.hibernate.hql" additivity="true">
	<level value="INFO" />
</logger>

<logger name="org.hibernate.cache" additivity="true">
	<level value="WARN" />
</logger>

<logger name="com.mysql" additivity="true">
	<level value="INFO" />
</logger>

<logger name="org.hibernate.service" additivity="true">
	<level value="WARN" />
</logger>

<logger name="test.hibernate" additivity="true">
	<level value="DEBUG" />
</logger>


<root>
	<priority value="DEBUG" />
	<appender-ref ref="consoleAppender" />
	<appender-ref ref="fileAppender" />
</root>


</log4j:configuration>
 