<?xml version="1.0" encoding="UTF-8"?>
<!--
  ~ Copyright (c) 2010. Payeshgaran MT, all rights reserved.
  -->

<beans xmlns="http://www.springframework.org/schema/beans"
       xmlns:tx="http://www.springframework.org/schema/tx"
       xmlns:xsi="http://www.w3.org/2001/XMLSchema-instance"
       xsi:schemaLocation="http://www.springframework.org/schema/beans
                           http://www.springframework.org/schema/beans/spring-beans-3.0.xsd
                           http://www.springframework.org/schema/tx
                           http://www.springframework.org/schema/tx/spring-tx-3.0.xsd">

  <bean id="dataSource" class="org.apache.commons.dbcp.BasicDataSource" destroy-method="close">
    <property name="driverClassName" value="org.h2.Driver"/>
    <property name="url" value="jdbc:h2:mem:db1"/>
    <property name="username" value="sa"/>
    <property name="password" value=""/>
  </bean>

  <bean id="sessionFactory" class="org.springframework.orm.hibernate3.annotation.AnnotationSessionFactoryBean">
    <property name="dataSource" ref="dataSource"/>
    <property name="packagesToScan" value="boundry.org.hibernate"/>
    <property name="hibernateProperties">
      <props>
        <prop key="hibernate.bytecode.use_reflection_optimizer">true</prop>
        <prop key="hibernate.use_sql_comments">true</prop>
        <prop key="hibernate.show_sql">true</prop>
        <prop key="hibernate.format_sql">true</prop>
        <prop key="hibernate.dialect">org.hibernate.dialect.Oracle10gDialect</prop>

        <prop key="hibernate.hbm2ddl.auto">create-drop</prop>
      </props>
    </property>
  </bean>

  <bean id="hibernateTemplate" class="org.springframework.orm.hibernate3.HibernateTemplate">
    <property name="sessionFactory" ref="sessionFactory"/>
  </bean>

  <bean id="transactionManager" class="org.springframework.orm.hibernate3.HibernateTransactionManager">
    <property name="sessionFactory" ref="sessionFactory"/>
  </bean>

  <tx:annotation-driven/>

</beans>