<!DOCTYPE hibernate-configuration PUBLIC
    "-//Hibernate/Hibernate Configuration DTD 3.0//EN"
    "http://hibernate.sourceforge.net/hibernate-configuration-3.0.dtd">

<hibernate-configuration>

  <session-factory>

    <!-- Database connection settings -->
    <property
      name="connection.driver_class">org.hsqldb.jdbcDriver</property>
    <property
      name="connection.url">jdbc:postgresql://localhost/hlfjec</property>
    <property
      name="connection.username">hlfjec</property>
    <property
      name="connection.password">hlfjec</property>

    <!-- JDBC connection pool (use the built-in) -->
    <property
      name="connection.pool_size">1</property>

    <property name="dialect">org.hibernate.dialect.PostgreSQLDialect</property>
    <property name="use_outer_join">false</property>
    <property name="connection.driver_class">org.postgresql.Driver</property>

    <!-- Enable Hibernate's automatic session context management -->
    <property
      name="current_session_context_class">thread</property>

    <!-- Disable the second-level cache -->
    <property
      name="cache.provider_class">org.hibernate.cache.NoCacheProvider</property>

    <!-- Echo all executed SQL to stdout -->
    <property
      name="show_sql">true</property>

    <!-- Drop and re-create the database schema on startup -->
    <property
      name="hbm2ddl.auto">update</property>

<!-- 
    <property
      name="generate_statistics">false</property>
 -->      
  </session-factory>
</hibernate-configuration>

