<!DOCTYPE hibernate-configuration PUBLIC
	"-//Hibernate/Hibernate Configuration DTD 3.0//EN"
	"http://hibernate.sourceforge.net/hibernate-configuration-3.0.dtd">

<hibernate-configuration>
	<session-factory>
	    <property name="connection.driver_class">org.hsqldb.jdbcDriver</property>
        <property name="connection.url">jdbc:hsqldb:mem:refAppDb</property>
        <property name="connection.username">sa</property>
        <property name="connection.password"></property>
	
		<property name="show_sql">true</property>
		<property name="dialect">org.hibernate.dialect.HSQLDialect</property>
		<property name="query.factory_class">org.hibernate.hql.classic.ClassicQueryTranslatorFactory</property>
		<property name="cache.provider_class">org.hibernate.cache.EhCacheProvider</property>
		<property name="cache.use_query_cache">true</property>
		<property name="jdbc.batch_size">30</property>
		<property name="hbm2ddl.auto">create</property>
		<mapping resource="tavant/platform/test/domain/Department.hbm.xml"/>
		<mapping resource="tavant/platform/test/domain/Employee.hbm.xml"/>
		
	</session-factory>
</hibernate-configuration>