<?xml version="1.0" encoding="UTF-8"?>
<!DOCTYPE log4j:configuration SYSTEM "log4j.dtd">
<log4j:configuration xmlns:log4j="http://jakarta.apache.org/log4j/" debug="true">
    <!--
    Use PatternLayout Layouts for creating 'human readable' log files
    Use XMLLayout Layouts for creating Chainsaw log files (viewable via java org.apache.log4j.chainsaw.Main)
    -->
 
    <!--  Sample console appender definition-->
    <appender name="CONSOLE" class="org.apache.log4j.ConsoleAppender">
		<layout class="org.apache.log4j.PatternLayout">
			<param name="ConversionPattern" value="[%c],%m%n"/>
		</layout>
    </appender>

    <appender name="FILE" class="org.apache.log4j.FileAppender">
        <param name="file" value="./logs/cache_issue.log"/>
        <param name="Append" value="false"/>
        <layout class="org.apache.log4j.PatternLayout">
            <param name="ConversionPattern" value="%c: %m%n"/>
        </layout>
    </appender>
    
    <category name="org.hibernate" additivity="false">
		<priority value="DEBUG"/>
		<appender-ref ref="FILE"/>
	</category>

    <category name="net.sf.ehcache" additivity="false">
        <priority value="DEBUG"/>
        <appender-ref ref="FILE"/>
    </category>
    
    <root>
        <priority value="DEBUG"/>
        <appender-ref ref="FILE"/>
    </root>

</log4j:configuration>