<?xml version="1.0" encoding="UTF-8"?>
<hibernate-mapping xmlns="http://www.hibernate.org/xsd/hibernate-mapping"
                   xsi:schemaLocation="http://www.hibernate.org/xsd/hibernate-mapping classpath://org/hibernate/hibernate-mapping-4.0.xsd"
                   xmlns:xsi="http://www.w3.org/2001/XMLSchema-instance"
                   default-access="field" auto-import="true" package="org.nuiton.entities">

  <class name="org.nuiton.entities.Building" abstract="false">

    <id name="id" type="long">
      <generator class="increment"/>
    </id>

    <natural-id>
        <property name="number" access="field" type="long" column="number"/>
        <property name="name" access="field" type="text" column="name"/>
    </natural-id>

  </class>

</hibernate-mapping>
