<?xml version="1.0"?>
<!DOCTYPE hibernate-mapping PUBLIC
    "-//Hibernate/Hibernate Mapping DTD//EN"
    "http://hibernate.sourceforge.net/hibernate-mapping-3.0.dtd">

<hibernate-mapping package="temporal">

    <class name="Employer" table="EMPLOYER">
        <composite-id>
            <key-property name="id" column="EMPLOYER_ID"/>
            <key-property name="validFrom" column="VALID_FROM"/>
            <key-property name="validTo" column="VALID_TO"/>
        </composite-id>

        <property name="name" column="NAME"/>

        <property name="refId" column="EMPLOYER_ID" insert="false" update="false" access="field"/>

        <set name="employees" inverse="true" table="EMPLOYEE">
            <key column="EMPLOYED_BY" property-ref="refId"/>
            <one-to-many class="Employee"/>
            <filter name="temporalFilter"
                    condition="VALID_FROM &lt; :restrictionDate and VALID_TO &gt; :restrictionDate"/>
        </set>

    </class>

    <class name="Employee" table="EMPLOYEE">
        <composite-id>
            <key-property name="id" column="EMPLOYEE_ID"/>
            <key-property name="validFrom" column="VALID_FROM"/>
            <key-property name="validTo" column="VALID_TO"/>
        </composite-id>

        <property name="name" column="NAME"/>

        <property name="employerId" column="EMPLOYED_BY"/>


    </class>

    <filter-def name="temporal">
        <filter-param name="restrictionDate" type="calendar"/>
    </filter-def>

</hibernate-mapping>
