<?xml version="1.0"?>
<!DOCTYPE hibernate-mapping PUBLIC "-//Hibernate/Hibernate Mapping DTD//EN"
                                   "http://hibernate.sourceforge.net/hibernate-mapping-2.0.dtd">

<hibernate-mapping>
	<!-- Colour -->
	<class name="com.fgl.ina.mastertables.colours.Colour" table="colour">
		<id name="colourID" column="colour_ID" type="integer" >
			<generator class="net.sf.hibernate.id.IdentityGenerator"/>
		</id>
		<property name="nrfColourCode"    column="nrf_colour_code" type="string" length="50"/>
		<set name="descriptions" outer-join="false">
			<key column="colour_ID"/>
			<one-to-many class="com.fgl.ina.mastertables.colours.ColourDescription"/>
		</set>
	</class>

	<!-- Colour Description -->
	<class name="com.fgl.ina.mastertables.colours.ColourDescription" table="colour_description">
		<composite-id>
			<key-property name="ID"       column="colour_ID"       type="integer"/>
			<key-property name="language" column="locale"       type="string"/>
		</composite-id>

		<property name="description"      column="description"  type="string"/>
	</class>
</hibernate-mapping>
