<?xml version="1.0"?>
<!DOCTYPE hibernate-mapping PUBLIC
    "-//Hibernate/Hibernate Mapping DTD 3.0//EN"
    "http://hibernate.sourceforge.net/hibernate-mapping-3.0.dtd">
<hibernate-mapping package="common">
  <class name="Group" table="CM_GROUPS">
    <id name="id" type="string" column="ID">
      <generator class="uuid" />
    </id>
    <property name="name" type="string" column="NAME" not-null="true" unique="true" />
  </class>

  <class name="Site" table="CM_SITES">
    <id name="id" type="string" column="ID">
      <generator class="uuid" />
    </id>
    <properties name="unique" unique="true">
      <property name="name" type="string" column="NAME" not-null="true" />
      <many-to-one name="group" class="Group" column="GROUP_ID" not-null="true" />
    </properties>
  </class>
</hibernate-mapping>