<?xml version="1.0" encoding="ISO-8859-1"?>
<!DOCTYPE hibernate-mapping PUBLIC "-//Hibernate/Hibernate Mapping DTD 3.0//EN" 
"http://hibernate.sourceforge.net/hibernate-mapping-3.0.dtd">
<hibernate-mapping package="domain">

	<class name="Invoice">
		<id name="id" type="long" unsaved-value="null">
			<generator class="native" />
		</id>

		<property name="invoiceDate" />

		<many-to-one name="customer" class="Customer"
			cascade="none">
			<column name="CUSTOMER_ID" not-null="true" />
		</many-to-one>

	</class>

</hibernate-mapping>