<?xml version="1.0"?>
<!DOCTYPE hibernate-mapping PUBLIC
        "-//Hibernate/Hibernate Mapping DTD 3.0//EN"
        "http://www.hibernate.org/dtd/hibernate-mapping-3.0.dtd">

<hibernate-mapping package="hibernatemapcascadekey">
    <class name="MyValueEntity">
        <id name="id">
            <generator class="org.hibernate.id.SequenceGenerator">
                <param name="sequence">hibernate_sequence</param>
            </generator>
        </id>
        <property name="valueString" />
    </class>

    <class name="MyKeyEntity">
        <id name="id">
            <generator class="org.hibernate.id.SequenceGenerator">
                <param name="sequence">hibernate_sequence</param>
            </generator>
        </id>
        <property name="keyString" />
    </class>

    <class name="MyOwningEntity">
        <id name="id">
            <generator class="org.hibernate.id.SequenceGenerator">
                <param name="sequence">hibernate_sequence</param>
            </generator>
        </id>
        <map name="keyValueMap" cascade="all">
            <key column="MY_OWNING_ENTITY_ID" />
            <map-key-many-to-many column="KEY_ID" class="MyKeyEntity" />
            <many-to-many column="VALUE_ID" class="MyValueEntity" />
        </map>
    </class>

    <database-object>
        <create>
            CREATE SEQUENCE hibernate_sequence;
        </create>
        <drop></drop>
        <dialect-scope name="org.hibernate.dialect.H2Dialect" />
    </database-object>
</hibernate-mapping>