<?xml version="1.0" encoding="UTF-8"?>
<beans xmlns:xsi="http://www.w3.org/2001/XMLSchema-instance" xmlns="http://www.springframework.org/schema/beans"
       xsi:schemaLocation="http://www.springframework.org/schema/beans
http://www.springframework.org/schema/beans/spring-beans-2.5.xsd">
    <bean id="mySqlSessionFactory" class="org.springframework.orm.hibernate5.LocalSessionFactoryBean">
        <property name="dataSource" ref="dataSource"/>

        <property name="hibernateProperties">
            <props>
                <prop key="hibernate.dialect">org.hibernate.dialect.MySQLDialect</prop>
                <prop key="hibernate.globally_quoted_identifiers=true">true</prop>
                <prop key="hibernate.enable_lazy_load_no_trans">true</prop>
                <prop key="hibernate.show_sql">false</prop>
            </props>
        </property>

        <property name="mappingResources">
            <list>
                <value>mappings/category.hbm.xml</value>
                <value>mappings/product.hbm.xml</value>
                <value>mappings/vendor.hbm.xml</value>
            </list>
        </property>
    </bean>
</beans>