<?xml version="1.0" encoding="UTF-8"?>
<beans xmlns:xsi="http://www.w3.org/2001/XMLSchema-instance"
       xmlns:tx="http://www.springframework.org/schema/tx" xmlns:aop="http://www.springframework.org/schema/aop"
       xmlns="http://www.springframework.org/schema/beans"
       xsi:schemaLocation=
               "http://www.springframework.org/schema/beans
               http://www.springframework.org/schema/beans/spring-beans-4.0.xsd http://www.springframework.org/schema/tx http://www.springframework.org/schema/tx/spring-tx.xsd http://www.springframework.org/schema/aop http://www.springframework.org/schema/aop/spring-aop.xsd">
    <bean id="transactionManager" class="org.springframework.orm.hibernate5.HibernateTransactionManager">
        <property name="sessionFactory" ref="mySqlSessionFactory"/>
    </bean>
    <tx:annotation-driven transaction-manager="transactionManager"/>

    <tx:advice id="transactionAdvice" transaction-manager="transactionManager">
        <tx:attributes>
            <tx:method name="update*" read-only="false"
                       propagation="REQUIRED" rollback-for="java.lang.Exception"/>
            <tx:method name="save*" read-only="false"
                       propagation="REQUIRED" rollback-for="java.lang.Exception"/>
            <tx:method name="delete*" read-only="false"
                       propagation="REQUIRED" rollback-for="java.lang.Exception"/>
            <tx:method name="*"/>
        </tx:attributes>
    </tx:advice>

    <aop:config>
        <aop:advisor id="transactionManagerAdvisor" advice-ref="transactionAdvice"
                     pointcut="execution(* com.electronic.commerce.dao.*DAO.*(..))" order="1"/>
    </aop:config>
</beans>
