<?xml version="1.0" encoding="UTF-8"?>
<beans xmlns="http://www.springframework.org/schema/beans"
  xmlns:xsi="http://www.w3.org/2001/XMLSchema-instance" 
  xmlns:context="http://www.springframework.org/schema/context"
  xmlns:tx="http://www.springframework.org/schema/tx"
  xmlns:p="http://www.springframework.org/schema/p"
  xsi:schemaLocation="http://www.springframework.org/schema/beans
    http://www.springframework.org/schema/beans/spring-beans-3.0.xsd
    http://www.springframework.org/schema/context
    http://www.springframework.org/schema/context/spring-context-3.0.xsd 
    http://www.springframework.org/schema/tx 
    http://www.springframework.org/schema/tx/spring-tx.xsd">

	
	<!-- tx:annotation-driven /-->
  	<tx:annotation-driven transaction-manager="txManager"/>
  
  <context:component-scan 
    base-package="com.serisys.java8.testing" />
		
	<bean id="txManager"  class="org.springframework.orm.hibernate4.HibernateTransactionManager">
	    <property name="sessionFactory" ref="sessionFactory"/>
	</bean>

    <bean id="myDataSource" class="org.springframework.jdbc.datasource.DriverManagerDataSource">
<!--     	<property name="driverClassName" value="com.mysql.jdbc.Driver"/> -->
<!--         <property name="url" value="jdbc:mysql://localhost:3306/CANARY"/> -->
<!--         <property name="username" value="testuser"/> -->
<!--         <property name="password" value="testpasswd"/> -->
        <property name="driverClassName" value="oracle.jdbc.OracleDriver" />
        <property name="url" value="jdbc:oracle:thin:@//localhost:1521/canrypdb" />
        <property name="username" value="CANARY"/>
        <property name="password" value="cAnary101"/>
    </bean>
    		
    		
  <bean id="sessionFactory" class="org.springframework.orm.hibernate4.LocalSessionFactoryBean">
    <property name="dataSource" ref="myDataSource"></property>
    <property name="hibernateProperties">
      <props> 
      	<!-- Select SQL dialect appropriate for database implementation -->
<!--         <prop key="hibernate.dialect">${hib.sql.dialect}</prop> -->
        <prop key="hibernate.dialect">org.hibernate.dialect.Oracle10gDialect</prop>
<!--         <prop key="hibernate.dialect">org.hibernate.dialect.MySQL5InnoDBDialect</prop> -->
<!--    use this one to drop and regenerate the schema -->
        <prop key="hibernate.hbm2ddl.auto">create-drop</prop>
<!--    use this one to evolve an existing schema -->
<!--         <prop key="hibernate.hbm2ddl.auto">update</prop> -->
        <prop key="hibernate.connection.autocommit">false</prop> 
        <prop key="hibernate.connection.isolation">2</prop>
      </props>
    </property>
    <property name="packagesToScan" value="com.hibernate.elephants" />
  </bean>
	
	 <bean id="dao"
		class="com.serisys.java8.testing.DAO">
		<property name="sessionFactory" ref="sessionFactory" />
	</bean>
</beans>
