<?xml version='1.0' encoding='utf-8'?>
<!DOCTYPE hibernate-configuration PUBLIC "-//Hibernate/Hibernate Configuration DTD//EN" "http://hibernate.sourceforge.net/hibernate-configuration-3.0.dtd">
<hibernate-configuration>
    <session-factory>
        <property name="connection.driver_class">com.mysql.jdbc.Driver</property>
        <property name="connection.url">jdbc:mysql://localhost/scores_test</property>
        <property name="connection.username">root</property>
        <property name="connection.password"></property>
        <property name="dialect">org.hibernate.dialect.MySQLInnoDBDialect</property>
    </session-factory>
</hibernate-configuration>
