<?xml version="1.0"?>

<!DOCTYPE hibernate-mapping PUBLIC "-//Hibernate/Hibernate Mapping DTD 3.0//EN" "http://www.hibernate.org/dtd/hibernate-mapping-3.0.dtd">

<hibernate-mapping package="testcase.HHH_3868">

    <class name="Parent" mutable="true">
        <id name="id">
            <generator class="native"/>
        </id>
        <set name="children" cascade="all,delete-orphan">
            <key not-null="true"/>
            <one-to-many class="Child"/>
        </set>
    </class>
</hibernate-mapping>
