<?xml version="1.0"?>

<!DOCTYPE hibernate-mapping PUBLIC 
        "-//Hibernate/Hibernate Mapping DTD//EN"
        "http://hibernate.sourceforge.net/hibernate-mapping-2.0.dtd">

<hibernate-mapping>

  <class name="jdo.CSRZ" table="TBL_CSRZ">
  
    <!--<jcs-cache usage="read-write"/>-->
    
    <id name="id" column="CSRZ_ID" type="int" unsaved-value="null">
      <generator class="identity" />
    </id>
    <property name="kjnd_bh" column="CSRZ_KJND_BH" not-null="true" type="int"/>
    <property name="dw_bzdm" column="CSRZ_DW_BZDM" type="string"/>
    <property name="kssj" column="CSRZ_KSSJ" type="date"/>
    <property name="jssj" column="CSRZ_JSSJ" type="date"/>
    <property name="tbzt" column="CSRZ_TBZT" type="string"/>
    <property name="bz" column="CSRZ_BZ" type="string"/>
    <property name="zt_bm" column="CSRZ_ZT_BM" type="string"/>
  </class>  

</hibernate-mapping>