<?xml version="1.0"?>

<!DOCTYPE hibernate-mapping PUBLIC 
        "-//Hibernate/Hibernate Mapping DTD//EN"
        "http://hibernate.sourceforge.net/hibernate-mapping-2.0.dtd">

<hibernate-mapping>

  <class name="jdo.NCS" table="TBL_DWZT_NCS">
  
    <!--<jcs-cache usage="read-write"/>-->
    
    <composite-id>
       <key-property name="dw_bzdm" column="DW_BZDM"/>
       <key-property name="zt_bm" column="ZT_BM"/>
       <key-property name="flys_bm" column="NCS_FLYS_BM"/>
    </composite-id>
    
    <property name="yefx" column="NCS_YEFX" type="int"/>
    <property name="YE" column="NCS_YE" type="double"/>
    
	<set name="hbs" cascade="save-update">
	    <key>
	    	<column name="DW_BZDM"/>	
	    	<column name="ZT_BM"/>	
	    	<column name="NCS_FLYS_BM" />
	    </key>
		<one-to-many class="jdo.NCSHB"/>
	</set>
  </class>  

</hibernate-mapping>