<?xml version="1.0"?>

<!DOCTYPE hibernate-mapping PUBLIC 
        "-//Hibernate/Hibernate Mapping DTD//EN"
        "http://hibernate.sourceforge.net/hibernate-mapping-2.0.dtd">

<hibernate-mapping>

  <class name="jdo.NCSHB" table="TBL_DWZT_NCSHB">
  
    <!--<jcs-cache usage="read-write"/>-->
    
    <composite-id>
       <key-many-to-one name="ncs" class="jdo.NCS">
	    	<column name="DW_BZDM"/>	
	    	<column name="ZT_BM"/>	        
	    	<column name="NCS_FLYS_BM" />
       </key-many-to-one>
       <key-property name="hb_dm" column="NCSHB_DM"/>
    </composite-id>
    
    <property name="ye" column="NCSHB_YE" type="double"/>
  </class>  

</hibernate-mapping>