<?xml version="1.0"?>
<!DOCTYPE hibernate-mapping PUBLIC
        "-//Hibernate/Hibernate Mapping DTD 3.0//EN"
        "http://hibernate.sourceforge.net/hibernate-mapping-3.0.dtd">

<hibernate-mapping>
    <class name="test.SimpleDomainObject" lazy="false">
            <id name="id" column="id" type="long">
                <generator class="seqhilo">
                    <param name="sequence">hilo_sequence</param>
                    <param name="max_lo">1000</param>
                </generator>
            </id>
        <property name="name"/>
    </class>

</hibernate-mapping>
