<?xml version="1.0" encoding="UTF-8"?>
<!DOCTYPE hibernate-configuration PUBLIC
"-//Hibernate/Hibernate Configuration DTD 3.0//EN"
"http://hibernate.sourceforge.net/hibernate-configuration-3.0.dtd">

<hibernate-configuration>

	<session-factory>
		<!-- Database connection settings -->
		<property name="connection.driver_class">
			oracle.jdbc.OracleDriver
		</property>
		<property name="connection.url">
			jdbc:oracle:thin:@172.16.54.6:1521:fwelixir
		</property>
		<property name="connection.username">fw_dev</property>
		<property name="connection.password">fw_dev</property>
		<!-- JDBC connection pool (use the built-in) -->
		<property name="connection.pool_size">5</property>
		<!-- SQL dialect -->
		<property name="dialect">
			org.hibernate.dialect.Oracle9Dialect
		</property>
		<!-- Enable Hibernate's automatic session context management
		-->
		<property name="current_session_context_class">thread</property>
		<!-- Disable the second-level cache -->
		<property name="cache.provider_class">
			org.hibernate.cache.HashtableCacheProvider</property>
		<!-- Echo all executed SQL to stdout -->
		<property name="show_sql">true</property>
		<!-- Drop and re-create the database schema on startup -->
		<!-- <property name="hbm2ddl.auto">create</property> -->


		<property name="org.hibernate.envers.auditTableSuffix">_AUD</property>
		<property name="org.hibernate.envers.revisionFieldName">
			rev </property>
			

		<!-- <mapping resource="com/hibernate/test/Bank.hbm.xml" /> -->
		<mapping resource="com/hibernate/test/Client.hbm.xml" />
	
			
		<event type="post-insert">
            <listener class="org.hibernate.envers.event.AuditEventListener" />
        </event>
        <event type="post-update">
            <listener class="org.hibernate.envers.event.AuditEventListener" />
        </event>
        <event type="post-delete">
            <listener class="org.hibernate.envers.event.AuditEventListener" />
        </event>
        <event type="pre-collection-update">
            <listener class="org.hibernate.envers.event.AuditEventListener" />
        </event>
        <event type="pre-collection-remove">
            <listener class="org.hibernate.envers.event.AuditEventListener" />
        </event>
        <event type="post-collection-recreate">
            <listener class="org.hibernate.envers.event.AuditEventListener" />
        </event>
       
        <!--<event type="post-insert">
            <listener class="org.jboss.envers.event.VersionsEventListener" />
        </event>
        <event type="post-update">
            <listener class="org.jboss.envers.event.VersionsEventListener" />
        </event>
        <event type="post-delete">
            <listener class="org.jboss.envers.event.VersionsEventListener" />
        </event>
        <event type="pre-collection-update">
            <listener class="org.jboss.envers.event.VersionsEventListener" />
        </event>
        <event type="pre-collection-remove">
            <listener class="org.jboss.envers.event.VersionsEventListener" />
        </event>
        <event type="post-collection-recreate">
            <listener class="org.jboss.envers.event.VersionsEventListener" />
        </event>


	--></session-factory>



</hibernate-configuration>
