<?xml version='1.0' encoding='utf-8'?>
<!DOCTYPE hibernate-configuration
    PUBLIC "-//Hibernate/Hibernate Configuration DTD//EN"
    "http://hibernate.sourceforge.net/hibernate-configuration-3.0.dtd">

<hibernate-configuration>

    <session-factory>
		<property name="dialect">org.hibernate.dialect.MySQLDialect</property>
        <property name="connection.driver_class">org.gjt.mm.mysql.Driver</property>
        <property name="hibernate.connection.url">jdbc:mysql://localhost/SportTracker</property>
        <property name="hibernate.connection.username">root</property>
        <property name="hibernate.connection.password">root</property>

        <property name="show_sql">true</property>

        <!-- Mapping files -->
        <mapping resource="com/eyrolles/sportTracker/model/Person.hbm.xml"/>
       
    </session-factory>

</hibernate-configuration>