<?xml version="1.0" encoding="UTF-8"?>
<beans xmlns="http://www.springframework.org/schema/beans"
	xmlns:xsi="http://www.w3.org/2001/XMLSchema-instance" xmlns:jdbc="http://www.springframework.org/schema/jdbc"
	xsi:schemaLocation="http://www.springframework.org/schema/beans http://www.springframework.org/schema/beans/spring-beans-4.0.xsd
						http://www.springframework.org/schema/jdbc http://www.springframework.org/schema/jdbc/spring-jdbc-4.0.xsd">
	

	<bean id="sessionFactory" class="org.springframework.orm.hibernate5.LocalSessionFactoryBean">		
		<property name="mappingLocations">
			<list>
				<value>classpath*:org/hibernate/sample/**/*.hbm.xml</value>
			</list>
		</property>		
		<property name="hibernateProperties">
			<props>				
				<prop key="hibernate.dialect">org.hibernate.dialect.Oracle10gDialect</prop>
				<prop key="hibernate.cache.use_structured_entries">true</prop>				
				<prop key="javax.persistence.validation.mode">none</prop>
				<prop key="hibernate.show_sql">false</prop>
				<prop key="hibernate.format_sql">true</prop>
				<prop key="hibernate.use_sql_comments">false</prop>				
				<prop key="hibernate.generate_statistics">false</prop>
				<prop key="hibernate.jdbc.batch_size">50</prop>
				<prop key="hibernate.bytecode.use_reflection_optimizer">true</prop>		
				<prop key="hibernate.id.new_generator_mappings">false</prop>		
			</props>
		</property>
		<property name="dataSource" ref="dataSource" />		
	</bean>
	
</beans>
	