<?xml version="1.0"?>
<!DOCTYPE hibernate-mapping PUBLIC
	"-//Hibernate/Hibernate Mapping DTD 3.0//EN"
	"http://hibernate.sourceforge.net/hibernate-mapping-3.0.dtd">
<hibernate-mapping>
	<class name="com.example.Service" table="SERVICE">
		<id name="serviceId" column="SERVICE_ID" type="long">
			<generator class="identity" />
		</id>
		<set name="versions" cascade="all" lazy="true" inverse="true" sort="com.example.VersionComparator">
			<key column="SERVICE_ID" />
			<one-to-many class="com.example.ServiceVersion" />
		</set>
	</class>
</hibernate-mapping>
