<?xml version="1.0" encoding="UTF-8"?>
<!DOCTYPE hibernate-mapping SYSTEM
   "file:///C:/hibernate-2.1/src/net/sf/hibernate/hibernate-mapping-2.0.dtd">
<hibernate-mapping package="hibtest">
   <class name="Bar" table="persons_involved" dynamic-update="true">
      <id name="id" access="field" type="long" column="person_id">
         <generator class="native">
            <param name="sequence">GENERIC_PK_SEQ</param>
         </generator>
      </id>
      <version name="version" column="version" access="field" type="integer" unsaved-value="null"/>
      <set name="subs" access="field" lazy="true" table="incident_role"
         cascade="all">
         <key column="person_id"/>
         <many-to-many class="Sub" column="incident_role_code"/>
      </set>
   </class>
</hibernate-mapping>