<?xml version="1.0" encoding="UTF-8"?>
<!DOCTYPE hibernate-mapping SYSTEM
   "file:///C:/hibernate-2.1/src/net/sf/hibernate/hibernate-mapping-2.0.dtd">
<hibernate-mapping package="hibtest">
   <class name="Foo" table="incident">
      <id name="id" access="field" type="long" column="incident_id">
         <generator class="native">
            <param name="sequence">GENERIC_PK_SEQ</param>
         </generator>
      </id>
      <version name="version" column="version" access="field" type="integer" unsaved-value="null"/>
      <property name="fooNumber" access="field" column="incident_number"
         type="string" length="10" not-null="true" unique="true"/>
      <set name="bars" access="field" lazy="true" cascade="all">
         <key column="incident_id"/>
         <one-to-many class="Bar"/>
      </set>
   </class>
</hibernate-mapping>