<?xml version="1.0" encoding="UTF-8"?>
<!DOCTYPE hibernate-mapping SYSTEM
   "file:///C:/hibernate-2.1/src/net/sf/hibernate/hibernate-mapping-2.0.dtd">
<hibernate-mapping package="hibtest">
   <class name="Sub" table="incident_role_type" mutable="false">
      <cache usage="read-only"/>
      <id name="id" access="field" type="string" column="incident_role_code">
         <generator class="assigned"/>
      </id>
      <property name="descEng" access="field" column="desc_e" type="string"
         length="30"/>
      <property name="descFre" access="field" column="desc_f" type="string"
         length="30"/>
   </class>
</hibernate-mapping> 