<?xml version="1.0" encoding="UTF-8"?>
<!-- 
/*
 * Copyright 2001-2004 The Apache Software Foundation.
 * 
 * Licensed under the Apache License, Version 2.0 (the "License");
 * you may not use this file except in compliance with the License.
 * You may obtain a copy of the License at
 * 
 *      http://www.apache.org/licenses/LICENSE-2.0
 * 
 * Unless required by applicable law or agreed to in writing, software
 * distributed under the License is distributed on an "AS IS" BASIS,
 * WITHOUT WARRANTIES OR CONDITIONS OF ANY KIND, either express or implied.
 * See the License for the specific language governing permissions and
 * limitations under the License.
 */
 -->


<project>
  <!-- the version of maven's project object model -->

  <pomVersion>3</pomVersion>
  <!-- a unique name for this project -->

  <id>com.sourcelabs.repro</id>
  <!-- a short but descriptive name for the project -->

  <name>SUP-7 Repro</name>
  <!-- The version of the project under development, e.g.
       1.1, 1.2, 2.0-SNAPSHOT -->

  <currentVersion>1.0</currentVersion>
  <!-- details about the organization that 'owns' the project -->

  <organization>
    <name>Apache Software Foundation</name>
    <url>http://www.apache.org/</url>
    <logo>http://maven.apache.org/images/jakarta-logo-blue.gif</logo>
  </organization>
  <!-- the year the project started -->

  <inceptionYear>2002</inceptionYear>
  <package>com.sourcelabs.repro</package>
  <logo>http://maven.apache.org/images/maven.jpg</logo>
  <description>A collection of example projects showing how to use maven in different situations</description>
  <!-- a short description of what the project does -->

  <shortDescription>How to use maven in different situations</shortDescription>
  <!-- the project home page -->

  <url>http://maven.apache.org/reference/plugins/examples/</url>
  <issueTrackingUrl>http://nagoya.apache.org/scarab/servlet/scarab/</issueTrackingUrl>
  <siteAddress>jakarta.apache.org</siteAddress>
  <siteDirectory>/www/maven.apache.org/reference/plugins/examples/</siteDirectory>
  <distributionDirectory>/www/maven.apache.org/builds/</distributionDirectory>
  <!-- the version control repository and http url for online access
       the connection element has the form:
       scm:<system>:<system specific connection string> -->

  <repository>
    <connection>scm:cvs:pserver:anoncvs@cvs.apache.org:/home/cvspublic:maven-plugins/examples</connection>
    <url>http://cvs.apache.org/viewcvs/maven-plugins/examples/</url>
  </repository>
  <!-- any mailing lists for the project -->

  <mailingLists/>
  <!-- who the developers are for the project -->

  <developers/>
  <!-- jar files the project is dependent on -->

  <dependencies>
        <dependency>
            <id>hibernate</id>
            <version>3.0.5</version>
        </dependency>
        <dependency>
            <id>antlr</id>
            <version>2.7.2</version>
        </dependency>
        <dependency>
            <id>commons-lang</id>
            <version>2.1</version>
        </dependency>
        <dependency>
            <id>commons-collections</id>
            <version>3.1</version>
        </dependency>
        <dependency>
            <id>hsqldb</id>
            <version>1.8.0.1</version>
        </dependency>
        <dependency>
            <id>cglib</id>
            <version>2.1_2</version>
        </dependency>
        <dependency>
            <id>asm</id>
            <version>1.5.3</version>
        </dependency>
        <dependency>
            <id>ehcache</id>
            <version>1.1</version>
        </dependency>
        <dependency>
            <id>commons-logging</id>
            <version>1.0.4</version>
        </dependency>
        <dependency>
          <id>dom4j</id>
          <version>1.4-dev-8</version>
        </dependency>
        <dependency>
          <id>j2ee</id>
          <version>1.3.1</version>
        </dependency>
    </dependencies>
  <!-- build information for the project -->

  <build>
    <nagEmailAddress>turbine-maven-dev@jakarta.apache.org</nagEmailAddress>
    <sourceDirectory>src/java</sourceDirectory>
    <unitTestSourceDirectory>src/test</unitTestSourceDirectory>
    <unitTest>
      <includes>
        <include>**/*Test.java</include>
      </includes>
      <excludes>
        <exclude>**/Abstract*.java</exclude>
      </excludes>
    </unitTest>
    <resources>
      <resource>
        <directory>conf</directory>
        <includes>
          <include>*.properties</include>
        </includes>
      </resource>
    </resources>
  </build>
</project>
