<?xml version="1.0" encoding="UTF-8"?>
<project xmlns="http://www.netbeans.org/ns/project/1">
    <type>org.netbeans.modules.ant.freeform</type>
    <configuration>
        <general-data xmlns="http://www.netbeans.org/ns/freeform-project/1">
            <name>CGLib</name>
        </general-data>
        <general-data xmlns="http://www.netbeans.org/ns/freeform-project/2">
            <!-- Do not use Project Properties customizer when editing this file manually. -->
            <name>CGLib</name>
            <properties/>
            <folders>
                <source-folder>
                    <label>CGLib</label>
                    <location>.</location>
                    <encoding>UTF-8</encoding>
                </source-folder>
                <source-folder>
                    <label>src\proxy</label>
                    <type>java</type>
                    <location>src/proxy</location>
                    <encoding>UTF-8</encoding>
                </source-folder>
                <source-folder>
                    <label>src\test</label>
                    <type>java</type>
                    <location>src/test</location>
                    <encoding>UTF-8</encoding>
                </source-folder>
            </folders>
            <ide-actions>
                <action name="build">
                    <target>jar</target>
                </action>
                <action name="clean">
                    <target>clean</target>
                </action>
                <action name="javadoc">
                    <target>javadoc</target>
                </action>
                <action name="test">
                    <target>test</target>
                </action>
                <action name="rebuild">
                    <target>clean</target>
                    <target>jar</target>
                </action>
            </ide-actions>
            <export>
                <type>folder</type>
                <location>build/proxy</location>
                <build-target>jar</build-target>
            </export>
            <view>
                <items>
                    <source-folder style="packages">
                        <label>src\proxy</label>
                        <location>src/proxy</location>
                    </source-folder>
                    <source-folder style="packages">
                        <label>src\test</label>
                        <location>src/test</location>
                    </source-folder>
                    <source-file>
                        <location>build.xml</location>
                    </source-file>
                </items>
                <context-menu>
                    <ide-action name="build"/>
                    <ide-action name="rebuild"/>
                    <ide-action name="clean"/>
                    <ide-action name="javadoc"/>
                    <ide-action name="test"/>
                </context-menu>
            </view>
            <subprojects/>
        </general-data>
        <java-data xmlns="http://www.netbeans.org/ns/freeform-project-java/2">
            <compilation-unit>
                <package-root>src/proxy</package-root>
                <classpath mode="compile">lib/ant.jar;lib/asm-attrs.jar;lib/asm-util.jar;lib/asm.jar;lib/aspectwerkz-core-0.10.RC1.jar;lib/jarjar.jar;lib/junit.jar</classpath>
                <built-to>build/proxy</built-to>
                <source-level>1.4</source-level>
            </compilation-unit>
            <compilation-unit>
                <package-root>src/test</package-root>
                <unit-tests/>
                <classpath mode="compile">lib/ant.jar;lib/asm-attrs.jar;lib/asm-util.jar;lib/asm.jar;lib/aspectwerkz-core-0.10.RC1.jar;lib/jarjar.jar;lib/junit.jar;src/proxy</classpath>
                <source-level>1.4</source-level>
            </compilation-unit>
        </java-data>
        <preferences xmlns="http://www.netbeans.org/ns/auxiliary-configuration-preferences/1">
            <module name="org-netbeans-modules-editor-indent">
                <node name="CodeStyle">
                    <property name="usedProfile" value="default"/>
                    <node name="project">
                        <property name="tab-size" value="8"/>
                        <property name="text-limit-width" value="80"/>
                    </node>
                </node>
            </module>
        </preferences>
    </configuration>
</project>
