<!DOCTYPE hibernate-configuration PUBLIC
	"-//Hibernate/Hibernate Configuration DTD 3.0//EN"
	"http://www.hibernate.org/dtd/hibernate-configuration-3.0.dtd">

<hibernate-configuration>
<session-factory>

	<!-- 
	-->
	<property name="connection.url">jdbc:mysql:///testhibernate</property>
	<property name="connection.driver_class">
		com.mysql.jdbc.Driver
	</property>
	<property name="connection.username">root</property>
	<property name="connection.password">root</property>

	<!-- 数据库信息（连接信息写到spring的配置文件中） -->
	<property name="dialect">
		org.hibernate.dialect.MySQL5Dialect
	</property>

	<!-- c3p0配置 -->
	<!--最大连接数--> 
	<property name="hibernate.c3p0.max_size">40</property> 
	<!-- 最小连接数--> 
	<property name="hibernate.c3p0.min_size">5</property> 
	<!-- 获得连接的超时时间,如果超过这个时间,会抛出异常，单位毫秒--> 
	<property name="hibernate.c3p0.timeout">120</property> 
	<!-- 最大的PreparedStatement的数量--> 
	<property name="hibernate.c3p0.max_statements">200</property> 
	<!-- 每隔120秒检查连接池里的空闲连接，单位是秒--> 
	<property name="hibernate.c3p0.idle_test_period">120</property> 
	<!-- 当连接池里面的连接用完的时候，C3P0一下获取的新的连接数--> 
	<property name="hibernate.c3p0.acquire_increment">5</property> 
	<!-- 每次都验证连接是否可用--> 
	<property name="hibernate.c3p0.validate">true</property>
	
	<!-- org.springframework.orm.hibernate4.SpringSessionContext/thread -->
	<property name="current_session_context_class">
		thread
	</property>
	<property name="hibernate.temp.use_jdbc_metadata_defaults">
		false
	</property>
		
	<!-- 设置是否检查空 -->
	<property name="hibernate.check_nullability">false</property>

	<!-- 其他配置 -->
	<property name="show_sql">true</property>
	<property name="format_sql">false</property>
	<property name="use_sql_comments">false</property>
	<!-- 
		<property name="hbm2ddl.auto">validate</property>
	-->
	<property name="javax.persistence.validation.mode">none</property>

	<!-- 导入映射配置 -->
	<mapping resource="com/offia/domain/Book.hbm.xml" />
	<mapping resource="com/offia/domain/BookDetail.hbm.xml" />
	
</session-factory>
</hibernate-configuration>