<?xml version='1.0' encoding='utf-8'?>
<!DOCTYPE hibernate-configuration PUBLIC
"-//Hibernate/Hibernate Configuration DTD 3.0//EN"
"http://hibernate.sourceforge.net/hibernate-configuration-3.0.dtd">

<hibernate-configuration>
	<session-factory>
		<!-- Database connection settings -->
		<property name="connection.driver_class">
			oracle.jdbc.driver.OracleDriver
		</property>
		<property name="connection.url">
			jdbc:oracle:thin:@ntlin2:1521:coll31dev
		</property>
		<property name="connection.username">pewn</property>
		<property name="connection.password">pewn</property>
		<!-- JDBC connection pool (use the built-in) -->
		<property name="connection.pool_size">5</property>
		<!-- Enable Hibernate's automatic session context management -->
		<property name="current_session_context_class">thread</property>
		<!-- SQL dialect -->
		<property name="dialect">
			org.hibernate.dialect.Oracle9Dialect
		</property>
		<!-- Echo all executed SQL to stdout -->
		<property name="show_sql">true</property>
		<!-- Drop and re-create the database schema on startup -->
		<property name="hbm2ddl.auto">create</property>
		<mapping resource="ClassA.hbm.xml" />
		<mapping resource="ClassB.hbm.xml" />
	</session-factory>
</hibernate-configuration>