<?xml version='1.0' encoding='utf-8'?>
<!DOCTYPE hibernate-configuration PUBLIC
        "-//Hibernate/Hibernate Configuration DTD 3.0//EN"
        "http://hibernate.sourceforge.net/hibernate-configuration-3.0.dtd">
<hibernate-configuration>
  <session-factory>
    <property name="connection.driver_class">org.firebirdsql.jdbc.FBDriver</property>
    <property name="connection.url">jdbc:firebirdsql:localhost:d:/bases/OPEN_PILOTE.GDB</property>
    <property name="connection.username">sysdba</property>
    <property name="connection.password">masterkey</property>
    <property name="connection.pool_size">1</property>
    <property name="dialect">org.hibernate.dialect.FirebirdDialect</property>
    <property name="current_session_context_class">thread</property>
    <property name="cache.provider_class">org.hibernate.cache.EhCacheProvider</property>
    <property name="cache.use_second_level_cache">true</property>
    <property name="cache.use_query_cache">true</property>
    <property name="show_sql">true</property>
    <property name="hbm2ddl.auto">create</property>
    <mapping resource="ObjetTest.hbm.xml" />
  </session-factory>
</hibernate-configuration>

