<?xml version="1.0"?>
<!DOCTYPE hibernate-mapping PUBLIC
"-//Hibernate/Hibernate Mapping DTD 2.0//EN"
"http://hibernate.sourceforge.net/hibernate-mapping-3.0.dtd">

<hibernate-mapping>
  <class name="ObjetTest" lazy="true">
    <id name="oid">
      <generator class="native"/>
    </id>
    <property name="code" type="java.lang.Integer"/>
    <property name="label" type="java.lang.String" length="40" unique-key="UQ_OBJTSTLBL_"/>
    <many-to-one name="parent" class="ObjetTest"/>
    <set name="children" table="OBJET_TEST_OBJET_TEST" cascade="all-delete-orphan" lazy="true">
      <key>
        <column name="CHILDREN__" />
      </key>
      <one-to-many class="ObjetTest" />
    </set>
  </class>
</hibernate-mapping>
