<config
        xmlns:xsi="http://www.w3.org/2001/XMLSchema-instance"
        xmlns="http://www.ehcache.org/v3"
        xmlns:jsr107="http://www.ehcache.org/v3/jsr107"
        xsi:schemaLocation="
            http://www.ehcache.org/v3 http://www.ehcache.org/schema/ehcache-core-3.10.8.xsd
            http://www.ehcache.org/v3/jsr107 http://www.ehcache.org/schema/ehcache-107-ext-3.10.8.xsd">
    <service>
        <jsr107:defaults enable-management="true" enable-statistics="true" default-template="defaultCache"/>
    </service>

    <cache-template name="defaultCache">
        <key-type copier="org.ehcache.impl.copy.IdentityCopier">java.lang.Object</key-type>
        <value-type copier="org.ehcache.impl.copy.IdentityCopier">java.lang.Object</value-type>
        <expiry>
            <ttl unit="minutes">5</ttl>
        </expiry>
        <heap>100000</heap>
    </cache-template>

    <cache alias="default-update-timestamps-region" uses-template="defaultCache">
        <expiry>
            <none/>
        </expiry>
    </cache>
</config>
