<?xml version="1.0"?>
<!DOCTYPE hibernate-mapping PUBLIC
    "-//Hibernate/Hibernate Mapping DTD 3.0//EN"
    "http://hibernate.sourceforge.net/hibernate-mapping-3.0.dtd" >

<hibernate-mapping package="hibernate">
	<class name="A" table="A" where="ind = 'A'">
		<id name="id" type="long" column="ID">
			<generator class="sequence">
				<param name="sequence">CATEGORY_SEQ</param>
			</generator>
		</id>
		<property name="ind" column="IND" not-null="true" type="string" />
		<joined-subclass extends="A" name="B">
			<key column="id"></key>
			<many-to-one name="x" column="X_ID" class="X" unique="true"></many-to-one>
		</joined-subclass>
	</class>
</hibernate-mapping>