<?xml version="1.0" encoding="utf-8"?>
<!DOCTYPE hibernate-configuration PUBLIC
"-//Hibernate/Hibernate Configuration DTD 3.0//EN"
"http://hibernate.sourceforge.net/hibernate-configuration-3.0.dtd">
<hibernate-configuration>
    <session-factory >
        <property name="hibernate.connection.driver_class">oracle.jdbc.driver.OracleDriver</property>
        <property name="hibernate.connection.url">jdbc:oracle:thin:@localhost:1521:XE</property>
        <property name="hibernate.connection.username">test</property>
        <property name="hibernate.connection.password">test</property>
        <property name="hibernate.dialect">org.hibernate.dialect.Oracle9Dialect</property>
        <property name="hibernate.show_sql">true</property>
        <property name="hibernate.format_sql">true</property>
        <property name="hibernate.use_sql_comments">true</property>
        <property name="cache.provider_class">org.hibernate.cache.NoCacheProvider</property>
        <property name="current_session_context_class">thread</property>
        <mapping resource="hibernate/A.hbm.xml" />
        <mapping resource="hibernate/X.hbm.xml" />
    </session-factory>
</hibernate-configuration>
