<?xml version="1.0"?>
<!DOCTYPE hibernate-mapping PUBLIC
    "-//Hibernate/Hibernate Mapping DTD 3.0//EN"
    "http://hibernate.sourceforge.net/hibernate-mapping-3.0.dtd" >

<hibernate-mapping package="hibernate">
	<class name="X" table="X">
		<id name="id" type="long" column="ID">
			<generator class="sequence">
				<param name="sequence">BID_SEQ</param>
			</generator>
		</id>
		<property name="ind" column="IND" not-null="true" type="string" />
		<one-to-one name="b" property-ref="x"></one-to-one>
	</class>
</hibernate-mapping>