<?xml version="1.0" encoding="UTF-8"?>

<connection-factories>
 
  <!-- ==================================================================== -->
  <!-- An Example Config                                                    -->
  <!-- ==================================================================== -->
  <!--
  <tx-connection-factory>

    <jndi-name>jca/HibernateSessionFactory</jndi-name>

    <local-transaction/>

    <adapter-display-name>Hibernate Resource Adapter</adapter-display-name>

    <config-property name="Dialect" type="java.lang.String">net.sf.hibernate.dialect.FrontBaseDialect</config-property>
    <config-property name="DatasourceJndi" type="java.lang.String">java:/IQueFrontBaseDS</config-property>
    <config-property name="HibernateProperties" type="java.lang.String">hibernate.properties</config-property>
    <config-property name="MapResources" type="java.lang.String"></config-property>


    <min-pool-size>1</min-pool-size>
    <max-pool-size>10</max-pool-size>
            
    <blocking-timeout-millis>5000</blocking-timeout-millis>
    <idle-timeout-minutes>15</idle-timeout-minutes>
    
    <depends>jboss.jca:name=IQueFrontBaseDS,service=LocalTxCM</depends>
        
  </tx-connection-factory>
  -->
  
  <tx-connection-factory>

    <jndi-name>jca/HibernateSessionFactory</jndi-name>

    <local-transaction/>
    <!-- Uncomment if XA transactions are necessary -->
    <!--
      <xa-transaction>
    --> 

    <adapter-display-name>Hibernate Resource Adapter</adapter-display-name>

    <config-property name="Dialect" type="java.lang.String"><!-- Insert dialect class name here --></config-property>
    <config-property name="DatasourceJndi" type="java.lang.String"><!-- Insert JNDI name of DataSource here --></config-property>
    <config-property name="HibernateProperties" type="java.lang.String">hibernate.properties</config-property>
    <config-property name="MapResources" type="java.lang.String"><!--Insert comma separated list of mapping files here --></config-property>

    <!-- These should be sized according to the sizing of the underlying DataSource -->
    <min-pool-size>1</min-pool-size>
    <max-pool-size>10</max-pool-size>
            
    <blocking-timeout-millis>5000</blocking-timeout-millis>
    <idle-timeout-minutes>15</idle-timeout-minutes>
    
    <!-- Uncomment to use a security realm -->
    <!--
    <security-domain-and-application></security-domain-and-application>
    -->
    
    <!-- ========================================================================== -->
    <!-- This is required because to ensure that the Hibernate Session Factory      -->
    <!-- deploys after the underlying DataSource deployment.                        -->
    <!-- ========================================================================== -->
    <depends><!-- Insert fully qualified JMX ObjectName of DataSource (See JMX console for value if already deployed) --></depends>
    
        
  </tx-connection-factory>
  
  

</connection-factories>
