<?xml version="1.0"?>
<!DOCTYPE hibernate-mapping PUBLIC "-//Hibernate/Hibernate Mapping DTD 3.0//EN"
"http://hibernate.sourceforge.net/hibernate-mapping-3.0.dtd">
<hibernate-mapping >
	<class name="SymbolMappingImpl" table="SymbolMapping">
		<id name="id" column="SymbolMappingId" type="int">
			<generator class="identity" />
		</id>
		
		<component name="businessKey" class="com.archinsurance.rdm.entity.archlink.SymbolMappingKey">
			<property name="subBusinessDivisionCdId" column="SubBusinessDivisionCdId" />
			<property name="productFamilyCdId" column="ProductFamilyCdId" />
			<property name="symbolCdId" column="SymbolCdId" />
			<property name="companyCdId" column="CompanyCdId" />
			<property name="stateCdId" column="StateCdId" />
		</component>
	</class>
</hibernate-mapping>

