<?xml version="1.0"?>
<!DOCTYPE hibernate-mapping PUBLIC
    "-//Hibernate/Hibernate Mapping DTD 3.0//EN"
    "http://hibernate.sourceforge.net/hibernate-mapping-3.0.dtd">

<hibernate-mapping>
	<class name="hbug960.Component"
		table="GEN_COMPONENT">
		<id name="id" column="ID" type="long">
			<generator class="native" />
		</id>

		<property name="name" />

		<many-to-one name="parent"
			column="parent_id" access="field" lazy="proxy"/>
			
		<bag name="children" lazy="true"
			inverse="true" order-by="name" access="field" cascade="all">
			<key column="parent_id" on-delete="cascade"/>
			<one-to-many class="hbug960.Component" />
		</bag>
		
		<map name="values" lazy="true" access="field" inverse="true"
			cascade="all">
			<key column="component_id" on-delete="cascade" />
			<map-key-many-to-many class="hbug960.Property">
				<column name="property_id" />
			</map-key-many-to-many>
			<one-to-many class="hbug960.Value" />
		</map>
	</class>

</hibernate-mapping>