<?xml version='1.0' encoding='utf-8'?>
<!DOCTYPE hibernate-configuration PUBLIC
    "-//Hibernate/Hibernate Configuration DTD//EN"
    "http://hibernate.sourceforge.net/hibernate-configuration-3.0.dtd">

<hibernate-configuration>

	<session-factory>

		<property name="hibernate.dialect">org.hibernate.dialect.MckoiDialect</property>
		
		<property name="hibernate.connection.driver_class">com.mckoi.JDBCDriver</property>
		<property name="hibernate.connection.url">jdbc:mckoi:local://./db/db.conf</property>
		<property name="hibernate.connection.username">admin</property>
		<property name="hibernate.connection.password">admin</property>
		<property name="hibernate.connection.pool_size">1</property>
		<property name="hibernate.connection.isolation">8</property>
		<property name="hibernate.show_sql">true</property>
		<property name="hibernate.format_sql">true</property>
		<property name="hibernate.use_sql_comments">false</property>
		
		<!--property name="hibernate.c3p0.min_size">5</property>
		<property name="hibernate.c3p0.max_size">20</property>
		<property name="hibernate.c3p0.timeout">1800</property>
		<property name="hibernate.c3p0.max_statements">50</property-->								

		<property name="hibernate.jdbc.batch_size">50</property>
		<property name="hibernate.jdbc.fetch_size">50</property>
		<property name="hibernate.jdbc.use_scrollable_resultset">true</property>
		<property name="hibernate.jdbc.use_streams_for_binary">true</property>
		<property name="hibernate.cglib.use_reflection_optimizer">true</property>
		<property name="hibernate.default_batch_fetch_size">32</property>
		<property name="hibernate.cache.use_query_cache">true</property>
		
		<mapping resource="hbug960/Component.hbm.xml"/>
		<mapping resource="hbug960/Value.hbm.xml"/>
		<mapping resource="hbug960/Property.hbm.xml"/>
		
    </session-factory>

</hibernate-configuration>
