<!DOCTYPE hibernate-configuration PUBLIC
	"-//Hibernate/Hibernate Configuration DTD 3.0//EN"
	"http://hibernate.sourceforge.net/hibernate-configuration-3.0.dtd">
<hibernate-configuration>
	<session-factory>
		<property name="connection.driver_class">
			oracle.jdbc.driver.OracleDriver
		</property>
		<property name="connection.url">
			jdbc:oracle:thin:@msdn6:1521:pe4j005
		</property>

		<property name="connection.username">L4</property>
		<property name="connection.password">L4</property>

		<property name="dialect">
			org.hibernate.dialect.Oracle9Dialect
		</property>
		<property name="show_sql">true</property>
		<property name="max_fetch_depth">1</property>

		<mapping resource="dummy/Mapping.hbm.xml" />
	</session-factory>
</hibernate-configuration>


