<?xml version="1.0"?>
<!DOCTYPE hibernate-mapping PUBLIC
        "-//Hibernate/Hibernate Mapping DTD 3.0//EN"
        "http://www.hibernate.org/dtd/hibernate-mapping-3.0.dtd">

<hibernate-mapping package="rh.test.hibernate.xml">

    <class name="ParentXML" table="parent_xml" discriminator-value="PARENT">
        <id name="id" type="string" length="36"/>
        <discriminator column="dtype"/>
    </class>

    <subclass name="SubXML" extends="ParentXML" discriminator-value="SUB">
        <join table="sub_xml">
            <key column="id"/>
        </join>
    </subclass>

    <subclass name="SubSubXML" extends="SubXML" discriminator-value="SUB-SUB">
        <join table="sub_sub_xml">
            <key column="id"/>
        </join>
    </subclass>

</hibernate-mapping>