<?xml version="1.0" encoding="utf-8"?>
<beans xmlns="http://www.springframework.org/schema/beans"  xmlns:xsi="http://www.w3.org/2001/XMLSchema-instance"
    xmlns:tx="http://www.springframework.org/schema/tx"
    xmlns:context="http://www.springframework.org/schema/context" 
    xsi:schemaLocation="http://www.springframework.org/schema/beans 
        http://www.springframework.org/schema/beans/spring-beans-3.2.xsd 
        http://www.springframework.org/schema/tx
        http://www.springframework.org/schema/tx/spring-tx-3.2.xsd
        http://www.springframework.org/schema/context http://www.springframework.org/schema/context/spring-context-3.2.xsd">

	<!-- Auto wiring support -->
	<context:annotation-config/>
		
    <bean id="dataSource" class="org.springframework.jdbc.datasource.DriverManagerDataSource">
        <property name="driverClassName" value="org.hsqldb.jdbcDriver" />
        <property name="url" value="jdbc:hsqldb:mem:." />
        <property name="username" value="sa" />
        <property name="password" value="" />
    </bean>

    <bean id="sessionFactory" class="org.springframework.orm.hibernate4.LocalSessionFactoryBean"
        lazy-init="false">
        <property name="dataSource" ref="dataSource" />
        <property name="packagesToScan" value="com.bug" />
        <property name="hibernateProperties">
            <props>
                <prop key="hibernate.dialect">org.hibernate.dialect.HSQLDialect</prop>
                <prop key="hibernate.show_sql">true</prop>
                <prop key="hibernate.format_sql">true</prop>
                <prop key="hibernate.hbm2ddl.auto">create</prop>
                <prop key="hibernate.jdbc.batch_size">1</prop>
            </props>
        </property>
    </bean>

    <!-- Transaction Manager -->
    <bean id="transactionManager" class="org.springframework.orm.hibernate4.HibernateTransactionManager"
        autowire-candidate="true">
        <property name="sessionFactory" ref="sessionFactory" />
    </bean>

	<bean class="com.bug.Service" />
	
    <tx:annotation-driven />

</beans>
