<?xml version="1.0"?>
<!DOCTYPE hibernate-mapping PUBLIC
		"-//Hibernate/Hibernate Mapping DTD 3.0//EN"
		"http://hibernate.sourceforge.net/hibernate-mapping-3.0.dtd">
<hibernate-mapping package="hibernate">

  	<class name="Application" table="application"> 
  	 	
  		<id name="appId" type="string" unsaved-value="null" >
        	<column name="application_id" sql-type="raw(16)" not-null="true"/>
        </id>         
        
        <property name="appName">
         	<column name="application_name" sql-type="varchar2(100)" not-null="true"/>
        </property>
        
        <property name="appFolderName">
         	<column name="application_folder_name" sql-type="varchar2(2000)" not-null="true"/>
        </property>
                      
        <property name="userName">
         	<column name="username" sql-type="varchar2(50)" not-null="true"/>
        </property>
        
        <property name="createdTs">
         	<column name="created_ts" sql-type="date" not-null="true"/>
        </property>
        
        <property name="lastModifiedTs">
         	<column name="last_modified_ts" sql-type="date" not-null="true"/>
        </property>
        
        <property name="regionId">
         	<column name="region_id" sql-type="date" not-null="true"/>
        </property>       
                
        
        <set name="submissions" inverse="true" cascade="all-delete-orphan"> 
		    <key column="application_id"/> 
		    <one-to-many class="Submissions"/> 
  		</set>      
        
    </class>
    
</hibernate-mapping >