<?xml version="1.0"?>
<!DOCTYPE hibernate-mapping PUBLIC
		"-//Hibernate/Hibernate Mapping DTD 3.0//EN"
		"http://hibernate.sourceforge.net/hibernate-mapping-3.0.dtd">
<hibernate-mapping package="hibernate">
  	<class name="Submissions" table="submission">
  	
  		<id name="submissionId" type="string" unsaved-value="null" >
        	<column name="submission_id" sql-type="raw(16)" not-null="true"/>
        </id>        
               
        <property name="submissionNo">
         	<column name="submission_no" sql-type="VARCHAR2(5)" not-null="true"/>
        </property>
        
        <property name="submissionOrder">
         	<column name="submission_order" sql-type="number(3,0)" not-null="true"/>
        </property>
        
        <property name="ichVersion">
         	<column name="ich_version" sql-type="VARCHAR2(5)" not-null="true"/>
        </property>
        
        <property name="regionalVersion">
         	<column name="regional_version" sql-type="VARCHAR2(5)" not-null="true"/>
        </property>
        
        <property name="stfVersion">
         	<column name="stf_version" sql-type="VARCHAR2(5))" not-null="true"/>
        </property>
        
        <property name="userName">
         	<column name="username" sql-type="VARCHAR2(50)" not-null="true"/>
        </property>
        
        <property name="createdTs">
         	<column name="created_ts" sql-type="Date" not-null="true"/>
        </property>
        
        <property name="lastModifiedTs">
         	<column name="last_modified_ts" sql-type="Date" not-null="true"/>
        </property>
        
       <property name="applicationId" >
       		<column name="application_id" sql-type="raw"/>
       </property> 
       
         		
  		   		                
        <many-to-one name="application" insert="false" update="false" class="Application" column="application_id" />
       
        
        
    </class>
    
</hibernate-mapping >