<?xml version='1.0'?>

<policy xmlns="urn:jboss:security-config:4.1"
        xmlns:xsi="http://www.w3.org/2001/XMLSchema-instance">
    <application-policy name="hska">
       <authentication>
          <login-module code="org.jboss.security.auth.spi.DatabaseServerLoginModule"
                        flag="required">
             <module-option name="dsJndiName">java:/hskaDS</module-option>
             <module-option name="unauthenticatedIdentity">gast</module-option>
             <module-option name="principalsQuery">SELECT password FROM kunde WHERE kundennr=?</module-option>
             <module-option name="rolesQuery">SELECT role, 'Roles' FROM hska_role WHERE username=?</module-option>
             <module-option name="hashAlgorithm">SHA-256</module-option>
             <module-option name="hashEncoding">base64</module-option>
          </login-module>
       </authentication>
    </application-policy>
</policy>
