<?xml version="1.0" ?>

<server>
   <mbean code="org.jboss.security.auth.login.DynamicLoginConfig"
          name="hska:service=DynamicLoginConfig">
      <attribute name="AuthConfig">META-INF/hska-login-config.xml</attribute>
      <depends optional-attribute-name="LoginConfigService">
         jboss.security:service=XMLLoginConfig
      </depends>
      <depends optional-attribute-name="SecurityManagerService">
         jboss.security:service=JaasSecurityManager
      </depends>
   </mbean>

</server>
