<?xml version="1.0" encoding="UTF-8"?>
<!DOCTYPE hibernate-mapping PUBLIC "-//Hibernate/Hibernate Mapping DTD 3.0//EN" "http://hibernate.sourceforge.net/hibernate-mapping-3.0.dtd">
<!-- Generated Mar 8, 2009 2:29:30 PM by Hibernate Tools 3.2.1.GA -->
<hibernate-mapping>
  <class name="com.domain.Contact" table="Contact">
    <id name="id" type="java.lang.Long">
      <column name="ID"/>
      <generator class="native"/>
    </id>
    <many-to-one
        name="location"
        class="com.domain.Location"
        column="LocationID"
        not-null="true"
        fetch="select"
        foreign-key="FK_Contact_Location"/>

    <property name="name" type="string">
      <column length="50" name="Name" not-null="true"/>
    </property>
  </class>
</hibernate-mapping>
