<?xml version="1.0" encoding="UTF-8"?>
<!DOCTYPE hibernate-configuration PUBLIC "-//Hibernate/Hibernate Configuration DTD 3.0//EN" "http://hibernate.sourceforge.net/hibernate-configuration-3.0.dtd">
<hibernate-configuration>
  <session-factory>
    <property name="hibernate.dialect">org.hibernate.dialect.MySQLInnoDBDialect</property>
    <property name="hibernate.connection.driver_class">com.mysql.jdbc.Driver</property>
    <property name="hibernate.connection.url">jdbc:mysql://localhost:3306/DataBase</property>
    <property name="hibernate.connection.username">TheUser</property>
    <property name="hibernate.connection.password">ThePassword</property>
    <property name="hibernate.hbm2ddl.auto">update</property>
    <!--
    <property name="hibernate.show_sql">true</property>
    <property name="hibernate.format_sql">true</property>
    -->
    <mapping resource="Location.hbm.xml"/>
    <mapping resource="Contact.hbm.xml"/>
    <mapping resource="Transaction.hbm.xml"/>
  </session-factory>
</hibernate-configuration>
