<?xml version="1.0" encoding="UTF-8"?>
<!DOCTYPE hibernate-mapping PUBLIC "-//Hibernate/Hibernate Mapping DTD 3.0//EN" "http://hibernate.sourceforge.net/hibernate-mapping-3.0.dtd">
<!-- Generated Mar 8, 2009 2:29:30 PM by Hibernate Tools 3.2.1.GA -->
<hibernate-mapping>
  <class name="com.domain.Location" table="Location">
    <id name="id" type="java.lang.Long">
      <column name="ID"/>
      <generator class="native"/>
    </id>
    <property name="name" type="string">
      <column length="50" name="Name" not-null="true"/>
    </property>
    <property name="address" type="string">
      <column length="200" name="Address" not-null="true"/>
    </property>
    <set cascade="save-update,delete" inverse="true" name="contacts">
      <key column="LocationID" not-null="true"/>
      <one-to-many class="com.domain.Contact"/>
    </set>
  </class>
</hibernate-mapping>
