<?xml version="1.0" encoding="UTF-8"?>
<!DOCTYPE hibernate-mapping PUBLIC "-//Hibernate/Hibernate Mapping DTD 3.0//EN" "http://hibernate.sourceforge.net/hibernate-mapping-3.0.dtd">
<hibernate-mapping>
    <class name="com.domain.Transaction" table="Transaction">
        <id column="ID" name="id" type="java.lang.Long">
            <generator class="native"/>
        </id>
        <property name="completed" type="boolean">
            <column name="Completed"/>
        </property>

        <joined-subclass name="com.domain.LocationTransaction" table="LocationTransaction">
            <key column="LocationTransactionID"/>
            <many-to-one
                name="location"
                class="com.domain.Location"
                column="LocationID"
                not-null="false"
                cascade="save-update"/>
        </joined-subclass>
    </class>
</hibernate-mapping>
