<?xml version='1.0' encoding='utf-8'?> <!DOCTYPE hibernate-configuration
        PUBLIC "-//Hibernate/Hibernate Configuration DTD//EN"
        "http://hibernate.sourceforge.net/hibernate-configuration-3.0.dtd">

<hibernate-configuration>
	<session-factory>
		<property name="hibernate.connection.driver_class">org.hsqldb.jdbcDriver</property>
		<property name="hibernate.connection.url">jdbc:hsqldb:mem:myDb</property>
		<property name="hibernate.connection.username">sa</property>

		<property name="hibernate.c3p0.min_size">5</property>
		<property name="hibernate.c3p0.max_size">20</property>
		<property name="hibernate.c3p0.timeout">300</property>
		<property name="hibernate.c3p0.max_statements">50</property>
		<property name="hibernate.c3p0.idle_test_period">3000</property>
		<property name="hibernate.hbm2ddl.auto">create</property>
		<property name="dialect">org.hibernate.dialect.HSQLDialect</property>
		<mapping class="Bar" />
		<mapping class="AbstractFoo" />
		<mapping class="GreatFoo" />




	</session-factory>
</hibernate-configuration>
