<?xml version="1.0" encoding="UTF-8"?>
<!--
  #%L
  Test case for bug on Hibernate union-subclass
  $Id: Building.hbm.xml 707 2014-05-12 09:31:21Z athimel $
  $HeadURL: https://svn.nuiton.org/sandbox/hibernate-list-idx-bug/src/main/resources/org/nuiton/entities/Building.hbm.xml $
  %%
  Copyright (C) 2014 Code Lutin
  %%
  This program is free software: you can redistribute it and/or modify
  it under the terms of the GNU Lesser General Public License as 
  published by the Free Software Foundation, either version 3 of the 
  License, or (at your option) any later version.
  
  This program is distributed in the hope that it will be useful,
  but WITHOUT ANY WARRANTY; without even the implied warranty of
  MERCHANTABILITY or FITNESS FOR A PARTICULAR PURPOSE.  See the
  GNU General Lesser Public License for more details.
  
  You should have received a copy of the GNU General Lesser Public 
  License along with this program.  If not, see
  <http://www.gnu.org/licenses/lgpl-3.0.html>.
  #L%
  -->

<hibernate-mapping xmlns="http://www.hibernate.org/xsd/hibernate-mapping"
                   xsi:schemaLocation="http://www.hibernate.org/xsd/hibernate-mapping classpath://org/hibernate/hibernate-mapping-4.0.xsd"
                   xmlns:xsi="http://www.w3.org/2001/XMLSchema-instance"
                   default-access="field" auto-import="true" package="org.nuiton.entities">

  <class name="org.nuiton.entities.Building" abstract="false">

    <id name="buildingId" type="long">
      <generator class="increment"/>
    </id>

    <property name="name" access="field" type="text" column="name"/>

    <list name="flats" lazy="true" cascade="all,delete-orphan">
      <key column="building"/>
      <list-index column="building_idx"/>
      <one-to-many class="org.nuiton.entities.Flat"/>
    </list>

  </class>

</hibernate-mapping>
