<?xml version="1.0" encoding="utf-8"?>
<!DOCTYPE hibernate-configuration PUBLIC
"-//Hibernate/Hibernate Configuration DTD 3.0//EN"
"http://hibernate.sourceforge.net/hibernate-configuration-3.0.dtd">
<hibernate-configuration>
    <session-factory >
	    <property name="hibernate.dialect">org.hibernate.dialect.Oracle9Dialect</property>
	    <property name="hibernate.connection.driver_class">oracle.jdbc.driver.OracleDriver</property>
	    <property name="hibernate.connection.username">yourusername</property>
	    <property name="hibernate.connection.password">pd</property>
	    <property name="hibernate.connection.url">url</property>
	    
	    <property name="hibernate.jdbc.batch_versioned_data">false</property>
	    <property name="hibernate.format_sql">true</property>
        <property name="hibernate.show_sql">true</property>
        <property name="hibernate.connection.pool_size">1</property>

        <mapping resource="oracleTest/Company.hbm.xml" />
        <mapping resource="oracleTest/Employee.hbm.xml" />
    </session-factory>
</hibernate-configuration>
