<?xml version="1.0" encoding="UTF-8"?>


<beans xmlns:context="http://www.springframework.org/schema/context"
	xmlns:jpa="http://www.springframework.org/schema/data/jpa" xmlns="http://www.springframework.org/schema/beans"
	xmlns:xsi="http://www.w3.org/2001/XMLSchema-instance" xmlns:util="http://www.springframework.org/schema/util"
	xmlns:jdbc="http://www.springframework.org/schema/jdbc" xmlns:tx="http://www.springframework.org/schema/tx"
	xmlns:jee="http://www.springframework.org/schema/jee" xmlns:aop="http://www.springframework.org/schema/aop"
	xsi:schemaLocation="http://www.springframework.org/schema/context http://www.springframework.org/schema/context/spring-context-3.1.xsd
		http://www.springframework.org/schema/jdbc http://www.springframework.org/schema/jdbc/spring-jdbc-3.0.xsd
		http://www.springframework.org/schema/beans http://www.springframework.org/schema/beans/spring-beans-3.1.xsd
		http://www.springframework.org/schema/util http://www.springframework.org/schema/util/spring-util-3.1.xsd
		http://www.springframework.org/schema/tx http://www.springframework.org/schema/tx/spring-tx-3.1.xsd
		http://www.springframework.org/schema/jee http://www.springframework.org/schema/jee/spring-jee-3.1.xsd
		http://www.springframework.org/schema/data/jpa http://www.springframework.org/schema/data/jpa/spring-jpa.xsd
		http://www.springframework.org/schema/aop http://www.springframework.org/schema/aop/spring-aop-3.1.xsd">


	<context:spring-configured />
	
	<context:component-scan base-package="com/**/service/impl" />
	
	<tx:annotation-driven proxy-target-class="true"/>

	<bean id="dataSource" class="net.sf.log4jdbc.Log4jdbcProxyDataSource">
		<constructor-arg ref="dataSourceSpied" />
	</bean>
	<bean id="dataSourceSpied" class="org.apache.commons.dbcp.BasicDataSource"
		destroy-method="close">
		<property name="driverClassName" value="org.h2.Driver" />
		<property name="url" value="jdbc:h2:test-case" />
		<property name="username" value="sa" />
		<property name="password" value="" />
		<property name="maxActive" value="100" />
		<property name="maxIdle" value="30" />
		<property name="maxWait" value="1000" />
		<property name="poolPreparedStatements" value="true" />
		<property name="defaultAutoCommit" value="true" />
	</bean>

	<jdbc:initialize-database ignore-failures="NONE">
		<jdbc:script location="classpath:sql/create-schema-H2.sql" />
	</jdbc:initialize-database>


	<jpa:repositories base-package="com/**/repository" />

	<bean id="entityManagerFactory"
		class="org.springframework.orm.jpa.LocalContainerEntityManagerFactoryBean">
		<!-- dataSource is a BasicDataSource from dbcp -->
		<property name="dataSource" ref="dataSource" />
		<property name="jpaVendorAdapter">
			<bean class="org.springframework.orm.jpa.vendor.HibernateJpaVendorAdapter">
				<property name="database" value="H2" />
				<property name="generateDdl" value="false" />
				<property name="showSql" value="true" />
			</bean>
		</property>
		<property name="jpaPropertyMap" ref="jpaPropertyMap" />
		<property name="packagesToScan" value="com/**/model,com/**/model/impl" />
	</bean>


	<beans profile="no-cache">
		<bean id="transactionManager" class="org.springframework.orm.jpa.JpaTransactionManager">
			<property name="entityManagerFactory" ref="entityManagerFactory" />
		</bean>

		<util:map id="jpaPropertyMap">
			<entry key="hibernate.hbm2ddl.auto" value="none" />
			<entry key="hibernate.show_sql" value="true" />
			<entry key="hibernate.cache.use_second_level_cache" value="false" />
			<entry key="hibernate.cache.use_query_cache" value="false" />
		</util:map>
	</beans>
	
	<beans profile="ehcache-nojta">
		<bean id="transactionManager" class="org.springframework.orm.jpa.JpaTransactionManager">
			<property name="entityManagerFactory" ref="entityManagerFactory" />
		</bean>

		<util:map id="jpaPropertyMap">
			<entry key="hibernate.hbm2ddl.auto" value="none" />
			<entry key="hibernate.show_sql" value="true" />
			<entry key="hibernate.cache.use_second_level_cache" value="true" />
			<entry key="hibernate.cache.use_query_cache" value="true" />
			<entry key="hibernate.cache.region.factory_class" value="org.hibernate.cache.ehcache.EhCacheRegionFactory" />
			<entry key="hibernate.generate_statistics" value="true" />
		</util:map>
	</beans>

	<beans profile="ehcache-jbossjta">

		<bean id="jbossTransactionManager"
			class="com.arjuna.ats.internal.jta.transaction.arjunacore.TransactionManagerImple" />

		<bean id="jbossUserTransaction"
			class="com.arjuna.ats.internal.jta.transaction.arjunacore.UserTransactionImple" />

		<bean id="transactionManager"
			class="org.springframework.transaction.jta.JtaTransactionManager">
			<property name="transactionManager" ref="jbossTransactionManager" />
			<property name="userTransaction" ref="jbossUserTransaction" />
		</bean>

		<util:map id="jpaPropertyMap">
			<entry key="hibernate.hbm2ddl.auto" value="none" />
			<entry key="hibernate.show_sql" value="true" />
			<entry key="hibernate.cache.use_second_level_cache" value="true" />
			<entry key="hibernate.cache.use_query_cache" value="true" />
			<entry key="hibernate.cache.region.factory_class" value="org.hibernate.cache.ehcache.EhCacheRegionFactory" />
			<entry key="hibernate.generate_statistics" value="true" />
			<entry key="hibernate.current_session_context_class" value="jta" />
			<entry key="hibernate.transaction.factory_class" value="org.hibernate.transaction.CMTTransactionFactory" />
			<entry key="hibernate.transaction.jta.platform"
				value="org.hibernate.service.jta.platform.internal.JBossStandAloneJtaPlatform" />
			<entry key="hibernate.cache.infinispan.use_synchronization"
				value="true" />
		</util:map>
	</beans>

	

	<beans profile="infinispan-no-server">

		<bean id="jbossTransactionManager"
			class="com.arjuna.ats.internal.jta.transaction.arjunacore.TransactionManagerImple" />

		<bean id="jbossUserTransaction"
			class="com.arjuna.ats.internal.jta.transaction.arjunacore.UserTransactionImple" />

		<bean id="transactionManager"
			class="org.springframework.transaction.jta.JtaTransactionManager">
			<property name="transactionManager" ref="jbossTransactionManager" />
			<property name="userTransaction" ref="jbossUserTransaction" />
		</bean>

		<util:map id="jpaPropertyMap">
			<entry key="hibernate.dialect" value="org.hibernate.dialect.H2Dialect" />
			<entry key="hibernate.hbm2ddl.auto" value="none" />
			<entry key="hibernate.show_sql" value="true" />
			<!-- Second level cache -->
			<entry key="hibernate.generate_statistics" value="true" />
			<entry key="hibernate.cache.use_second_level_cache" value="true" />
			<entry key="hibernate.cache.use_query_cache" value="true" />

			<entry key="hibernate.cache.region.factory_class"
				value="org.hibernate.cache.infinispan.InfinispanRegionFactory" />
			<!-- for https://jira.springsource.org/browse/SPR-9480 -->
			<entry key="hibernate.transaction.factory_class" value="org.hibernate.transaction.CMTTransactionFactory" />
			<entry key="hibernate.transaction.jta.platform"
				value="org.hibernate.service.jta.platform.internal.JBossStandAloneJtaPlatform" />
			<entry key="hibernate.cache.infinispan.statistics" value="true" />
			<!-- <entry key="hibernate.cache.infinispan.use_synchronization" value="true" 
				/> -->

			<entry key="hibernate.cache.infinispan.cfg" value="infinispan.xml" />

			<!-- Does not work anyway, forced to false by Hibernate -->
			<entry key="hibernate.transaction.flush_before_completion"
				value="true" />
		</util:map>

	</beans>


</beans>