<?xml version="1.0" encoding="UTF-8"?>
<!-- ~ JBoss, Home of Professional Open Source ~ Copyright 2011 Red Hat Inc. 
	and/or its affiliates and other ~ contributors as indicated by the @author 
	tags. All rights reserved. ~ See the copyright.txt in the distribution for 
	a full listing of ~ individual contributors. ~ ~ This is free software; you 
	can redistribute it and/or modify it ~ under the terms of the GNU Lesser 
	General Public License as ~ published by the Free Software Foundation; either 
	version 2.1 of ~ the License, or (at your option) any later version. ~ ~ 
	This software is distributed in the hope that it will be useful, ~ but WITHOUT 
	ANY WARRANTY; without even the implied warranty of ~ MERCHANTABILITY or FITNESS 
	FOR A PARTICULAR PURPOSE. See the GNU ~ Lesser General Public License for 
	more details. ~ ~ You should have received a copy of the GNU Lesser General 
	Public ~ License along with this software; if not, write to the Free ~ Software 
	Foundation, Inc., 51 Franklin St, Fifth Floor, Boston, MA ~ 02110-1301 USA, 
	or see the FSF site: http://www.fsf.org. -->
<infinispan xmlns:xsi="http://www.w3.org/2001/XMLSchema-instance"
	xsi:schemaLocation="urn:infinispan:config:5.1 http://www.infinispan.org/schemas/infinispan-config-5.1.xsd"
	xmlns="urn:infinispan:config:5.1">
	<global>
		<transport
			transportClass="org.infinispan.remoting.transport.jgroups.JGroupsTransport">
			<properties>
				<property name="configurationFile" value="jgroups.xml" />
			</properties>
		</transport>
	</global>

	<default>
		<!-- Configure a synchronous replication cache -->
		<clustering mode="distribution">
			<sync />
			<hash numOwners="2" />
		</clustering>
	</default>

</infinispan>
