<?xml version="1.0" encoding="UTF-8" ?>
<!DOCTYPE log4j:configuration SYSTEM "log4j.dtd">
<log4j:configuration xmlns:log4j="http://jakarta.apache.org/log4j/">

	<appender name="console" class="org.apache.log4j.ConsoleAppender">
		<param name="threshold" value="TRACE" />
		<layout class="org.apache.log4j.PatternLayout">
			<param name="ConversionPattern" value="%d %-5p %c - %m%n" />
		</layout>
	</appender>

	<logger name="org.hibernate">
		<level value="ALL" />
	</logger>
	
	
	
	<logger name="org.springframework">
		<level value="WARN" />
	</logger>
	<logger name="org.springframework.transaction">
		<level value="ALL" />
	</logger>
	<logger name="com.arjuna.ats">
		<level value="ALL" />
	</logger>
	
	
	<logger name="org.infinispan">
		<level value="WARN" />
	</logger>	
	<logger name="org.infinispan.statetransfer">
		<level value="WARN" />
	</logger>
	<logger name="org.infinispan.remoting">
		<level value="WARN" />
	</logger>	 
	<logger name="org.jgroups">
		<level value="WARN" />
	</logger>
	
	
	<logger name="org.springframework.data">
		<level value="WARN" />
	</logger>
	
	<logger name="jdbc.sqlonly">
		<level value="INFO" />
	</logger>
	
	<logger name="jdbc">
		<level value="WARN" />
	</logger>
	
	<logger name="jndi">
		<level value="WARN" />
	</logger>

	<root>
		<priority value="INFO" />
		<appender-ref ref="console" />
	</root>

</log4j:configuration>