<?xml version='1.0' encoding='utf-8'?>
<!DOCTYPE hibernate-mapping PUBLIC
        "-//Hibernate/Hibernate Configuration DTD//EN"
        "classpath://org/hibernate/hibernate-mapping-3.0.dtd">
<hibernate-mapping>
    <class entity-name="A" table="A" dynamic-insert="true" dynamic-update="true">
        <id name="id" type="string" column="ID" length="32" unsaved-value="undefined">
            <generator class="uuid"/>
        </id>

        <property name="propA" type="string" column="PROP_A"/>
        <set name="B" table="A_B">
            <key column="A"/>
            <one-to-many entity-name="B"/>
        </set>
    </class>
    <class entity-name="B" table="B" dynamic-insert="true" dynamic-update="true">
        <id name="id" type="string" column="ID" length="32" unsaved-value="undefined">
            <generator class="uuid"/>
        </id>

        <property name="propB" type="string" column="PROP_B"/>
        <set name="C" table="B_C">
            <key column="B"/>
            <one-to-many entity-name="C"/>
        </set>
    </class>
    <class entity-name="C" table="C" dynamic-insert="true" dynamic-update="true">
        <id name="id" type="string" column="ID" length="32" unsaved-value="undefined">
            <generator class="uuid"/>
        </id>

        <property name="propC" type="string" column="PROP_C"/>
        <set name="D" table="C_D">
            <key column="C"/>
            <one-to-many entity-name="D"/>
        </set>
    </class>
    <class entity-name="D" table="D" dynamic-insert="true" dynamic-update="true">
        <id name="id" type="string" column="ID" length="32" unsaved-value="undefined">
            <generator class="uuid"/>
        </id>

        <property name="propD" type="string" column="PROP_D"/>
    </class>
</hibernate-mapping>