<?xml version='1.0' encoding='utf-8'?>
<!DOCTYPE hibernate-configuration PUBLIC
        "-//Hibernate/Hibernate Configuration DTD//EN"
        "classpath://org/hibernate/hibernate-configuration-3.0.dtd">
<hibernate-configuration>
    <session-factory>
        <property name="hibernate.connection.url">jdbc:hsqldb:mem:HibernateDataStore</property>
        <property name="connection.driver_class">org.hsqldb.jdbcDriver</property>
        <property name="connection.username">sa</property>
        <property name="connection.password"/>
        <property name="hbm2ddl.auto">create</property>
        <property name="hibernate.show_sql">true</property>
        <property name="hibernate.format_sql">true</property>

        <mapping resource="HibernateDemo-mappings.xml"/>
    </session-factory>
</hibernate-configuration>