<?xml version="1.0"?>

<!DOCTYPE hibernate-mapping PUBLIC
        "-//Hibernate/Hibernate Mapping DTD//EN"
        "http://hibernate.sourceforge.net/hibernate-mapping-3.0.dtd">
<!--
<!DOCTYPE hibernate-mapping PUBLIC
        "-//Hibernate/Hibernate Mapping DTD//EN"
        "hibernate-mapping-3.0.dtd">
-->
<hibernate-mapping default-cascade="save-update" default-access="field" default-lazy="false">

  <class name="A" table="a" discriminator-value="A">
    <cache usage="read-write"/>
    <id type="int" name="id" unsaved-value="0"/>
    <discriminator column="subclass" type="character"/>
    <property name="name" not-null="true" length="100" unique="true"/>
    <subclass name="AA" discriminator-value="B">
        <property name="a"/>
        <many-to-one name="bObject"/>
    </subclass>
    <subclass name="AB" discriminator-value="C">
        <property name="b"/>
        <many-to-one name="bObject"/>
    </subclass>
  </class>
  
  <class name="B" table="b">
    <cache usage="read-write"/>
    <id type="int" name="id" unsaved-value="0"/>
    <property name="name" not-null="true" length="100" unique="true"/>
    <bag name="aaList" cascade="save-update" lazy="true" inverse="true">
        <cache usage="read-write"/>
        <key column="bObject"/>
        <one-to-many class="AA"/>
    </bag>
    <bag name="abList" cascade="save-update" lazy="true" inverse="true">
        <cache usage="read-write"/>
        <key column="bObject"/>
        <one-to-many class="AB"/>
    </bag>
  </class>
  

</hibernate-mapping>