<?xml version="1.0" encoding="UTF-8"?>
<!DOCTYPE hibernate-mapping PUBLIC "-//Hibernate/Hibernate Mapping DTD 3.0//EN" "http://www.hibernate.org/dtd/hibernate-mapping-3.0.dtd">
<!--
    Author     : Fredrik Persson
-->
<hibernate-mapping>
  <class name="se.zaleth.jar.material.DistributedRawMaterialSetting" table="R145_USERGROUP_PUBL_RMSETTINGS">
    <id column="SETTING_ID" name="id">
      <generator class="sequence">
        <param name="sequence">R145_SEQ</param>
        <param name="increment_size">1</param>
        <param name="parameters">INCREMENT BY 1 START WITH 50001</param>
      </generator>
    </id>
    <property name="mass"/>
    <property name="price"/>
    <property column="SETTING_TYPE" name="type"/>
    <property column="EXTRACOST" name="extraCost"/>
    <property column="USEDISTPRICE" name="useDistributorPrice"/>
    <many-to-one class="se.zaleth.jar.material.AbstractMaterial" column="RAWMATERIAL_ID" name="material" not-null="true"/>
    <many-to-one class="se.zaleth.jar.administration.UserGroup" column="USERGROUP_ID" name="userGroup" not-null="true"/>
  </class>
</hibernate-mapping>
