<?xml version="1.0" encoding="UTF-8"?>
<!DOCTYPE hibernate-mapping PUBLIC "-//Hibernate/Hibernate Mapping DTD 3.0//EN" "http://www.hibernate.org/dtd/hibernate-mapping-3.0.dtd">
<hibernate-mapping>
    <class abstract="true" name="se.zaleth.jar.material.AbstractMaterial" table="R022_RM_ABSTRACT">
        <id column="RAWMATERIAL_ID" name="id">
            <generator class="sequence">
                <param name="sequence">R022_SEQ</param>
                <param name="increment_size">1</param>
                <param name="parameters">INCREMENT BY 1 START WITH 50001</param>
            </generator>
        </id>
        <set cascade="all" lazy="false" name="materialSettings">
            <key column="RAWMATERIAL_ID"/>
            <one-to-many class="se.zaleth.jar.material.DistributedRawMaterialSetting"/>
        </set>
        <joined-subclass name="se.zaleth.jar.material.RawMaterial" table="R023_RM_SCRAP">
            <key column="RAWMATERIAL_ID"/>
        </joined-subclass>
        <joined-subclass name="se.zaleth.jar.material.HotMetalMaterial" table="R034_RM_HOT_METAL">
            <key column="RAWMATERIAL_ID"/>
            <many-to-one class="se.zaleth.jar.plant.BlastFurnace" column="FURNACE_ID" lazy="false" name="furnace" not-found="ignore"/>
            <list cascade="all" lazy="false" name="chargedMaterials" table="R035_MAT_CONTAINER_HOT_METAL">
                <key column="RAWMATERIAL_ID" not-null="true"/>
                <list-index column="MATERIAL_INDEX"/>
                <composite-element class="se.zaleth.jar.plant.MaterialContainerBlastFurnace">
                    <property column="MAT_SORT_VALUE" name="materialSortValue"/>
                    <property column="PCT" name="pctAmount"/>
                    <property column="AMOUNT" name="materialAmount"/>
                    <property column="AMOUNT_MIN" name="amountMin"/>
                    <property column="AMOUNT_MAX" name="amountMax"/>
                    <property column="MATERIAL_PRICE" name="materialPrice"/>
                    <property column="COST" name="cost"/>
                    <many-to-one class="se.zaleth.jar.material.AbstractMaterial" column="CHARGED_RAWMATERIAL_ID" name="material" not-found="ignore"/>
                </composite-element>
            </list>
        </joined-subclass>
    </class>
</hibernate-mapping>
