<?xml version="1.0" encoding="UTF-8"?>
<!DOCTYPE hibernate-mapping PUBLIC "-//Hibernate/Hibernate Mapping DTD 3.0//EN" "http://www.hibernate.org/dtd/hibernate-mapping-3.0.dtd">
<hibernate-mapping>
    <class abstract="true" name="se.zaleth.jar.plant.ProductionUnit" table="R011_PRODUCTIONUNIT">
        <id column="UNIT_ID" name="id">
            <generator class="sequence">
                <param name="sequence">R011_SEQ</param>
                <param name="increment_size">1</param>
                <param name="parameters">INCREMENT BY 1 START WITH 50001</param>
            </generator>
        </id>
        <many-to-one class="se.zaleth.jar.material.AbstractMaterial" column="El_SECONDARY_ID" name="electricitySecondary" not-null="false" not-found="ignore"/>
        <joined-subclass name="se.zaleth.jar.plant.EAFIFProductionUnit" table="R012_EAF">
            <key column="UNIT_ID"/>
            <joined-subclass name="se.zaleth.jar.plant.SAFProductionUnit" table="R006_SAF">
                <key column="UNIT_ID"/>
            </joined-subclass>
        </joined-subclass>
        <joined-subclass name="se.zaleth.jar.plant.BlastFurnace" table="R013_BLAST_FURNACE">
            <key column="UNIT_ID"/>
            <list cascade="all" lazy="false" name="calibrationMaterials" table="R010_MTRL_CONTAINER_BLAST_FUR">
                <key column="UNIT_ID" not-null="true"/>
                <list-index column="MATERIAL_INDEX"/>
                <composite-element class="se.zaleth.jar.plant.MaterialContainerBlastFurnacePart">
                    <property column="AMOUNT" name="materialAmount"/>
                    <property column="AMOUNT_PER_TON_HOT_METAL" name="materialAmountKgPerTonHotMetal"/>
                    <many-to-one class="se.zaleth.jar.material.AbstractMaterial" column="RAWMATERIAL_ID" name="material" not-found="ignore"/>
                </composite-element>
            </list>
            <list cascade="all" lazy="false" name="defaultMaterials" table="R009_DEFAULT_CONTAINER_BLASTF">
                <key column="UNIT_ID" not-null="true"/>
                <list-index column="MATERIAL_INDEX"/>
                <composite-element class="se.zaleth.jar.plant.MaterialContainerBlastFurnace">
                    <property column="MAT_SORT_VALUE" name="materialSortValue"/>
                    <property column="PCT" name="pctAmount"/>
                    <property column="AMOUNT" name="materialAmount"/>
                    <property column="AMOUNT_MIN" name="amountMin"/>
                    <property column="AMOUNT_MAX" name="amountMax"/>
                    <many-to-one class="se.zaleth.jar.material.AbstractMaterial" column="RAWMATERIAL_ID" name="material" not-found="ignore"/>
                </composite-element>
            </list>
        </joined-subclass>
    </class>
</hibernate-mapping>
