<?xml version='1.0' encoding='utf-8'?>
<!DOCTYPE hibernate-configuration PUBLIC
        "-//Hibernate/Hibernate Configuration DTD//EN"
        "http://www.hibernate.org/dtd/hibernate-configuration-3.0.dtd">
<hibernate-configuration>
    <session-factory>
        <property name="hibernate.archive.autodetection">class,hbm</property>
        <property name="hibernate.dialect">org.hibernate.dialect.HSQLDialect</property>
        <property name="hibernate.show_sql">false</property>
        <property name="hibernate.connection.driver_class">net.sf.log4jdbc.DriverSpy</property>
        <property name="hibernate.connection.username">sa</property>
        <property name="hibernate.connection.password">1</property>
        <property name="hibernate.connection.url">jdbc:log4jdbc:hsqldb:mem:test</property>
        <property name="hibernate.hbm2ddl.auto">create</property>
        <mapping class="com.acme.Child"/>
    </session-factory>
</hibernate-configuration>
