<?xml version="1.0" encoding="UTF-8"?>
<!DOCTYPE hibernate-configuration PUBLIC "-//Hibernate/Hibernate Configuration DTD 2.0//EN" "http://hibernate.sourceforge.net/hibernate-configuration-2.0.dtd">

<!-- Generated file - Do not edit! -->

<hibernate-configuration>

	<!-- a SessionFactory instance listed as /jndi/name -->
	<session-factory>

		<!-- properties -->
		<property name="dialect">net.sf.hibernate.dialect.HSQLDialect</property>
		<property name="show_sql">true</property>
		<property name="use_outer_join">true</property>
			<property name="connection.username">sa</property>
			<property name="connection.driver_class">org.hsqldb.jdbcDriver</property>
			<property name="connection.url">jdbc:hsqldb:.</property>

		<!-- mapping files -->
		<mapping resource="edu/unc/hibernate/Weasel.hbm.xml"/>
		<mapping resource="edu/unc/hibernate/Name.hbm.xml"/>
	</session-factory>

</hibernate-configuration>
