<?xml version='1.0' encoding='utf-8'?>
<!DOCTYPE hibernate-configuration PUBLIC
        "-//Hibernate/Hibernate Configuration DTD 2.0//EN"

 "http://hibernate.sourceforge.net/hibernate-configuration-2.0.dtd">

<hibernate-configuration>


    <!-- a SessionFactory instance listed as /jndi/name -->
    <session-factory>

        <!-- properties -->
        <!--property name="dialect">net.sf.hibernate.dialect.MySQLDialect</property-->
        <property name="dialect">net.sf.hibernate.dialect.OracleDialect</property>
        <property name="show_sql">true</property>
        <property name="use_outer_join">true</property>
        <property name="hibernate.query.substitutions">true 1, false 0, yes 'Y', no 'N'</property>

        <!-- mapping files -->
        <mapping resource="com/hibernate/bo/Car.hbm.xml"/>
        <mapping resource="com/hibernate/bo/Person.hbm.xml"/>

    </session-factory>

</hibernate-configuration>