<?xml version="1.0" encoding="utf-8" ?>
<!DOCTYPE hibernate-mapping PUBLIC "-//Hibernate/Hibernate Mapping DTD 3.0//EN" "http://hibernate.sourceforge.net/hibernate-mapping-3.0.dtd">
<hibernate-mapping>
	<class name="Address" table="Address" lazy="false">
		<composite-id>
			<key-property name="ID" column="ID" type="integer"/>
			<key-many-to-one name="customer" column="CustomerID" class="Customer">
			</key-many-to-one>
		</composite-id>
		<property name="address1" type="string" length="255" not-null="false" lazy="false"/>
		<property name="address2" type="string" length="255" not-null="false" lazy="false"/>
		<property name="address3" type="string" length="255" not-null="false" lazy="false"/>
	</class>
</hibernate-mapping>
