<?xml version="1.0" encoding="utf-8" ?>
<!DOCTYPE hibernate-mapping PUBLIC "-//Hibernate/Hibernate Mapping DTD 3.0//EN" "http://hibernate.sourceforge.net/hibernate-mapping-3.0.dtd">
<hibernate-mapping>
	<class name="Customer" table="Customer" lazy="false">
		<id name="ID" column="ID" type="integer" unsaved-value="0">
			<generator class="native">
			</generator>
		</id>
		<property name="firstname" type="string" length="255" not-null="false" lazy="false"/>
		<property name="lastname" type="string" length="255" not-null="false" lazy="false"/>
		<one-to-one name="address" class="Address" cascade="save-update,lock" property-ref="customer" lazy="no-proxy" access="field"/>
	</class>
</hibernate-mapping>
