<?xml version='1.0' encoding='utf-8'?>
<!DOCTYPE hibernate-configuration PUBLIC
        "-//Hibernate/Hibernate Configuration DTD 3.0//EN"
        "http://hibernate.sourceforge.net/hibernate-configuration-3.0.dtd">

<hibernate-configuration>

    <session-factory>

        <!-- Database connection settings -->
        <property name="connection.driver_class">oracle.jdbc.OracleDriver</property>
        <property name="connection.url">jdbc:oracle:thin:@hostname:1521:DBINSTANCE</property>
        <property name="connection.username">user</property>
        <property name="connection.password">pwd</property>
         
        <!-- JDBC connection pool (use the built-in) -->
        <property name="connection.pool_size">1</property>

        <!-- SQL dialect -->
        <property name="dialect">org.hibernate.dialect.Oracle9Dialect</property>

        <!-- Enable Hibernate's automatic session context management -->
<!-- 
        <property name="current_session_context_class">thread</property>
 -->
        <!-- enable the second-level cache  -->
        <property name="hibernate.cache.use_second_level_cache">true</property>
        <property name="hibernate.cache.use_query_cache">true</property>

		 <!-- Oscache at alternative location doesn't work -->
<!--          
        <property name="cache.provider_class">org.hibernate.cache.OSCacheProvider</property>
        <property name="hibernate.cache.provider_configuration_file_resource_path">/poc/hibernate/caching/oscache.properties</property>
-->
<!-- For ehcache config location to work do not put in the leading forward slash in the config file resource path 
 -->
        <property name="hibernate.cache.provider_class">org.hibernate.cache.EhCacheProvider</property>
        <property name="hibernate.cache.provider_configuration_file_resource_path">ehcache2.xml</property>
        <!-- Echo all executed SQL to stdout -->
        <property name="show_sql">true</property>

    </session-factory>

</hibernate-configuration>