<?xml version="1.0" encoding="UTF-8"?>
<!DOCTYPE hibernate-configuration PUBLIC
    "-//Hibernate/Hibernate Configuration DTD 3.0//EN"
    "http://www.hibernate.org/dtd/hibernate-configuration-3.0.dtd">

<hibernate-configuration>
    <session-factory>
    
        <property name="connection.driver_class">com.mysql.cj.jdbc.Driver</property>
        <property name="connection.url">jdbc:mysql://localhost:3306/acmeco</property>
        <property name="connection.username">acmeco</property>
        <property name="connection.password">Acmeco1234#</property>

        <property name="dialect">org.hibernate.dialect.MySQL8Dialect</property>
        <property name="hbm2ddl.auto">none</property>

        <property name="show_sql">true</property>
        <property name="format_sql">true</property>

        <property name="default_batch_fetch_size">1</property>
        <property name="enable_lazy_load_no_trans">true</property>
        <mapping class="acmeco.model.Widget"/>
        <mapping class="acmeco.model.Part"/>
    </session-factory>
</hibernate-configuration>
