<?xml version="1.0" encoding="UTF-8" ?>
<entity-mappings xmlns="http://xmlns.jcp.org/xml/ns/persistence/orm" xmlns:xsi="http://www.w3.org/2001/XMLSchema-instance" xsi:schemaLocation="http://xmlns.jcp.org/xml/ns/persistence/orm http://xmlns.jcp.org/xml/ns/persistence/orm_2_2.xsd" version="2.2">
    <persistence-unit-metadata>
        <xml-mapping-metadata-complete/>
    </persistence-unit-metadata>
    <access>FIELD</access>
    <entity class="test.convertertest.Post" name="Post">
        <table name="POST"/>
        <attributes>
            <id name="id">
                <column name="ID"/>
                <generated-value strategy="AUTO"/>
            </id>
            <!-- other stuff -->
            <basic name="tags">
                <column name="TAGS"/>
                <convert converter="test.convertertest.ArrayToStringConverter"/>
            </basic>
        </attributes>
    </entity>
</entity-mappings>