<?xml version="1.0" encoding="UTF-8" ?>
<beans xmlns="http://www.springframework.org/schema/beans"
	xmlns:xsi="http://www.w3.org/2001/XMLSchema-instance"
	xmlns:context="http://www.springframework.org/schema/context" 
	xmlns:tx="http://www.springframework.org/schema/tx"
	xsi:schemaLocation="
http://www.springframework.org/schema/beans http://www.springframework.org/schema/beans/spring-beans-2.5.xsd
http://www.springframework.org/schema/context http://www.springframework.org/schema/context/spring-context-2.5.xsd
http://www.springframework.org/schema/tx http://www.springframework.org/schema/tx/spring-tx-2.5.xsd">

	<!-- Component Scan for Stereotyped Beans -->
	<context:component-scan base-package="criteriabug" />

    <!-- Data Source used for testing -->
    <bean name="dataSource" class="org.apache.commons.dbcp.BasicDataSource"
        destroy-method="close">
        <property name="driverClassName" value="oracle.jdbc.OracleDriver" />
        <property name="url"
            value="jdbc:oracle:thin:@CHANGE_ME:1521:XE" />
        <property name="username" value="hr" />
        <property name="password" value="hr" />
        <property name="defaultAutoCommit" value="false" />
    </bean>
	
	<bean id="entityManagerFactory"
		class="org.springframework.orm.jpa.LocalContainerEntityManagerFactoryBean">
		<property name="dataSource" ref="dataSource" />
		<property name="persistenceXmlLocation" value="META-INF/persistence.xml"/>
	</bean>

	<!-- Transaction Manager -->
	<bean id="transactionManager" class="org.springframework.orm.jpa.JpaTransactionManager">
		<property name="entityManagerFactory" ref="entityManagerFactory"/>
	</bean>

	<!-- Enabling Annotation Driven Transactions -->
	<tx:annotation-driven transaction-manager="transactionManager" />
	
</beans>