<entity-mappings xmlns="http://xmlns.jcp.org/xml/ns/persistence/orm"
    xmlns:xsi="http://www.w3.org/2001/XMLSchema-instance"
    xsi:schemaLocation="http://xmlns.jcp.org/xml/ns/persistence/orm
        http://xmlns.jcp.org/xml/ns/persistence/orm_2_2.xsd" version="2.2">
                 
	<entity class="com.test.hibernate.Employee" access="FIELD">
		
		<!-- Attributes -->
   		<attributes>
   			<id name="id">
   			<column name="id"/>
   				<generated-value strategy="IDENTITY"/>
   			</id>
   			
   			<basic name="firstname">
				
			</basic>
			
			<basic name="lastname">
				
			</basic>
			
			<basic name="birthDate">
				
			</basic>
			
			<basic name="cellphone">
				
			</basic>
			
			<transient name="dummy" ></transient>
	
		</attributes>	
		
	</entity>
                 
</entity-mappings>    