<?xml version="1.0"?>
<!DOCTYPE hibernate-mapping PUBLIC 
	"-//Hibernate/Hibernate Mapping DTD 3.0//EN"
	"http://hibernate.sourceforge.net/hibernate-mapping-3.0.dtd">

<hibernate-mapping package="dummy">

	<!-- parent -->
	<class lazy="true" name="Parent" table="parent">
		<id name="id" type="java.lang.Long" column="ID">
			<generator class="native" />
		</id>
		<property name="name" column="name" type="java.lang.String" />
		<map name="children" lazy="true" inverse="false"
			cascade="all-delete-orphan" sort="natural">
			<key column="parent_id" />
			<index column="orders" type="java.lang.Integer" />
			<one-to-many class="Child" />
		</map>
	</class>

	<!-- child -->
	<class lazy="true" name="Child" table="child">
		<id name="id" type="java.lang.Long" column="ID">
			<generator class="native" />
		</id>
		<property name="name" column="name" type="java.lang.String" />
		<property name="order" column="orders" type="java.lang.Integer" />
		<many-to-one name="parent" class="Parent" column="parent_id" />
		<map name="children" lazy="true" inverse="false"
			cascade="all-delete-orphan" sort="natural">
			<key column="parent_id" />
			<index column="orders" type="java.lang.Integer" />
			<one-to-many class="GrandChild" />
		</map>
	</class>

	<!-- grand child -->
	<class lazy="true" name="GrandChild" table="grand_child">
		<id name="id" type="java.lang.Long" column="ID">
			<generator class="native" />
		</id>
		<property name="name" column="name" type="java.lang.String" />
		<many-to-one name="parent" class="Child" column="parent_id" />
		<property name="order" column="orders" type="java.lang.Integer" />
	</class>
</hibernate-mapping>
