<!DOCTYPE hibernate-mapping SYSTEM "http://hibernate.sourceforge.net/hibernate-mapping-3.0.dtd">
<hibernate-mapping package="auction" default-access="field" default-lazy="false">

	<class name="Bid" mutable="true" >
		
		<id name="id" column="BID_ID">
			<generator class="sequence" >
			</generator>
		</id>
				
		<property name="amount" column="BID_OFFER"/>
		<many-to-one name="item" column="ITEM_ID" class="Item"></many-to-one>
		
		<union-subclass name="CashBid" table="CASH_BID">
			<property name="currency" column="CURRENCY"></property>
		</union-subclass>
		
	</class>
</hibernate-mapping>