<!DOCTYPE hibernate-mapping SYSTEM "http://hibernate.sourceforge.net/hibernate-mapping-3.0.dtd">
<hibernate-mapping package="auction" default-access="field" default-lazy="true">

	<class name="Item" table="ITEMS" mutable="true">

		<id name="id" column="ITEM_ID">
			<generator class="sequence" />
		</id>

		<property name="name">
			<column name="TEXT" />
		</property>

		<set name="bids" inverse="true" >
			<key  column="ITEM_ID" foreign-key="FK_ITEM_ID" not-null="true" ></key>
			<one-to-many class="Bid" />
		</set>

	</class>
</hibernate-mapping>