<?xml version="1.0"?>
<!DOCTYPE hibernate-configuration PUBLIC "-//Hibernate/Hibernate Configuration DTD 3.0//EN" "http://hibernate.sourceforge.net/hibernate-configuration-3.0.dtd">
<hibernate-configuration>
	<session-factory>
		<property name="connection.username">fx</property>
		<property name="connection.password">andromeda</property>
		<property name="connection.url">
			jdbc:db2://localhost:50000/LANG
		</property>
		<property name="connection.driver_class">
			com.ibm.db2.jcc.DB2Driver
		</property>
		<property name="dialect">
			org.hibernate.dialect.DB2Dialect
		</property>
		<property name="hibernate.jdbc.batch_size">
			0
		</property>
		<property name="hibernate.cglib.use_reflection_optimizer">
			false;
		</property>
		<property name = "show_sql">
			false
		</property>
		<property name = "hibernate.format_sql">
			false
		</property>		
	</session-factory>
</hibernate-configuration>