<?xml version="1.0" encoding="ISO-8859-1"?>

<project name="hibernatetools.bugreport" default="validate" basedir=".">

  <property name="hibernatetools.dir"            value="${basedir}/../../../isiexternal/lib/HibernateTools-3.2.0.beta6a/plugins/org.hibernate.eclipse_3.2.0.beta6a/" />

  <property name="hibernatetools.lib.dir"        value="${hibernatetools.dir}/lib/tools/" />
  <property name="hibernateannotations.lib.dir"  value="${hibernatetools.dir}/lib/annotations" />
  <property name="hibernateannotations.lib"      value="${hibernatetools.dir}/lib/annotations/hibernate-annotations.jar" />
  <property name="hibernate.lib"                 value="${hibernatetools.dir}/lib/hibernate/hibernate3.jar" />
  <property name="hibernate.lib.dir"             value="${hibernatetools.dir}/lib/hibernate" />

  <path id = "xerces.path" location="${basedir}/../../../isiexternal/lib/xerces.jar"/>

  <path id="class.path">

      <path location="${hibernatetools.lib.dir}/hibernate-tools.jar" />
      <path location="${hibernatetools.lib.dir}/jtidy-r8-21122004.jar" />
      <path location="${hibernatetools.lib.dir}/freemarker.jar" />

      <pathelement path="${hibernate.lib}"/>
      <fileset dir="${hibernate.lib.dir}">
        <include name="*.jar" />
      </fileset>

      <path location="${hibernateannotations.lib}" />
      <path location="${hibernateannotations.lib.dir}/ejb3-persistence.jar" />

   </path>
   

  <taskdef name="hibernatetool" 
         classname="org.hibernate.tool.ant.HibernateToolTask" 
         classpathref="class.path" />


  <target name="clean">
    <delete>
      <fileset dir=".">
         <include name="*.class"/>
         <include name="*.hbm.xml"/>
      </fileset>
    </delete>
  </target>

  <target name="compile" >
    <javac destdir="." 
           classpathref="class.path" 
           debug="true" 
           debuglevel="source,vars,lines" 
           deprecation="on"
           compiler="javac1.5"
           source="1.5"
           optimize="off"
           nowarn="on"
    >
      <src path="."/>
    </javac>
  </target>


  <target name="hibernate" depends="clean,compile">
     <hibernatetool destdir="." classpath=".">
         <annotationconfiguration configurationfile="test.hibernate.cfg.xml"/>
         <hbm2hbmxml/>
     </hibernatetool>
  </target>


  <target name="validate" depends="clean,compile,hibernate">
    <xmlvalidate   
         failonerror="yes"
         classname="org.apache.xerces.parsers.SAXParser"
         classpath="${xerces.path}">
      <fileset dir="."> 
        <include name="*.hbm.xml"/>
      </fileset>
    </xmlvalidate>
  </target>


</project>