<?xml version='1.0' encoding='utf-8'?>
<!--
  ~ Hibernate, Relational Persistence for Idiomatic Java
  ~
  ~ Copyright (c) 2010, Red Hat Inc. or third-party contributors as
  ~ indicated by the @author tags or express copyright attribution
  ~ statements applied by the authors.  All third-party contributions are
  ~ distributed under license by Red Hat Inc.
  ~
  ~ This copyrighted material is made available to anyone wishing to use, modify,
  ~ copy, or redistribute it subject to the terms and conditions of the GNU
  ~ Lesser General Public License, as published by the Free Software Foundation.
  ~
  ~ This program is distributed in the hope that it will be useful,
  ~ but WITHOUT ANY WARRANTY; without even the implied warranty of MERCHANTABILITY
  ~ or FITNESS FOR A PARTICULAR PURPOSE.  See the GNU Lesser General Public License
  ~ for more details.
  ~
  ~ You should have received a copy of the GNU Lesser General Public License
  ~ along with this distribution; if not, write to:
  ~ Free Software Foundation, Inc.
  ~ 51 Franklin Street, Fifth Floor
  ~ Boston, MA  02110-1301  USA
  -->
<!DOCTYPE hibernate-configuration PUBLIC
        "-//Hibernate/Hibernate Configuration DTD 3.0//EN"
        "http://www.hibernate.org/dtd/hibernate-configuration-3.0.dtd">

<hibernate-configuration>

    <session-factory>

        <!-- Database connection settings -->
        <property name="hibernate.connection.driver_class">com.mysql.jdbc.Driver</property>

        <!-- JDBC connection pool (use the built-in) -->
        <!-- <property name="hibernate.connection.pool_size">10</property> -->
        
        <!-- Use the C3PO connection pool.   -->
        <property name="c3p0.acquire_increment">1</property> 
		<property name="c3p0.idle_test_period">100</property> <!-- seconds --> 
		<property name="c3p0.max_size">100</property> 
		<property name="c3p0.max_statements">0</property> 
		<property name="c3p0.min_size">10</property> 
		<property name="c3p0.timeout">100</property> <!-- seconds --> 

        
        <!-- Must be in here for "getCurrentSession" to work as documented in tutorials... -->
		<property name="hibernate.current_session_context_class">thread</property>
		
		
		<!-- Essential for performance in batch processing. -->
		<!-- http://docs.jboss.org/hibernate/core/3.3/reference/en/html/batch.html -->
		<!-- Keep this number low.  individuals queries can be adjusted with annotations -->
		<property name="hibernate.jdbc.batch_size">4</property>
       

        <!-- SQL dialect -->
        <property name="dialect">org.hibernate.dialect.MySQL5InnoDBDialect</property>


		<!-- Turns on/off a query cache.  -->
		<property name="hibernate.cache.use_query_cache">false</property>
		
        <!-- Enable/Disable the second-level cache  -->
        <property name="hibernate.cache.use_second_level_cache">true</property>
        <property name="hibernate.cache.region.factory_class">org.hibernate.cache.ehcache.EhCacheRegionFactory</property>

        <!-- Echo all executed SQL to stdout.  Debug properties -->
        <property name="hibernate.show_sql">true</property>
        <property name="hibernate.format_sql">true</property>
        <property name="hibernate.use_sql_comments">true</property>

        
        <!-- Set the hibernate engine to use newer ID generators that are more JPA 2.0 compatible than older ones. -->
        <property name="hibernate.id.new_generator_mappings">true</property>
        
    </session-factory>

</hibernate-configuration>