<?xml version="1.0"?>
<!DOCTYPE hibernate-mapping PUBLIC
        "-//Hibernate/Hibernate Mapping DTD 3.0//EN"
        "http://www.hibernate.org/dtd/hibernate-mapping-3.0.dtd">

<hibernate-mapping auto-import="false">

    <class name="hibernate.testcase.inheritance.AEntity" table="A" abstract="true">
        <id name="Oid" column="Oid"/>
    </class>
    
    <union-subclass name="hibernate.testcase.inheritance.BEntity" 
          table="B" batch-size="20" extends="hibernate.testcase.inheritance.AEntity">
        <property name="A" column="A" />
        <property name="B" column="B" />
    </union-subclass>
    
    <union-subclass name="hibernate.testcase.inheritance.CEntity" 
          table="C" batch-size="20" extends="hibernate.testcase.inheritance.AEntity">
        <property name="B" column="B" />
        <property name="C" column="C" />
    </union-subclass>
</hibernate-mapping>