<?xml version="1.0" encoding="UTF-8"?>
<!DOCTYPE hibernate-configuration PUBLIC
	"-//Hibernate/Hibernate Configuration DTD 3.0//EN"
	"http://hibernate.sourceforge.net/hibernate-configuration-3.0.dtd">
<hibernate-configuration>
	<session-factory>
		<property name="hibernate.dialect">org.hibernate.dialect.DB2Dialect</property>
		<property name="hibernate.connection.driver_class">com.ibm.db2.jcc.DB2Driver</property>
		<property name="hibernate.connection.username">xxxx</property>
		<property name="hibernate.connection.password">******</property>
		<property name="hibernate.default_schema">springma</property>
		<property name="hibernate.connection.url">jdbc:db2://your database</property>
		<property name="hibernate.current_session_context_class">thread</property>
		<property name="hibernate.hbm2ddl.auto">update</property>
		<property name="hibernate.show_sql">true</property>
		
		<mapping resource="hibernate/testcase/inheritance/mapping.hbm.xml"/>
		
		

		
		
	</session-factory>
</hibernate-configuration>
