<?xml version="1.0"?>
<!DOCTYPE hibernate-mapping PUBLIC
        "-//Hibernate/Hibernate Mapping DTD 3.0//EN"
        "http://hibernate.sourceforge.net/hibernate-mapping-3.0.dtd">
<hibernate-mapping package="org.hilo.testcase"
    default-lazy="false">
    <class name="TableHiLoSchemaGenerationTest" table="SYS_PARAMS">
        <cache usage="read-write" />
        <id name="id" column="ID">
            <generator
                class="org.hibernate.id.TableHiLoGenerator">
                <param name="sequence">SEQ_SYS_PARAMS</param>
                <param name="max_lo">99</param>
            </generator>
        </id>
        <!--  version name="modifyDate" column="MODIFY_DATE" /-->
        <property name="value" column="VALUE" />
    </class>
</hibernate-mapping>