<?xml version="1.0" encoding="utf-8"?>
<!DOCTYPE hibernate-mapping PUBLIC "-//Hibernate/Hibernate Mapping DTD 3.0//EN"
"http://hibernate.sourceforge.net/hibernate-mapping-3.0.dtd">

<hibernate-mapping>
    <class name="yc.hibprob.Address" table="ADDRESS" schema="ET3000">
        <id name="id" type="java.lang.Long">
            <column name="ID" precision="10" scale="0" />
            <generator class="increment"/>
        </id>
        <property name="name" type="java.lang.String">
            <column name="NAME" length="100" />
        </property>

	    <many-to-one name="customer" class="yc.hibprob.Customer" column="CUSTOMER_LINK_ID" property-ref="linkId" not-null="false"/>
    </class>
</hibernate-mapping>