<?xml version="1.0" encoding="utf-8"?>
<!DOCTYPE hibernate-mapping PUBLIC "-//Hibernate/Hibernate Mapping DTD 3.0//EN"
"http://hibernate.sourceforge.net/hibernate-mapping-3.0.dtd">

<hibernate-mapping>
    <class name="yc.hibprob.Customer" table="CUSTOMER">
        <id name="id" type="java.lang.Long">
            <column name="ID" precision="10" scale="0" />
            <generator class="increment"/>
        </id>
        <property name="linkId" type="java.lang.Long" generated="insert">
            <column name="LINK_ID" precision="10" scale="0" />
        </property>
        <property name="name" type="java.lang.String">
            <column name="NAME" length="100" />
        </property>

	    <bag name="addresses" cascade="all-delete-orphan" lazy="false" inverse="true">
			<key column="CUSTOMER_LINK_ID" property-ref="linkId" not-null="false" update="true"/>
			<one-to-many class="yc.hibprob.Address"  />
		</bag>

    </class>
</hibernate-mapping>