<?xml version="1.0" encoding="UTF-8"?>
<beans xmlns="http://www.springframework.org/schema/beans" xmlns:xsi="http://www.w3.org/2001/XMLSchema-instance"
	xmlns:util="http://www.springframework.org/schema/util" xmlns:tx="http://www.springframework.org/schema/tx"
	xsi:schemaLocation="http://www.springframework.org/schema/beans
	http://www.springframework.org/schema/beans/spring-beans-4.3.xsd
	http://www.springframework.org/schema/util http://www.springframework.org/schema/util/spring-util-4.3.xsd
	http://www.springframework.org/schema/tx http://www.springframework.org/schema/tx/spring-tx-4.3.xsd">

	<import resource="classpath:/META-INF/spring/jdbc.xml" />
	<import resource="classpath:/META-INF/spring/jta.xml" />

	<bean class="org.springframework.orm.jpa.support.PersistenceAnnotationBeanPostProcessor" />

	<bean id="entityManagerFactory" class="org.springframework.orm.jpa.LocalContainerEntityManagerFactoryBean">
		<property name="persistenceUnitManager" ref="persistenceUnitManager" />
		<property name="persistenceProvider" ref="persistenceProvider" />
		<property name="jpaDialect">
			<bean class="org.springframework.orm.jpa.vendor.HibernateJpaDialect" />
		</property>
		<property name="jpaVendorAdapter">
			<bean class="org.springframework.orm.jpa.vendor.HibernateJpaVendorAdapter" />
		</property>
		<property name="jpaPropertyMap" ref="hibernateConfig" />
	</bean>

	<bean id="persistenceProvider" class="org.hibernate.jpa.HibernatePersistenceProvider" />

	<bean id="persistenceUnitManager" class="org.springframework.orm.jpa.persistenceunit.DefaultPersistenceUnitManager">
		<property name="defaultDataSource" ref="dataSource" />
		<property name="persistenceXmlLocation" value="classpath:META-INF/persistence.xml" />
	</bean>

	<util:map id="hibernateConfig">
		<entry key="hibernate.default_schema" value="" />
		<entry key="hibernate.dialect" value="org.hibernate.dialect.HSQLDialect" />
		<entry key="hibernate.hbm2ddl.auto" value="create" />
		<entry key="hibernate.format_sql" value="false" />
		<entry key="hibernate.show_sql" value="true" />
		<entry key="hibernate.check_nullability" value="false" />
		<entry key="hibernate.archive.autodetection" value="class" />
		<entry key="hibernate.listeners.envers.autoRegister" value="true" />
		<entry key="hibernate.ejb.metamodel.population" value="disabled"/>
				
		<entry key="org.hibernate.flushMode" value="COMMIT"/>

		<!-- use spring jta for hibernate -->
		<entry key="hibernate.transaction.jta.platform" value-ref="springJtaPlatform"/> 
	</util:map>

	<bean id="springJtaPlatform" class="com.myapp.transaction.SpringJtaPlatform">
		<constructor-arg ref="actualTransactionManager" />
	</bean>
	
</beans>