<?xml version="1.0"?>
<!DOCTYPE hibernate-mapping PUBLIC
    "-//Hibernate/Hibernate Mapping DTD 3.0//EN"
    "http://hibernate.sourceforge.net/hibernate-mapping-3.0.dtd" >
<hibernate-mapping>
  <!--
    Created by the Middlegen Hibernate plugin
    http://boss.bekk.no/boss/middlegen/
    http://hibernate.sourceforge.net/
  -->
  <class name="hibernate.Cod" table="CODES" lazy="true">
    <cache usage="read-only"/>
    <id name="code" type="java.lang.Integer" column="Code">
      <generator class="assigned"/>
    </id>
    <property name="codeType" type="java.lang.String" column="Code_Type" length="6"/>
    <property name="sequenceNumber" type="java.lang.Integer" column="Sequence_Number" length="3"/>
    <property name="activeInd" type="java.lang.String" column="Active_Ind" not-null="true" length="1"/>
    <property name="amisUsageInd" type="java.lang.String" column="AMIS_Usage_Ind" length="1"/>
    <property name="webUsageInd" type="java.lang.String" column="WEB_Usage_Ind" length="1"/>
    <property name="shortNameEnglish" type="java.lang.String" column="Short_Name_English" not-null="true" length="40"/>
    <property name="shortNameFrench" type="java.lang.String" column="Short_Name_French" not-null="true" length="40"/>
    <property name="nameEnglish" type="java.lang.String" column="Name_English" length="255"/>
    <property name="nameFrench" type="java.lang.String" column="Name_French" length="255"/>
    <property name="comments" type="java.lang.String" column="Comments" length="255"/>
    <property name="createDate" type="java.sql.Timestamp" column="Create_Date" not-null="true" length="23"/>
    <property name="createUserId" type="java.lang.String" column="Create_User_ID" not-null="true" length="3"/>
    <property name="changeDate" type="java.sql.Timestamp" column="Change_Date" not-null="true" length="23"/>
    <property name="changeUserId" type="java.lang.String" column="Change_User_ID" not-null="true" length="3"/>
    <!-- associations -->
    <!-- bi-directional many-to-one association to CodesTabl -->
    <many-to-one name="codesTablByCodeTableId" class="hibernate.CodesTabl" not-null="true">
      <column name="Code_Table_ID"/>
    </many-to-one>
    <!-- bi-directional one-to-many association to CodesCategory -->
    <set name="codesCategoriesByCode" lazy="true" inverse="true">
      <key>
        <column name="Code"/>
      </key>
      <one-to-many class="hibernate.CodesCategory"/>
    </set>
    <!-- bi-directional one-to-many association to ApplIneThem -->
    <set name="applIneThemsBySubThemeCode" lazy="true" inverse="true">
      <key>
        <column name="Sub_Theme_Code"/>
      </key>
      <one-to-many class="hibernate.ApplIneThem"/>
    </set>
    <!-- bi-directional one-to-many association to ApplIneThem -->
    <set name="applIneThemsByThemeCode" lazy="true" inverse="true">
      <key>
        <column name="Theme_Code"/>
      </key>
      <one-to-many class="hibernate.ApplIneThem"/>
    </set>
    <!-- bi-directional one-to-many association to FrrComment -->
    <set name="frrCommentsBySatisfactionInd1" lazy="true" inverse="true">
      <key>
        <column name="Satisfaction_Ind_1"/>
      </key>
      <one-to-many class="hibernate.FrrComment"/>
    </set>
    <!-- bi-directional one-to-many association to FrrComment -->
    <set name="frrCommentsBySatisfactionInd3" lazy="true" inverse="true">
      <key>
        <column name="Satisfaction_Ind_3"/>
      </key>
      <one-to-many class="hibernate.FrrComment"/>
    </set>
    <!-- bi-directional one-to-many association to FrrComment -->
    <set name="frrCommentsBySatisfactionInd2" lazy="true" inverse="true">
      <key>
        <column name="Satisfaction_Ind_2"/>
      </key>
      <one-to-many class="hibernate.FrrComment"/>
    </set>
    <!-- bi-directional one-to-many association to FrrComment -->
    <set name="frrCommentsBySatisfactionInd4" lazy="true" inverse="true">
      <key>
        <column name="Satisfaction_Ind_4"/>
      </key>
      <one-to-many class="hibernate.FrrComment"/>
    </set>
  </class>
</hibernate-mapping>
