<?xml version = '1.0' encoding = 'UTF-8'?>
<FKIndexAssociation class="oracle.dbtools.crest.model.design.relational.FKIndexAssociation" id="7F5F518A-64F7-0F73-324C-6652AA906642" directorySegmentName="seg_0" name="Relation_1">
<createdBy>marchiori</createdBy>
<createdTime>2014-02-06 11:24:54 UTC</createdTime>
<generatorID>61DEB941-B3D1-C6FB-3A99-C413EC212A66</generatorID>
<ownerDesignName>model</ownerDesignName>
<containerWithKeyObject>71D75B89-93E8-A377-0B3F-C91C15C41CEC</containerWithKeyObject>
<deleteRule>RESTRICT</deleteRule>
<localFKIndex>AF399651-7304-400A-5223-91B072D53202</localFKIndex>
<keyObject>E73FFA68-9BCF-93D8-5572-836EAD2EFED6</keyObject>
<mandatory>true</mandatory>
<transferable>true</transferable>
</FKIndexAssociation>