<?xml version = '1.0' encoding = 'UTF-8'?>
<FKIndexAssociation class="oracle.dbtools.crest.model.design.relational.FKIndexAssociation" id="C97B26D0-5775-F379-B764-031D2EE0BFFE" directorySegmentName="seg_0" name="Relation_2">
<createdBy>marchiori</createdBy>
<createdTime>2014-02-06 11:25:08 UTC</createdTime>
<generatorID>552956FE-D0E3-24C1-43C5-82D0511D73BE</generatorID>
<ownerDesignName>model</ownerDesignName>
<containerWithKeyObject>71D75B89-93E8-A377-0B3F-C91C15C41CEC</containerWithKeyObject>
<deleteRule>RESTRICT</deleteRule>
<localFKIndex>2B21A063-36AC-62F9-FED3-F8E18258D322</localFKIndex>
<keyObject>9A316B88-2C1A-167E-3301-60E77BF8AC16</keyObject>
<mandatory>true</mandatory>
<transferable>true</transferable>
</FKIndexAssociation>