<?xml version="1.0"?>
<!DOCTYPE hibernate-mapping PUBLIC
        "-//Hibernate/Hibernate Mapping DTD 3.0//EN"
        "http://hibernate.sourceforge.net/hibernate-mapping-3.0.dtd">
<hibernate-mapping>
    <class name="com.amin.hibernate.search.jms.Event" table="EVENT">
        <id name="id" column="ID" type="long">
            <generator class="increment"/>
        </id>
        <set name="parentsOf" table="PARENT_OF_BIRTH_EVENT" inverse="true">
            <key column="EVENT_ID"/>
            <one-to-many class="com.amin.hibernate.search.jms.ParentOfBirthEvent"/>
        </set>
        <set name="children" inverse="true">
            <key column="BIRTH_EVENT_ID"/>
            <one-to-many class="com.amin.hibernate.search.jms.Person"/>
        </set>
    </class>
</hibernate-mapping>