<?xml version="1.0"?>
<!DOCTYPE hibernate-mapping PUBLIC
        "-//Hibernate/Hibernate Mapping DTD 3.0//EN"
        "http://hibernate.sourceforge.net/hibernate-mapping-3.0.dtd">
<hibernate-mapping>
    <class name="com.amin.hibernate.search.jms.Person" table="PERSON">
        <id name="id" column="Id" type="long">
            <generator class="increment"/>
        </id>
        <many-to-one name="birthEvent" class="com.amin.hibernate.search.jms.Event" column="BIRTH_EVENT_ID" cascade="save-update" not-null="true"/>
        <set name="parentOfBirthEvents" table="Parent_of_Birth_Event" cascade="save-update">
            <key column="PARENT_ID"/>
            <one-to-many class="com.amin.hibernate.search.jms.ParentOfBirthEvent"/>
        </set>
    </class>
</hibernate-mapping>