<?xml version="1.0" encoding="ISO-8859-1"?>
<!-- $Log$
-->
<!DOCTYPE hibernate-mapping PUBLIC 
    "-//Hibernate/Hibernate Mapping DTD 3.0//EN"
    "hibernate-mapping-3.0.dtd">
<hibernate-mapping package="ch.rtc.infra.protok.client.type.sample.bugs">
	<class name="InPro_ChildWithCollections" table="childWithCollections">
		<id name="id" column="id_childWithCollections" type="long"/>	
	    <discriminator column="x_type" type="string" />
		<property name="name" column="x_name"  type="string" />

        <!-- lazy can be either true or false -->
        <set name="collectionOfSimpleObjects" lazy="false" cascade="all-delete-orphan">
            <key>
                <column name="id_parent_object"/>
            </key>
            <one-to-many class="ch.rtc.infra.protok.client.type.sample.InPro_SimpleObject"/>
        </set>

        <!-- lazy can be either true or false -->
        <set name="collectionOfValues" lazy="true"
            table="kf_limiten_modell_waehrungen">
            <key>
                <column name="id_kf_limiten_modell">
                    <comment>Die Id des Limitenmodells. Typ: long</comment>
                </column>
            </key>
            <element type="java.lang.String">
                <column name="c_value" not-null="true">
                </column>
            </element>

        </set>
	</class>
</hibernate-mapping>
