<?xml version="1.0" encoding="ISO-8859-1"?>
<!-- $Log$
-->
<!DOCTYPE hibernate-mapping PUBLIC 
    "-//Hibernate/Hibernate Mapping DTD 3.0//EN"
    "hibernate-mapping-3.0.dtd">
<hibernate-mapping package="ch.rtc.infra.protok.client.type.sample.bugs">
	<class name="InPro_ParentWithLazyCollectionOfChildren" table="parentWithLazyCollectionOfChildren">
		<id name="id" column="id" type="long"/>	
        <discriminator column="x_type" type="string" />
		<version name="version" column="n_version" type="long"/>		 
		<property name="name" column="x_name"  type="string" />

        <set name="childrenWithCollections" lazy="true" cascade="all-delete-orphan">
            <key foreign-key="fk_parent_object">
                <column name="id_parent_object"/>
            </key>
            <one-to-many class="ch.rtc.infra.protok.client.type.sample.bugs.InPro_ChildWithCollections"/>
        </set>
	</class>
</hibernate-mapping>
