<?xml version="1.0" encoding="ISO-8859-1"?>
<!-- $Log$
-->
<!DOCTYPE hibernate-mapping PUBLIC 
    "-//Hibernate/Hibernate Mapping DTD 3.0//EN"
    "hibernate-mapping-3.0.dtd">
<hibernate-mapping package="ch.rtc.infra.protok.client.type.sample.bugs">
	<class name="InPro_BidirectionalManyToManyLeftSide" table="bidirectionalManyToManyLeftSide">
		<id name="id" column="id_left_side" type="long"/>	
        <discriminator column="x_type" type="string" />
		<version name="version" column="n_version" type="long"/>		 
		<property name="name" column="x_name"  type="string" />

        <set name="lazyRightSide" table="manytomany_left_to_right" lazy="true">
            <key column="id_left_side"/>
            <many-to-many class="InPro_BidirectionalManyToManyRightSide" 
                          column="id_right_side"
/>
        </set>
	</class>
</hibernate-mapping>
