<?xml version="1.0" encoding="UTF-8"?>
<!--
  Licensed to the Apache Software Foundation (ASF) under one
  or more contributor license agreements.  See the NOTICE file
  distributed with this work for additional information
  regarding copyright ownership.  The ASF licenses this file
  to you under the Apache License, Version 2.0 (the
  "License"); you may not use this file except in compliance
  with the License.  You may obtain a copy of the License at

    http://www.apache.org/licenses/LICENSE-2.0

  Unless required by applicable law or agreed to in writing,
  software distributed under the License is distributed on an
  "AS IS" BASIS, WITHOUT WARRANTIES OR CONDITIONS OF ANY
  KIND, either express or implied.  See the License for the
  specific language governing permissions and limitations
  under the License.
  -->

<beans xmlns="http://www.springframework.org/schema/beans"
		xmlns:xsi="http://www.w3.org/2001/XMLSchema-instance"
		xmlns:context="http://www.springframework.org/schema/context"
		xmlns:aop="http://www.springframework.org/schema/aop"
		xmlns:tx="http://www.springframework.org/schema/tx"
		xmlns:jee="http://www.springframework.org/schema/jee"
		xsi:schemaLocation="http://www.springframework.org/schema/beans http://www.springframework.org/schema/beans/spring-beans-2.5.xsd
				http://www.springframework.org/schema/context http://www.springframework.org/schema/context/spring-context-2.5.xsd
				http://www.springframework.org/schema/tx http://www.springframework.org/schema/tx/spring-tx-2.5.xsd
				http://www.springframework.org/schema/aop http://www.springframework.org/schema/aop/spring-aop-2.5.xsd
                http://www.springframework.org/schema/jee http://www.springframework.org/schema/jee/spring-jee-2.5.xsd">

   
	<!--
		Activates various annotations to be detected in bean classes:
		Spring's @Required and @Autowired, as well as JSR 250's @Resource.
	-->
	<context:annotation-config />
	
	<!--
		Instruct Spring to perform declarative transaction management
		automatically on annotated classes.
	-->
	
	<tx:annotation-driven transaction-manager="jtaTransactionManager" proxy-target-class="true"/>
	
	
	<aop:aspectj-autoproxy />
	
    <!--Transaction Manager for db-->
     <bean id="jtaTransactionManager" 
      class="org.springframework.transaction.jta.JtaTransactionManager">
      <property name="transactionManager"><ref bean="AtomikosTransactionManager"  /></property>
	  <property name="userTransaction"><ref bean="AtomikosUserTransaction"  /></property>
	  <property name="transactionManagerName" value="AtomikosTransactionManager"/>
      <property name="userTransactionName" value="AtomikosUserTransaction"/>
    </bean>
	
	<context:component-scan base-package="org.hibernate.tutorials.annotations">
       <context:include-filter type="regex" 
        expression="org\.hibernate\.annotations\.server\.web\.controllers\..*Controller*" />
    </context:component-scan>
	
	 <bean id="dataSource" class="com.atomikos.jdbc.nonxa.AtomikosNonXADataSourceBean">
	 <property name="uniqueResourceName"><value>NONXADBMS</value></property>
	 <property name="user"><value>admin</value></property>
	 <property name="password"><value>admin</value></property>
	 <property name="url"><value>jdbc:postgresql://localhost/hibernate_unittest</value></property>
	 <property name="driverClassName"><value>org.postgresql.Driver</value></property>
	 <property name="poolSize"><value>1</value></property>
	 <property name="borrowConnectionTimeout"><value>60</value></property>
    </bean>   
	 
	<!--Hibernate SessionFactory-->
	<bean id="sessionFactory" 
	  class="org.springframework.orm.hibernate3.annotation.AnnotationSessionFactoryBean">
	 <property name="dataSource" ref="dataSource" />
	 <property name="annotatedClasses">
	 <list>
	    <value>org.hibernate.tutorials.annotations.model.Activitytype</value>
	  </list>
	 </property>
	 <property name="hibernateProperties">
	  <props>
	   <prop key="hibernate.dialect">org.hibernate.dialect.PostgreSQLDialect</prop>
	   <prop key="hibernate.show_sql">true</prop>	   
	   <prop key="hibernate.connection.isolation">3</prop>
       <prop key="hibernate.current_session_context_class">jta</prop>
       <prop key="hibernate.transaction.factory_class">org.hibernate.tutorials.annotations.transactionfix.AtomikosJTATransactionFactory</prop>
	   <prop key="hibernate.transaction.manager_lookup_class">com.atomikos.icatch.jta.hibernate3.TransactionManagerLookup</prop>	   
	  </props>
	 </property>
	</bean>
	
    <!-- Turn on @Required -->
     <bean class="org.springframework.beans.factory.annotation.RequiredAnnotationBeanPostProcessor" />
    
    <!--Turns on @PersistenceContext in Dao Beans-->
    <!--<bean class="org.springframework.orm.jpa.support.PersistenceAnnotationBeanPostProcessor" />-->
    
    <bean id="messageSource" class="org.springframework.context.support.ResourceBundleMessageSource" abstract="false"
          scope="singleton" lazy-init="default" autowire="default" >
          <property name="basename" value="messages" />
     </bean>
    
    <!--Model Beans-->
    
    <bean id="activitytypeDao"
        class="org.hibernate.tutorials.annotations.dao.ActivitytypeDao">
        <property name="sessionFactory" ref="sessionFactory"/>
    </bean>
    
</beans>