<?xml version="1.0" encoding="UTF-8"?>
<beans xmlns="http://www.springframework.org/schema/beans" 
    xmlns:xsi="http://www.w3.org/2001/XMLSchema-instance"
    xmlns:p="http://www.springframework.org/schema/p"
    xmlns:oxm="http://www.springframework.org/schema/oxm"
    xmlns:util="http://www.springframework.org/schema/util"
    xmlns:context="http://www.springframework.org/schema/context"
    xsi:schemaLocation="
        http://www.springframework.org/schema/beans 
        http://www.springframework.org/schema/beans/spring-beans-3.0.xsd
        http://www.springframework.org/schema/util
        http://www.springframework.org/schema/util/spring-util-3.0.xsd
        http://www.springframework.org/schema/context 
        http://www.springframework.org/schema/context/spring-context-3.0.xsd
        http://www.springframework.org/schema/oxm
        http://www.springframework.org/schema/oxm/spring-oxm-3.0.xsd">

    <!-- turn on support for @Controller Spring will search this package for classes annotated as Controllers -->
    <context:component-scan base-package="com.endurotracker.gwt.server.web.controllers" />
    
    <!-- Define DefaultAnnotationHandler specifically so we don't get railroaded by the other HandlerMappings -->
   <context:annotation-config/>
    <bean class="org.springframework.web.servlet.mvc.annotation.DefaultAnnotationHandlerMapping"/>
    <!-- Enables annotated POJO @Controllers -->
    <bean class="org.springframework.web.servlet.mvc.annotation.AnnotationMethodHandlerAdapter"/>
    
    <bean id="messageSource" class="org.springframework.context.support.ResourceBundleMessageSource" >
     <property name="basename" value="ApplicationResources" />
    </bean>

	<!--HomeController-->
	<bean id="homeController"
	      class="org.hibernate.tutorials.annotations.server.web.controllers.HomeController">
	</bean>  
	
	<!--ActivityTypeController-->
	<bean id="activityTypeController"
	      class="org.hibernate.tutorials.annotations.server.web.controllers.ActivityTypeController">
	</bean>  
	
    <bean id="viewNameTranslator" class="org.springframework.web.servlet.view.DefaultRequestToViewNameTranslator" />
    <bean class="org.springframework.web.servlet.mvc.support.ControllerClassNameHandlerMapping" /> 
	
  
  <!--This bean sets up the Velocity environment for us based on a root path for templates.
  Optionally, a properties file can be specified for more control over the Velocity
  environment, but the defaults are pretty sane for file based template loading.-->
<bean id="velocityConfig" class="org.springframework.web.servlet.view.velocity.VelocityConfigurer">
  <property name="resourceLoaderPath" value="/WEB-INF/velocity/"/>
</bean>
<!--View resolvers can also be configured with ResourceBundles or XML files. If you need
  different view resolving based on Locale, you have to use the resource bundle resolver.-->
<bean id="viewResolver" class="org.springframework.web.servlet.view.velocity.VelocityViewResolver">
   <property name="suffix" value=".vm"/>
   <property name="exposeSpringMacroHelpers"><value>true</value></property>   
</bean>

 <bean id="exceptionResolver" class="org.springframework.web.servlet.handler.SimpleMappingExceptionResolver" abstract="false"
		scope="singleton" lazy-init="default" autowire="default" >
		<property name="exceptionMappings">
			<props>
				<prop key="java.lang.Exception">error</prop>
			</props>
		</property>
 </bean>
 
  

</beans>