<?xml version="1.0"?>
<!DOCTYPE hibernate-mapping PUBLIC
        "-//Hibernate/Hibernate Mapping DTD 3.0//EN"
        "http://hibernate.sourceforge.net/hibernate-mapping-3.0.dtd">
        
<hibernate-mapping>

  <class name="events.Event" table="EVENTS">
    <id name="id" column="EVENT_ID">
      <generator class="native"/>
    </id>
    
    <property name="date" type="timestamp" column="EVENT_DATE"/>
    <property name="title"/>
        
    <set name="participants" table="PERSON_EVENT" inverse="true">
      <key column="EVENT_ID"/>
      <many-to-many column="PERSON_ID" class="events.Person"/>
    </set>
        
  </class>

</hibernate-mapping>