<?xml version="1.0"?>
<!DOCTYPE hibernate-mapping PUBLIC
        "-//Hibernate/Hibernate Mapping DTD 3.0//EN"
        "http://hibernate.sourceforge.net/hibernate-mapping-3.0.dtd">

<hibernate-mapping>

  <class name="events.Person" table="PERSON">
    <!--
    -->
    <cache usage="read-write"/>
    
    <id name="id" column="PERSON_ID" access="field">
      <generator class="native"/>
    </id>
    <!--
    <composite-id>
        <key-property name="firstname" access="field"/>
        <key-property name="lastname" access="field"/>
    </composite-id>
    -->

    <!--
    <timestamp name="timestamp" access="field"/>
    <version name="timestamp" type="byte[]" generated="always" access="field"/>
    -->
    
    <property name="age"/>
    <!--
    -->
    <property name="firstname"/>
    <property name="lastname"/>

    <!--
    <set name="events" table="PERSON_EVENT">
      <key column="PERSON_ID"/>
      <many-to-many column="EVENT_ID" class="events.Event"/>
    </set>    
    
    <set name="emailAddresses" table="PERSON_EMAIL_ADDR">
        <key column="PERSON_ID"/>
        <element type="string" column="EMAIL_ADDR"/>
    </set>
    -->
    
  </class>

</hibernate-mapping>