<?xml version="1.0" encoding="UTF-8"?>
<!DOCTYPE glassfish-web-app PUBLIC "-//GlassFish.org//DTD GlassFish Application Server 3.1 Servlet 3.0//EN" "http://glassfish.org/dtds/glassfish-web-app_3_0-1.dtd">
<glassfish-web-app error-url="">
    <context-root>/v1/bulkdata</context-root>
	<security-role-mapping>
		<role-name>CUST_API_RO</role-name>
		<group-name>CUST_API_RO</group-name>
	</security-role-mapping>
	<security-role-mapping>
		<role-name>CUST_API_RW</role-name>
		<group-name>CUST_API_RW</group-name>
	</security-role-mapping>
	<security-role-mapping>
		<role-name>SuperUser</role-name>
		<group-name>SuperUser</group-name>
	</security-role-mapping>
	<security-role-mapping>
		<role-name>SuperAdmin</role-name>
		<group-name>SuperAdmin</group-name>
	</security-role-mapping>
	<security-role-mapping>
		<role-name>User</role-name>
		<group-name>User</group-name>
	</security-role-mapping>
	<security-role-mapping>
		<role-name>Admin</role-name>
		<group-name>Admin</group-name>
	</security-role-mapping>
	<security-role-mapping>
		<role-name>CustomerAdmin</role-name>
		<group-name>CustomerAdmin</group-name>
	</security-role-mapping>
	<security-role-mapping>
		<role-name>CUST_API_TIMECLOCK</role-name>
		<group-name>CUST_API_TIMECLOCK</group-name>
	</security-role-mapping>
	<security-role-mapping>
		<role-name>TIMESERIES_API_RW</role-name>
		<group-name>TIMESERIES_API_RW</group-name>
	</security-role-mapping>
</glassfish-web-app>
