<?xml version="1.0" encoding="UTF-8"?>	
<!DOCTYPE log4j:configuration PUBLIC "-//APACHE//DTD LOG4J 1.2//EN" "log4j.dtd">
<log4j:configuration xmlns:log4j="http://jakarta.apache.org/log4j/">

	<!-- Appenders -->
	<appender name="console" class="org.apache.log4j.ConsoleAppender">
		<param name="Target" value="System.out" />
		<layout class="org.apache.log4j.PatternLayout">
			<param name="ConversionPattern" value="%d{dd MMM yyyy HH:mm:ss} %-5p %c{2} (%F%L) - %m%n" />
		</layout>
	</appender>
	<!-- <appender name="default" class="org.apache.log4j.RollingFileAppender">
		<param name="File" value="E:/Prelude/Code/log/paypilot.log"/>
		<param name="MaxFileSize" value="1000000KB"/>
		<param name="MaxBackupIndex" value="10"/>
		<layout class="org.apache.log4j.PatternLayout">
			<param name="ConversionPattern" value="%d{dd MMM yyyy HH:mm:ss} %-5p %c{2} (%F%L) - %m%n"/>
		</layout>
	</appender>-->
	
	
	<logger name="org.springframework.beans">
		<level value="warn" />
	</logger>
	
	<logger name="org.springframework.context">
		<level value="warn" />
	</logger>

	<logger name="org.springframework.web">
		<level value="warn" />
	</logger>
	
	<logger name="org.springframework">
		<level value="warn" />
	</logger>
	
	<logger name="com.opensymphony">
		<level value="warn" />
	</logger>
	
	<!-- <logger name="org.hibernate">
		<level value="debug" />
	</logger> -->
	
	<logger name="com.irissoftware">
		<level value="debug" />
	</logger>
	
	<logger name="org.springframework.web.filter">
		<level value="debug" />
	</logger>
	
	<root>
		<priority value="info" />
		<!-- <appender-ref ref="default" />--> 
		<appender-ref ref="console" />
	</root>
</log4j:configuration>
