<?xml version="1.0"?>
<!DOCTYPE hibernate-mapping PUBLIC
      "-//Hibernate/Hibernate Mapping DTD 3.0//EN"
          "http://hibernate.sourceforge.net/hibernate-mapping-3.0.dtd">

<hibernate-mapping>
	<class entity-name="Department" table="department">
		<id name="id" type="long" column="dept_id">
		</id>
		<property name="name" type="string" column="dept_name"/>
		<set name="employees" table="emp_dept">
			<key column="dept_id"/>
			<many-to-many entity-name="Employee" column="emp_id"/>
		</set>
	</class>

	<class entity-name="Employee" table="employee">
		<id name="id" type="long" column="emp_id">
		</id>
		<set name="departments" table="emp_dept">
			<key column="emp_id"/>
			<many-to-many entity-name="Department" column="dept_id"/>
		</set>
		<property name="name" type="string" column="emp_name"/>

		<join table="employee_properties" optional="true">
			<subselect>select emp_id, property_value from employee_properties where property_name='phoneNumber'</subselect>
			<key column="emp_id"/>
			<property name="phoneNumber" type="string" column="property_value"/>
		</join>
		<join table="employee_properties" optional="true">
			<subselect>select emp_id, property_value from employee_properties where property_name='email'</subselect>
			<key column="emp_id"/>
			<property name="email" type="string" column="property_value"/>			
		</join>

	</class>
</hibernate-mapping>