<?xml version='1.0' encoding='UTF-8'?>
<!DOCTYPE hibernate-configuration PUBLIC
          "-//Hibernate/Hibernate Configuration DTD 3.0//EN"
          "http://hibernate.sourceforge.net/hibernate-configuration-3.0.dtd">

<!-- Generated by MyEclipse Hibernate Tools.                   -->
<hibernate-configuration>

  <session-factory>
    <property name="connection.url">jdbc:hsqldb:mem:germansite</property>
  <property name="connection.username">sa</property>
  <property name="connection.password"></property>
  <property name="connection.driver_class">
    org.hsqldb.jdbcDriver
  </property>
	<property name="hibernate.cache.use_second_level_cache">false</property>
	<property name="hibernate.c3p0.min_size">5</property>
	<property name="hibernate.c3p0.max_size">50</property>
	<property name="hibernate.c3p0.timeout">1800</property>
	<property name="hibernate.c3p0.max_statements">50</property>
	<property name="dialect">org.hibernate.dialect.HSQLDialect</property>	
	<property name="show_sql">true</property>
	<property name="hibernate.connection.isolation">2</property>
	<property name="hibernate.hbm2ddl.auto">create</property>

    <mapping class="test.Domain" />
  </session-factory>

</hibernate-configuration>