<!DOCTYPE hibernate-mapping PUBLIC 
	"-//Hibernate/Hibernate Mapping DTD 3.0//EN"
	"http://hibernate.sourceforge.net/hibernate-mapping-3.0.dtd">

<hibernate-mapping package="dummy">

	<class name="Parent" table="parent">
		<id name="id" type="java.lang.Long" column="ID">
			<generator class="native" />
		</id>
		<property name="name" type="java.lang.String" length="100"
			column="name" />
		<property name="orderNo" column="order_no"
			type="java.lang.Integer">
		</property>
		<map name="children" inverse="true" cascade="all-delete-orphan"
			sort="natural">
			<key column="parent_id" />
			<index column="order_no" type="java.lang.Integer" />
			<one-to-many class="Child" />
		</map>
	</class>

	<class name="Child" table="child">
		<id name="id" type="java.lang.Long" column="ID">
			<generator class="native" />
		</id>
		<property name="name" type="java.lang.String" length="100"
			column="name" />
		<property name="orderNo" column="order_no"
			type="java.lang.Integer">
		</property>

		<many-to-one name="parent" class="Parent">
			<column name="parent_id" not-null="true" />
		</many-to-one>
		<map name="children" inverse="true" cascade="all-delete-orphan"
			sort="natural">
			<key column="child_id" />
			<index column="order_no" type="java.lang.Integer" />
			<one-to-many class="GrandChild" />
		</map>
	</class>

	<class name="GrandChild" table="grand_child">
		<id name="id" type="java.lang.Long" column="ID">
			<generator class="native" />
		</id>
		<property name="name" type="java.lang.String" length="100"
			column="name" />
		<property name="orderNo" column="order_no"
			type="java.lang.Integer">
		</property>

		<many-to-one name="grandParent" class="Parent">
			<column name="parent_id" not-null="true" />
		</many-to-one>

		<many-to-one name="parent" class="Child">
			<column name="child_id" />
		</many-to-one>
	</class>

</hibernate-mapping>
