<?xml version="1.0" encoding="UTF-8"?>
<beans xmlns="http://www.springframework.org/schema/beans"
	xmlns:xsi="http://www.w3.org/2001/XMLSchema-instance" xmlns:aop="http://www.springframework.org/schema/aop"
	xmlns:tx="http://www.springframework.org/schema/tx"
	xsi:schemaLocation="http://www.springframework.org/schema/beans
       http://www.springframework.org/schema/beans/spring-beans.xsd
       http://www.springframework.org/schema/tx http://www.springframework.org/schema/tx/spring-tx-2.0.xsd
       http://www.springframework.org/schema/aop http://www.springframework.org/schema/aop/spring-aop-2.0.xsd">


	<bean id="entityManagerFactory"
		class="org.springframework.orm.jpa.LocalContainerEntityManagerFactoryBean">
		<property name="dataSource" ref="dataSource" />
		<property name="jpaDialect">
			<bean class="org.springframework.orm.jpa.vendor.HibernateJpaDialect" />
		</property>
		<property name="jpaVendorAdapter">
			<bean class="org.springframework.orm.jpa.vendor.HibernateJpaVendorAdapter">
				<property name="generateDdl" value="false" />
				<property name="showSql" value="false" />
			</bean>
		</property>
		<property name="jpaProperties">
			<map>
				<entry key="hibernate.dialect" value="org.hibernate.dialect.H2Dialect" />
				<entry key="hibernate.format_sql" value="true" />
				<entry key="hibernate.hbm2ddl.auto" value="none" />
			</map>
		</property>
		<property name="persistenceUnitName" value="pu" />
	</bean>

	<bean id="transactionManager" class="org.springframework.orm.jpa.JpaTransactionManager">
		<property name="entityManagerFactory" ref="entityManagerFactory" />
	</bean>

	<bean id="dataSource"
		class="org.springframework.jdbc.datasource.DriverManagerDataSource">
		<property name="driverClassName" value="org.h2.Driver" />
		<!-- property name="url"
			value="jdbc:h2:./data/testdb;INIT=create schema if not exists test\;RUNSCRIPT FROM 'classpath:/data.sql';DB_CLOSE_ON_EXIT=FALSE" /-->
		<property name="url" value="jdbc:h2:./data/testdb" />
		<property name="username" value="sa" />
		<property name="password" value="" />
	</bean>

	<bean id="studentRepository" class="com.jpatest.StudentRepositoryImpl" />
</beans>