<?xml version="1.0" encoding="UTF-8"?>
<actions>
        <action>
            <actionName>CUSTOM-package</actionName>
            <displayName>package</displayName>
            <goals>
                <goal>clean</goal>
                <goal>package</goal>
            </goals>
        </action>
        <action>
            <actionName>rebuild</actionName>
            <packagings>
                <packaging>*</packaging>
            </packagings>
            <goals>
                <goal>clean</goal>
                <goal>package</goal>
            </goals>
            <properties>
                <maven.test.skip>true</maven.test.skip>
            </properties>
        </action>
        <action>
            <actionName>clean</actionName>
            <packagings>
                <packaging>*</packaging>
            </packagings>
            <goals>
                <goal>clean</goal>
            </goals>
            <properties>
                <maven.test.skip>true</maven.test.skip>
            </properties>
        </action>
    </actions>
