<?xml version="1.0"?>
<!DOCTYPE hibernate-mapping PUBLIC
    "-//Hibernate/Hibernate Mapping DTD 2.0//EN"
    "http://hibernate.sourceforge.net/hibernate-mapping-2.0.dtd" >
    
<hibernate-mapping>
<!-- 
    Created by Middlegen Hibernate plugin

    http://boss.bekk.no/boss/middlegen/
    http://hibernate.sourceforge.net/
-->

<class 
    name="testQwb.hibernate.QwbDataSrcClmn" 
    table="QWB_DATA_SRC_CLMN"
>

    <id
        name="clmnNum"
        type="int"
        column="CLMN_NUM"
    >
        <generator class="assigned" />
    </id>

    <property
        name="dataSrcNum"
        type="int"
        column="DATA_SRC_NUM"
        not-null="true"
        length="5"
    />
    <property
        name="clmnName"
        type="java.lang.String"
        column="CLMN_NAME"
        not-null="true"
        length="30"
    />
    <property
        name="attrName"
        type="java.lang.String"
        column="ATTR_NAME"
        not-null="true"
        length="200"
    />
    <property
        name="clmnDesc"
        type="java.lang.String"
        column="CLMN_DESC"
        length="2000"
    />
    <property
        name="dataTypeCd"
        type="java.lang.String"
        column="DATA_TYPE_CD"
        not-null="true"
        length="12"
    />
    <property
        name="dataOfstCnt"
        type="int"
        column="DATA_OFST_CNT"
        not-null="true"
        length="5"
    />
    <property
        name="dataLngthCnt"
        type="short"
        column="DATA_LNGTH_CNT"
        not-null="true"
        length="4"
    />
    <property
        name="dataScaleCnt"
        type="boolean"
        column="DATA_SCALE_CNT"
        not-null="true"
        length="1"
    />
    <property
        name="nullSw"
        type="java.lang.String"
        column="NULL_SW"
        not-null="true"
        length="1"
    />
    <property
        name="cdTblName"
        type="java.lang.String"
        column="CD_TBL_NAME"
        length="30"
    />
    <property
        name="lstName"
        type="java.lang.String"
        column="LST_NAME"
        length="30"
    />
    <property
        name="ngtvNumSw"
        type="java.lang.String"
        column="NGTV_NUM_SW"
        not-null="true"
        length="1"
    />
    <property
        name="dataFrmtTxt"
        type="java.lang.String"
        column="DATA_FRMT_TXT"
        length="50"
    />
    <property
        name="sasFldName"
        type="java.lang.String"
        column="SAS_FLD_NAME"
        length="8"
    />
    <property
        name="pcSasFldName"
        type="java.lang.String"
        column="PC_SAS_FLD_NAME"
        length="30"
    />
    <property
        name="sasLabelTxt"
        type="java.lang.String"
        column="SAS_LABEL_TXT"
        length="200"
    />
    <property
        name="creatTs"
        type="java.sql.Timestamp"
        column="CREAT_TS"
        not-null="true"
        length="7"
    />
    <property
        name="creatUserId"
        type="java.lang.String"
        column="CREAT_USER_ID"
        not-null="true"
        length="20"
    />
    <property
        name="updtTs"
        type="java.sql.Timestamp"
        column="UPDT_TS"
        length="7"
    />
    <property
        name="updtUserId"
        type="java.lang.String"
        column="UPDT_USER_ID"
        length="20"
    />
    <property
        name="sqncNum"
        type="int"
        column="SQNC_NUM"
        not-null="true"
        length="6"
    />
    <property
        name="sasCmtTxt"
        type="java.lang.String"
        column="SAS_CMT_TXT"
        length="40"
    />
    <property
        name="slctTxt"
        type="java.lang.String"
        column="SLCT_TXT"
        length="2000"
    />
    <property
        name="tmpltOnlySw"
        type="java.lang.String"
        column="TMPLT_ONLY_SW"
        length="1"
    />
    <property
        name="newClmnSw"
        type="java.lang.String"
        column="NEW_CLMN_SW"
        not-null="true"
        length="1"
    />
    <property
        name="fldrUpgrdSw"
        type="java.lang.String"
        column="FLDR_UPGRD_SW"
        not-null="true"
        length="1"
    />
    <property
        name="padKeySqncNum"
        type="java.lang.Integer"
        column="PAD_KEY_SQNC_NUM"
        length="1"
    />

    <!-- associations -->
    <!-- bi-directional one-to-many association to QwbFldrClmn -->
    <set
        name="qwbFldrClmns"
        lazy="true"
        inverse="true"
    >
        <key>
            <column name="CLMN_NUM" />
        </key>
        <one-to-many 
            class="testQwb.hibernate.QwbFldrClmn"
        />
    </set>

</class>
</hibernate-mapping>
