<?xml version="1.0" encoding="UTF-8"?>
<!DOCTYPE hibernate-configuration PUBLIC "-//Hibernate/Hibernate Configuration DTD 3.0//EN" "http://hibernate.sourceforge.net/hibernate-configuration-3.0.dtd">

<hibernate-configuration>

    <session-factory>
        <property name="hibernate.connection.driver_class">org.gjt.mm.mysql.Driver</property>
        <property name="hibernate.connection.url">jdbc:mysql://localhost/testsfmn</property>
        <property name="hibernate.connection.username">fmn</property>
        <property name="hibernate.connection.password">mdp</property>
        <property name="hibernate.dialect">org.hibernate.dialect.MySQLDialect</property>
        
        <!-- affiche les requetes sql crees par hibernate -->
        <property name="hibernate.show_sql">true</property>
        
        <!-- commit automatique -->
        <property name="hibernate.connection.autocommit">false</property> 
        
        <!-- Use the C3P0 connection pool -->
<!-- 
		<property name="hibernate.c3p0.min_size">5</property>
		<property name="hibernate.c3p0.max_size">20</property>
		<property name="hibernate.c3p0.timeout">1800</property>
 -->
		
		<!-- Disable second-level cache. -->
		<property name="hibernate.cache.provider_class">org.hibernate.cache.NoCacheProvider</property>
		<property name="hibernate.cache.use_query_cache">false</property>
		<property name="hibernate.cache.use_minimal_puts">false</property>
		<property name="hibernate.max_fetch_depth">0</property>
		
		<!-- Enable Hibernate's automatic session context management -->
		<property name="hibernate.current_session_context_class">thread</property>
		
		<!-- Hibernate Search -->
        <property name="hibernate.search.default.directory_provider">org.hibernate.search.store.FSDirectoryProvider</property>
        <property name="hibernate.search.default.indexBase">/home/fmn/templucene/test</property>
        
        <!-- Analyseur pour la creation des indexes (il faut le meme pour les requetes) -->
		<property name="hibernate.search.analyzer">org.apache.lucene.analysis.standard.StandardAnalyzer</property> 

        <!-- Mapping objet/relationnel -->
        <mapping resource="com/acamaya/demo/dao/config/Mapping.hbm.xml" />
        
        <!-- Hibernate Search auto indexing -->
		<event type="post-update">
			<listener class="org.hibernate.search.event.FullTextIndexEventListener"/>
		</event>
		<event type="post-insert">
			<listener class="org.hibernate.search.event.FullTextIndexEventListener"/>
		</event>
		<event type="post-delete">
			<listener class="org.hibernate.search.event.FullTextIndexEventListener"/>
		</event>
		
    </session-factory>
</hibernate-configuration>
