<?xml version="1.0"?>
<!DOCTYPE hibernate-mapping PUBLIC "-//Hibernate/Hibernate Mapping DTD 3.0//EN" "http://hibernate.sourceforge.net/hibernate-mapping-3.0.dtd">

<hibernate-mapping package="com.acamaya.demo.dao.modele">

	<class name="ListeEntites" table="ListeEntites" lazy="true">
		<id name="id" column="Id">
			<generator class="increment" />
		</id>

		<list name="entites" cascade="all">
			<key column="IdListeEntites" />
			<index column="IdEntite" />
			<one-to-many class="Entite" />
		</list>
	</class>

	<class name="Entite" table="Entite" lazy="true">
		<id name="id" column="Id">
			<generator class="increment" />
		</id>

		<property name="titre" column="Titre" />
		<property name="resume" column="Resume" />

		<list name="documents" cascade="all">
			<key column="IdEntite" />
			<index column="IdDocument" />
			<one-to-many class="Document" />
		</list>
	</class>

	<class name="Document" table="Document" lazy="true">
		<id name="id" column="Id">
			<generator class="increment" />
		</id>
		<property name="titre" column="Titre" />
		<property name="resume" column="Resume" />
	</class>

</hibernate-mapping>