<?xml version="1.0" encoding="UTF-8"?>
<!DOCTYPE beans PUBLIC "-//SPRING//DTD BEAN//EN" "http://www.springframework.org/dtd/spring-beans.dtd">

<beans>

	<bean id="propertyConfigurer" class="org.springframework.beans.factory.config.PropertyPlaceholderConfigurer">
		<property name="locations">
			<list>
				<value>classpath:jdbc.properties</value>
			</list>
		</property>
	</bean>

	<bean id="dataSource" class="org.apache.commons.dbcp.BasicDataSource" destroy-method="close">
		<property name="driverClassName">
			<value>${jdbc.driverClassName}</value>
		</property>
		<property name="url">
			<value>${jdbc.url}</value>
		</property>
		<property name="username">
			<value>${jdbc.username}</value>
		</property>
		<property name="password">
			<value>${jdbc.password}</value>
		</property>
		<property name="maxActive">
			<value>100</value>
		</property>
		<property name="maxIdle">
			<value>30</value>
		</property>
		<property name="maxWait">
			<value>1000</value>
		</property>
		<property name="defaultAutoCommit">
			<value>true</value>
		</property>
		<property name="removeAbandoned">
			<value>true</value>
		</property>
		<property name="removeAbandonedTimeout">
			<value>60</value>
		</property>
		<property name="logAbandoned">
			<value>true</value>
		</property>
	</bean>

</beans>
