<?xml version="1.0" encoding="UTF-8"?>
<!DOCTYPE beans PUBLIC "-//SPRING//DTD BEAN//EN" "http://www.springframework.org/dtd/spring-beans.dtd">

<beans>

	<bean id="sessionFactory" class="org.springframework.orm.hibernate3.LocalSessionFactoryBean">
		<property name="dataSource">
			<ref bean="dataSource"/>
		</property>
		<property name="mappingResources">
			<list>
				<value>model/Project.hbm.xml</value>
				<value>model/Client.hbm.xml</value>
				<value>model/Region.hbm.xml</value>
			</list>
		</property>
		<property name="hibernateProperties">
			<props>
				<prop key="hibernate.dialect">org.hibernate.dialect.PostgreSQLDialect</prop>
				<prop key="hibernate.jdbc.batch_size">0</prop>
				<prop key="hibernate.show_sql">true</prop>
				<prop key="hibernate.use_sql_comments">true</prop>
				<prop key="hibernate.bytecode.use_reflection_optimizer">false</prop>
			</props>
		</property>
	</bean>

	<bean id="clientDao" class="dao.hibernate.ClientDaoHibernate">
		<property name="sessionFactory">
			<ref bean="sessionFactory"/>
		</property>
	</bean>

	<bean id="projectDao" class="dao.hibernate.ProjectDaoHibernate">
		<property name="sessionFactory">
			<ref bean="sessionFactory"/>
		</property>
	</bean>


	<bean id="regionDao" class="dao.hibernate.RegionDaoHibernate">
		<property name="sessionFactory">
			<ref bean="sessionFactory"/>
		</property>
	</bean>

</beans>
