<?xml version='1.0' encoding='utf-8'?>
<!DOCTYPE hibernate-configuration PUBLIC
        "-//Hibernate/Hibernate Configuration DTD 3.0//EN"
        "http://hibernate.sourceforge.net/hibernate-configuration-3.0.dtd">

<hibernate-configuration>

    <session-factory>

        <!-- Database connection settings -->
        <!--
        <property name="connection.driver_class">org.hsqldb.jdbcDriver</property>
        <property name="connection.url">jdbc:hsqldb:hsql://localhost</property>
        -->
        <property name="connection.driver_class">net.sourceforge.jtds.jdbc.Driver</property>
        <property name="connection.url">jdbc:jtds:sqlserver://kapc387/HibernateRepro</property>
        
        <property name="connection.username">sa</property>
        <property name="connection.password"></property>

        <!-- JDBC connection pool (use the built-in) -->
        <property name="connection.pool_size">1</property>

        <!-- SQL dialect -->
        <!--
        <property name="dialect">org.hibernate.dialect.HSQLDialect</property>
        -->
        <property name="dialect">org.hibernate.dialect.SQLServerDialect</property>

        <!-- Enable Hibernate's automatic session context management -->
        <property name="current_session_context_class">thread</property>

        <!-- Disable the second-level cache  -->
        <!--
        <property name="cache.provider_class">org.hibernate.cache.NoCacheProvider</property>
        -->
        <property name="cache.provider_class">org.hibernate.cache.EhCacheProvider</property>

        <!-- Echo all executed SQL to stdout -->
        <property name="show_sql">true</property>

        <!-- Drop and re-create the database schema on startup -->
        <property name="hbm2ddl.auto">create</property>
        
        <property name="hibernate.jdbc.batch_size">20</property>

        <!--<mapping resource="events/Event.hbm.xml"/>-->
        <mapping resource="events/Person.hbm.xml"/>

    </session-factory>
    

</hibernate-configuration>