<?xml version="1.0" encoding="UTF-8"?>
<Configuration status="WARN">
    <Properties>
        <Property name="InfoFile">
            /home/arthur/tomcat/logs/info.log
        </Property>
        <Property name="ErrorFile">
            /home/arthur/tomcat/logs/error.log
        </Property>
        <Property name="InfoFilePattern">
            /home/arthur/tomcat/logs/%d{yyyy-MM-dd}-info.log.gz
        </Property>
        <Property name="ErrorFilePattern">
            /home/arthur/tomcat/logs/%d{yyyy-MM-dd}-info.log.gz
        </Property>
    </Properties>

    <Appenders>
        <Console name="Console" target="SYSTEM_OUT">
            <PatternLayout pattern="%highlight{%d{HH:mm:ss} %-5level [%t] - %msg%n}{FATAL=red, ERROR=red, WARN=blue,
            INFO=green, DEBUG=white, TRACE=Magenta}"/>
        </Console>

        <RollingFile name="InfoRollingFile" fileName="${InfoFile}" filePattern="${InfoFilePattern}">
            <PatternLayout>
                <Pattern>%d{yyy-MM-dd HH:mm:ss} %-5level [%t] - %msg%n</Pattern>
            </PatternLayout>
            <Policies>
                <TimeBasedTriggeringPolicy interval="1" modulate="true"/>
            </Policies>
            <DefaultRolloverStrategy max="2"/>
            <ignoreExceptions>false</ignoreExceptions>
        </RollingFile>

        <RollingFile name="ErrorRollingFile" fileName="${ErrorFile}" filePattern="${ErrorFilePattern}">
            <PatternLayout>
                <Pattern>%d{yyy-MM-dd HH:mm:ss} %-5level [%t] - %msg%n</Pattern>
            </PatternLayout>
            <Policies>
                <TimeBasedTriggeringPolicy interval="1" modulate="true"/>
            </Policies>
            <DefaultRolloverStrategy max="2"/>
            <ignoreExceptions>false</ignoreExceptions>
        </RollingFile>
    </Appenders>


    <Loggers>
        <Root level="debug">
            <AppenderRef ref="InfoRollingFile" level="info"/>
            <AppenderRef ref="ErrorRollingFile" level="warn"/>
            <!--<AppenderRef ref="Console" level="info" />-->
        </Root>
    </Loggers>
</Configuration>