<?xml version="1.0" encoding="UTF-8"?>
<beans xmlns:context="http://www.springframework.org/schema/context"
       xmlns:xsi="http://www.w3.org/2001/XMLSchema-instance"
       xmlns:cache="http://www.springframework.org/schema/cache"
       xmlns="http://www.springframework.org/schema/beans"
       xsi:schemaLocation="http://www.springframework.org/schema/beans
               http://www.springframework.org/schema/beans/spring-beans-4.0.xsd
        http://www.springframework.org/schema/context
        http://www.springframework.org/schema/context/spring-context-4.0.xsd
         http://www.springframework.org/schema/cache http://www.springframework.org/schema/cache/spring-cache.xsd">
    <context:annotation-config/>
    <context:component-scan base-package="com.vse.uslugi"/>
    <cache:annotation-driven key-generator="enhancedDefaultKeyGenerator"/>
    <bean id="enhancedDefaultKeyGenerator"
          class="com.arthur.kharkivsky.utilities.database.sql.generators.EnhancedDefaultKeyGenerator"/>
    <context:property-placeholder location=
                                          "file:/#{T(com.arthur.kharkivsky.utilities.system.io.ProjectProperties).CATALINA_HOME}/conf/bridge.properties"/>
    <bean id="ehcache" class="org.springframework.cache.ehcache.EhCacheManagerFactoryBean">
        <property name="configLocation" value="classpath:/ehcache.xml"/>
        <property name="shared" value="true"/>
    </bean>
    <bean id="cacheManager" class="org.springframework.cache.ehcache.EhCacheCacheManager">
        <property name="cacheManager" ref="ehcache"/>
    </bean>
    <bean id="dataSource" class="com.arthur.kharkivsky.utilities.database.sql.pool.PooledDataSource" init-method="init"
          destroy-method="stop">
        <property name="driverClassName" value="${jdbc.driverClassName}"/>
        <property name="password" value="${jdbc.password}"/>
        <property name="userName" value="${jdbc.userName}"/>
        <property name="url" value="${jdbc.url}"/>
        <property name="poolSize" value="256"/>
    </bean>
    <bean id="jdbcTemplate" class="org.springframework.jdbc.core.namedparam.NamedParameterJdbcTemplate">
        <constructor-arg name="dataSource" ref="dataSource"/>
    </bean>
    <bean id="multipartResolver" class="org.springframework.web.multipart.commons.CommonsMultipartResolver"/>
    <bean id="exceptionTranslationPostProcessor"
          class="org.springframework.dao.annotation.PersistenceExceptionTranslationPostProcessor"/>
    <bean id="jacksonMessageConverter"
          class="org.springframework.http.converter.json.GsonHttpMessageConverter"/>
    <bean class="org.springframework.web.servlet.mvc.annotation.AnnotationMethodHandlerAdapter">
        <property name="messageConverters">
            <list>
                <ref bean="jacksonMessageConverter"/>
            </list>
        </property>
    </bean>
    <!--<bean id="dataSource" class="com.mchange.v2.c3p0.ComboPooledDataSource" destroy-method="close">-->
    <!--<property name="driverClass" value="${jdbc.driverClassName}"/>-->
    <!--<property name="password" value="${jdbc.password}"/>-->
    <!--<property name="user" value="${jdbc.userName}"/>-->
    <!--<property name="jdbcUrl" value="${jdbc.url}"/>-->
    <!--<property name="initialPoolSize" value="0"/>-->
    <!--<property name="maxPoolSize" value="14"/>-->
    <!--<property name="minPoolSize" value="0"/>-->
    <!--<property name="maxIdleTime" value="60"/>-->
    <!--<property name="checkoutTimeout" value="0"/>-->
    <!--<property name="acquireIncrement" value="1"/>-->
    <!--<property name="numHelperThreads" value="5"/>-->
    <!--<property name="acquireRetryDelay" value="1000"/>-->
    <!--<property name="acquireRetryAttempts" value="5"/>-->
    <!--<property name="idleConnectionTestPeriod" value="30"/>-->
    <!--<property name="preferredTestQuery" value="select 1"/>-->
    <!--<property name="testConnectionOnCheckin" value="false"/>-->
    <!--<property name="maxStatementsPerConnection" value="50"/>-->
    <!--<property name="unreturnedConnectionTimeout" value="6000"/>-->
    <!--</bean>-->
    <!--<bean id="mySqlSessionFactory" class="org.springframework.orm.hibernate4.LocalSessionFactoryBean">-->
    <!--<property name="dataSource" ref="dataSource"/>-->
    <!--<property name="hibernateProperties">-->
    <!--<props>-->
    <!--<prop key="hibernate.show_sql">true</prop>-->
    <!--<prop key="hibernate.format_sql">true</prop>-->
    <!--<prop key="hibernate.use_sql_comments">true</prop>-->
    <!--<prop key="hibernate.connection.release_mode">auto</prop>-->
    <!--<prop key="hibernate.dialect">org.hibernate.dialect.SybaseASE157Dialect</prop>-->
    <!--</props>-->
    <!--</property>-->
    <!--</bean>-->
</beans>
