<?xml version = '1.0' encoding = 'UTF-8'?>
<Diagram class="oracle.dbtools.crest.swingui.relational.DPVRelational" name="Relational_1" id="5DC8F3B3-D97F-369E-9B1B-18247806D62D">
<createdBy>marchiori</createdBy>
<createdTime>2014-02-06 11:19:24 UTC</createdTime>
<autoRoute>false</autoRoute>
<boxInbox>true</boxInbox>
<showLegend>false</showLegend>
<showLabels>false</showLabels>
<showGrid>false</showGrid>
<diagramColor>-1</diagramColor>
<display>false</display>
<notation>1</notation>
<objectViews>
<OView class="oracle.dbtools.crest.swingui.relational.TVTable" oid="3EEBED45-0F2E-9D4C-E164-D4083B87101B" otype="Table" vid="7DE92CB2-F2B4-8FE1-A948-59BC620323A4">
<bounds x="49" y="99" width="98" height="103"/>
</OView>
<OView class="oracle.dbtools.crest.swingui.relational.TVTable" oid="71D75B89-93E8-A377-0B3F-C91C15C41CEC" otype="Table" vid="B94C05C6-C028-1B26-27F2-582E0740832A">
<bounds x="215" y="103" width="145" height="110"/>
</OView>
<OView class="oracle.dbtools.crest.swingui.relational.TVTable" oid="A23AAD00-9E08-BC6E-B80A-3E37558A83D5" otype="Table" vid="73D41C50-CAAA-383C-4527-F1D5177ABADE">
<bounds x="412" y="104" width="170" height="110"/>
</OView>
</objectViews>
<connectors>
<Connector class="oracle.dbtools.crest.swingui.relational.TVFKRelation" oid="7F5F518A-64F7-0F73-324C-6652AA906642" otype="FKIndexAssociation" vid_source="7DE92CB2-F2B4-8FE1-A948-59BC620323A4" vid_target="B94C05C6-C028-1B26-27F2-582E0740832A">
<lineWidth>1</lineWidth>
<points>
<point x="147" y="152"/>
<point x="215" y="152"/>
</points>
</Connector>
<Connector class="oracle.dbtools.crest.swingui.relational.TVFKRelation" oid="C97B26D0-5775-F379-B764-031D2EE0BFFE" otype="FKIndexAssociation" vid_source="73D41C50-CAAA-383C-4527-F1D5177ABADE" vid_target="B94C05C6-C028-1B26-27F2-582E0740832A">
<lineWidth>1</lineWidth>
<points>
<point x="412" y="158"/>
<point x="360" y="158"/>
</points>
</Connector>
</connectors>
</Diagram>