<?xml version="1.0" encoding="utf-8"?>
<!DOCTYPE hibernate-configuration PUBLIC "-//Hibernate/Hibernate Configuration DTD//EN" "http://hibernate.sourceforge.net/hibernate-configuration-3.0.dtd">
<hibernate-configuration>
  <session-factory name="java:comp/env/hibernate/paraplu/sessionFactoryMagazijntest">
    <property name="show_sql">false</property>
    <property name="use_outer_join">true</property>
    <property name="batch_size">20</property>
    <property name="connection.driver_class">com.ibm.as400.access.AS400JDBCDriver</property>
    <property name="connection.url">jdbc:as400://fuji/CIVMKONTW</property>
    <property name="connection.username">makelaar</property>
    <property name="connection.password">makelaar</property>
    <property name="connection.pool_size">2</property>
    <property name="dialect">org.hibernate.dialect.DB2400V5R3Dialect</property>
    <!--  <property name="transaction.factory_class">org.hibernate.transaction.JDBCTransactionFactory</property>-->

    <mapping resource="com/getronics/slg/civmk/common/model/TestTabel.hbm.xml"/>


<!-- Mapping files Magazijn Systeem-->
  </session-factory>
</hibernate-configuration>
