<?xml version="1.0"?>
<!DOCTYPE hibernate-mapping PUBLIC
    "-//Hibernate/Hibernate Mapping DTD 2.0//EN"
    "http://hibernate.sourceforge.net/hibernate-mapping-2.0.dtd" >

<hibernate-mapping>
<!--
    Created by the Middlegen Hibernate plugin

    http://boss.bekk.no/boss/middlegen/
    http://hibernate.sourceforge.net/
-->

<class
    name="com.getronics.slg.civmk.common.model.TestTabel"
    table="TSTM00" lazy="true"
>
    <meta attribute="class-description" inherit="false">
       @hibernate.class
        table="TSTM00"
    </meta>

    <id
        name="key"
        type="java.lang.Long"
        column="TSTKEY"
    >
        <meta attribute="field-description">
           @hibernate.id
            generator-class="sequence"
            type="java.lang.Long"
            column="TSTKEY"

           @hibernate.generator-param
             name="sequence"
             value="TSTQ00"

        </meta>
        <generator class="sequence">
          <param name="sequence">TSTQ00</param>
        </generator>

    </id>

    <property
        name="xmlData"
        type="text"
        column="TSTDATA"
        not-null="false"
    >
        <meta attribute="field-description">
           @hibernate.property
            column="TSTDATA"
            not-null="false"
        </meta>
    </property>    
    <!-- associations -->

</class>
</hibernate-mapping>
