<?xml version="1.0"?>
<!DOCTYPE hibernate-mapping PUBLIC "-//Hibernate/Hibernate Mapping DTD 3.0//EN"
"http://hibernate.sourceforge.net/hibernate-mapping-3.0.dtd">
<!-- Generated Feb 19, 2009 3:52:35 PM by Hibernate Tools 3.2.2.GA -->
<hibernate-mapping>
    <class name="com.phi.dictionarymanager.beans.CodeTranslation" table="code_translation">
        <composite-id name="id" class="com.phi.dictionarymanager.beans.CodeTranslationId">
            <key-property name="codeValue" type="string">
                <column name="code_value" length="65" />
            </key-property>
            <key-property name="isoCodeLang" type="string">
                <column name="iso_code_lang" length="2" />
            </key-property>
        </composite-id>
        <!--property name="internalVersionNumber" type="long">
            <column name="internalVersionNumber" not-null="true" />
        </property-->
        <many-to-one name="codeValue" class="com.phi.dictionarymanager.beans.CodeValue" update="false" insert="false" fetch="select">
            <column name="code_value" length="65" not-null="true" />
        </many-to-one>
        <property name="value" type="string">
            <column name="value" not-null="true" />
        </property>
    </class>
</hibernate-mapping>
