<?xml version="1.0"?>
<!DOCTYPE hibernate-mapping PUBLIC "-//Hibernate/Hibernate Mapping DTD 3.0//EN"
"http://hibernate.sourceforge.net/hibernate-mapping-3.0.dtd">
<!-- Generated Feb 19, 2009 3:52:35 PM by Hibernate Tools 3.2.2.GA -->
<hibernate-mapping>
    <class name="com.phi.dictionarymanager.beans.CodeEquivalent" table="code_equivalent">
        <id name="id" type="java.lang.Integer">
            <column name="id" />
            <generator class="identity" />
        </id>
        <!-- property name="internalVersionNumber" type="long">
            <column name="internalVersionNumber" not-null="true" />
        </property -->
        <many-to-one name="codeValueByCodeValueSource" class="com.phi.dictionarymanager.beans.CodeValue" fetch="select">
            <column name="code_value_source" length="65" not-null="true" />
        </many-to-one>
        <many-to-one name="codeValueByCodeValueTarget" class="com.phi.dictionarymanager.beans.CodeValue" fetch="select">
            <column name="code_value_target" length="65" not-null="true" />
        </many-to-one>
        <!-- property name="status" type="string">
            <column name="status" length="45" not-null="true" />
        </property -->
    </class>
</hibernate-mapping>
