<?xml version="1.0"?>
<!DOCTYPE hibernate-mapping PUBLIC "-//Hibernate/Hibernate Mapping DTD 3.0//EN"
"http://hibernate.sourceforge.net/hibernate-mapping-3.0.dtd">
<!-- Generated Feb 19, 2009 3:52:35 PM by Hibernate Tools 3.2.2.GA -->
<hibernate-mapping>
    <class name="com.phi.dictionarymanager.beans.CodeValue" table="code_value">
        <id name="id" type="string">
            <column name="id" length="65" />
            <generator class="assigned" />
        </id>
        <!--property name="internalVersionNumber" type="long">
            <column name="internalVersionNumber" not-null="true" />
        </property-->
        <many-to-one name="codeSystem" class="com.phi.dictionarymanager.beans.CodeSystem" fetch="select">
            <column name="code_system" length="65" not-null="true" />
        </many-to-one>
        <many-to-one name="parent" class="com.phi.dictionarymanager.beans.CodeValue" fetch="select"  cascade="save-update">
            <column name="code_value_parent" length="65" />
        </many-to-one>
        <property name="code" type="string">
            <column name="code" length="50" not-null="true" index="codeIndex" />
        </property>
        <property name="displayName" type="string">
            <column name="display_name" length="255" not-null="true" index="displayNameIndex" />
        </property>
        <property name="type" type="string">
            <column name="type" length="1" not-null="true" />
        </property>
        <property name="sequenceNumber" type="int">
            <column name="sequence_number" not-null="true" />
        </property>
        <property name="defaultChild" type="boolean">
            <column name="default_child" not-null="true" />
        </property>
        <!--property name="active" type="boolean">
            <column name="active" not-null="true">
                <comment>il dictionary manager settar&#239;&#191;&#189; questo valore verificando status del singolo e del dominio</comment>
            </column>
        </property-->
        <property name="status" type="string">
            <column name="status" length="45" not-null="true" index="statusIndex" />
        </property>
        <property name="description" type="string">
            <column name="description" index="descriptionIndex" />
        </property>
        <property name="keywords" type="string">
            <column name="keywords" length="45" index="keywordsIndex" />
        </property>
        <property name="validFrom" type="timestamp">
            <column name="valid_from" length="19" index="validFromIndex" />
        </property>
        <property name="validTo" type="timestamp">
            <column name="valid_to" length="19" index="validToIndex" />
        </property>
        <property name="revisedDate" type="timestamp">
            <column name="revised_date" length="19" />
        </property>
        <property name="changeReason" type="string">
            <column name="change_reason" />
        </property>
        <property name="creator" type="string">
            <column name="creator" />
        </property>
        <property name="authorityName" type="string">
            <column name="authority_name" />
        </property>
        <property name="authorityDescription" type="string">
            <column name="authority_description" />
        </property>
        <property name="contactInformation" type="string">
            <column name="contact_information" length="45" />
        </property>
        <set name="codeEquivalentsForCodeValueTarget" cascade="all-delete-orphan" inverse="true" lazy="true">
            <key>
                <column name="code_value_target" length="65" not-null="true" />
            </key>
            <one-to-many class="com.phi.dictionarymanager.beans.CodeEquivalent" />
        </set>
        <set name="children" inverse="true" cascade="all-delete-orphan" lazy="true">
            <key>
                <column name="code_value_parent" length="65" />
            </key>
            <one-to-many class="com.phi.dictionarymanager.beans.CodeValue" />
        </set>
        <set name="codeTranslations" inverse="true" cascade="all-delete-orphan" lazy="true">
            <key>
                <column name="code_value" length="65" not-null="true" />
            </key>
            <one-to-many class="com.phi.dictionarymanager.beans.CodeTranslation" />
        </set>
        <set name="codeEquivalentsForCodeValueSource" cascade="all-delete-orphan"  inverse="true" lazy="true">
            <key>
                <column name="code_value_source" length="65" not-null="true" />
            </key>
            <one-to-many class="com.phi.dictionarymanager.beans.CodeEquivalent" />
        </set>
    </class>
</hibernate-mapping>
