<?xml version="1.0"?>
<!DOCTYPE hibernate-mapping PUBLIC "-//Hibernate/Hibernate Mapping DTD 3.0//EN"
"http://hibernate.sourceforge.net/hibernate-mapping-3.0.dtd">
<!-- Generated Feb 19, 2009 3:52:35 PM by Hibernate Tools 3.2.2.GA -->
<hibernate-mapping>
    <class name="com.phi.dictionarymanager.beans.CodeSystem" table="code_system">
        <id name="id" type="string">
            <column name="id" length="65" />
            <generator class="assigned" />
        </id>
        <!-- property name="internalVersionNumber"  type="long">
            <column name="internalVersionNumber"  not-null="true" />
        </property -->
        <property name="version" type="string">
            <column name="version" length="45" />
        </property>
        <property name="name" type="string">
            <column name="name" length="45" not-null="true" />
        </property>
        <property name="displayName" type="string">
            <column name="display_name" length="45" not-null="true" />
        </property>
        <property name="description" type="string">
            <column name="description" not-null="true" />
        </property>
        <!-- property name="active" type="boolean">
            <column name="active" not-null="true" />
        </property -->
        <property name="status" type="string">
            <column name="status" length="45" not-null="true" />
        </property>
        <property name="creationDate" type="timestamp">
            <column name="creation_date" length="19" not-null="true" />
        </property>
        <property name="validFrom" type="timestamp">
            <column name="valid_from" length="19" />
        </property>
        <property name="validTo" type="timestamp">
            <column name="valid_to" length="19" />
        </property>
        <property name="revisedDate" type="timestamp">
            <column name="revised_date" length="19" />
        </property>
        <property name="isoCodeLang" type="string">
            <column name="iso_code_lang" length="2" not-null="true" />
        </property>
        <property name="authorityName" type="string">
            <column name="authority_name" not-null="true" />
        </property>
        <property name="authorityDescription" type="string">
            <column name="authority_description" not-null="true" />
        </property>
        <property name="contactInformation" type="string">
            <column name="contact_information" length="45" not-null="true" />
        </property>
        <set name="codeValues" inverse="true" cascade="save-update" lazy="true">
            <key>
                <column name="code_system" length="65" not-null="true" />
            </key>
            <one-to-many class="com.phi.dictionarymanager.beans.CodeValue" />
        </set>
    </class>
</hibernate-mapping>
