<?xml version="1.0" encoding="UTF-8"?>

<!DOCTYPE hibernate-mapping PUBLIC "-//Hibernate/Hibernate Mapping DTD 3.0//EN"
"http://hibernate.sourceforge.net/hibernate-mapping-3.0.dtd">

<hibernate-mapping package="myPackage.domain">	
	<class name="Dim" table="DIM">
		
		<id name="id" access="field" type="java.lang.Long" unsaved-value="null">
			<column name="C_ID" />
			<generator class="native" />
		</id>
		
		<property name="name" column="C_NAME" type="java.lang.String" access="field"></property>
	</class>
</hibernate-mapping>	
