<?xml version="1.0"?>

<!DOCTYPE hibernate-mapping PUBLIC 
	"-//Hibernate/Hibernate Mapping DTD 3.0//EN"
	"http://hibernate.sourceforge.net/hibernate-mapping-3.0.dtd">

<hibernate-mapping default-access="field">

 <class name="Parent" table="Parent">
   <id name="id" column="ParentID" type="integer">
     <generator class="native"/>
   </id>

   <set name="childs" lazy="true" inverse="true" cascade="all-delete-orphan">
     <key column="ParentID" on-delete="cascade"/>
     <one-to-many class="Child"/>
   </set>
 </class>

 <class name="Child" table="Child">
   <id name="id" column="ChildID" type="integer">
     <generator class="native"/>
   </id>

   <many-to-one name="parent" column="ParentID" not-null="true" cascade="none"
      foreign-key="FK_Child_Parent"/>

   <set name="subChilds" lazy="true" inverse="true" cascade="all-delete-orphan">
     <key column="ParentID" on-delete="cascade"/>
     <one-to-many class="SubChild"/>
   </set>

 </class>

 <class name="SubChild" table="SubChild">
   <id name="id" column="SubChildID" type="integer">
     <generator class="native"/>
   </id>

   <many-to-one name="parent" column="ParentID" not-null="true" cascade="none"
      foreign-key="FK_SubChild_Child"/>
 </class>
		
</hibernate-mapping>
