<?xml version="1.0" encoding="Windows-1251"?>
<!DOCTYPE hibernate-configuration
 PUBLIC "-//Hibernate/Hibernate Configuration DTD//EN"
        "http://hibernate.sourceforge.net/hibernate-configuration-3.0.dtd">

<hibernate-configuration>
  <session-factory>
    <property name="show_sql">true</property>

    <property name="dialect">org.hibernate.dialect.SQLServerDialect</property>

    <!-- Hibernate provided JDBC connection -->

    <property name="connection.username">sa</property>
    <property name="connection.password">password</property>
    <property name="connection.driver_class">com.microsoft.jdbc.sqlserver.SQLServerDriver</property>
    <property name="connection.url">jdbc:microsoft:sqlserver://localhost;DatabaseName=Bird;SelectMethod=cursor</property>

<!--
    <property name="connection.datasource">java:comp/env/jdbc/bird</property>
  -->

    <!-- Mapping files -->
    <mapping resource="ChildTest.hbm.xml"/>

  </session-factory>
</hibernate-configuration>
