<?xml version='1.0' encoding='utf-8'?>

<!DOCTYPE hibernate-configuration PUBLIC
        "-//Hibernate/Hibernate Configuration DTD//EN"
 "http://hibernate.sourceforge.net/hibernate-configuration-2.0.dtd">
 
<hibernate-configuration>
    <!-- a SessionFactory instance listed as FIMS_XTGL -->
    <session-factory name="FIMS_XTGL">
        <!-- properties -->
        <property name="connection.driver_class"> com.microsoft.jdbc.sqlserver.SQLServerDriver </property>
        <property name="connection.connection.url"> jdbc:microsoft:sqlserver://192.168.0.3:1433;DatabaseName=FIMS_XTGL </property>
        <property name="connection.username"> sa </property>
        <property name="connection.password"> </property>
        <property name="dialect">net.sf.hibernate.dialect.SybaseDialect</property>
        <property name="show_sql">true</property>
        <property name="use_outer_join">false</property>

        <!-- mapping files -->
        <mapping resource="jdo/CSRZ.hbm.xml"/>
        <!--
        <mapping resource="jdo/Department.hbm.xml"/>
        -->
    </session-factory>
</hibernate-configuration>