<?xml version="1.0" encoding="UTF-8" ?>
<!DOCTYPE log4j:configuration SYSTEM "log4j.dtd">
<log4j:configuration xmlns:log4j="http://jakarta.apache.org/log4j/">
  <appender name="ConsoleAppender" class="org.apache.log4j.ConsoleAppender">
    <layout class="org.apache.log4j.PatternLayout">
      <param name="ConversionPattern" value="%d{yyyy/MM/dd HH:mm:ss.SSS} %-5p [%c] %m%n" />
    </layout>
  </appender>
  <logger name="org.hibernate.cfg.SettingsFactory">
    <level value="warn"/>
  </logger>
  <logger name="org.hibernate.jdbc">
    <level value="all"/>
  </logger>
<!-- 
  <logger name="com.linkedin.test.hibernate.MockConnectionProvider">
    <level value="debug"/>
  </logger>
-->
  <root>
    <priority value="info"/>
    <appender-ref ref="ConsoleAppender"/>
  </root>
</log4j:configuration>
