<?xml version="1.0" encoding="UTF-8"?>
<!DOCTYPE hibernate-mapping PUBLIC
    "-//Hibernate/Hibernate Mapping DTD 3.0//EN" 
    "http://hibernate.sourceforge.net/hibernate-mapping-3.0.dtd">
<hibernate-mapping package="cat">

    <class name="Cage" table="CAGE">
		<!-- id -->
		<id name="id" column="CAGE_ID" type="java.lang.Long">
            <generator class="assigned"/>
        </id>
        <discriminator column="CAT_TYP_CD" type="string"/>
        <bag name="cats" lazy="false" inverse="true" cascade="none">
			<key column="CAGE_ID" not-null="false"/>
			<one-to-many class="DomesticCat"/>
		</bag>   
    </class>
</hibernate-mapping>
