<?xml version="1.0" encoding="UTF-8"?>
<beans:beans                                                                             
   xmlns:xsi="http://www.w3.org/2001/XMLSchema-instance"
   xmlns:beans="http://www.springframework.org/schema/beans"
   	xmlns:context="http://www.springframework.org/schema/context"
   	xmlns:tx="http://www.springframework.org/schema/tx"
   	xmlns:osgi="http://www.springframework.org/schema/osgi"                         
   xsi:schemaLocation="
   http://www.springframework.org/schema/osgi
       http://www.springframework.org/schema/osgi/spring-osgi.xsd
       http://www.springframework.org/schema/beans   
       http://www.springframework.org/schema/beans/spring-beans.xsd
       http://www.springframework.org/schema/context
        http://www.springframework.org/schema/context/spring-context.xsd
        http://www.springframework.org/schema/tx
         http://www.springframework.org/schema/tx/spring-tx.xsd"> 
       
	<!-- <bean id="valueTestDAO" class="net.osgiliath.dao.internal.ValuesTestDaoImpl"/> -->
	  <osgi:reference id="transactionManager" interface="org.springframework.transaction.PlatformTransactionManager" />
		<osgi:reference id="dataSource" interface="javax.sql.DataSource"/>
		<osgi:service ref="valuesTestDao" interface="net.osgiliath.dao.ValuesTestDao"   /> 
	
	
<context:property-placeholder location="classpath*:META-INF/*.properties" />
<beans:bean
		class="org.springframework.orm.jpa.LocalContainerEntityManagerFactoryBean"
		id="entityManagerFactory">
		<beans:property name="loadTimeWeaver">
			<beans:bean
				class="org.springframework.instrument.classloading.InstrumentationLoadTimeWeaver" />
		</beans:property>
		<beans:property name="dataSource" ref="dataSource" />
		<beans:property name="jpaVendorAdapter">
			<beans:bean class="org.springframework.orm.jpa.vendor.HibernateJpaVendorAdapter">
				 <beans:property name="showSql" value="true"/> 
			</beans:bean>
		</beans:property>
		<beans:property name="jpaPropertyMap">
			<beans:map>
			<!-- <beans:entry key="hibernate.transaction.factory_class"
					value="org.hibernate.transaction.JTATransactionFactory" /> -->
		  		<beans:entry key="hibernate.transaction.manager_lookup_class"
					value="com.atomikos.icatch.jta.hibernate3.AtomikosTransactionManagerLookup" /> 
						<beans:entry key="hibernate.transaction.flush_before_completion"
					value="true" />
				<beans:entry key="hibernate.transaction.auto_close_session" value="false" />
				<beans:entry key="hibernate.current_session_context_class" value="jta" />
				<beans:entry key="hibernate.connection.release_mode" value="auto" />
				<beans:entry key="hibernate.hbm2ddl.auto" value="create-drop" />
				<beans:entry key="hibernate.ejb.naming_strategy" value="org.hibernate.cfg.ImprovedNamingStrategy" />
				<!-- TODO trouver comment resoudre les proprietes -->
				<beans:entry key="hibernate.dialect" value="org.hibernate.dialect.DerbyDialect" />
				<beans:entry key="hibernate.jndi.class"
                                value="org.apache.xbean.spring.jndi.SpringInitialContextFactory" />
				<!-- <beans:entry key="hibernate.bytecode.provider" value="cglib"/> -->
			</beans:map>
		</beans:property>
	</beans:bean>

	<beans:bean
		class="org.springframework.orm.jpa.support.PersistenceAnnotationBeanPostProcessor" />
	
<!--  <beans:bean id="sessionFactory" factory-bean="entityManagerFactory" factory-method="getSessionFactory" /> -->
	<context:annotation-config />
        <context:component-scan base-package="net.osgiliath.dao.internal" />
        
	<tx:annotation-driven transaction-manager="transactionManager"  />
</beans:beans>
