<?xml version="1.0" encoding="UTF-8"?>
<!DOCTYPE hibernate-mapping PUBLIC "-//Hibernate/Hibernate Mapping DTD 3.0//EN" 
"http://www.hibernate.org/dtd/hibernate-mapping-3.0.dtd">

<hibernate-mapping package="hibernate.test">
   <class name="Employee" table="EMPLOYEE">
      <meta attribute="class-description">
         This class contains the employee detail. 
      </meta>
      <id name="id" type="int" column="id">
         <generator class="increment" />	
      </id>
      <property name="firstName" column="first_name" type="string"/>
      <property name="lastName" column="last_name" type="string"/>
      <property name="salary" column="salary" type="int"/>
   </class>
   
    <sql-query name="Employee.sameFirstName"> 
        <return alias="Employee" class="hibernate.test.Employee"/>       
        <![CDATA[
				select
				* from employee e where e.first_name = :firstName 
           ]]>
    </sql-query>
    
    <sql-query name="Employee.select1">               
        <![CDATA[
				select
				1 
           ]]>
    </sql-query>    
    
</hibernate-mapping>