<?xml version="1.0" encoding="utf-8"?>
<!DOCTYPE hibernate-configuration PUBLIC "-//Hibernate/Hibernate Configuration DTD 3.0//EN" "http://www.hibernate.org/dtd/hibernate-configuration-3.0.dtd">

<hibernate-configuration>
	<session-factory>
		<property name="hibernate.dialect">
			org.hibernate.dialect.SQLServer2012Dialect
		</property>
		<property name="hibernate.connection.driver_class">
			com.microsoft.sqlserver.jdbc.SQLServerDriver
		</property>

		<!-- Assume test is the database name -->
		<property name="hibernate.connection.url">
			jdbc:sqlserver://localhost:1433;databaseName=databaseName
		</property>
		<property name="hibernate.connection.username">
			dev
		</property>
		<property name="hibernate.connection.password">
			password
		</property>
		<property name="hibernate.show_sql">true</property>

		<mapping resource="Employee.hbm.xml"/>


	</session-factory>
</hibernate-configuration>