<?xml version="1.0" encoding="UTF-8"?>
<entity-mappings version="1.0"
	xmlns="http://java.sun.com/xml/ns/persistence/orm"
	xmlns:xsi="http://www.w3.org/2001/XMLSchema-instance"
	xsi:schemaLocation="http://java.sun.com/xml/ns/persistence/orm orm_1_0.xsd ">
	<persistence-unit-metadata>
		<persistence-unit-defaults>
			<entity-listeners>
			</entity-listeners>
		</persistence-unit-defaults>
	</persistence-unit-metadata>
	<entity class="org.hibernate.envers.test.entities.collection.entity.CascadeAllCollectionEntity">
		<table name="CAN" />
	</entity>
	<entity class="org.hibernate.envers.test.entities.collection.entity.CascadedEntity">
		<table name="CCD" />
	</entity>

</entity-mappings>