<?xml version="1.0"?>
<!DOCTYPE hibernate-mapping SYSTEM
			"http://hibernate.sourceforge.net/hibernate-mapping-3.0.dtd">
<hibernate-mapping package="com.eyrolles.sportTracker.model">
	<class name="Team" table="TEAM" >
		<id name="id" column="TEAM_ID">
			<generator class="native"/>
		</id>
		<property name="name" column="TEAM_NAME"/>
		<set name="players" inverse="false" fetch="select" cascade="create,delete-orphan">
			<key column="TEAM_ID" />
			<one-to-many class="Player" />
		</set>
	</class>
</hibernate-mapping>
