<?xml version="1.0"?>

<!DOCTYPE hibernate-mapping
  PUBLIC "-//Hibernate?Hibernate Mapping DTD//EN"
  "http://hibernate.sourceforge.net/hibernate-mapping-3.0.dtd">

<hibernate-mapping package="org.hibernate.test.subselectformula">

   <class name="Person">
      <id name="personId">
         <generator class="sequence">
            <param name="sequence">person_id_sequence</param>
         </generator>
      </id>
      <property name="name" length="30"/>
      <property name="nameLength" formula="(select length(name) from Person where personId=Person.personId)"/>
      <bag name="pets" inverse="true" lazy="false" fetch="subselect">
         <!-- fetch="select" and fetch="join" run ok -->
         <key column="personId"/>
         <one-to-many class="Pet"/>
      </bag>
   </class>

</hibernate-mapping>
