<?xml version="1.0"?>

<!DOCTYPE hibernate-mapping
  PUBLIC "-//Hibernate?Hibernate Mapping DTD//EN"
  "http://hibernate.sourceforge.net/hibernate-mapping-3.0.dtd">

<hibernate-mapping package="org.hibernate.test.subselectformula">

   <class name="Pet">
      <id name="petId">
         <generator class="sequence">
            <param name="sequence">pet_id_sequence</param>
         </generator>
      </id>
      <property name="animal" length="30"/>
      <many-to-one name="person" column="personId" foreign-key="person_fkey"/>
   </class>

</hibernate-mapping>
