<?xml version="1.0"?>
<!DOCTYPE hibernate-mapping PUBLIC
                            "-//Hibernate/Hibernate Mapping DTD 3.0//EN"
                            "http://hibernate.sourceforge.net/hibernate-mapping-3.0.dtd" >

<hibernate-mapping package="org.foo">

	<class name="User" table="USERS">
		<id name="id" column="ID" type="int" unsaved-value="0">
			<generator class="native" />
		</id>
		<property name="name" column="NAME" type="string" />
		
		<set name="items" table="USER_ITEMS" cascade="all">
			<key column="USER_ID" not-null="true" />
			<many-to-many class="Item" column="ITEM_ID" unique="true"/>
		</set>
	</class>

	<class name="Item" table="ITEMS">
		<id name="id" column="ID" type="int" unsaved-value="0">
			<generator class="native" />
		</id>
		<property name="name" column="NAME" type="string" />
	</class>

</hibernate-mapping>
