<?xml version='1.0' encoding='utf-8'?>
<!DOCTYPE hibernate-configuration PUBLIC
    "-//Hibernate/Hibernate Configuration DTD//EN"
    "http://www.hibernate.org/dtd/hibernate-configuration-3.0.dtd">
<hibernate-configuration>
	<session-factory>
		<property name="dialect">com.enigmabridge.hibernate.dialect.SQLiteDialect</property>
        <property name="connection.driver_class">org.sqlite.JDBC</property>
        <property name="connection.url">jdbc:sqlite:test.db</property>
        <property name="connection.username"></property>
        <property name="connection.password"></property>

		<property name="connection.pool_size">1</property>
		<property name="current_session_context_class">thread</property>
		<property name="cache.provider_class">org.hibernate.cache.NoCacheProvider</property>
		<property name="show_sql">true</property>
		<property name="hbm2ddl.auto">validate</property>

		<property name="hibernate.search.lucene_version">LUCENE_CURRENT</property>
		<property name="hibernate.search.default.directory_provider">filesystem</property>
		<property name="hibernate.search.default.indexBase">.....</property>
		<property name="hibernate.search.default.exclusive_index_use">true</property>

		<mapping class="hb.search.mock.Company" />

	</session-factory>

</hibernate-configuration>