<?xml version="1.0" encoding="UTF-8"?>
<!DOCTYPE hibernate-configuration PUBLIC
        "-//Hibernate/Hibernate Configuration DTD 3.0//EN"
        "http://www.hibernate.org/dtd/hibernate-configuration-3.0.dtd">
<hibernate-configuration>
  <session-factory>


    <property name="connection.driver_class">org.apache.derby.jdbc.EmbeddedDriver</property>
    <property name="connection.url">jdbc:derby:memory:unit-testing;create=true</property>
    <property name="connection.username"></property>
    <property name="connection.password"></property>

    <property name="dialect">org.hibernate.dialect.DerbyTenSevenDialect</property>

    <!-- JDBC connection pool (use the built-in) -->
    <property name="connection.pool_size">1</property>

    <!-- Disable the second-level cache  -->
    <property name="cache.provider_class">org.hibernate.cache.internal.NoCacheProvider</property>

    <!-- Echo all executed SQL to stdout -->
    <property name="show_sql">true</property>

    <!-- Drop and re-create the database schema on startup -->
    <property name="hbm2ddl.auto">create</property>

  </session-factory>

</hibernate-configuration>