<?xml version="1.0" encoding="UTF-8"?>

<entity-mappings xmlns="http://java.sun.com/xml/ns/persistence/orm"
    xmlns:xsi="http://www.w3.org/2001/XMLSchema-instance"
    xsi:schemaLocation="http://java.sun.com/xml/ns/persistence/orm http://java.sun.com/xml/ns/persistence/orm_1_0.xsd"
    version="1.0">

    <entity class="jpatest.Employee" metadata-complete="false" access="FIELD">
        <attributes>
            <id name="id"/>
            <basic name="name"/>

            <embedded name="homeAddress">
                <attribute-override name="street">
                    <column name="home_street"/>
                </attribute-override>
                <attribute-override name="city">
                    <column name="home_city"/>
                </attribute-override>
                <attribute-override name="state">
                    <column name="home_state"/>
                </attribute-override>
                <attribute-override name="zip">
                    <column name="home_zip"/>
                </attribute-override>
            </embedded>

            <embedded name="mailAddress">
                <attribute-override name="street">
                    <column name="mail_street"/>
                </attribute-override>
                <attribute-override name="city">
                    <column name="mail_city"/>
                </attribute-override>
                <attribute-override name="state">
                    <column name="mail_state"/>
                </attribute-override>
                <attribute-override name="zip">
                    <column name="mail_zip"/>
                </attribute-override>
            </embedded>

        </attributes>
    </entity>

    <embeddable class="jpatest.Address">
        <attributes>
            <basic name="street"/>
            <basic name="city"/>
            <basic name="state"/>
            <basic name="zip"/>
        </attributes>
    </embeddable>

</entity-mappings>
