<?xml version="1.0"?>
<!DOCTYPE hibernate-mapping PUBLIC 
	"-//Hibernate/Hibernate Mapping DTD 3.0//EN"
	"http://hibernate.sourceforge.net/hibernate-mapping-3.0.dtd">
	
<hibernate-mapping 
	package="org.hibernate.test.subqueries"
>
	
	<class name="A" 
		table="a" 
		lazy="true" 
		discriminator-value="null">
		
		<id name="id" 
			column="a_id" >
			<generator class="identity"/>
		</id>
		
		<set name="bs">
			<key column="a_id" />
			<one-to-many class="B" />
		</set>
	</class>
	

</hibernate-mapping>

