<?xml version="1.0"?>
<!DOCTYPE hibernate-mapping PUBLIC 
	"-//Hibernate/Hibernate Mapping DTD 3.0//EN"
	"http://hibernate.sourceforge.net/hibernate-mapping-3.0.dtd">
	
<hibernate-mapping 
	package="org.hibernate.test.subqueries"
>
	
	<class name="B" 
		table="b"
		lazy="true"
		discriminator-value="null">
		
		<id name="id" 
			column="b_id" >
			<generator class="identity"/>
		</id>
		
		<set name="cs">
			<key column="b_id"/>
			<one-to-many class="C"/>
		</set>
		
		<many-to-one name="a" column="a_id" />

	</class>
	

</hibernate-mapping>

