<?xml version="1.0" encoding="UTF-8"?>
<!DOCTYPE hibernate-configuration PUBLIC "-//Hibernate/Hibernate Configuration DTD 3.0//EN" "http://hibernate.sourceforge.net/hibernate-configuration-3.0.dtd">
<hibernate-configuration>
    <session-factory>
        <property name="hibernate.connection.driver_class">com.mysql.jdbc.Driver</property>
        <property name="hibernate.connection.url">jdbc:mysql://server/bugreport?autoReconnect=true&amp;useUnicode=true&amp;characterEncoding=UTF-8</property>
        <property name="hibernate.connection.username">root</property>
        <property name="hibernate.connection.password">root</property>
        <property name="hibernate.dialect">org.hibernate.dialect.MySQLDialect</property>
        <property name="hibernate.show_sql">true</property>
        <property name="hibernate.format_sql">true</property>
        <property name="hibernate.current_session_context_class">thread</property>
        <mapping package="org.bugreport.entities"/>
        <mapping class="org.bugreport.entities.MainEntity" />
        <mapping class="org.bugreport.entities.SubEntity" />
        <mapping class="org.bugreport.entities.SideEntity" />
        <mapping class="org.bugreport.entities.SubMainEntity" />
     </session-factory>   
</hibernate-configuration>
