<?xml version="1.0" encoding="UTF-8"?>
<!DOCTYPE hibernate-mapping PUBLIC "-//Hibernate/Hibernate Mapping DTD 3.0//EN" "http://hibernate.sourceforge.net/hibernate-mapping-3.0.dtd">
<hibernate-mapping package="com.mycompany">

  <class name="Product">
    <id name="id" column="id" type="long" unsaved-value="0">
      <generator class="native"/>
    </id>
    <property name="name" not-null="true"/>
    <map name="attributeValues" lazy="true" inverse="false" cascade="all-delete-orphan">
      <key column="product_id" not-null="true"/>
      <map-key-many-to-many column="attribute_id" class="Attribute"/>
      <one-to-many class="AttributeValue"/>
    </map>
  </class>
  
  <class name="Attribute">
    <id name="id" column="id" type="long" unsaved-value="0">
      <generator class="native"/>
    </id>
    <property name="name"/>
  </class>
  
  <class name="AttributeValue">
    <id name="id" column="id" type="long" unsaved-value="0">
      <generator class="native"/>
    </id>
    <property name="value"/>
    <many-to-one 
    	name="product" 
    	class="Product" 
    	column="product_id" 
    	cascade="none" 
    	not-null="true" 
    	insert="false" 
    	update="false"
    />
    <many-to-one 
    	name="attribute" 
    	class="Attribute" 
    	column="attribute_id" 
    	cascade="none" 
    	not-null="true" 
    	insert="false" 
    	update="false"
    />
  </class>
  
</hibernate-mapping>
