<?xml version="1.0" encoding="UTF-8"?>
<entity-mappings xmlns="http://java.sun.com/xml/ns/persistence/orm"
	xmlns:xsi="http://www.w3.org/2001/XMLSchema-instance"
	xsi:schemaLocation="http://java.sun.com/xml/ns/persistence/orm http://java.sun.com/xml/ns/persistence/orm_2_0.xsd"
	version="2.0">
	<entity class="org.hibernate.jira.bean.FormA" access="FIELD">
		<table name="form_a" />
		<attributes>
			<id name="id">
				<column name="id" />
				<generated-value strategy="TABLE" />
			</id>
			<many-to-one name="value" fetch="LAZY">
				<join-column name="value_ref" nullable="true" unique="false" />
				<cascade>
					<cascade-persist />
				</cascade>
			</many-to-one>
		</attributes>
	</entity>
	<entity class="org.hibernate.jira.bean.FormB" access="FIELD">
		<table name="form_b" />
		<attributes>
			<id name="id">
				<column name="id" />
				<generated-value strategy="TABLE" />
			</id>
			<basic name="value" fetch="LAZY">
				<column name="value" nullable="true" unique="false" />
			</basic>
		</attributes>
	</entity>
</entity-mappings>
