<!DOCTYPE hibernate-mapping PUBLIC "-//Hibernate/Hibernate Mapping DTD 3.0//EN" "http://hibernate.sourceforge.net/hibernate-mapping-3.0.dtd">
<hibernate-mapping package="test.logic">

	<class name="Term" abstract="true"  lazy="false">
			<cache usage="read-write" />
		<id name="id" type="long" column="term_id">
			 <!-- <generator class="native"/> -->
			<generator class="increment"/>
		</id>
		<!--  <discriminator column="dtype" type="string" /> -->
		<property name="identifier" lazy="false" column="term_identifier"
			index="term_id_ind" />

			
		
		
		<union-subclass name="Classifier" abstract="true" table="classifiers" >
			
				<union-subclass name="Concept" abstract="false" >
					<!--  discriminator-value="Concept"> -->
					
			</union-subclass>
			
				<union-subclass name="Role" abstract="false"> 
					
				
				</union-subclass>
			</union-subclass>
	
	</class>



	<class name="Inclusion" abstract="false" lazy="true">
		<id name="id" type="long" column="id">
			<generator class="native" />
		</id>
		<many-to-one name="subClass" class="Classifier"
			foreign-key="inclusion_sub" index="sub" fetch="select" insert="true"
			update="true" not-null="true" unique="false" column="subClass" />
		<many-to-one name="superClass" class="Classifier"
			foreign-key="inclusion_sup" index="sup" fetch="select" insert="true"
			update="true" not-null="true" unique="false" column="superClass" />


	</class>
	
</hibernate-mapping>