<?xml version='1.0' encoding='utf-8'?>
<!DOCTYPE hibernate-configuration PUBLIC
"-//Hibernate/Hibernate Configuration DTD//EN"
"http://hibernate.sourceforge.net/hibernate-configuration-3.0.dtd">
<!-- -SEVERE (Molto grave)
-WARNING
-INFO
-CONFIG
-FINE
-FINER
-FINEST (importanza più bassa)  -->
<hibernate-configuration>
<!-- a SessionFactory instance listed as /jndi/name -->
<session-factory>
<!-- properties -->



<!-- uncomment if you want to reload the db -->
<!--  -->
<property name="hbm2ddl.auto">create</property> 
<!-- -->

<property name="connection.url">jdbc:db2://localhost:50000/ondatbox</property>
<property name="connection.driver_class">com.ibm.db2.jcc.DB2Driver</property>
<property name="dialect">org.hibernate.dialect.DB2Dialect</property>
<property name="connection.username">user</property>
<property name="connection.password">password</property>



<!-- Enable Hibernate's automatic session context management -->
<property name="current_session_context_class">thread</property>
<!-- Disable the second-level cache -->


<property name="hibernate.cache.use_second_level_cache">false</property>
<!-- Echo all executed SQL to stdout -->
<property name="show_sql">true</property>
<property name="hibernate.jdbc.batch_size">20</property>
<property name="hibernate.current_session_context_class">thread</property>


<mapping resource="hibernate.hbm.xml"/>

</session-factory>

</hibernate-configuration>