<?xml version="1.0" encoding="UTF-8"?>
<!DOCTYPE hibernate-mapping PUBLIC
    "-//Hibernate/Hibernate Mapping DTD 3.0//EN" 
    "http://hibernate.sourceforge.net/hibernate-mapping-3.0.dtd">


<hibernate-mapping default-lazy="false" package="model">
	<class name="DataAboutPerson" table="dataaboutperson">
		<id name="id" column="data" unsaved-value="null">
			<generator class="native"/>
		</id>
		
		<many-to-one name="whoImAllAbout" column="person" class="Person" not-null="true" />
		
		<property name="referenceMe">
			<column name="referenceme"/>
		</property>
		
	</class>
</hibernate-mapping>