<?xml version="1.0"?>
<!DOCTYPE hibernate-mapping PUBLIC
		"-//Hibernate/Hibernate Mapping DTD 3.0//EN"
		"http://www.hibernate.org/dtd/hibernate-mapping-3.0.dtd">

<hibernate-mapping default-access="field" default-cascade="refresh,persist" default-lazy="false">
	
	<class name="com.myapp.entities.MyAbstractOtherEntity" table="MYABSTRACTOTHERENTITY" abstract="true"
		discriminator-value="null" >
		<id name="id" column="id" access="property" type="integer" />
		<discriminator column="TYPE" type="integer" force="true" />
		<many-to-one name="myEntity" column="myEntity" class="com.myapp.entities.MyEntity" lazy="false" fetch="select" cascade="none"/>
	</class>

	<subclass name="com.myapp.entities.MyOtherEntity" extends="com.myapp.entities.MyAbstractOtherEntity"
		discriminator-value="2" lazy="false">
		<property name="name" column="name" type="string" length="250" />
	</subclass>
	
</hibernate-mapping>