<?xml version="1.0"?>
<!DOCTYPE hibernate-mapping PUBLIC
		"-//Hibernate/Hibernate Mapping DTD 3.0//EN"
		"http://www.hibernate.org/dtd/hibernate-mapping-3.0.dtd">

<hibernate-mapping default-access="field" default-cascade="refresh,persist" default-lazy="false">
	<class name="com.myapp.entities.MyEntity" table="MYENTITY">
		<id name="id" column="id" access="property" type="integer" />
		<property name="name" column="name" type="string" length="250" />
		<bag name="myOtherEntities" inverse="true" lazy="true" fetch="subselect"  cascade="all-delete-orphan">
			<key column="MyEntity" foreign-key="none" />
			<one-to-many class="com.myapp.entities.MyOtherEntity" />
		</bag>
	</class>
	
</hibernate-mapping>