<?xml version='1.0' encoding='utf-8'?>
<!DOCTYPE hibernate-configuration PUBLIC
        "-//Hibernate/Hibernate Configuration DTD 3.0//EN"
        "http://hibernate.sourceforge.net/hibernate-configuration-3.0.dtd">
 
<hibernate-configuration>
    <session-factory>
        <!-- Database connection settings -->
        <property name="connection.driver_class">org.h2.Driver</property>
        <property name="connection.url">jdbc:h2:mem:test;INIT=DROP SCHEMA IF EXISTS schem\;CREATE SCHEMA schem</property>
        <property name="connection.username">sa</property>
        <property name="connection.password"></property>
        
        <!-- JDBC connection pool (use the built-in) -->
        <property name="connection.pool_size">1</property>
        
        <!-- SQL dialect -->
        <property name="dialect">org.hibernate.dialect.H2Dialect</property>

        <!-- Enable Hibernate's automatic session context management -->
        <property name="current_session_context_class">thread</property>

        <!-- Echo all executed SQL to stdout -->
        <property name="show_sql">false</property>
        
        <property name="hbm2ddl.auto">update</property>
 
 		<mapping class="com.spikhalskiy.hibernate.entity.User"/>
        <mapping class="com.spikhalskiy.hibernate.entity.SocialNetworkProfile"/>


    </session-factory>
</hibernate-configuration>
