<?xml version='1.0' encoding='UTF-8'?>
<!DOCTYPE hibernate-configuration PUBLIC
          "-//Hibernate/Hibernate Configuration DTD 3.0//EN"
          "http://hibernate.sourceforge.net/hibernate-configuration-3.0.dtd">

<!-- Generated by MyEclipse Hibernate Tools.                   -->
<hibernate-configuration>

<session-factory>
	<property name="connection.username">nbk3qyv</property>
	<property name="connection.url">
		jdbc:sybase:Tds:pfs_dev_125.bankofamerica.com:9980/p2sc
	</property>
	<property name="dialect">
		org.hibernate.dialect.SybaseDialect
	</property>
	<property name="connection.password">du6692ke</property>
	<property name="connection.driver_class">
		com.sybase.jdbc3.jdbc.SybDriver
	</property>
	<property name="cglib.use_reflection_optimizer">true</property>
	<property name="format_sql">true</property>
	<property name="generate_statistics">true</property>
	<property name="order_updates">true</property>
	<property name="show_sql">true</property>
	<mapping resource="testHibernate/Batch.hbm.xml" />
	<mapping resource="testHibernate/Loan.hbm.xml" />

</session-factory>

</hibernate-configuration>