<?xml version="1.0" encoding="UTF-8"?>
<log4j:configuration
  xmlns:log4j="http://jakarta.apache.org/log4j/"
  debug="false">

  <appender name="DefaultAppender" class="org.apache.log4j.ConsoleAppender">
    <layout class="org.apache.log4j.PatternLayout">
      <param name="ConversionPattern" value="%d{yyyy-MM-dd HH:mm:ss:SSS}|%-5p|%c   |%x%m%n" />
    </layout>
  </appender>
  
  <logger name="org.hibernate.loader">
    <level value="INFO" />
  </logger>
  <logger name="org.hibernate.type">
    <level value="INFO" />
  </logger>
  <logger name="org.hibernate.pretty.Printer">
    <level value="ERROR" />
  </logger>
  <logger name="org.hibernate.engine">
    <level value="INFO" />
  </logger>
  <logger name="org.hibernate.jdbc">
    <level value="INFO" />
  </logger>
  <logger name="org.hibernate.hql">
    <level value="INFO" />
  </logger>
  <logger name="org.hibernate.persister.entity">
    <level value="INFO" />
  </logger>
  <logger name="org.hibernate.persister.collection">
    <level value="INFO" />
  </logger>
  <logger name="org.hibernate.cfg">
    <level value="INFO" />
  </logger>
  <logger name="org.hibernate.connection">
    <level value="INFO" />
  </logger>
  <logger name="org.hibernate.util.DTDEntityResolver">
    <level value="INFO" />
  </logger>
  <logger name="org.hibernate.impl.SessionFactoryObjectFactory">
    <level value="INFO" />
  </logger>
  <logger name="org.hibernate.impl.SessionFactoryImpl">
    <level value="INFO" />
  </logger>
  
  <root>
    <level value="DEBUG" />
    <appender-ref ref="DefaultAppender" />
  </root>
</log4j:configuration>
