<?xml version="1.0" encoding="UTF-8"?>
<!DOCTYPE hibernate-mapping PUBLIC "-//Hibernate/Hibernate Mapping DTD 3.0//EN" 
"http://hibernate.sourceforge.net/hibernate-mapping-3.0.dtd" >
<hibernate-mapping>
    <class name="bug.hibernate.One" table="one">
        <id name="id" column="o_id_pk">
            <generator class="native"/>
        </id>
        <property name="value" column="o_val"/>        
        <set name="twos" lazy="false">
        	<key property-ref="value" column="t_val"/>
        	<one-to-many class="bug.hibernate.Two"/>
        </set>
    </class>
    <class name="bug.hibernate.Two" table="two">
        <id name="id" column="t_id_pk">
            <generator class="native"/>
        </id>
        <property name="value" column="t_val"/>
    </class>
</hibernate-mapping>