<?xml version="1.0" encoding="UTF-8"?>
<!DOCTYPE log4j:configuration SYSTEM "log4j.dtd">
<log4j:configuration threshold="all" debug="false" xmlns:log4j="http://jakarta.apache.org/log4j/">
  <appender name="FILE" class="org.apache.log4j.RollingFileAppender">
    <param name="Threshold" value="ALL"/>      <!-- levels this appender emits -->
    <param name="File" value="hibernate.log" />
    <param name="Append" value="true"/>
    <param name="ImmediateFlush" value="true"/>
    <param name="BufferedIO" value="false"/>
    <param name="BufferSize" value="8192"/>
    <param name="MaxBackupIndex" value="2"/>
    <param name="MaxFileSize" value="50MB"/>
    <!-- <param name="Encoding" value="UTF-8"/> -->
    <layout class="org.apache.log4j.PatternLayout">
      <param name="ConversionPattern" value="%m [%l]%n"/>
    </layout>
  </appender>

  <appender name="SOCKET" class="org.apache.log4j.net.SocketAppender">
    <param name="locationInfo" value="true"/>
    <param name="Threshold" value="ALL"/>      <!-- levels this appender emits -->
    <param name="Port" value="4445"/>          <!-- the default - change on unix to avoid conflicts -->
    <param name="RemoteHost" value="localhost"/>
    <param name="ReconnectionDelay" value="30000"/>  <!-- milliseconds -->
  </appender>
  
  <logger name="org.hibernate" additivity="true">
    <level value="debug" />
  </logger>

  <root>
    <level value="INFO"/>
    <appender-ref ref="FILE"/>
<!--    <appender-ref ref="SOCKET"/>   -->
  </root>
  
</log4j:configuration>
