<?xml version="1.0" encoding="UTF-8"?>
<!DOCTYPE hibernate-mapping PUBLIC
   "-//Hibernate/Hibernate Mapping DTD//EN"
   "http://hibernate.sourceforge.net/hibernate-mapping-2.0.dtd">

<hibernate-mapping>
    <class name="com.hhy.core.CimClass" table="cim_core_cimclass">
    	<meta attribute="class-description">
	        @author Huan Huiying
    	</meta>
        <id name="classId" 
        	column="classid" 
        	type="long"
        	length="10">
        	<meta attribute="scope-set">protected</meta>
	        <generator class="sequence">
    	    	<param name="sequence">cim.temp_cimclass_seq</param>
        	</generator>
        </id>
        <property name="className" 
        		  column="classname"
        		  type="string"
        		  length="30">
        		  <meta attribute="scope-set">protected</meta>
        </property>
        <set name="propertiess" 
        	 table="cim_core_cimproperty"
        	 lazy="true" 
        	 inverse="false" 
        	 cascade="all-delete-orphan">
        	<meta attribute="scope-set">protected</meta>
        	<key column="classId"/>
        	<!--(1) to (1,*) cascade-->
        	<one-to-many class="com.hhy.core.CimProperty"/> 
        </set>
    </class>

</hibernate-mapping>
<!-- parsed in 0ms -->
