<?xml version="1.0" encoding="UTF-8"?>
<!DOCTYPE hibernate-mapping PUBLIC
   "-//Hibernate/Hibernate Mapping DTD//EN"
   "http://hibernate.sourceforge.net/hibernate-mapping-2.0.dtd">

<hibernate-mapping>
    <class name="com.hhy.core.CimProperty" table="cim_core_cimproperty">
    	<id name="propertyId" 
        	column="propertyid" 
        	type="long"
        	length="10">
        	<meta attribute="scope-set">protected</meta>
			<generator class="sequence">
				<param name="sequence">cim.temp_cimproperty_seq</param>
			</generator> 
		</id> 
        <many-to-one name="CimClass" 
        			 column="classid" 
        			 class="com.hhy.core.CimClass"/>
        <property name="propertyName" 
        		  column="propertyname"
        		  type="string"
        		  length="50"/>
        
    </class>

</hibernate-mapping>
<!-- parsed in 16ms -->
