<?xml version="1.0" encoding="UTF-8"?>
<!DOCTYPE hibernate-mapping PUBLIC
   "-//Hibernate/Hibernate Mapping DTD//EN"
   "http://hibernate.sourceforge.net/hibernate-mapping-2.0.dtd">

<hibernate-mapping>
	<meta attribute="class-description">
    	    @author Huan Huiying
	</meta>
    <class name="com.hhy.core.Resource" table="cim_core_resource">
        <id name="resourceId" 
        	column="resouceid" 
        	type="long"
        	length="10">
        	<meta attribute="scope-set">protected</meta>
			<generator class="sequence">
				<param name="sequence">cim.temp_resource_seq</param>
			</generator> 
		</id> 
        <many-to-one name="cimClass" 
        			 column="cim_core_cimclass" 
        			 class="CimClass"/>
    </class>

</hibernate-mapping>
<!-- parsed in 0ms -->