<!DOCTYPE hibernate-configuration PUBLIC
	"-//Hibernate/Hibernate Configuration DTD 3.0//EN"
	"http://hibernate.sourceforge.net/hibernate-configuration-3.0.dtd">

<hibernate-configuration>
	<session-factory>
		<property name="show_sql">true</property>
		<property name="hibernate.hbm2ddl.auto">create-drop</property>
		<mapping resource="test/hibernate/Parent.hbm.xml" />
		<mapping resource="test/hibernate/Child.hbm.xml" />
		<mapping resource="test/hibernate/GrandChild.hbm.xml" />
	</session-factory>
</hibernate-configuration>