<?xml version='1.0' encoding='utf-8'?>
<!DOCTYPE hibernate-configuration PUBLIC
        "-//Hibernate/Hibernate Configuration DTD 3.0//EN"
        "http://hibernate.sourceforge.net/hibernate-configuration-3.0.dtd">

<hibernate-configuration>

    <session-factory>

        <!-- Database connection settings -->
        <property name="connection.driver_class">org.postgresql.Driver</property>
        <property name="connection.url">jdbc:postgresql://localhost/test</property>
        <property name="connection.username">test</property>
        <property name="connection.password">test</property>

        <!-- JDBC connection pool (use the built-in) -->
        <property name="connection.pool_size">1</property>
        <property name="hibernate.dialect">org.hibernate.dialect.PostgreSQLDialect</property>
        <property name="current_session_context_class">thread</property>
        <property name="cache.provider_class">org.hibernate.cache.NoCacheProvider</property>
        <property name="show_sql">true</property>
        <property name="hbm2ddl.auto">update</property>

		<mapping class="test.model.Article"/>
        <mapping class="test.model.Quantity"/>

    </session-factory>

</hibernate-configuration>