<?xml version="1.0"?>

<!DOCTYPE hibernate-mapping PUBLIC 
	"-//Hibernate/Hibernate Mapping DTD 3.0//EN"
	"http://hibernate.sourceforge.net/hibernate-mapping-3.0.dtd">

<hibernate-mapping default-access="field" default-cascade="none" default-lazy="false">

 <class name="RouteContext" table="RouteContext">
   <id name="id" column="RouteContextID" type="integer">
     <generator class="native"/>
   </id>

   <many-to-one name="doc" update="false" cascade="persist"
     column="DocID" not-null="true" foreign-key="FK_RouteContext_Doc"/>

 </class>

 <class name="Doc" table="Doc">
   <id name="id" column="DocID" type="integer">
     <generator class="native"/>
   </id>

   <set name="contexts" inverse="true" cascade="none" lazy="true">
     <key column="DocID" on-delete="cascade"/>
     <one-to-many class="RouteContext"/>
   </set>

 </class>

 <class entity-name="DocContent" table="DocContent">
   <id name="id" column="DocContentID" type="integer">
     <generator class="native"/>
   </id>

   <many-to-one name="doc" class="Doc" update="false" unique="true"
     column="DocID" not-null="true" foreign-key="FK_DocContent_Doc"/>

 </class>
		
</hibernate-mapping>
