<?xml version='1.0' encoding='utf-8'?>
<!DOCTYPE hibernate-configuration PUBLIC 
	"-//Hibernate/Hibernate Configuration DTD//EN"
	"http://hibernate.sourceforge.net/hibernate-configuration-2.0.dtd">

<hibernate-configuration>
	<!-- *** these are in hibernate.properties *** -->
    <!-- shared properties 
    <property name="show_sql">true</property>
    <property name="use_outer_join">true</property>
	-->

    <!-- a SessionFactory instance -->
    <session-factory name="app-schema">

        <!-- properties for this SessionFactory only 
        <property name="connection.datasource">my/first/datasource</property>
		-->
        <property name="dialect">net.sf.hibernate.dialect.IngresDialect</property>

        <!-- mapping files -->
        <mapping jar="simpletest_hb.jar"/>
    </session-factory>

</hibernate-configuration>
