<?xml version="1.0" encoding="UTF-8" ?>
<!DOCTYPE log4j:configuration SYSTEM "log4j.dtd">

<log4j:configuration>
        
    <appender name="STDOUT" class="org.apache.log4j.ConsoleAppender">
        <layout class="org.apache.log4j.PatternLayout">
            <param 
                    name="ConversionPattern"
                    value="%d{ISO8601} %5p %c{1} - %m%n"/>
        </layout>	    
    </appender>

    <appender name="FILE" class="org.apache.log4j.FileAppender">
        <param name="File"   value="D:/projects/HibernateSimpleTest/gen/log/app.log" />
        <param name="Append" value="false" />	    	
        <layout class="org.apache.log4j.PatternLayout">
            <param 
                    name="ConversionPattern"
                    value="%d{ISO8601} %5p %t %c{1} - %m%n"/>
        </layout>	    
    </appender>

    <appender name="HB_FILE" class="org.apache.log4j.FileAppender">
        <param name="File"   value="D:/projects/HibernateSimpleTest/gen/log/hb.log" />
        <param name="Append" value="false" />	    	
        <layout class="org.apache.log4j.PatternLayout">
            <param 
                    name="ConversionPattern"
                    value="%d{ISO8601} %5p %t %c{1} - %m%n"/>
        </layout>	    
    </appender>

    <category name="org.apache.log4j.xml">
        <priority value="info" />
    </category>

    <category name="net.sf.hibernate" additivity="false">
        <priority value="debug" />
        <appender-ref ref="HB_FILE" />
    </category>

    <!--log JDBC bind parameters-->
    <category name="net.sf.hibernate.type">
    </category>

    <!--log prepared statement cache activity-->
    <category name="net.sf.hibernate.ps.PreparedStatementCache">
    </category>

    <category name="sbt.hb.test.interceptor.UserAuditInfoType">
        <priority value="debug" />
    </category>

    <category name="sbt.hb.test.interceptor.domain.TestUserType">
        <priority value="debug" />
    </category>

    <category name="sbt.hb.test.interceptor.TestInterceptor">
        <priority value="debug" />
    </category>

    <root>
        <priority value ="debug" />
        <appender-ref ref="STDOUT" />
        <appender-ref ref="FILE" />
    </root>

</log4j:configuration>