<?xml version="1.0" encoding="UTF-8"?>
<beans xmlns="http://www.springframework.org/schema/beans" xmlns:xsi="http://www.w3.org/2001/XMLSchema-instance"
  xsi:schemaLocation="http://www.springframework.org/schema/beans http://www.springframework.org/schema/beans/spring-beans-2.5.xsd">
  <bean id="UnionTableDAO" class="com.ebao.ls.foundation.dao.support.DaoSupportEntityName">
    <constructor-arg>
      <value>UnionTableOneExt</value>
    </constructor-arg>
    <constructor-arg>
      <value>union.UnionTableOneExt</value>
    </constructor-arg>
  </bean>
</beans>