<?xml version="1.0" encoding="UTF-8"?>
<beans xmlns="http://www.springframework.org/schema/beans" xmlns:xsi="http://www.w3.org/2001/XMLSchema-instance"
	xmlns:p="http://www.springframework.org/schema/p" xmlns:aop="http://www.springframework.org/schema/aop"
	xmlns:tx="http://www.springframework.org/schema/tx"
	xsi:schemaLocation="
	http://www.springframework.org/schema/beans http://www.springframework.org/schema/beans/spring-beans-2.5.xsd
    http://www.springframework.org/schema/tx http://www.springframework.org/schema/tx/spring-tx-2.5.xsd
    http://www.springframework.org/schema/aop http://www.springframework.org/schema/aop/spring-aop-2.5.xsd">
	<bean id="entityManagerFactory" class="org.springframework.orm.jpa.LocalContainerEntityManagerFactoryBean">
		<property name="persistenceXmlLocation" value="${persistenceXmlLocation}/persistence.xml" />
		<property name="persistenceUnitName" value="bap" />
		<property name="jpaVendorAdapter">
			<bean class="org.springframework.orm.jpa.vendor.HibernateJpaVendorAdapter">
				<property name="showSql" value="${hibernate.show_sql}" />
				<property name="generateDdl" value="${hibernate.generate_ddl}" />
				<property name="databasePlatform" value="${hibernate.dialect}" />
			</bean>
		</property>
		<property name="jpaPropertyMap">
			<map>
				<entry key="hibernate.transaction.manager_lookup_class" value="${hibernate.transactionmanager.lookup}" />
				<!-- entry key="hibernate.transaction.factory_class" value="org.hibernate.transaction.JTATransactionFactory" /-->
				<!-- entry key="jta.UserTransaction" value="java:comp/UserTransaction" /-->
				<entry key="hibernate.connection.release_mode" value="on_close" />
				<!-- entry key="hibernate.transaction.flush_before_completion" value="true" /-->
				<!-- entry key="hibernate.transaction.auto_close_session" value="true" /-->
				<entry key="hibernate.current_session_context_class" value="jta" />
			</map>
		</property>
		<property name="dataSource" ref="bapDataSource" />
	</bean>
	
	<bean class="org.springframework.orm.jpa.support.PersistenceAnnotationBeanPostProcessor">
		<description>
            Injects the JPA PersistenceContext into the JPA Dao's.
        </description>
	</bean>
	
	<bean class="org.springframework.dao.annotation.PersistenceExceptionTranslationPostProcessor">
		<description>
            Handles the @Repository annotation used on the JPA Dao's, and translates from the JPA
            exceptions to Spring's richer DataAccessException hierarchy.
        </description>
	</bean>
	
</beans>

