<?xml version="1.0" encoding="UTF-8"?>
<beans xmlns="http://www.springframework.org/schema/beans" xmlns:xsi="http://www.w3.org/2001/XMLSchema-instance"
	xmlns:p="http://www.springframework.org/schema/p"
	xsi:schemaLocation="http://www.springframework.org/schema/beans http://www.springframework.org/schema/beans/spring-beans-2.5.xsd">

	<!-- Optional: add a log administrator -->
	<!-- bean id="localLogAdministrator" class="com.atomikos.icatch.admin.imp.LocalLogAdministrator" /-->
	
	<bean id="sysProps" class="org.hibernate.envers.support.AtomikosSystemPropertiesInitializingBean" >
		<constructor-arg>
			<!-- IMPORTANT: specify all Atomikos properties here -->
			<props>
				<prop key="com.atomikos.icatch.no_file">true</prop>
				<prop key="com.atomikos.icatch.service">com.atomikos.icatch.standalone.UserTransactionServiceFactory</prop>
				<prop key="com.atomikos.icatch.console_file_name">tm.out</prop>
				<prop key="com.atomikos.icatch.log_base_name">tmlog</prop> 
				<prop key="com.atomikos.icatch.tm_unique_name">com.atomikos.spring.jdbc.tm</prop>
				<prop key="com.atomikos.icatch.console_log_level">WARN</prop>  
				<prop key="com.atomikos.icatch.output_dir">./target/atomikos</prop>
				<prop key="com.atomikos.icatch.log_base_dir">./target/atomikos</prop>
			</props>
		</constructor-arg>
	</bean>
	

	<bean id="userTransactionService" class="com.atomikos.icatch.config.UserTransactionServiceImp"
		depends-on="sysProps"
		init-method="init" destroy-method="shutdownForce">
		<!-- property name="initialLogAdministrators">
			<list>
				<ref bean="localLogAdministrator" />
			</list>
		</property-->
	</bean>

	<!-- Construct Atomikos UserTransactionManager, needed to configure Spring -->
	<bean id="AtomikosTransactionManager" class="com.atomikos.icatch.jta.UserTransactionManager"
		init-method="init" destroy-method="close" depends-on="userTransactionService">

		<!--  when close is called, should we force transactions to terminate or not? -->
		<property name="forceShutdown" value="true" />
	</bean>

	<!-- Also use Atomikos UserTransactionImp, needed to configure Spring  -->
	<bean id="AtomikosUserTransaction" class="com.atomikos.icatch.jta.UserTransactionImp"
		depends-on="userTransactionService">
		<property name="transactionTimeout" value="300" />
	</bean>

	<!-- Configure the Spring framework to use JTA transactions from Atomikos -->
	<bean id="transactionManager" class="org.springframework.transaction.jta.JtaTransactionManager"
		depends-on="userTransactionService">
		<property name="transactionManager" ref="AtomikosTransactionManager" />
		<property name="userTransaction" ref="AtomikosUserTransaction" />
	</bean>

	<!-- bean id="bapDataSource" class="com.atomikos.jdbc.AtomikosDataSourceBean" 
		init-method="init"
		destroy-method="close">
		<property name="uniqueResourceName">
			<value>jdbc/bapDataSource</value>
		</property>
		<property name="xaDataSource" ref="bapXADataSource"/>
		<property name="minPoolSize" value="1" />
		<property name="maxPoolSize" value="20" />
	</bean>

	<bean id="bapXADataSource"
		class="com.ibm.as400.access.AS400JDBCXADataSource"
        p:serverName="${hibernate.connection.servername}"
		p:user="${hibernate.connection.username}"
		p:password="${hibernate.connection.password}"
		p:libraries="${hibernate.connection.schemaname}"
		p:dateFormat="iso"
		p:qaqqiniLibrary="QSYS"
		p:transactionIsolation="read committed"
		p:autoCommit="false"
		p:trace="off"
		p:keepAlive="true"
		p:toolboxTrace="none"
		>
	</bean-->

	<bean id="bapDataSource" 
		class="com.atomikos.jdbc.nonxa.AtomikosNonXADataSourceBean"
		destroy-method="close"> 
		<property name="uniqueResourceName" value="jdbc/bapDataSource" />
    	<property name="driverClassName" value="org.hsqldb.jdbcDriver"/>
    	<property name="url" value="jdbc:hsqldb:."/>
    	<property name="user" value="sa"/>
    	<property name="password" value=""/>
	</bean>

</beans>
