<?xml version="1.0" encoding="UTF-8"?>
<!DOCTYPE log4j:configuration SYSTEM "log4j.dtd">
<log4j:configuration xmlns:log4j='http://jakarta.apache.org/log4j/'>
	<!-- 
		###########################################################################
		# Appender variables:
		#
		# %c Used to output the category of the logging event.
		#    If a precision specifier is given, the category name "a.b.c" the pattern %c{2} will output "b.c".
		# %C Used to output the fully qualified class name of the caller issuing the logging request.
		# %d Used to output the date of the logging event.
		#    The date conversion specifier may be followed by a date format specifier enclosed between braces. For example, %d{HH:mm:ss,SSS}
		#    For better performing results it is recommended to use the log4j date formatters.
		#    These can be specified using one of the strings "ABSOLUTE", "DATE" and "ISO8601"
		# %F Used to output the file name where the logging request was issued.
		# %l Used to output location information of the caller which generated the logging event.
		# %L Used to output the line number from where the logging request was issued.
		# %m Used to output the application supplied message associated with the logging event.
		# %M Used to output the method name where the logging request was issued.
		# %n Outputs the platform dependent line separator character or characters.
		# %p Used to output the priority of the logging event.
		# %r Used to output the number of milliseconds elapsed since the start of the application until the creation of the logging event.
		# %t Used to output the name of the thread that generated the logging event.
		# %x Used to output the NDC (nested diagnostic context) associated with the thread that generated the logging event.
		# %X Used to output the MDC (mapped diagnostic context) associated with the thread that generated the logging event.
		# %% Outputs a single percent sign.
		#
		# WARNING: %C, %F, %l, %L and %M are extremly slow.
		###########################################################################
	-->
	<appender name="stdout" class="org.apache.log4j.ConsoleAppender">
		<layout class="org.apache.log4j.PatternLayout">
			<param name="ConversionPattern" value="%-5p %d{dd-MM-yyyy HH:mm:ss,SSS} [%t] (%c) | %m%n" />
		</layout>
	</appender>
	
	<appender name="BAP_LOG" class="org.apache.log4j.RollingFileAppender">
		<param name="File" value="D:\\DATA\\JB\\ONT\\Bap\\log\\bap_test.log" />
		<param name="MaxFileSize" value="9000KB" />
		<param name="MaxBackupIndex" value="1" />
		<param name="append" value="false" />
		<layout class="org.apache.log4j.PatternLayout">
			<param name="ConversionPattern" value="%-5p %d{dd-MM-yyyy HH:mm:ss,SSS} [%t] (%c) | %m%n" />
		</layout>
	</appender>
	
	<category name="atomikos" additivity="false">
		<level value="info" />
		<appender-ref ref="BAP_LOG" />
		<!-- appender-ref ref="stdout" /-->
	</category>
	
	<category name="nl.ibgroep.bap" additivity="false">
		<level value="debug" />
		<appender-ref ref="BAP_LOG" />
		<appender-ref ref="stdout" />
	</category>

	<category name="nl.ibgroep.wont5" additivity="false">
		<level value="info" />
		<appender-ref ref="BAP_LOG" />
	</category>

	<category name="nl.ibgroep.wont5.ws.support.client" additivity="false">
		<level value="debug" />
		<appender-ref ref="BAP_LOG" />
	</category>

	<category name="org.springframework" additivity="false">
		<level value="info"/>
		<appender-ref ref="BAP_LOG"/>
	</category>
	<category name="org.springframework.orm" additivity="false">
		<level value="info"/>
		<appender-ref ref="BAP_LOG"/>
		<!-- appender-ref ref="stdout" /-->
	</category>
	<category name="org.springframework.transaction" additivity="false">
		<level value="info"/>
		<appender-ref ref="BAP_LOG"/>
		<!-- appender-ref ref="stdout" /-->
	</category>

	<category name="httpclient.wire" additivity="false">
		<level value="debug"/>
		<appender-ref ref="BAP_LOG"/>
	</category>

	<category name="org.apache.commons.httpclient" additivity="false">
		<level value="debug"/>
		<appender-ref ref="BAP_LOG"/>
	</category>

	<!-- category name="org.objectweb.jotm" additivity="false">
		<level value="debug"/>
		<appender-ref ref="BAP_LOG"/>
	</category -->

	<category name="org.hibernate" additivity="false">
		<level value="info"/>
		<appender-ref ref="BAP_LOG" />
		<!-- appender-ref ref="stdout" /-->
	</category>

	<category name="org.hibernate.ejb" additivity="false">
		<level value="info"/>
		<appender-ref ref="BAP_LOG" />
		<!-- appender-ref ref="stdout" /-->
	</category>

	<category name="org.hibernate.tool.hbm2ddl" additivity="false">
		<level value="debug"/>
		<appender-ref ref="BAP_LOG"/>
	</category>

	<!-- category name="org.hibernate" additivity="false">
		<level value="debug"/>
		<appender-ref ref="BAP_LOG"/>
	</category> -->

	<logger name="nl.knowlogy" additivity="false">
		<level value="info"/>
		<appender-ref ref="BAP_LOG"/>
	</logger>

	<root>
		<level value="info" />
		<!-- appender-ref ref="stdout" /-->
		<appender-ref ref="BAP_LOG" />
	</root>
</log4j:configuration>