<?xml version="1.0" encoding="UTF-8"?>
<!DOCTYPE log4j:configuration SYSTEM "log4j.dtd">
<log4j:configuration xmlns:log4j='http://jakarta.apache.org/log4j/'>

	<!--  default log4j.xml om LOG4J warning te voorkomen -->
	<!--  in AbstractTestBase/AbstractIntegrationTest wordt de logging geconfigureerd -->
	
	<appender name="stdout" class="org.apache.log4j.ConsoleAppender">
		<layout class="org.apache.log4j.PatternLayout">
			<param name="ConversionPattern" value="%-5p %d{dd-MM-yyyy HH:mm:ss,SSS} [%t] (%c) | %m%n" />
		</layout>
	</appender>
	
	<root>
		<level value="warn" />
		<appender-ref ref="stdout" />
	</root>
</log4j:configuration>