<?xml version="1.0" encoding="UTF-8" ?>
<entity-mappings xmlns="http://java.sun.com/xml/ns/persistence/orm"
	xmlns:xsi="http://www.w3.org/2001/XMLSchema-instance"
	xsi:schemaLocation="http://java.sun.com/xml/ns/persistence/orm http://java.sun.com/xml/ns/persistence/orm_1_0.xsd" version="1.0">


	<entity class="testapp.domain.Address" access="FIELD" name="HibernateTestAddress">
		<attributes>
			<id name="id">
				<generated-value strategy="AUTO" />
			</id>

			<basic name="addr1"   optional="false" />
			<basic name="addr2"   optional="true"  />
			<basic name="addr3"   optional="true"  />
			<basic name="addr4"   optional="true"  />
		</attributes>
	</entity>


	<entity class="testapp.domain.Person" access="FIELD" name="HibernateTestPerson">
		<attributes>
			<id name="id">
				<generated-value strategy="AUTO" />
			</id>

			<basic name="name"		optional="false" fetch="EAGER" />
			<basic name="accountNo"	optional="false" fetch="EAGER" ><column unique="true" /></basic>

			<one-to-one name="address" target-entity="testapp.domain.Address" fetch="LAZY" optional="false">
				<cascade><cascade-all /></cascade>
			</one-to-one>
		</attributes>
	</entity>
</entity-mappings>