<?xml version='1.0' encoding='utf-8'?>
<!DOCTYPE hibernate-configuration PUBLIC
        "-//Hibernate/Hibernate Configuration DTD 3.0//EN"
        "http://hibernate.sourceforge.net/hibernate-configuration-3.0.dtd">

<hibernate-configuration>

    <session-factory>          
        <property name="current_session_context_class">thread</property>
        <property name="connection.driver_class">com.sybase.jdbc2.jdbc.SybDriver</property>
        <property name="connection.url">jdbc:sybase:Tds:dtrade01:5001/stamps3</property>
        <property name="connection.username">tadevl</property>
        <property name="connection.password">7thheave</property>
        
        <!-- SQL dialect -->
        <property name="dialect">org.hibernate.dialect.SybaseAnywhereDialect</property>

        <!-- Echo all executed SQL to stdout -->
        <property name="show_sql">true</property>
        <property name="format_sql">true</property>

        <!-- mapping stamps resources -->
        <mapping resource="cat/Cat.hbm.xml"/>
        <mapping resource="cat/Cage.hbm.xml"/>
        <mapping resource="cat/DomesticCat.hbm.xml"/>

    </session-factory>
</hibernate-configuration>
