<!DOCTYPE hibernate-mapping PUBLIC "-//Hibernate/Hibernate Mapping DTD 3.0//EN"
                                   "http://hibernate.sourceforge.net/hibernate-mapping-3.0.dtd">
<hibernate-mapping>
    <class lazy="true" name="hibernatetest.a80980.Audit" table="Audit">
        <id name="auditId" type="int">
            <column name="auditId"/>
            <generator class="identity"/>
        </id>
        <property name="auditDateTime" type="timestamp">
            <column name="auditDateTime"/>
        </property>
        <property name="template" type="string">
            <column name="template"/>
        </property>
        <property name="detail" type="string">
            <column name="detail"/>
        </property>
        <property name="ipAddress" type="string">
            <column name="ipAddress"/>
        </property>
    </class>
</hibernate-mapping>
