<?xml version='1.0' encoding='utf-8'?>
<!DOCTYPE hibernate-configuration PUBLIC
        "-//Hibernate/Hibernate Configuration DTD 3.0//EN"
        "http://hibernate.sourceforge.net/hibernate-configuration-3.0.dtd">

<hibernate-configuration>

    <session-factory>

        <!-- Database connection settings -->
        <property name="connection.driver_class">com.microsoft.sqlserver.jdbc.SQLServerDriver</property>
        <property name="connection.url">jdbc:sqlserver://127.0.0.1:1433;database=demo1;user=sa;password=admin123</property>
<!--        <property name="connection.username">sa</property>
        <property name="connection.password">admin123</property>
-->
        <!-- JDBC connection pool (use the built-in) -->
        <property name="connection.pool_size">1</property>
        <!-- SQL dialect -->
        <property name="dialect">org.hibernate.dialect.SQLServerDialect</property>

        <!-- Enable Hibernate's automatic session context management -->
        <property name="current_session_context_class">thread</property>

        <!-- Disable the second-level cache  -->
        <property name="cache.provider_class">org.hibernate.cache.NoCacheProvider</property>

        <!-- Echo all executed SQL to stdout -->
        <property name="show_sql">true</property>

        <!-- Drop and re-create the database schema on startup --> 
        <property name="hbm2ddl.auto">create</property>                                                               
        
        <mapping resource="hibernatetest/a80980/User.hbm.xml"/>
        <mapping resource="hibernatetest/a80980/Audit.hbm.xml"/>

    </session-factory>

</hibernate-configuration>