<!DOCTYPE hibernate-mapping PUBLIC "-//Hibernate/Hibernate Mapping DTD 3.0//EN"
                                   "http://hibernate.sourceforge.net/hibernate-mapping-3.0.dtd">
<hibernate-mapping>
    <class lazy="true" name="hibernatetest.a80980.User" table="`user`">
        <id name="username" type="string">
            <column name="username"/>
            <generator class="assigned"/>
        </id>
        <property name="password" type="string">
            <column name="password"/>
        </property>
        <property name="deleted" type="boolean">
            <column name="deleted"/>
        </property>
    </class>
</hibernate-mapping>
