<?xml version="1.0" encoding="UTF-8"?>
<!DOCTYPE hibernate-configuration PUBLIC
		"-//Hibernate/Hibernate Configuration DTD 3.0//EN"
		"http://hibernate.sourceforge.net/hibernate-configuration-3.0.dtd">
<hibernate-configuration>
    <session-factory>

        <property name="hibernate.connection.driver_class">oracle.jdbc.driver.OracleDriver</property>
        <property name="hibernate.connection.url">jdbc:oracle:thin:@localhost:1521:XE</property>
        <property name="hibernate.connection.password">ems-cl</property>
        <property name="hibernate.connection.username">ems-cl</property>
        <!-- 
        <property name="hibernate.default_schema">ems-cl</property>
         -->
        <property name="hibernate.dialect">org.hibernate.dialect.Oracle10gDialect</property>

		<!-- Clases de OSWorkflow
		 <mapping resource="hibernate/osworkflow/HibernateCurrentStep.hbm.xml"/>
		 <mapping resource="hibernate/osworkflow/HibernateHistoryStep.hbm.xml"/>
		 <mapping resource="hibernate/osworkflow/HibernateWorkflowEntry.hbm.xml"/>
		 <mapping resource="hibernate/osworkflow/PropertySetItem.hbm.xml"/>
		 <mapping resource="hibernate/osworkflow/WorkflowDescriptor.hbm.xml"/>
		 -->

		<!-- Clases del modelo 
<mapping class="com.fdv.template.domain.user.UserGoa"/>
<mapping class="com.fdv.template.domain.Person"/>
<mapping class="com.fdvs.msd.ems.model.event.EventEstimations"/>
<mapping class="com.fdvs.msd.ems.model.event.MedicalSpecialty"/>
<mapping class="com.fdvs.msd.ems.model.agencies.valuations.parts.ValuationTransferData"/>
<mapping class="com.fdvs.msd.ems.model.agencies.AgencyBid"/>
<mapping class="com.fdvs.msd.ems.model.search.ApplicationUrl"/>
<mapping class="com.fdvs.msd.ems.model.event.Location"/>
<mapping class="com.fdvs.msd.ems.model.event.InviteeHotel"/>
<mapping class="com.fdvs.msd.ems.model.event.ProductParticipation"/>
<mapping class="com.fdvs.msd.ems.model.event.EventRequirementDailyDescription"/>
<mapping class="com.fdvs.msd.ems.model.agencies.valuations.parts.ValuationOtherData"/>
<mapping class="com.fdvs.msd.ems.model.agencies.valuations.parts.ValuationHostingCreativeData"/>
<mapping class="com.fdvs.msd.ems.i18n.I18nMessage"/>
<mapping class="com.fdvs.msd.ems.model.roadmap.EventRoadmap"/>
<mapping class="com.fdvs.msd.ems.model.event.PerDiemOptions"/>
<mapping class="com.fdvs.msd.ems.model.CostCentre"/>
<mapping class="com.fdvs.msd.ems.model.event.AttendeesDistribution"/>
<mapping class="com.fdv.template.domain.user.Notification"/>
<mapping class="com.fdvs.msd.ems.model.event.EventCancelation"/>
<mapping class="com.fdvs.msd.ems.model.agencies.valuations.parts.ValuationAerialData"/>
<mapping class="com.fdvs.msd.ems.model.Region"/>
<mapping class="com.fdvs.msd.ems.model.agencies.valuations.parts.ClosureExtraData"/>
<mapping class="com.fdvs.msd.ems.model.agencies.valuations.parts.ValuationGeneralData"/>
<mapping class="com.fdvs.msd.ems.model.mails.EmsEmailAttach"/>
<mapping class="com.fdvs.msd.ems.model.Delegation"/>
<mapping class="com.fdvs.msd.ems.model.event.EventType"/>
<mapping class="com.fdvs.msd.ems.model.event.approval.invitations.InvitationApprovalInstance"/>
<mapping class="com.fdvs.msd.ems.osworkflow.HibernateHistoryStep"/>
<mapping class="com.opensymphony.workflow.spi.hibernate.HibernateWorkflowEntry"/>
<mapping class="com.fdv.template.domain.user.Credential"/>
<mapping class="com.fdvs.msd.ems.model.agencies.valuations.parts.items.AerialItemData"/>
<mapping class="com.fdvs.msd.ems.model.agencies.requirements.AdditionalRequirement"/>
<mapping class="com.fdvs.msd.ems.model.BufferCostsParameters"/>
<mapping class="com.fdvs.msd.ems.model.event.AttendeePerson"/>
<mapping class="com.fdvs.msd.ems.model.agencies.valuations.parts.InvitationsCostData"/>
<mapping class="com.fdvs.msd.ems.model.ApprovalNotification"/>
<mapping class="com.fdvs.msd.ems.model.event.AttendeeInvitation"/>
<mapping class="com.fdvs.msd.ems.model.agencies.valuations.parts.ValuationAudioVisualData"/>
<mapping class="com.fdvs.msd.ems.osworkflow.PropertySetItemImpl"/>
<mapping class="com.fdvs.msd.ems.model.agencies.valuations.ClosureInterpretation"/>
<mapping class="com.fdvs.msd.ems.model.event.EventRequirements"/>
<mapping class="com.fdvs.msd.ems.model.agencies.valuations.parts.items.ServiceItemData"/>
<mapping class="com.fdv.template.ApplicationErrorReport"/>
<mapping class="com.fdv.template.domain.user.UserGroup"/>
<mapping class="com.fdvs.msd.ems.model.roadmap.RoadmapStep"/>
<mapping class="com.fdvs.msd.ems.model.search.EventLinkItem"/>
<mapping class="com.fdvs.msd.ems.model.agencies.valuations.parts.ValuationHostingData"/>
<mapping class="com.fdvs.msd.ems.model.agencies.AgencyBidding"/>
<mapping class="com.fdvs.msd.ems.model.Country"/>
<mapping class="com.fdvs.msd.ems.model.closure.ExtraCost"/>
<mapping class="com.fdvs.msd.ems.model.event.approval.ApprovalDecision"/>
<mapping class="com.fdvs.msd.ems.model.event.approval.invitations.InvitationApprovalProcess"/>
<mapping class="com.fdvs.msd.ems.model.event.InvitationLetter"/>
<mapping class="com.fdvs.msd.ems.model.agencies.valuations.parts.ValuationChargesData"/>
<mapping class="com.fdvs.msd.ems.osworkflow.HibernateCurrentStep"/>
<mapping class="com.fdvs.msd.ems.model.CalendarDate"/>
<mapping class="com.fdvs.msd.ems.model.event.Speaker"/>
<mapping class="com.fdvs.msd.ems.model.agencies.scoring.AgencyScore"/>
<mapping class="com.fdvs.msd.ems.model.agencies.valuations.ValuationInterpretation"/>
<mapping class="com.fdvs.msd.ems.model.mails.EmsMail"/>
<mapping class="com.fdvs.msd.ems.model.event.EventClosure"/>
<mapping class="com.fdvs.msd.ems.model.Product"/>
<mapping class="com.fdvs.msd.ems.model.agencies.valuations.parts.items.ChargesItemData"/>
<mapping class="com.fdvs.msd.ems.model.agencies.EventOptionValuation"/>
<mapping class="com.fdvs.msd.ems.model.agencies.valuations.parts.ValuationFoodData"/>
<mapping class="com.fdvs.msd.ems.model.event.GovernmentMedicPoll"/>
<mapping class="com.fdvs.msd.ems.model.Affiliate"/>
<mapping class="com.fdvs.msd.ems.model.RegionCosts"/>
<mapping class="com.fdvs.msd.ems.model.event.approval.EventApprovalProcess"/>
<mapping class="com.fdvs.msd.ems.model.agencies.Agency"/>
<mapping class="com.fdvs.msd.ems.model.agencies.valuations.parts.items.InviteeCostItem"/>
<mapping class="com.fdvs.msd.ems.model.event.EventCostParameters"/>
<mapping class="com.fdvs.msd.ems.model.event.SpeakerPerson"/>
<mapping class="com.fdvs.msd.ems.model.City"/>
<mapping class="com.fdvs.msd.ems.model.event.EventRequirement"/>
<mapping class="com.fdvs.msd.ems.model.event.EventAttachment"/>
<mapping class="com.fdvs.msd.ems.model.event.FlightInfo"/>
<mapping class="com.fdvs.msd.ems.model.agencies.scoring.AgencyScoring"/>
<mapping class="com.fdvs.msd.ems.model.agencies.valuations.parts.ValuationAuditoriumData"/>
<mapping class="com.fdvs.msd.ems.model.agencies.valuations.parts.ValuationEventData"/>
<mapping class="com.fdvs.msd.ems.model.ExcelTemplates"/>
<mapping class="com.fdv.template.domain.user.UserRole"/>
<mapping class="com.fdvs.msd.ems.model.CityCosts"/>
<mapping class="com.fdvs.msd.ems.model.event.TelemarketingComment"/>
<mapping class="com.fdvs.msd.ems.model.event.approval.EventApprovalInstance"/>
<mapping class="com.fdvs.msd.ems.model.event.RequirementConcept"/>
<mapping class="com.fdvs.msd.ems.model.event.Event"/>
<mapping class="com.fdvs.msd.ems.model.agencies.valuations.parts.items.HostingItemData"/>
-->
    </session-factory>
</hibernate-configuration>
