<?xml version="1.0" ?>
<!DOCTYPE hibernate-configuration PUBLIC
	"-//Hibernate/Hibernate Configuration DTD//EN"
	"http://hibernate.sourceforge.net/hibernate-configuration-3.0.dtd">

<hibernate-configuration>
	<session-factory>
		<mapping class="de.hska.kundenverwaltung.db.Kunde"/>
		<mapping class="de.hska.kundenverwaltung.db.Privatkunde"/>
		<mapping class="de.hska.kundenverwaltung.db.Firmenkunde"/>
		<mapping class="de.hska.kundenverwaltung.db.Adresse"/>
		<mapping class="de.hska.kundenverwaltung.db.Betreuer"/>
		<mapping class="de.hska.kundenverwaltung.db.Kontakt"/>
		<mapping class="de.hska.kundenverwaltung.db.Wartungsvertrag"/>
		<mapping class="de.hska.kundenverwaltung.db.WartungsvertragPK"/>
		<mapping class="de.hska.bestellwesen.db.Bestellung"/>
		<mapping class="de.hska.bestellwesen.db.Lieferung"/>
		<mapping class="de.hska.bestellwesen.db.Geschenkverpackung"/>
	</session-factory>
</hibernate-configuration>