<?xml version="1.0" encoding="UTF-8"?>
<!DOCTYPE hibernate-mapping PUBLIC "-//Hibernate/Hibernate Mapping DTD 3.0//EN" "http://hibernate.sourceforge.net/hibernate-mapping-3.0.dtd">
<hibernate-mapping>
  <class name="Person" table="people" discriminator-value="0">
    <id column="id" type="int">
    	<generator class="native"/>
    </id>
    <discriminator column="type_id" not-null="true"/> 
    <property name="name"/>
    <subclass name="Client" discriminator-value="1"/>
    <subclass name="Partner" discriminator-value="2"/>
  </class>
</hibernate-mapping>
