<?xml version="1.0"?>
<!DOCTYPE hibernate-mapping PUBLIC 
	"-//Hibernate/Hibernate Mapping DTD 3.0//EN"
	"http://hibernate.sourceforge.net/hibernate-mapping-3.0.dtd">

<hibernate-mapping package="org.hibernate.test.onetoone.cascade">

	<!-- 
	THESE TWO CLASSES ARE USED IN OneToOneCascadeTest.testOneToOneCascadeAssigned() 
	(FAILS)
	-->
	<class
		name="OneToOneAssignedTable"
		table="onetooneassignedtable">

		<id
			name="Id"
			column="id"
			type="java.lang.Long">
			<generator class="native" />
		</id>

		<many-to-one
			name="AssignedIdTable"
			class="AssignedIdTable"
			unique="true"
			cascade="all">
			<column
				name="assignedidtable_id"
				not-null="true"
				unique="true" />
		</many-to-one>
	</class>

	<class
		name="AssignedIdTable"
		table="assignedidtable">

		<id
			name="AssignedIdTableId"
			column="assignedidtable_id"
			type="java.lang.Long">
			<generator class="assigned"/>
		</id>

	</class>


	<!-- 
	THESE TWO CLASSES ARE USED IN OneToOneCascadeTest.testOneToOneCascadeNative() 
	(PASSES)
	-->
	<class
		name="OneToOneNativeTable"
		table="onetoonenativetable">

		<id
			name="Id"
			column="id"
			type="java.lang.Long">
			<generator class="native" />
		</id>

		<many-to-one
			name="NativeIdTable"
			class="NativeIdTable"
			unique="true"
			cascade="all">
			<column
				name="nativeidtable_id"
				not-null="true"
				unique="true" />
		</many-to-one>
	</class>

	<class
		name="NativeIdTable"
		table="nativeidtable">

		<id
			name="NativeIdTableId"
			column="nativeidtable_id"
			type="java.lang.Long">
			<generator class="native"/>
		</id>

	</class>
</hibernate-mapping>
