<?xml version='1.0' encoding='utf-8'?>
<!DOCTYPE hibernate-configuration PUBLIC
        "-//Hibernate/Hibernate Configuration DTD//EN"
        "http://www.hibernate.org/dtd/hibernate-configuration-3.0.dtd">

<hibernate-configuration>
    <session-factory>

        <property name="connection.driver_class">org.hsqldb.jdbc.JDBCDriver</property>
        <property name="connection.url">jdbc:hsqldb:mem:testdb</property>
        <property name="connection.username">sa</property>
        <property name="connection.password"></property>

        <!-- JDBC connection pool (use the built-in) -->
        <property name="connection.pool_size">2</property>

        <!-- SQL dialect -->
        <property name="dialect">org.hibernate.dialect.HSQLDialect</property>

        <!-- Enable Hibernate's automatic session context management -->
        <property name="current_session_context_class">thread</property>

        <!-- Disable the second-level cache -->
        <property name="cache.provider_class">org.hibernate.cache.NoCacheProvider</property>
        <!-- Echo all executed SQL to stdout -->
        <property name="show_sql">true</property>

        <!-- Drop and re-create the database schema on startup -->
        <property name="hbm2ddl.auto">update</property>

        <!-- <property name="hibernate.search.default.directory_provider">filesystem</property>
            <property name="hibernate.search.default.indexBase">target/indexes</property> -->
        <mapping resource="Nachricht.hbm.xml"/>
        <mapping resource="Portalnutzer.hbm.xml"/>


    </session-factory>
</hibernate-configuration>