<?xml version="1.0" encoding="UTF-8"?>
<!DOCTYPE beans PUBLIC '-//SPRING//DTD BEAN//EN'
      'http://www.springframework.org/dtd/spring-beans.dtd'>
<beans>
   <bean id="SessionFactory"
         class="org.springframework.orm.hibernate3.LocalSessionFactoryBean">
      <property name="mappingResources">
         <list>
            <value>bug/mapping.xml</value>
         </list>
      </property>
      <property name="hibernateProperties">
         <props>
            <prop key="hibernate.dialect">org.hibernate.dialect.MySQLDialect</prop>
            <prop key="hibernate.connection.driver_class">com.mysql.jdbc.Driver</prop>
            <prop key="hibernate.connection.url">jdbc:mysql://localhost:3306/bug?autoReconnect=true</prop>
            <prop key="hibernate.connection.username">bug</prop>
            <prop key="hibernate.connection.password">bug</prop>
         </props>
      </property>
   </bean>
   <bean id="TransactionManager"
         class="org.springframework.orm.hibernate3.HibernateTransactionManager">
      <property name="sessionFactory">
         <ref bean="SessionFactory"/>
      </property>
   </bean>
   <bean id="DocumentDAO"
         class="bug.DocumentDAO">
      <property name="sessionFactory">
         <ref bean="SessionFactory"/>
      </property>
   </bean>
</beans>
