<?xml version="1.0" encoding="UTF-8"?>
<!DOCTYPE hibernate-mapping PUBLIC "-//Hibernate/Hibernate Mapping DTD//EN" "http://hibernate.sourceforge.net/hibernate-mapping-2.0.dtd">
<hibernate-mapping>
    <class name="com.docent.lms.entities.tests.hibernate.Role" table="DRRole">
        <!--A role in a role-based access control system.-->
        <jcs-cache usage="read-write"/>
        <id name="id" type="long" column="id" unsaved-value="null">
            <generator class="native"/>
        </id>
        <!--version name="version" type="long" column="version"/-->
        <!--property name="name" type="string" column="name"/-->
        <set name="associations" lazy="true" inverse="true"><!--Set lazy="false" to show a different problem.-->
            <jcs-cache usage="read-write"/>
            <key column="roleId"/>
            <one-to-many class="com.docent.lms.entities.tests.hibernate.RolePermissionAssociation"/>
        </set>
    </class>
</hibernate-mapping>
