<?xml version='1.0' encoding="UTF-8"?>
<!DOCTYPE hibernate-configuration
    PUBLIC "-//Hibernate/Hibernate Configuration DTD//EN"
    "http://hibernate.sourceforge.net/hibernate-configuration-2.0.dtd">

<hibernate-configuration>

    <session-factory>

		<!-- database connection -->
        <property name="hibernate.dialect">net.sf.hibernate.dialect.DB2Dialect</property>
        <property name="hibernate.connection.driver_class">COM.ibm.db2.jdbc.net.DB2Driver</property>
        <property name="hibernate.connection.url">jdbc:db2://localhost/sample</property>
        <property name="hibernate.connection.username">db2admin</property>
        <property name="hibernate.connection.password">admin</property>

		<!-- connection pooling and statement caching -->
        <property name="hibernate.connection.pool_size">4</property>
        <property name="hibernate.statement_cache.size">100</property>

		<!-- define query language constants / function names -->
		<property name="hibernate.query.substitutions">true 1, false 0, yes 'Y', no 'N'</property>
		
		<!-- extra package imports in order to locate *.hbm.xml files -->
		<property name="hibernate.query.imports">xxx.package, yyy.package, ...</property>

		<!-- print all generated SQL to the console -->
        <property name="hibernate.show_sql">true</property>

		<!-- set the maximum JDBC 2 batch size (a nonzero value enables batching) -->
		<property name="hibernate.jdbc.batch_size">0</property>

		<!-- use streams when writing binary types to / from JDBC -->
		<property name="hibernate.jdbc.use_streams_for_binary">true</property>

		<!-- set the maximum depth of the outer join fetch tree -->
		<property name="hibernate.max_fetch_depth">2</property>

		<!-- ?????? -->
		<property name="hibernate.hbm2ddl.auto">false</property>

        <!-- Mapping files -->
        <mapping resource="Department.hbm.xml"/>

    </session-factory>

</hibernate-configuration>