<?xml version="1.0"?>
<!DOCTYPE hibernate-mapping PUBLIC
	"-//Hibernate/Hibernate Mapping DTD 3.0//EN"
	"http://hibernate.sourceforge.net/hibernate-mapping-3.0.dtd">

<hibernate-mapping package="hibernate">
	<class name="Detail">
		<id name="id">
			<generator class="native" />
		</id>
		<property name="dispNo" type="java.lang.Long">
			<column name="DISP_NO" />
		</property>
		<many-to-one name="master" class="Master">
			<column name="MASTER_ID" />
		</many-to-one>
	</class>
</hibernate-mapping>