<?xml version="1.0"?>
<!DOCTYPE hibernate-mapping PUBLIC
	"-//Hibernate/Hibernate Mapping DTD 3.0//EN"
	"http://hibernate.sourceforge.net/hibernate-mapping-3.0.dtd">
<hibernate-mapping package="hibernate">
	<class name="Master">
		<id name="id">
			<generator class="native" />
		</id>
		<set name="details" inverse="true" cascade="all-delete-orphan"
			order-by="DISP_NO">
			<key>
				<column name="ID"></column>
			</key>
			<one-to-many class="Detail" />
		</set>
	</class>
</hibernate-mapping>