<?xml version="1.0" encoding="UTF-8"?>
<Configuration monitorInterval="3600">
	<Appenders>
		<Console name="STDOUT" target="SYSTEM_OUT">
			<PatternLayout pattern="[%d{dd/MMM/yyyy:HH:mm:ss SSS}] %X{TxnId} %X{LdapId} %level{length=1} [%t] %c{1.}:%L %m%n" />
		</Console>
	</Appenders>
	<Loggers>
		<Logger name="org.hibernate.type.descriptor.sql.BasicBinder" level="trace"/>
		<Logger name="org.springframework.orm.jpa.JpaTransactionManager" level="debug"/>
		<Logger name="org.hibernate.internal.util.EntityPrinter" level="debug"/>
		<Logger name="org.hibernate.engine.internal.StatisticalLoggingSessionEventListener" level="error"/>
		<Root level="info">
			<AppenderRef ref="STDOUT" />
		</Root>
	</Loggers>
</Configuration>
