<?xml version="1.0" encoding="UTF-8"?>
<!--
<!DOCTYPE hibernate-mapping PUBLIC 
	"-//Hibernate/Hibernate Mapping DTD 3.0//EN"
	"http://hibernate.sourceforge.net/hibernate-mapping-3.0.dtd">
-->

<!DOCTYPE hibernate-mapping PUBLIC 
	"-//Hibernate/Hibernate Mapping DTD 2.0//EN"
	"http://hibernate.sourceforge.net/hibernate-mapping-2.0.dtd">

<hibernate-mapping
>
    <class
        name="CategoryData"
        table="category"
        dynamic-update="false"
        dynamic-insert="false"
        select-before-update="false"
        optimistic-lock="version"
    >

        <id
            name="code"
            column="category_code"
            type="int"
            unsaved-value="0"
        >
            <generator class="native">
                <param name="sequence">s_category</param>
              <!--  
                  To add non XDoclet generator parameters, create a file named 
                  hibernate-generator-params-CategoryData.xml 
                  containing the additional parameters and place it in your merge dir. 
              --> 
            </generator>
        </id>

        <set
            name="childs"
            table="category_parent"
            lazy="false"
            inverse="true"
            cascade="none"
            sort="unsorted"
        >

              <key
                  column="category_parent_code"
              >
              </key>

              <many-to-many
                  class="CategoryData"
                  column="category_child_code"
                  outer-join="auto"
               />

        </set>

        <property
            name="level"
            type="int"
            update="true"
            insert="true"
            access="property"
            column="category_level"
            not-null="true"
        />

        <property
            name="name"
            type="java.lang.String"
            update="true"
            insert="true"
            access="property"
            column="category_name"
            length="32"
            not-null="true"
        />

        <set
            name="parents"
            table="category_parent"
            lazy="false"
            inverse="false"
            cascade="none"
            sort="unsorted"
        >

              <key
                  column="category_child_code"
              >
              </key>

              <many-to-many
                  class="CategoryData"
                  column="category_parent_code"
                  outer-join="auto"
               />

        </set>

        <!--
            To add non XDoclet property mappings, create a file named
                hibernate-properties-CategoryData.xml
            containing the additional properties and place it in your merge dir.
        -->

    </class>

</hibernate-mapping>
