<?xml version="1.0" encoding="ISO-8859-1"?>
<!DOCTYPE hibernate-mapping PUBLIC "-//Hibernate/Hibernate Mapping DTD 3.0//EN" "http://hibernate.sourceforge.net/hibernate-mapping-3.0.dtd">

<hibernate-mapping>
  <class name="foo.Order" table="t_order">
    <id name="orderId" column="order_id" type="int" unsaved-value="0" access="field" >
      <generator class="identity" />
    </id>
    <set name="orderLines" cascade="all-delete-orphan" access="field" inverse="true" fetch="select">
      <key column="order_id" />
      <one-to-many class="foo.OrderLine" />
    </set>
  </class>
  <class name="foo.OrderLine" table="order_line">
    <id name="lineId" column="order_line_id" type="int" unsaved-value="0" access="field" >
      <generator class="identity" />
    </id>
    <many-to-one name="order" column="order_id" class="foo.Order" />
    <property name="articleId" column="article_id" type="string" />
  </class>
</hibernate-mapping>

