<?xml version="1.0"?>
<!DOCTYPE hibernate-mapping PUBLIC
   "-//Hibernate/Hibernate Mapping DTD//EN"
   	  "http://hibernate.sourceforge.net/hibernate-mapping-2.0.dtd">
<hibernate-mapping>
  <!--
    Actor mappings with it sublcasses User and Group
  -->
  <class name="Actor" table="TestJActor" dynamic-update="true">
    <id name="id" column="id" type="long">
      <generator class="native">
        <param name="sequence">TestJActorSEQ</param>
      </generator>
    </id>
    <property name="name" type="string" not-null="true" unique="true"/>
    <set name="permissions" table="act_perm">
      <key column="permission_id"/>
      <many-to-many column="actor_id" class="Actor"/>
    </set>
    <joined-subclass name="User" table="TestUser" dynamic-update="true">
      <key column="actor_id"/>
      <property name="firstname" type="string" not-null="true"/>
      <set name="groups" lazy="true" table="user_groups">
           <key column="user_id"/>
           <many-to-many column="group_id" class="Group"/>
      </set>
    </joined-subclass>
    <joined-subclass name="Group" table="TestGroup" dynamic-update="true">
      <key column="actor_id"/>
      <property name="description" type="string"/>
      <set name="users" table="user_groups">
        <key column="group_id"/>
        <many-to-many column="user_id" class="User"/>
      </set>
    </joined-subclass>
  </class>
  <!--
    Permission mappings
  -->
  <class name="Permission" table="TestJPermission">
    <id name="id" column="id" type="long">
      <generator class="native">
        <param name="sequence">PermissionSEQ</param>
      </generator>
    </id>
    <property name="name" type="string" not-null="true" unique="true"/>
    <property name="description" type="string"/>
  </class>
  <query name="User.by.firstName">
    <![CDATA[
      from User as user
      where user.firstname = :firstName 
    ]]>
  </query>
  <query name="User.by.name">
    <![CDATA[
      from User as user
      where user.name = :name 
    ]]>
  </query>
  
</hibernate-mapping>
