<?xml version="1.0" encoding="UTF-8" ?>
<!DOCTYPE log4j:configuration SYSTEM "log4j.dtd">
<log4j:configuration xmlns:log4j="http://jakarta.apache.org/log4j/">
  <appender class="org.apache.log4j.ConsoleAppender" name="STDOUT">
    <layout class="org.apache.log4j.PatternLayout">
      <param name="ConversionPattern" value="%-5p %-12d{HH:mm:ss.SSS}  %m  %n"/>
    </layout>
  </appender>

  <root>
    <level value="DEBUG"/>
    <appender-ref ref="STDOUT"/>
  </root>
</log4j:configuration>
