<?xml version="1.0"?>
<!DOCTYPE hibernate-mapping PUBLIC "-//Hibernate/Hibernate Mapping DTD 3.0//EN"
                                   "http://hibernate.sourceforge.net/hibernate-mapping-3.0.dtd">
<hibernate-mapping>
	<class name="persons.Person" table="PERSON">
		<id name="id" type="long" column="PID">

			<generator
				class="org.hibernate.id.enhanced.TableGenerator" >
<!--
			<generator
				class="org.hibernate.id.enhanced.TableGeneratorModified" >
-->
				<param name="segment_value">sq_person_pid</param>
			</generator>
		</id>
		<property name="name" type="string" length="50" column="NAME" />
	</class>
</hibernate-mapping>
