<?xml version="1.0"?>


    <!DOCTYPE hibernate-mapping PUBLIC
    "-//Hibernate/Hibernate Mapping DTD 2.0//EN"
    "http://hibernate.sourceforge.net/hibernate-mapping-2.0.dtd" >

    <hibernate-mapping>

			
<!-- 
    Created by the Middlegen Hibernate plugin 2.1

    http://boss.bekk.no/boss/middlegen/
    http://www.hibernate.org/
-->

<class 
    name="objects.Ball"
    table="ball"
    lazy="true"
>
    <meta attribute="implement-equals" inherit="false">true</meta>

    <id
        name="ballId"
        type="java.lang.Integer"
        column="ball_id"
    >
        <generator class="native" />
    </id>

    <property
        name="colorNum"
        type="int"
        column="color_num"
        not-null="true"
        length="11"
    >
        <meta attribute="use-in-tostring">true</meta>
    </property>

   <!-- Associations -->
   <set
        name="boxes"
        lazy="true"
		  cascade="none"
        table="ball_for_box"
    >
        <key>
            <column name="ball_id" />
        </key>
        <many-to-many
            class="objects.Box"
            outer-join="true"
        >
            <column name="box_id" />
        </many-to-many>
   </set>
  

</class>
</hibernate-mapping>