<!DOCTYPE hibernate-configuration SYSTEM
"http://hibernate.sourceforge.net/hibernate-configuration-3.0.dtd">
<hibernate-configuration>
	<session-factory>
		<property name="hibernate.connection.driver_class">
			oracle.jdbc.driver.OracleDriver
</property>
		<property name="hibernate.connection.url">
			jdbc:oracle:thin:jsc/jsc@localhost:1521:XE
</property>
		<property name="hibernate.hbm2ddl.auto">create</property>
		<property name="hibernate.dialect">
			org.hibernate.dialect.Oracle10gDialect
</property>
		<!-- Show and print nice SQL on stdout -->
		<!-- <property name="show_sql">true</property>-->
		<!--  <property name="format_sql">true</property>-->
	</session-factory>
</hibernate-configuration>