<?xml version='1.0' encoding='utf-8'?>
<!DOCTYPE hibernate-configuration PUBLIC "-//Hibernate/Hibernate Configuration DTD//EN" "http://hibernate.sourceforge.net/hibernate-configuration-3.0.dtd">
<hibernate-configuration>
    <session-factory>
        <property name="connection.driver_class">com.mysql.jdbc.Driver</property>
        <property name="connection.url">jdbc:mysql://localhost:3306/listeners_test</property>
        <property name="connection.username">root</property>
        <!--<property name="connection.useUnicode">true</property>
        <property name="connection.characterEncoding">UTF-8</property>-->
        <property name="dialect">org.hibernate.dialect.MySQLInnoDBDialect</property>
        <mapping resource="com/indexing/people/event.hbm.xml"/>
        <mapping resource="com/indexing/people/parent_of_birth_event.hbm.xml"/>
        <mapping resource="com/indexing/people/person.hbm.xml"/>
    </session-factory>
</hibernate-configuration>
