<?xml version="1.0" encoding="UTF-8"?>
<!DOCTYPE beans PUBLIC "-//SPRING//DTD BEAN 2.0//EN"
		  "http://www.springframework.org/dtd/spring-beans-2.0.dtd">
<beans>

	<!-- HSQL for local tests -->
	<bean id="dataSource" class="org.apache.commons.dbcp.BasicDataSource" destroy-method="close">
      	<property name="driverClassName">        <value>org.hsqldb.jdbcDriver</value> </property>
       	<property name="username">               <value>sa</value>                    </property>
      	<property name="password">               <value></value>                      </property>
      	<property name="maxActive">              <value>2</value>                     </property>
      	<property name="poolPreparedStatements"> <value>false</value>                 </property>      	      	
      	<property name="url" value="jdbc:hsqldb:mem:test"/>
     </bean>
	
	<bean id="sessionFactory" class="org.springframework.orm.hibernate3.annotation.AnnotationSessionFactoryBean">
	  <property name="dataSource" ref="dataSource"/>

	  <property name="hibernateProperties">
	    <props>
	      <prop key="hibernate.dialect">org.hibernate.dialect.HSQLDialect</prop>
		  <prop key="hibernate.show.sql">true</prop>
 		  <prop key="hibernate.hbm2ddl.auto">update</prop>
	    </props>
	  </property>
	  
	  <property name="annotatedClasses">
	  	<list>
	  	  <value>RootOfManyToMany</value>
	  	  <value>ValueOfManyToMany</value>
	  	</list>
	  </property>
	</bean>

	<bean id="hibernateTemplate" class="org.springframework.orm.hibernate3.HibernateTemplate">
	  <constructor-arg ref="sessionFactory"/>
	</bean>
	
</beans>
