<!DOCTYPE hibernate-configuration PUBLIC
	"-//Hibernate/Hibernate Configuration DTD 3.0//EN"
	"http://hibernate.sourceforge.net/hibernate-configuration-3.0.dtd">
<hibernate-configuration>
	<session-factory>
		<property name="connection.driver_class">
			oracle.jdbc.driver.OracleDriver
		</property>
		<property name="connection.url">
			jdbc:oracle:thin:@aitdbs01:1521:mitani
		</property>
		<property name="connection.username">
			hibernate_giangnh
		</property>
		<property name="connection.password">123</property>
		<property name="dialect">
			org.hibernate.dialect.OracleDialect
		</property>

		<mapping resource="dummy/Mapping.hbm.xml" />
	</session-factory>
</hibernate-configuration>


