<?xml version="1.0"?>
<!DOCTYPE hibernate-mapping PUBLIC
        "-//Hibernate/Hibernate Mapping DTD 3.0//EN"
        "http://hibernate.sourceforge.net/hibernate-mapping-3.0.dtd">

<hibernate-mapping package="test" default-access="field">
    <class name="Container" table="CONTAINER">
        <id name="id" column="ID">
            <generator class="increment"/>
        </id>
        <property name="name" type="string"/>
        <set name="items" table="CONTAINER_ITEM" lazy="true" inverse="false" cascade="all">
            <key column="CONTAINER_ID" />
            <many-to-many class="Item" column="ITEM_ID" lazy="false"/>
        </set>
    </class>

    <class name="Item" table="ITEM">
        <id name="id" column="ID">
            <generator class="increment"/>
        </id>
        <property name="name" type="string" lazy="true"/>
    </class>
</hibernate-mapping>
