<?xml version='1.0' encoding='utf-8'?>
<!DOCTYPE hibernate-configuration PUBLIC
  "-//Hibernate/Hibernate Configuration DTD 3.0//EN"
  "http://hibernate.sourceforge.net/hibernate-configuration-3.0.dtd">
<hibernate-configuration>
  <session-factory>
    <property name="hibernate.connection.driver_class">
      com.ibm.db2.jcc.DB2Driver
    </property>
    <property name="hibernate.connection.url">
      jdbc:db2://localhost:50000/R_HBN
    </property>
    <property name="hibernate.connection.username">myUser</property>
    <property name="hibernate.connection.password">myPwd</property>
    <property name="dialect">org.hibernate.dialect.DB2Dialect</property>
    <property name="show_sql">false</property>
    <property name="transaction.factory_class">
      org.hibernate.transaction.JDBCTransactionFactory
    </property>
    <property name="hibernate.cache.provider_class">
      org.hibernate.cache.HashtableCacheProvider
    </property>
    <property name="hibernate.hbm2ddl.auto">update</property>
    <mapping resource="MyObject.hbm.xml"/>
  </session-factory>
</hibernate-configuration>