<?xml version="1.0" encoding="UTF-8"?>
<!DOCTYPE hibernate-mapping PUBLIC
  "-//Hibernate/Hibernate Mapping DTD 3.0//EN"
  "http://hibernate.sourceforge.net/hibernate-mapping-3.0.dtd">

<hibernate-mapping default-lazy="false" default-access="field">
	<typedef class="test.hbm.util.ShortEnumUserType" name="ComponentTypeEnum">
		<param name="enumClassname">test.hbm.domain.MyEnum</param>
	</typedef>
	
	<class name="test.hbm.domain.MyObject" table="MYOBJECT">    
		<cache usage="read-write"/>

		<id name="_id" column="ID">
			<generator class="seqhilo"/>
		</id>

		<version name="_version" column="VERSION"/>
    
		<property name="name" column="NAME"
			type="string"
		/>
		
    	<component name="component" class="test.hbm.domain.MyComponent">
			<property name="type" type="ComponentTypeEnum" column="TYPE" not-null="false"/>
		</component>
	</class>
</hibernate-mapping>
